n_parameters,payload_size,runtime_median,runtime_mad
1,1,0.2511725,0.0127466535
1,10,0.2536155,0.012476079
1,100,0.2551705,0.0208320126
1,1000,0.2648235,0.0134123409
1,10000,0.317873,0.0278439693
10,1,0.2581385,0.0124738551
10,10,0.252662,0.0143352594
10,100,0.2609755,0.0127963206
10,1000,0.322328,0.0267735321
10,10000,1.338729,0.1242389148
100,1,0.2641255,0.0153419448
100,10,0.275368,0.0195488223
100,100,0.3295135,0.028962591
100,1000,1.292521,0.1271840997
100,10000,13.8695365,2.5115792562
