Waiting for workers to connect... 97/448
Waiting for workers to connect... 114/448
Waiting for workers to connect... 131/448
Waiting for workers to connect... 150/448
Waiting for workers to connect... 171/448
Waiting for workers to connect... 189/448
Waiting for workers to connect... 207/448
Waiting for workers to connect... 226/448
Waiting for workers to connect... 245/448
Waiting for workers to connect... 264/448
Waiting for workers to connect... 283/448
Waiting for workers to connect... 307/448
Waiting for workers to connect... 323/448
Waiting for workers to connect... 340/448
Waiting for workers to connect... 359/448
Waiting for workers to connect... 377/448
Waiting for workers to connect... 404/448
Waiting for workers to connect... 427/448
Waiting for workers to connect... 448/448
INFO  [02:20:41.714] [rush] Starting 448 worker(s)
INFO  [02:20:50.468] [rush] 1 worker(s) registered
INFO  [02:20:50.471] [bbotk] Starting to optimize 8 parameter(s) with '<OptimizerAsyncMbo>' and '<TerminatorRunTime> [secs=600]' on 448 mirai worker(s)
INFO  [02:20:51.474] [bbotk] 3 worker(s) running
INFO  [02:20:51.486] [bbotk] Results of 100 configuration(s):
INFO  [02:20:51.495] [bbotk]  classif.ce learning_rate num_leaves min_data_in_leaf feature_fraction
INFO  [02:20:51.495] [bbotk]   0.3342134   -1.01896985        123               55        0.7767611
INFO  [02:20:51.495] [bbotk]   0.3245931   -2.52113641        252                5        0.5731852
INFO  [02:20:51.495] [bbotk]   0.3263229   -1.26613483        149              169        0.5401195
INFO  [02:20:51.495] [bbotk]   0.3348567   -5.85012793         84               15        0.6261717
INFO  [02:20:51.495] [bbotk]   0.4454423   -6.26242520         25              119        0.6090607
INFO  [02:20:51.495] [bbotk]   0.3325503   -0.17438935        166              172        0.4031397
INFO  [02:20:51.495] [bbotk]   0.3236939   -3.29680726        247               31        0.4380251
INFO  [02:20:51.495] [bbotk]   0.3415551   -5.03725387        217              140        0.7977936
INFO  [02:20:51.495] [bbotk]   0.3489116   -0.96626205         93               44        0.1388798
INFO  [02:20:51.495] [bbotk]   0.3316771   -1.82913792         97               88        0.8375502
INFO  [02:20:51.495] [bbotk]   0.3264619   -4.52878028        199              181        0.7836449
INFO  [02:20:51.495] [bbotk]   0.3341058   -0.73041111        112              186        0.5980133
INFO  [02:20:51.495] [bbotk]   0.3294653   -1.15682705        153              164        0.6509065
INFO  [02:20:51.495] [bbotk]   0.3276726   -2.93070938         24              107        0.5456583
INFO  [02:20:51.495] [bbotk]   0.4454423   -6.54836636        146              141        0.7276980
INFO  [02:20:51.495] [bbotk]   0.3320275   -3.63524008         21              174        0.7659488
INFO  [02:20:51.495] [bbotk]   0.3323779   -0.05657265         82               78        0.4832886
INFO  [02:20:51.495] [bbotk]   0.3301124   -1.86592017         15               68        0.3844392
INFO  [02:20:51.495] [bbotk]   0.3278728   -4.11976907        121               51        0.6106360
INFO  [02:20:51.495] [bbotk]   0.3287052   -4.58403086         87              193        0.5788200
INFO  [02:20:51.495] [bbotk]   0.4454423   -6.69857105        156              114        0.1558578
INFO  [02:20:51.495] [bbotk]   0.3270459   -2.28809431        157               35        0.8690922
INFO  [02:20:51.495] [bbotk]   0.3311543   -5.06382973        214               87        0.8289521
INFO  [02:20:51.495] [bbotk]   0.3314213   -0.26184132        119              152        0.3910703
INFO  [02:20:51.495] [bbotk]   0.3350291   -5.29905906         28              195        0.6990260
INFO  [02:20:51.495] [bbotk]   0.3463921   -1.38539037        124              132        0.3227766
INFO  [02:20:51.495] [bbotk]   0.3354296   -4.30288892         44              104        0.2372430
INFO  [02:20:51.495] [bbotk]   0.3500426   -2.86616996         34              188        0.1018071
INFO  [02:20:51.495] [bbotk]   0.3429418   -0.44926352         26              175        0.4929882
INFO  [02:20:51.495] [bbotk]   0.4454423   -6.79533079         20               72        0.8493251
INFO  [02:20:51.495] [bbotk]   0.3286385   -4.91983555        245              149        0.9663762
INFO  [02:20:51.495] [bbotk]   0.3457599   -5.74863550         94               23        0.2362522
INFO  [02:20:51.495] [bbotk]   0.3494104   -1.26185185        210               87        0.1979457
INFO  [02:20:51.495] [bbotk]   0.3309392   -4.23719853        102              154        0.6831009
INFO  [02:20:51.495] [bbotk]   0.3358374   -4.23218748        231              187        0.6668007
INFO  [02:20:51.495] [bbotk]   0.3434980   -0.80392729        251               90        0.6693965
INFO  [02:20:51.495] [bbotk]   0.3385387   -3.25843753        197               15        0.2400442
INFO  [02:20:51.495] [bbotk]   0.3380752   -1.86463496        133              139        0.7173296
INFO  [02:20:51.495] [bbotk]   0.3437891   -2.73955659        190              192        0.3321758
INFO  [02:20:51.495] [bbotk]   0.3246765   -3.87102358        116               22        0.4435158
INFO  [02:20:51.495] [bbotk]   0.3371723   -2.08000075        246              175        0.2713796
INFO  [02:20:51.495] [bbotk]   0.3242167   -2.12878932        118              174        0.3583810
INFO  [02:20:51.495] [bbotk]   0.3285958   -1.74339212        130              200        0.7196426
INFO  [02:20:51.495] [bbotk]   0.3466554   -5.48154740        212              192        0.4663456
INFO  [02:20:51.495] [bbotk]   0.3506525   -3.36805440        178              195        0.1060158
INFO  [02:20:51.495] [bbotk]   0.3296248   -5.32744280        119                3        0.5630486
INFO  [02:20:51.495] [bbotk]   0.3268271   -3.80938360        175              136        0.8170289
INFO  [02:20:51.495] [bbotk]   0.3332196   -1.36131780         77               33        0.5331521
INFO  [02:20:51.495] [bbotk]   0.3315714   -4.30399206        119              178        0.3418600
INFO  [02:20:51.495] [bbotk]   0.3334977   -2.66094012        247               83        0.4048843
INFO  [02:20:51.495] [bbotk]   0.3305518   -5.58728650        155              179        0.9415648
INFO  [02:20:51.495] [bbotk]   0.3359060   -1.53477060         63              172        0.2802256
INFO  [02:20:51.495] [bbotk]   0.3342597   -0.61891119         91              105        0.3011891
INFO  [02:20:51.495] [bbotk]   0.4454423   -6.12144427         32              190        0.2444647
INFO  [02:20:51.495] [bbotk]   0.3446382   -5.13731531         56              144        0.3767398
INFO  [02:20:51.495] [bbotk]   0.3334940   -5.45006399         52               92        0.8488523
INFO  [02:20:51.495] [bbotk]   0.3317958   -5.86359932        166               26        0.6546084
INFO  [02:20:51.495] [bbotk]   0.3331343   -0.43344908        188              142        0.9463949
INFO  [02:20:51.495] [bbotk]   0.3423931   -4.08986396        152               70        0.2329212
INFO  [02:20:51.495] [bbotk]   0.3399644   -5.18188062        128              171        0.9103811
INFO  [02:20:51.495] [bbotk]   0.4454423   -6.88714324        126                2        0.7607824
INFO  [02:20:51.495] [bbotk]   0.3370351   -5.14676088         78              139        0.5657994
INFO  [02:20:51.495] [bbotk]   0.3438577   -4.88480255         58              186        0.4440836
INFO  [02:20:51.495] [bbotk]   0.3456802   -1.53023008        222              117        0.3996652
INFO  [02:20:51.495] [bbotk]   0.3295710   -3.81302344        229              198        0.6274965
INFO  [02:20:51.495] [bbotk]   0.3312581   -5.96903857        149              160        0.9228698
INFO  [02:20:51.495] [bbotk]   0.3309151   -3.67205345        101              115        0.2834967
INFO  [02:20:51.495] [bbotk]   0.3333234   -0.12157291        199                1        0.8854726
INFO  [02:20:51.495] [bbotk]   0.3270515   -1.35840966        239               67        0.6757049
INFO  [02:20:51.495] [bbotk]   0.3281917   -1.24806831        221              181        0.8253098
INFO  [02:20:51.495] [bbotk]   0.3437780   -4.34427996        157              107        0.9257580
INFO  [02:20:51.495] [bbotk]   0.3263803   -4.93933946        255               47        0.7419157
INFO  [02:20:51.495] [bbotk]   0.3298028   -5.16279020        179               86        0.7300759
INFO  [02:20:51.495] [bbotk]   0.3470076   -2.29223242        235              153        0.3386200
INFO  [02:20:51.495] [bbotk]   0.3298880   -4.19585492        100              197        0.8525394
INFO  [02:20:51.495] [bbotk]   0.3281027   -3.02097940         25              172        0.7345904
INFO  [02:20:51.495] [bbotk]   0.3317884   -0.59456063        121               74        0.9290050
INFO  [02:20:51.495] [bbotk]   0.4454423   -6.39640035         18              165        0.2808266
INFO  [02:20:51.495] [bbotk]   0.4454423   -6.84138233         30              166        0.3874009
INFO  [02:20:51.495] [bbotk]   0.3293374   -1.28032706         72               85        0.9522999
INFO  [02:20:51.495] [bbotk]   0.3343802   -6.43003568        138              127        0.7998190
INFO  [02:20:51.495] [bbotk]   0.3295172   -0.81731049        250               42        0.5148985
INFO  [02:20:51.495] [bbotk]   0.3253810   -3.98151238        203              116        0.7099874
INFO  [02:20:51.495] [bbotk]   0.3415495   -3.24492696         37              162        0.3028214
INFO  [02:20:51.495] [bbotk]   0.4454423   -5.41722867        239               38        0.1419469
INFO  [02:20:51.495] [bbotk]   0.3329656   -5.95512000        128               43        0.4566287
INFO  [02:20:51.495] [bbotk]   0.3279340   -1.27929486        164              197        0.5622554
INFO  [02:20:51.495] [bbotk]   0.3295284   -2.82408094        191              199        0.6055734
INFO  [02:20:51.495] [bbotk]   0.3413567   -5.98514672         14               76        0.8526668
INFO  [02:20:51.495] [bbotk]   0.3303033   -1.28642173        248               43        0.7829144
INFO  [02:20:51.495] [bbotk]   0.4454423   -6.64717391        231               74        0.3087488
INFO  [02:20:51.495] [bbotk]   0.3439856   -4.67294755        162               68        0.4878112
INFO  [02:20:51.495] [bbotk]   0.3328359   -4.25132550         39              162        0.7182238
INFO  [02:20:51.495] [bbotk]   0.3358838   -0.18441149        176               23        0.2950162
INFO  [02:20:51.495] [bbotk]   0.3281527   -2.93888961         34              138        0.7952491
INFO  [02:20:51.495] [bbotk]   0.3416014   -6.10121907         72              192        0.3855348
INFO  [02:20:51.495] [bbotk]   0.3303886   -0.43555429        213               59        0.4613034
INFO  [02:20:51.495] [bbotk]   0.3367329   -0.76390735         70                7        0.5348452
INFO  [02:20:51.495] [bbotk]   0.3267622   -5.42024049        207               19        0.5184713
INFO  [02:20:51.495] [bbotk]   0.3299270   -2.06324177        221              134        0.3960380
INFO  [02:20:51.495] [bbotk]  classif.ce learning_rate num_leaves min_data_in_leaf feature_fraction
INFO  [02:20:51.495] [bbotk]  extra_trees   lambda_l1   lambda_l2 min_gain_to_split        timestamp_xs
INFO  [02:20:51.495] [bbotk]        FALSE  5.14118753  2.37165112         -3.810226 2026-09-10 02:20:41
INFO  [02:20:51.495] [bbotk]        FALSE  0.24280355  4.50798357         -5.688553 2026-09-10 02:20:41
INFO  [02:20:51.495] [bbotk]        FALSE -4.42020771 -1.85998069         -3.882082 2026-09-10 02:20:41
INFO  [02:20:51.495] [bbotk]        FALSE  3.75312622 -5.86744521         -4.506580 2026-09-10 02:20:41
INFO  [02:20:51.495] [bbotk]         TRUE  4.76265309 -3.26527695         -6.666615 2026-09-10 02:20:41
INFO  [02:20:51.495] [bbotk]        FALSE -3.03270609 -2.28985336         -3.151639 2026-09-10 02:20:41
INFO  [02:20:51.495] [bbotk]        FALSE -0.75800257  3.37015035         -3.371441 2026-09-10 02:20:41
INFO  [02:20:51.495] [bbotk]         TRUE  6.05367739  3.21045483         -5.978919 2026-09-10 02:20:41
INFO  [02:20:51.495] [bbotk]        FALSE  6.59357129 -6.32011570         -6.405138 2026-09-10 02:20:41
INFO  [02:20:51.495] [bbotk]        FALSE  4.88799695  4.36127816         -2.371237 2026-09-10 02:20:41
INFO  [02:20:51.495] [bbotk]        FALSE -6.77025176 -4.80518074         -5.389252 2026-09-10 02:20:41
INFO  [02:20:51.495] [bbotk]         TRUE  3.91560334  4.81288217         -5.111020 2026-09-10 02:20:41
INFO  [02:20:51.495] [bbotk]         TRUE -1.65694304 -5.72519947         -6.753541 2026-09-10 02:20:41
INFO  [02:20:51.495] [bbotk]        FALSE -3.42818311 -0.76189767         -5.124201 2026-09-10 02:20:41
INFO  [02:20:51.495] [bbotk]         TRUE  3.05116763 -1.00284700         -5.414924 2026-09-10 02:20:41
INFO  [02:20:51.495] [bbotk]         TRUE -2.57086143  3.40626414         -4.188040 2026-09-10 02:20:41
INFO  [02:20:51.495] [bbotk]         TRUE -4.23496224 -6.79650795         -3.156130 2026-09-10 02:20:41
INFO  [02:20:51.495] [bbotk]        FALSE  3.19740552 -4.67701641         -4.858237 2026-09-10 02:20:41
INFO  [02:20:51.495] [bbotk]        FALSE -0.48023291  6.67965848         -5.174368 2026-09-10 02:20:41
INFO  [02:20:51.495] [bbotk]        FALSE -2.72808416  3.40346664         -6.051574 2026-09-10 02:20:41
INFO  [02:20:51.495] [bbotk]         TRUE  5.70453118  5.07733087         -4.015605 2026-09-10 02:20:41
INFO  [02:20:51.495] [bbotk]        FALSE -2.25413681  1.00602541         -4.033518 2026-09-10 02:20:41
INFO  [02:20:51.495] [bbotk]         TRUE  1.54281648  1.19512229         -3.126845 2026-09-10 02:20:41
INFO  [02:20:51.495] [bbotk]        FALSE -4.33564797 -5.42340377         -5.733803 2026-09-10 02:20:41
INFO  [02:20:51.495] [bbotk]         TRUE -0.42956014  0.35894328         -5.960750 2026-09-10 02:20:41
INFO  [02:20:51.495] [bbotk]        FALSE  6.74375225 -2.74305305         -6.428558 2026-09-10 02:20:41
INFO  [02:20:51.495] [bbotk]        FALSE -5.16125220  1.18998644         -3.403404 2026-09-10 02:20:41
INFO  [02:20:51.495] [bbotk]         TRUE -2.07611237  3.85057991         -2.514813 2026-09-10 02:20:41
INFO  [02:20:51.495] [bbotk]        FALSE  6.23538888  6.42061156         -6.714954 2026-09-10 02:20:41
INFO  [02:20:51.495] [bbotk]        FALSE  3.81296392 -4.19841765         -6.168353 2026-09-10 02:20:41
INFO  [02:20:51.495] [bbotk]        FALSE -5.62521261 -2.92111283         -4.060865 2026-09-10 02:20:41
INFO  [02:20:51.495] [bbotk]        FALSE  4.07033527 -1.15927457         -5.885860 2026-09-10 02:20:41
INFO  [02:20:51.495] [bbotk]         TRUE -2.64161373 -2.22837279         -3.602742 2026-09-10 02:20:41
INFO  [02:20:51.495] [bbotk]         TRUE -1.06931771  5.11872940         -3.052374 2026-09-10 02:20:41
INFO  [02:20:51.495] [bbotk]         TRUE  4.50825232 -1.38069683         -3.441044 2026-09-10 02:20:41
INFO  [02:20:51.495] [bbotk]         TRUE  6.18322453  4.95534435         -5.758380 2026-09-10 02:20:41
INFO  [02:20:51.495] [bbotk]         TRUE -6.82322140 -1.66379624         -2.437049 2026-09-10 02:20:41
INFO  [02:20:51.495] [bbotk]        FALSE  6.04204110  0.05567208         -2.329346 2026-09-10 02:20:41
INFO  [02:20:51.495] [bbotk]        FALSE  5.94583231 -5.67044651         -5.701260 2026-09-10 02:20:41
INFO  [02:20:51.495] [bbotk]        FALSE -5.88084424 -6.06744531         -5.564840 2026-09-10 02:20:41
INFO  [02:20:51.495] [bbotk]         TRUE  0.09806555 -4.45774405         -3.374621 2026-09-10 02:20:41
INFO  [02:20:51.495] [bbotk]        FALSE  1.73323994 -0.94699215         -6.120416 2026-09-10 02:20:41
INFO  [02:20:51.495] [bbotk]         TRUE -3.40185817  3.01920037         -3.352203 2026-09-10 02:20:41
INFO  [02:20:51.495] [bbotk]         TRUE  5.27483421  2.04019663         -4.816546 2026-09-10 02:20:41
INFO  [02:20:51.495] [bbotk]         TRUE -1.59019920 -6.06054242         -4.453266 2026-09-10 02:20:41
INFO  [02:20:51.495] [bbotk]        FALSE -5.67766826  5.66085158         -3.043722 2026-09-10 02:20:41
INFO  [02:20:51.495] [bbotk]        FALSE -4.28748928  5.23067599         -4.590013 2026-09-10 02:20:41
INFO  [02:20:51.495] [bbotk]         TRUE  2.97831028 -5.01096654         -2.434962 2026-09-10 02:20:41
INFO  [02:20:51.495] [bbotk]        FALSE -4.35387416  2.87146082         -6.230874 2026-09-10 02:20:41
INFO  [02:20:51.495] [bbotk]        FALSE  4.62002311 -3.15082243         -3.766568 2026-09-10 02:20:41
INFO  [02:20:51.495] [bbotk]         TRUE  1.90128257 -1.24844147         -4.863332 2026-09-10 02:20:41
INFO  [02:20:51.495] [bbotk]         TRUE -2.07939252 -3.29862398         -3.892418 2026-09-10 02:20:41
INFO  [02:20:51.495] [bbotk]         TRUE -1.19244430 -1.08312407         -6.555710 2026-09-10 02:20:41
INFO  [02:20:51.495] [bbotk]         TRUE -6.83358173  3.11563163         -5.236559 2026-09-10 02:20:41
INFO  [02:20:51.495] [bbotk]         TRUE  5.39367632  6.44861308         -5.846908 2026-09-10 02:20:41
INFO  [02:20:51.495] [bbotk]        FALSE  0.60223147  5.32303130         -6.624098 2026-09-10 02:20:41
INFO  [02:20:51.495] [bbotk]         TRUE -2.02866936 -6.68941446         -5.097500 2026-09-10 02:20:41
INFO  [02:20:51.495] [bbotk]         TRUE -3.38456144 -2.09875755         -5.184773 2026-09-10 02:20:41
INFO  [02:20:51.495] [bbotk]         TRUE  2.75992846 -0.06753586         -3.432839 2026-09-10 02:20:41
INFO  [02:20:51.495] [bbotk]         TRUE  5.57513811  0.35369917         -5.081306 2026-09-10 02:20:41
INFO  [02:20:51.495] [bbotk]        FALSE -3.86625599 -4.43057287         -5.706835 2026-09-10 02:20:41
INFO  [02:20:51.495] [bbotk]        FALSE  5.45926817 -6.10289703         -6.800625 2026-09-10 02:20:41
INFO  [02:20:51.495] [bbotk]        FALSE  6.78771981  5.25606694         -4.108832 2026-09-10 02:20:41
INFO  [02:20:51.495] [bbotk]         TRUE  6.39516394 -5.74075870         -3.481583 2026-09-10 02:20:41
INFO  [02:20:51.495] [bbotk]         TRUE  0.07080022  3.65996143         -5.708111 2026-09-10 02:20:41
INFO  [02:20:51.495] [bbotk]        FALSE  1.08678280  2.53629095         -2.734428 2026-09-10 02:20:41
INFO  [02:20:51.495] [bbotk]        FALSE  0.11918298  3.72056043         -6.157163 2026-09-10 02:20:41
INFO  [02:20:51.495] [bbotk]        FALSE  3.00172968 -3.60304769         -3.676781 2026-09-10 02:20:41
INFO  [02:20:51.495] [bbotk]        FALSE -5.97566869 -2.69670762         -6.425083 2026-09-10 02:20:41
INFO  [02:20:51.495] [bbotk]        FALSE -6.29677835 -6.77273012         -6.043568 2026-09-10 02:20:41
INFO  [02:20:51.495] [bbotk]         TRUE  6.53939668  3.64686699         -3.444315 2026-09-10 02:20:41
INFO  [02:20:51.495] [bbotk]        FALSE -2.85135348 -3.96042930         -5.128356 2026-09-10 02:20:41
INFO  [02:20:51.495] [bbotk]         TRUE -6.04445855 -4.62508279         -6.353817 2026-09-10 02:20:41
INFO  [02:20:51.495] [bbotk]         TRUE  5.99873897 -3.14273839         -3.920941 2026-09-10 02:20:41
INFO  [02:20:51.495] [bbotk]         TRUE  2.14505717 -3.87658809         -4.894483 2026-09-10 02:20:41
INFO  [02:20:51.495] [bbotk]        FALSE -3.45878172 -2.77772410         -4.924240 2026-09-10 02:20:41
INFO  [02:20:51.495] [bbotk]         TRUE -2.68159112  0.83406272         -3.317723 2026-09-10 02:20:41
INFO  [02:20:51.495] [bbotk]        FALSE -3.36747971  0.70515139         -6.082270 2026-09-10 02:20:41
INFO  [02:20:51.495] [bbotk]         TRUE -3.36742253  4.95472225         -6.474849 2026-09-10 02:20:41
INFO  [02:20:51.495] [bbotk]        FALSE -3.94793115  4.85179339         -5.391527 2026-09-10 02:20:41
INFO  [02:20:51.495] [bbotk]         TRUE -6.24022007 -5.31860166         -6.527141 2026-09-10 02:20:41
INFO  [02:20:51.495] [bbotk]         TRUE  2.15311155  6.41716859         -5.083228 2026-09-10 02:20:41
INFO  [02:20:51.495] [bbotk]        FALSE -5.83579851  2.08369115         -4.292892 2026-09-10 02:20:41
INFO  [02:20:51.495] [bbotk]         TRUE  2.79672040 -1.99038145         -2.809448 2026-09-10 02:20:41
INFO  [02:20:51.495] [bbotk]         TRUE  5.24167299 -0.17445422         -3.396850 2026-09-10 02:20:41
INFO  [02:20:51.495] [bbotk]        FALSE -0.52213884  1.65824915         -5.676812 2026-09-10 02:20:41
INFO  [02:20:51.495] [bbotk]        FALSE  3.32418104 -4.91319860         -2.621569 2026-09-10 02:20:41
INFO  [02:20:51.495] [bbotk]         TRUE  0.29083618  4.17772918         -4.399722 2026-09-10 02:20:41
INFO  [02:20:51.495] [bbotk]        FALSE  4.89837592  5.42039152         -5.626565 2026-09-10 02:20:41
INFO  [02:20:51.495] [bbotk]        FALSE  4.36037011  1.49882999         -4.549188 2026-09-10 02:20:41
INFO  [02:20:51.495] [bbotk]        FALSE -6.23106220 -4.74107105         -5.654688 2026-09-10 02:20:41
INFO  [02:20:51.495] [bbotk]         TRUE  5.57983370  3.75375774         -5.562805 2026-09-10 02:20:41
INFO  [02:20:51.495] [bbotk]         TRUE -0.80154155  6.37474147         -2.832637 2026-09-10 02:20:41
INFO  [02:20:51.495] [bbotk]        FALSE  4.24130212 -6.16587879         -5.993530 2026-09-10 02:20:41
INFO  [02:20:51.495] [bbotk]        FALSE -0.34727916 -2.87534269         -2.784711 2026-09-10 02:20:41
INFO  [02:20:51.495] [bbotk]        FALSE  4.59061351  1.37487559         -6.310341 2026-09-10 02:20:41
INFO  [02:20:51.495] [bbotk]        FALSE -1.84441706  0.67970069         -4.738307 2026-09-10 02:20:41
INFO  [02:20:51.495] [bbotk]         TRUE  4.07855171 -1.57291944         -2.612264 2026-09-10 02:20:41
INFO  [02:20:51.495] [bbotk]        FALSE -4.92102904  1.53721470         -4.888941 2026-09-10 02:20:41
INFO  [02:20:51.495] [bbotk]         TRUE -1.66630384 -3.50274048         -3.757469 2026-09-10 02:20:41
INFO  [02:20:51.495] [bbotk]  extra_trees   lambda_l1   lambda_l2 min_gain_to_split        timestamp_xs
INFO  [02:20:51.495] [bbotk]         timestamp_ys
INFO  [02:20:51.495] [bbotk]  2026-09-10 02:20:41
INFO  [02:20:51.495] [bbotk]  2026-09-10 02:20:41
INFO  [02:20:51.495] [bbotk]  2026-09-10 02:20:41
INFO  [02:20:51.495] [bbotk]  2026-09-10 02:20:41
INFO  [02:20:51.495] [bbotk]  2026-09-10 02:20:41
INFO  [02:20:51.495] [bbotk]  2026-09-10 02:20:41
INFO  [02:20:51.495] [bbotk]  2026-09-10 02:20:41
INFO  [02:20:51.495] [bbotk]  2026-09-10 02:20:41
INFO  [02:20:51.495] [bbotk]  2026-09-10 02:20:41
INFO  [02:20:51.495] [bbotk]  2026-09-10 02:20:41
INFO  [02:20:51.495] [bbotk]  2026-09-10 02:20:41
INFO  [02:20:51.495] [bbotk]  2026-09-10 02:20:41
INFO  [02:20:51.495] [bbotk]  2026-09-10 02:20:41
INFO  [02:20:51.495] [bbotk]  2026-09-10 02:20:41
INFO  [02:20:51.495] [bbotk]  2026-09-10 02:20:41
INFO  [02:20:51.495] [bbotk]  2026-09-10 02:20:41
INFO  [02:20:51.495] [bbotk]  2026-09-10 02:20:41
INFO  [02:20:51.495] [bbotk]  2026-09-10 02:20:41
INFO  [02:20:51.495] [bbotk]  2026-09-10 02:20:41
INFO  [02:20:51.495] [bbotk]  2026-09-10 02:20:41
INFO  [02:20:51.495] [bbotk]  2026-09-10 02:20:41
INFO  [02:20:51.495] [bbotk]  2026-09-10 02:20:41
INFO  [02:20:51.495] [bbotk]  2026-09-10 02:20:41
INFO  [02:20:51.495] [bbotk]  2026-09-10 02:20:41
INFO  [02:20:51.495] [bbotk]  2026-09-10 02:20:41
INFO  [02:20:51.495] [bbotk]  2026-09-10 02:20:41
INFO  [02:20:51.495] [bbotk]  2026-09-10 02:20:41
INFO  [02:20:51.495] [bbotk]  2026-09-10 02:20:41
INFO  [02:20:51.495] [bbotk]  2026-09-10 02:20:41
INFO  [02:20:51.495] [bbotk]  2026-09-10 02:20:41
INFO  [02:20:51.495] [bbotk]  2026-09-10 02:20:41
INFO  [02:20:51.495] [bbotk]  2026-09-10 02:20:41
INFO  [02:20:51.495] [bbotk]  2026-09-10 02:20:41
INFO  [02:20:51.495] [bbotk]  2026-09-10 02:20:41
INFO  [02:20:51.495] [bbotk]  2026-09-10 02:20:41
INFO  [02:20:51.495] [bbotk]  2026-09-10 02:20:41
INFO  [02:20:51.495] [bbotk]  2026-09-10 02:20:41
INFO  [02:20:51.495] [bbotk]  2026-09-10 02:20:41
INFO  [02:20:51.495] [bbotk]  2026-09-10 02:20:41
INFO  [02:20:51.495] [bbotk]  2026-09-10 02:20:41
INFO  [02:20:51.495] [bbotk]  2026-09-10 02:20:41
INFO  [02:20:51.495] [bbotk]  2026-09-10 02:20:41
INFO  [02:20:51.495] [bbotk]  2026-09-10 02:20:41
INFO  [02:20:51.495] [bbotk]  2026-09-10 02:20:41
INFO  [02:20:51.495] [bbotk]  2026-09-10 02:20:41
INFO  [02:20:51.495] [bbotk]  2026-09-10 02:20:41
INFO  [02:20:51.495] [bbotk]  2026-09-10 02:20:41
INFO  [02:20:51.495] [bbotk]  2026-09-10 02:20:41
INFO  [02:20:51.495] [bbotk]  2026-09-10 02:20:41
INFO  [02:20:51.495] [bbotk]  2026-09-10 02:20:41
INFO  [02:20:51.495] [bbotk]  2026-09-10 02:20:41
INFO  [02:20:51.495] [bbotk]  2026-09-10 02:20:41
INFO  [02:20:51.495] [bbotk]  2026-09-10 02:20:41
INFO  [02:20:51.495] [bbotk]  2026-09-10 02:20:41
INFO  [02:20:51.495] [bbotk]  2026-09-10 02:20:41
INFO  [02:20:51.495] [bbotk]  2026-09-10 02:20:41
INFO  [02:20:51.495] [bbotk]  2026-09-10 02:20:41
INFO  [02:20:51.495] [bbotk]  2026-09-10 02:20:41
INFO  [02:20:51.495] [bbotk]  2026-09-10 02:20:41
INFO  [02:20:51.495] [bbotk]  2026-09-10 02:20:41
INFO  [02:20:51.495] [bbotk]  2026-09-10 02:20:41
INFO  [02:20:51.495] [bbotk]  2026-09-10 02:20:41
INFO  [02:20:51.495] [bbotk]  2026-09-10 02:20:41
INFO  [02:20:51.495] [bbotk]  2026-09-10 02:20:41
INFO  [02:20:51.495] [bbotk]  2026-09-10 02:20:41
INFO  [02:20:51.495] [bbotk]  2026-09-10 02:20:41
INFO  [02:20:51.495] [bbotk]  2026-09-10 02:20:41
INFO  [02:20:51.495] [bbotk]  2026-09-10 02:20:41
INFO  [02:20:51.495] [bbotk]  2026-09-10 02:20:41
INFO  [02:20:51.495] [bbotk]  2026-09-10 02:20:41
INFO  [02:20:51.495] [bbotk]  2026-09-10 02:20:41
INFO  [02:20:51.495] [bbotk]  2026-09-10 02:20:41
INFO  [02:20:51.495] [bbotk]  2026-09-10 02:20:41
INFO  [02:20:51.495] [bbotk]  2026-09-10 02:20:41
INFO  [02:20:51.495] [bbotk]  2026-09-10 02:20:41
INFO  [02:20:51.495] [bbotk]  2026-09-10 02:20:41
INFO  [02:20:51.495] [bbotk]  2026-09-10 02:20:41
INFO  [02:20:51.495] [bbotk]  2026-09-10 02:20:41
INFO  [02:20:51.495] [bbotk]  2026-09-10 02:20:41
INFO  [02:20:51.495] [bbotk]  2026-09-10 02:20:41
INFO  [02:20:51.495] [bbotk]  2026-09-10 02:20:41
INFO  [02:20:51.495] [bbotk]  2026-09-10 02:20:41
INFO  [02:20:51.495] [bbotk]  2026-09-10 02:20:41
INFO  [02:20:51.495] [bbotk]  2026-09-10 02:20:41
INFO  [02:20:51.495] [bbotk]  2026-09-10 02:20:41
INFO  [02:20:51.495] [bbotk]  2026-09-10 02:20:41
INFO  [02:20:51.495] [bbotk]  2026-09-10 02:20:41
INFO  [02:20:51.495] [bbotk]  2026-09-10 02:20:41
INFO  [02:20:51.495] [bbotk]  2026-09-10 02:20:41
INFO  [02:20:51.495] [bbotk]  2026-09-10 02:20:41
INFO  [02:20:51.495] [bbotk]  2026-09-10 02:20:41
INFO  [02:20:51.495] [bbotk]  2026-09-10 02:20:41
INFO  [02:20:51.495] [bbotk]  2026-09-10 02:20:41
INFO  [02:20:51.495] [bbotk]  2026-09-10 02:20:41
INFO  [02:20:51.495] [bbotk]  2026-09-10 02:20:41
INFO  [02:20:51.495] [bbotk]  2026-09-10 02:20:41
INFO  [02:20:51.495] [bbotk]  2026-09-10 02:20:41
INFO  [02:20:51.495] [bbotk]  2026-09-10 02:20:41
INFO  [02:20:51.495] [bbotk]  2026-09-10 02:20:41
INFO  [02:20:51.495] [bbotk]  2026-09-10 02:20:41
INFO  [02:20:51.495] [bbotk]         timestamp_ys
INFO  [02:20:53.507] [bbotk] 4 worker(s) running
INFO  [02:20:54.513] [bbotk] 6 worker(s) running
INFO  [02:20:55.519] [bbotk] 10 worker(s) running
INFO  [02:20:56.525] [bbotk] 14 worker(s) running
INFO  [02:20:57.577] [bbotk] 15 worker(s) running
INFO  [02:20:58.584] [bbotk] 18 worker(s) running
INFO  [02:21:00.598] [bbotk] 19 worker(s) running
INFO  [02:21:01.605] [bbotk] 20 worker(s) running
INFO  [02:21:02.611] [bbotk] 22 worker(s) running
INFO  [02:21:03.617] [bbotk] 24 worker(s) running
INFO  [02:21:05.628] [bbotk] 26 worker(s) running
INFO  [02:21:08.645] [bbotk] 28 worker(s) running
INFO  [02:21:11.661] [bbotk] 30 worker(s) running
INFO  [02:21:13.673] [bbotk] 31 worker(s) running
INFO  [02:21:15.684] [bbotk] 33 worker(s) running
INFO  [02:21:16.691] [bbotk] 35 worker(s) running
INFO  [02:21:17.698] [bbotk] 38 worker(s) running
INFO  [02:21:18.706] [bbotk] 39 worker(s) running
INFO  [02:21:19.713] [bbotk] 44 worker(s) running
INFO  [02:21:20.721] [bbotk] 49 worker(s) running
INFO  [02:21:22.734] [bbotk] 56 worker(s) running
INFO  [02:21:24.748] [bbotk] 58 worker(s) running
INFO  [02:21:25.767] [bbotk] 68 worker(s) running
INFO  [02:21:27.790] [bbotk] 69 worker(s) running
INFO  [02:21:29.809] [bbotk] 74 worker(s) running
INFO  [02:21:32.836] [bbotk] 76 worker(s) running
INFO  [02:21:33.847] [bbotk] 81 worker(s) running
INFO  [02:21:34.860] [bbotk] 83 worker(s) running
INFO  [02:21:35.873] [bbotk] 84 worker(s) running
INFO  [02:21:39.923] [bbotk] 85 worker(s) running
INFO  [02:21:40.938] [bbotk] 86 worker(s) running
INFO  [02:21:44.021] [bbotk] 87 worker(s) running
INFO  [02:21:46.049] [bbotk] 88 worker(s) running
INFO  [02:21:49.089] [bbotk] 94 worker(s) running
INFO  [02:21:50.105] [bbotk] 111 worker(s) running
INFO  [02:21:51.122] [bbotk] 113 worker(s) running
INFO  [02:21:55.171] [bbotk] 114 worker(s) running
INFO  [02:21:58.202] [bbotk] 115 worker(s) running
INFO  [02:22:04.271] [bbotk] 116 worker(s) running
INFO  [02:22:08.317] [bbotk] 118 worker(s) running
INFO  [02:22:09.331] [bbotk] 119 worker(s) running
INFO  [02:22:10.345] [bbotk] 121 worker(s) running
INFO  [02:22:13.381] [bbotk] 123 worker(s) running
INFO  [02:22:16.415] [bbotk] 124 worker(s) running
INFO  [02:22:18.441] [bbotk] 131 worker(s) running
INFO  [02:22:19.455] [bbotk] 157 worker(s) running
INFO  [02:22:20.474] [bbotk] 159 worker(s) running
INFO  [02:22:21.489] [bbotk] 160 worker(s) running
INFO  [02:22:22.506] [bbotk] 162 worker(s) running
INFO  [02:22:25.550] [bbotk] 163 worker(s) running
INFO  [02:22:31.631] [bbotk] 165 worker(s) running
INFO  [02:22:33.660] [bbotk] 167 worker(s) running
INFO  [02:22:34.677] [bbotk] 169 worker(s) running
INFO  [02:22:35.692] [bbotk] 172 worker(s) running
INFO  [02:22:36.707] [bbotk] 173 worker(s) running
INFO  [02:22:37.720] [bbotk] 175 worker(s) running
INFO  [02:22:39.749] [bbotk] 176 worker(s) running
INFO  [02:22:40.764] [bbotk] 177 worker(s) running
INFO  [02:22:41.782] [bbotk] 178 worker(s) running
INFO  [02:22:43.810] [bbotk] 179 worker(s) running
INFO  [02:22:44.827] [bbotk] 180 worker(s) running
INFO  [02:22:45.843] [bbotk] 181 worker(s) running
INFO  [02:22:47.870] [bbotk] 185 worker(s) running
INFO  [02:22:48.885] [bbotk] 209 worker(s) running
INFO  [02:22:49.902] [bbotk] 237 worker(s) running
INFO  [02:22:50.921] [bbotk] 239 worker(s) running
INFO  [02:22:51.940] [bbotk] 241 worker(s) running
INFO  [02:22:55.006] [bbotk] 243 worker(s) running
INFO  [02:22:56.028] [bbotk] 244 worker(s) running
INFO  [02:22:57.049] [bbotk] 248 worker(s) running
INFO  [02:22:58.071] [bbotk] 268 worker(s) running
INFO  [02:22:59.093] [bbotk] 304 worker(s) running
INFO  [02:23:00.116] [bbotk] 308 worker(s) running
INFO  [02:23:01.153] [bbotk] Results of 1 configuration(s):
INFO  [02:23:01.161] [bbotk]  classif.ce learning_rate num_leaves min_data_in_leaf feature_fraction
INFO  [02:23:01.161] [bbotk]   0.3264359     -1.603708        203              200        0.7037829
INFO  [02:23:01.161] [bbotk]  extra_trees lambda_l1  lambda_l2 min_gain_to_split        timestamp_xs
INFO  [02:23:01.161] [bbotk]        FALSE -5.975997 -0.9797679         -2.782926 2026-09-10 02:21:34
INFO  [02:23:01.161] [bbotk]         timestamp_ys runtime_learners warnings errors internal_tuned_values
INFO  [02:23:01.161] [bbotk]  2026-09-10 02:23:00           83.989        0      0    num_iterations=100
INFO  [02:23:01.161] [bbotk]                         worker_id    acq_cb timestamp_surrogate
INFO  [02:23:01.161] [bbotk]  indecisive_quadrisectus_e7c89af9 -8.182608 2026-09-10 02:21:33
INFO  [02:23:01.161] [bbotk]  timestamp_acq_function timestamp_acq_optimizer      timestamp_loop
INFO  [02:23:01.161] [bbotk]     2026-09-10 02:21:33     2026-09-10 02:21:33 2026-09-10 02:21:34
INFO  [02:23:03.188] [bbotk] 310 worker(s) running
INFO  [02:23:05.226] [bbotk] 314 worker(s) running
INFO  [02:23:06.247] [bbotk] 316 worker(s) running
INFO  [02:23:09.308] [bbotk] 319 worker(s) running
INFO  [02:23:10.328] [bbotk] 322 worker(s) running
INFO  [02:23:11.350] [bbotk] 324 worker(s) running
INFO  [02:23:12.371] [bbotk] 326 worker(s) running
INFO  [02:23:13.395] [bbotk] 327 worker(s) running
INFO  [02:23:14.416] [bbotk] 330 worker(s) running
INFO  [02:23:15.436] [bbotk] 332 worker(s) running
INFO  [02:23:16.458] [bbotk] 333 worker(s) running
INFO  [02:23:16.481] [bbotk] Results of 1 configuration(s):
INFO  [02:23:16.487] [bbotk]  classif.ce learning_rate num_leaves min_data_in_leaf feature_fraction
INFO  [02:23:16.487] [bbotk]   0.3241982     -2.010875        255               14        0.5597424
INFO  [02:23:16.487] [bbotk]  extra_trees  lambda_l1 lambda_l2 min_gain_to_split        timestamp_xs
INFO  [02:23:16.487] [bbotk]        FALSE -0.4408097 -1.864675         -5.544578 2026-09-10 02:21:26
INFO  [02:23:16.487] [bbotk]         timestamp_ys runtime_learners warnings errors internal_tuned_values
INFO  [02:23:16.487] [bbotk]  2026-09-10 02:23:15          108.582        0      0    num_iterations=161
INFO  [02:23:16.487] [bbotk]                      worker_id    acq_cb timestamp_surrogate
INFO  [02:23:16.487] [bbotk]  chondrite_hairstreak_cb6b5bd0 -10.99898 2026-09-10 02:21:21
INFO  [02:23:16.487] [bbotk]  timestamp_acq_function timestamp_acq_optimizer      timestamp_loop
INFO  [02:23:16.487] [bbotk]     2026-09-10 02:21:25     2026-09-10 02:21:25 2026-09-10 02:21:26
INFO  [02:23:17.494] [bbotk] 335 worker(s) running
INFO  [02:23:17.515] [bbotk] Results of 1 configuration(s):
INFO  [02:23:17.522] [bbotk]  classif.ce learning_rate num_leaves min_data_in_leaf feature_fraction
INFO  [02:23:17.522] [bbotk]   0.3270867      -1.01681        147              170        0.5633652
INFO  [02:23:17.522] [bbotk]  extra_trees lambda_l1 lambda_l2 min_gain_to_split        timestamp_xs
INFO  [02:23:17.522] [bbotk]        FALSE -3.962661 -2.340334         -3.934491 2026-09-10 02:22:07
INFO  [02:23:17.522] [bbotk]         timestamp_ys runtime_learners warnings errors internal_tuned_values
INFO  [02:23:17.522] [bbotk]  2026-09-10 02:23:16           68.141        0      0     num_iterations=75
INFO  [02:23:17.522] [bbotk]                worker_id    acq_cb timestamp_surrogate timestamp_acq_function
INFO  [02:23:17.522] [bbotk]  scientific_cur_23dd9641 -3.327429 2026-09-10 02:22:04    2026-09-10 02:22:06
INFO  [02:23:17.522] [bbotk]  timestamp_acq_optimizer      timestamp_loop
INFO  [02:23:17.522] [bbotk]      2026-09-10 02:22:06 2026-09-10 02:22:07
INFO  [02:23:18.530] [bbotk] 337 worker(s) running
INFO  [02:23:20.572] [bbotk] 340 worker(s) running
INFO  [02:23:21.594] [bbotk] 341 worker(s) running
INFO  [02:23:22.616] [bbotk] 344 worker(s) running
INFO  [02:23:23.642] [bbotk] 348 worker(s) running
INFO  [02:23:24.666] [bbotk] 353 worker(s) running
INFO  [02:23:26.714] [bbotk] 359 worker(s) running
INFO  [02:23:27.738] [bbotk] 364 worker(s) running
INFO  [02:23:28.761] [bbotk] 368 worker(s) running
INFO  [02:23:29.799] [bbotk] 377 worker(s) running
INFO  [02:23:30.828] [bbotk] 380 worker(s) running
INFO  [02:23:31.857] [bbotk] 392 worker(s) running
INFO  [02:23:32.884] [bbotk] 427 worker(s) running
INFO  [02:23:33.913] [bbotk] 438 worker(s) running
INFO  [02:23:33.938] [bbotk] Results of 1 configuration(s):
INFO  [02:23:33.946] [bbotk]  classif.ce learning_rate num_leaves min_data_in_leaf feature_fraction
INFO  [02:23:33.946] [bbotk]   0.4454423     -6.654888        255               53        0.8751183
INFO  [02:23:33.946] [bbotk]  extra_trees lambda_l1 lambda_l2 min_gain_to_split        timestamp_xs
INFO  [02:23:33.946] [bbotk]        FALSE -2.929288 -4.002782         -6.584702 2026-09-10 02:22:12
INFO  [02:23:33.946] [bbotk]         timestamp_ys runtime_learners warnings errors internal_tuned_values
INFO  [02:23:33.946] [bbotk]  2026-09-10 02:23:33           80.606        0      0      num_iterations=1
INFO  [02:23:33.946] [bbotk]                  worker_id    acq_cb timestamp_surrogate timestamp_acq_function
INFO  [02:23:33.946] [bbotk]  bedridden_scarab_4749333b -15.12994 2026-09-10 02:22:09    2026-09-10 02:22:10
INFO  [02:23:33.946] [bbotk]  timestamp_acq_optimizer      timestamp_loop
INFO  [02:23:33.946] [bbotk]      2026-09-10 02:22:10 2026-09-10 02:22:12
INFO  [02:23:34.954] [bbotk] 441 worker(s) running
INFO  [02:23:35.982] [bbotk] 445 worker(s) running
INFO  [02:23:37.010] [bbotk] 448 worker(s) running
INFO  [02:23:37.034] [bbotk] Results of 1 configuration(s):
INFO  [02:23:37.042] [bbotk]  classif.ce learning_rate num_leaves min_data_in_leaf feature_fraction
INFO  [02:23:37.042] [bbotk]    0.327311     -1.404882        140              177        0.7072627
INFO  [02:23:37.042] [bbotk]  extra_trees lambda_l1 lambda_l2 min_gain_to_split        timestamp_xs
INFO  [02:23:37.042] [bbotk]        FALSE -5.886586 -4.817385         -4.828864 2026-09-10 02:22:14
INFO  [02:23:37.042] [bbotk]         timestamp_ys runtime_learners warnings errors internal_tuned_values
INFO  [02:23:37.042] [bbotk]  2026-09-10 02:23:36           80.809        0      0    num_iterations=112
INFO  [02:23:37.042] [bbotk]                 worker_id    acq_cb timestamp_surrogate timestamp_acq_function
INFO  [02:23:37.042] [bbotk]  exquisite_crane_c0891515 -17.08481 2026-09-10 02:22:12    2026-09-10 02:22:13
INFO  [02:23:37.042] [bbotk]  timestamp_acq_optimizer      timestamp_loop
INFO  [02:23:37.042] [bbotk]      2026-09-10 02:22:13 2026-09-10 02:22:14
INFO  [02:23:40.122] [bbotk] Results of 1 configuration(s):
INFO  [02:23:40.130] [bbotk]  classif.ce learning_rate num_leaves min_data_in_leaf feature_fraction
INFO  [02:23:40.130] [bbotk]   0.3247748     -1.956213        255               14        0.5535839
INFO  [02:23:40.130] [bbotk]  extra_trees lambda_l1 lambda_l2 min_gain_to_split        timestamp_xs
INFO  [02:23:40.130] [bbotk]        FALSE -3.813717  1.917982         -5.535039 2026-09-10 02:21:36
INFO  [02:23:40.130] [bbotk]         timestamp_ys runtime_learners warnings errors internal_tuned_values
INFO  [02:23:40.130] [bbotk]  2026-09-10 02:23:39          121.788        0      0    num_iterations=184
INFO  [02:23:40.130] [bbotk]                         worker_id    acq_cb timestamp_surrogate
INFO  [02:23:40.130] [bbotk]  varying_indianglassfish_da77a7d3 -16.79957 2026-09-10 02:21:34
INFO  [02:23:40.130] [bbotk]  timestamp_acq_function timestamp_acq_optimizer      timestamp_loop
INFO  [02:23:40.130] [bbotk]     2026-09-10 02:21:35     2026-09-10 02:21:35 2026-09-10 02:21:36
INFO  [02:23:49.365] [bbotk] Results of 1 configuration(s):
INFO  [02:23:49.373] [bbotk]  classif.ce learning_rate num_leaves min_data_in_leaf feature_fraction
INFO  [02:23:49.373] [bbotk]   0.3282936     -1.364262        151               86        0.8137781
INFO  [02:23:49.373] [bbotk]  extra_trees lambda_l1 lambda_l2 min_gain_to_split        timestamp_xs
INFO  [02:23:49.373] [bbotk]        FALSE -6.103609 -6.319762         -6.068523 2026-09-10 02:22:42
INFO  [02:23:49.373] [bbotk]         timestamp_ys runtime_learners warnings errors internal_tuned_values
INFO  [02:23:49.373] [bbotk]  2026-09-10 02:23:49           65.477        0      0     num_iterations=74
INFO  [02:23:49.373] [bbotk]                           worker_id    acq_cb timestamp_surrogate
INFO  [02:23:49.373] [bbotk]  kyanite_africanclawedfrog_b4f95c6c -3.470094 2026-09-10 02:22:41
INFO  [02:23:49.373] [bbotk]  timestamp_acq_function timestamp_acq_optimizer      timestamp_loop
INFO  [02:23:49.373] [bbotk]     2026-09-10 02:22:41     2026-09-10 02:22:41 2026-09-10 02:22:42
INFO  [02:23:50.403] [bbotk] Results of 1 configuration(s):
INFO  [02:23:50.413] [bbotk]  classif.ce learning_rate num_leaves min_data_in_leaf feature_fraction
INFO  [02:23:50.413] [bbotk]   0.3268605     -1.792965         32              178        0.7831365
INFO  [02:23:50.413] [bbotk]  extra_trees lambda_l1 lambda_l2 min_gain_to_split        timestamp_xs
INFO  [02:23:50.413] [bbotk]        FALSE -4.381855 -4.464713         -4.898543 2026-09-10 02:21:51
INFO  [02:23:50.413] [bbotk]         timestamp_ys runtime_learners warnings errors internal_tuned_values
INFO  [02:23:50.413] [bbotk]  2026-09-10 02:23:49          117.748        0      0    num_iterations=408
INFO  [02:23:50.413] [bbotk]                        worker_id    acq_cb timestamp_surrogate
INFO  [02:23:50.413] [bbotk]  firstgeneration_grison_edc73a8e -3.307878 2026-09-10 02:21:49
INFO  [02:23:50.413] [bbotk]  timestamp_acq_function timestamp_acq_optimizer      timestamp_loop
INFO  [02:23:50.413] [bbotk]     2026-09-10 02:21:50     2026-09-10 02:21:50 2026-09-10 02:21:51
INFO  [02:23:54.525] [bbotk] Results of 1 configuration(s):
INFO  [02:23:54.533] [bbotk]  classif.ce learning_rate num_leaves min_data_in_leaf feature_fraction
INFO  [02:23:54.533] [bbotk]   0.3255368     -2.409723        208              102        0.6806753
INFO  [02:23:54.533] [bbotk]  extra_trees lambda_l1 lambda_l2 min_gain_to_split        timestamp_xs
INFO  [02:23:54.533] [bbotk]        FALSE  -5.81731  1.922484         -4.361449 2026-09-10 02:21:26
INFO  [02:23:54.533] [bbotk]         timestamp_ys runtime_learners warnings errors internal_tuned_values
INFO  [02:23:54.533] [bbotk]  2026-09-10 02:23:54          146.658        0      0    num_iterations=205
INFO  [02:23:54.533] [bbotk]                        worker_id    acq_cb timestamp_surrogate
INFO  [02:23:54.533] [bbotk]  seismoscopic_tsetsefly_7d9b306b -5.095693 2026-09-10 02:21:25
INFO  [02:23:54.533] [bbotk]  timestamp_acq_function timestamp_acq_optimizer      timestamp_loop
INFO  [02:23:54.533] [bbotk]     2026-09-10 02:21:25     2026-09-10 02:21:25 2026-09-10 02:21:26
INFO  [02:23:55.575] [bbotk] Results of 1 configuration(s):
INFO  [02:23:55.585] [bbotk]  classif.ce learning_rate num_leaves min_data_in_leaf feature_fraction
INFO  [02:23:55.585] [bbotk]   0.3253013     -2.514193        255               31        0.7065354
INFO  [02:23:55.585] [bbotk]  extra_trees lambda_l1 lambda_l2 min_gain_to_split        timestamp_xs
INFO  [02:23:55.585] [bbotk]        FALSE 0.2719054 -3.414349         -5.681069 2026-09-10 02:21:33
INFO  [02:23:55.585] [bbotk]         timestamp_ys runtime_learners warnings errors internal_tuned_values
INFO  [02:23:55.585] [bbotk]  2026-09-10 02:23:54          140.146        0      0    num_iterations=192
INFO  [02:23:55.585] [bbotk]                          worker_id    acq_cb timestamp_surrogate
INFO  [02:23:55.585] [bbotk]  ammophilic_dungenesscrab_558c7b02 -15.72864 2026-09-10 02:21:31
INFO  [02:23:55.585] [bbotk]  timestamp_acq_function timestamp_acq_optimizer      timestamp_loop
INFO  [02:23:55.585] [bbotk]     2026-09-10 02:21:32     2026-09-10 02:21:32 2026-09-10 02:21:33
INFO  [02:23:57.650] [bbotk] Results of 1 configuration(s):
INFO  [02:23:57.657] [bbotk]  classif.ce learning_rate num_leaves min_data_in_leaf feature_fraction
INFO  [02:23:57.657] [bbotk]   0.3245375     -2.142011        247              174        0.4348177
INFO  [02:23:57.657] [bbotk]  extra_trees lambda_l1  lambda_l2 min_gain_to_split        timestamp_xs
INFO  [02:23:57.657] [bbotk]        FALSE  1.867025 -0.9250358         -2.735843 2026-09-10 02:21:30
INFO  [02:23:57.657] [bbotk]         timestamp_ys runtime_learners warnings errors internal_tuned_values
INFO  [02:23:57.657] [bbotk]  2026-09-10 02:23:56          145.682        0      0    num_iterations=211
INFO  [02:23:57.657] [bbotk]                     worker_id    acq_cb timestamp_surrogate
INFO  [02:23:57.657] [bbotk]  parisyllabic_bobcat_9a64eaac -17.63631 2026-09-10 02:21:29
INFO  [02:23:57.657] [bbotk]  timestamp_acq_function timestamp_acq_optimizer      timestamp_loop
INFO  [02:23:57.657] [bbotk]     2026-09-10 02:21:29     2026-09-10 02:21:29 2026-09-10 02:21:30
INFO  [02:23:59.711] [bbotk] Results of 1 configuration(s):
INFO  [02:23:59.718] [bbotk]  classif.ce learning_rate num_leaves min_data_in_leaf feature_fraction
INFO  [02:23:59.718] [bbotk]   0.3254849     -2.374182        255              102        0.7017983
INFO  [02:23:59.718] [bbotk]  extra_trees lambda_l1 lambda_l2 min_gain_to_split        timestamp_xs
INFO  [02:23:59.718] [bbotk]        FALSE 0.2105408 -3.585628         -5.802544 2026-09-10 02:21:40
INFO  [02:23:59.718] [bbotk]         timestamp_ys runtime_learners warnings errors internal_tuned_values
INFO  [02:23:59.718] [bbotk]  2026-09-10 02:23:58          136.935        0      0    num_iterations=155
INFO  [02:23:59.718] [bbotk]                    worker_id    acq_cb timestamp_surrogate
INFO  [02:23:59.718] [bbotk]  exaggerated_cooter_faa12317 -5.935252 2026-09-10 02:21:39
INFO  [02:23:59.718] [bbotk]  timestamp_acq_function timestamp_acq_optimizer      timestamp_loop
INFO  [02:23:59.718] [bbotk]     2026-09-10 02:21:39     2026-09-10 02:21:39 2026-09-10 02:21:40
INFO  [02:24:03.819] [bbotk] Results of 1 configuration(s):
INFO  [02:24:03.828] [bbotk]  classif.ce learning_rate num_leaves min_data_in_leaf feature_fraction
INFO  [02:24:03.828] [bbotk]   0.3269347     -2.471592        252               47         0.786982
INFO  [02:24:03.828] [bbotk]  extra_trees lambda_l1 lambda_l2 min_gain_to_split        timestamp_xs
INFO  [02:24:03.828] [bbotk]        FALSE -6.694872 -4.372939         -3.048749 2026-09-10 02:21:51
INFO  [02:24:03.828] [bbotk]         timestamp_ys runtime_learners warnings errors internal_tuned_values
INFO  [02:24:03.828] [bbotk]  2026-09-10 02:24:03          131.169        0      0    num_iterations=146
INFO  [02:24:03.828] [bbotk]                  worker_id    acq_cb timestamp_surrogate timestamp_acq_function
INFO  [02:24:03.828] [bbotk]  impulsive_spider_1106275c -6.197054 2026-09-10 02:21:49    2026-09-10 02:21:49
INFO  [02:24:03.828] [bbotk]  timestamp_acq_optimizer      timestamp_loop
INFO  [02:24:03.828] [bbotk]      2026-09-10 02:21:49 2026-09-10 02:21:51
INFO  [02:24:05.882] [bbotk] Results of 1 configuration(s):
INFO  [02:24:05.890] [bbotk]  classif.ce learning_rate num_leaves min_data_in_leaf feature_fraction
INFO  [02:24:05.890] [bbotk]   0.3281435     -0.962474        168              167        0.7541938
INFO  [02:24:05.890] [bbotk]  extra_trees lambda_l1 lambda_l2 min_gain_to_split        timestamp_xs
INFO  [02:24:05.890] [bbotk]        FALSE  -4.54764 -2.412954          -3.81258 2026-09-10 02:22:49
INFO  [02:24:05.890] [bbotk]         timestamp_ys runtime_learners warnings errors internal_tuned_values
INFO  [02:24:05.890] [bbotk]  2026-09-10 02:24:05           74.514        0      0     num_iterations=57
INFO  [02:24:05.890] [bbotk]                     worker_id    acq_cb timestamp_surrogate
INFO  [02:24:05.890] [bbotk]  ethnographic_scarab_cafdb721 -4.012001 2026-09-10 02:22:47
INFO  [02:24:05.890] [bbotk]  timestamp_acq_function timestamp_acq_optimizer      timestamp_loop
INFO  [02:24:05.890] [bbotk]     2026-09-10 02:22:48     2026-09-10 02:22:48 2026-09-10 02:22:49
INFO  [02:24:07.943] [bbotk] Results of 1 configuration(s):
INFO  [02:24:07.950] [bbotk]  classif.ce learning_rate num_leaves min_data_in_leaf feature_fraction
INFO  [02:24:07.950] [bbotk]   0.3245078     -2.137896        111              179        0.4219537
INFO  [02:24:07.950] [bbotk]  extra_trees lambda_l1   lambda_l2 min_gain_to_split        timestamp_xs
INFO  [02:24:07.950] [bbotk]        FALSE  1.782137 -0.09055536         -5.244849 2026-09-10 02:21:20
INFO  [02:24:07.950] [bbotk]         timestamp_ys runtime_learners warnings errors internal_tuned_values
INFO  [02:24:07.950] [bbotk]  2026-09-10 02:24:07          166.461        0      0    num_iterations=297
INFO  [02:24:07.950] [bbotk]                                 worker_id    acq_cb timestamp_surrogate
INFO  [02:24:07.950] [bbotk]  microphysical_americangoldfinch_ed04b562 -9.350782 2026-09-10 02:21:13
INFO  [02:24:07.950] [bbotk]  timestamp_acq_function timestamp_acq_optimizer      timestamp_loop
INFO  [02:24:07.950] [bbotk]     2026-09-10 02:21:19     2026-09-10 02:21:19 2026-09-10 02:21:20
INFO  [02:24:12.061] [bbotk] Results of 1 configuration(s):
INFO  [02:24:12.068] [bbotk]  classif.ce learning_rate num_leaves min_data_in_leaf feature_fraction
INFO  [02:24:12.068] [bbotk]   0.3279377      -1.10159        167              180        0.7229012
INFO  [02:24:12.068] [bbotk]  extra_trees lambda_l1 lambda_l2 min_gain_to_split        timestamp_xs
INFO  [02:24:12.068] [bbotk]        FALSE -4.853872 -2.482045         -3.858297 2026-09-10 02:22:59
INFO  [02:24:12.068] [bbotk]         timestamp_ys runtime_learners warnings errors internal_tuned_values
INFO  [02:24:12.068] [bbotk]  2026-09-10 02:24:11           71.439        0      0     num_iterations=46
INFO  [02:24:12.068] [bbotk]                             worker_id    acq_cb timestamp_surrogate
INFO  [02:24:12.068] [bbotk]  lilylivered_quinquespinosus_870aeb4c -10.34835 2026-09-10 02:22:57
INFO  [02:24:12.068] [bbotk]  timestamp_acq_function timestamp_acq_optimizer      timestamp_loop
INFO  [02:24:12.068] [bbotk]     2026-09-10 02:22:57     2026-09-10 02:22:57 2026-09-10 02:22:59
INFO  [02:24:14.122] [bbotk] Results of 2 configuration(s):
INFO  [02:24:14.130] [bbotk]  classif.ce learning_rate num_leaves min_data_in_leaf feature_fraction
INFO  [02:24:14.130] [bbotk]   0.3239275     -2.541980        255               54        0.5716458
INFO  [02:24:14.130] [bbotk]   0.3270681     -2.204626         30              174        0.3616971
INFO  [02:24:14.130] [bbotk]  extra_trees lambda_l1  lambda_l2 min_gain_to_split        timestamp_xs
INFO  [02:24:14.130] [bbotk]        FALSE -5.205595 -0.4003181         -5.557443 2026-09-10 02:21:23
INFO  [02:24:14.130] [bbotk]        FALSE  1.711578 -0.4251678         -6.533985 2026-09-10 02:21:06
INFO  [02:24:14.130] [bbotk]         timestamp_ys runtime_learners warnings errors internal_tuned_values
INFO  [02:24:14.130] [bbotk]  2026-09-10 02:24:13          169.211        0      0    num_iterations=255
INFO  [02:24:14.130] [bbotk]  2026-09-10 02:24:13          186.789        0      0    num_iterations=602
INFO  [02:24:14.130] [bbotk]                            worker_id    acq_cb timestamp_surrogate
INFO  [02:24:14.130] [bbotk]          respirable_cowbird_d8119261 -20.12501 2026-09-10 02:21:22
INFO  [02:24:14.130] [bbotk]  celebratory_xantusmurrelet_cf34a758 -16.15677 2026-09-10 02:21:04
INFO  [02:24:14.130] [bbotk]  timestamp_acq_function timestamp_acq_optimizer      timestamp_loop
INFO  [02:24:14.130] [bbotk]     2026-09-10 02:21:22     2026-09-10 02:21:22 2026-09-10 02:21:23
INFO  [02:24:14.130] [bbotk]     2026-09-10 02:21:04     2026-09-10 02:21:04 2026-09-10 02:21:06
INFO  [02:24:16.185] [bbotk] Results of 1 configuration(s):
INFO  [02:24:16.193] [bbotk]  classif.ce learning_rate num_leaves min_data_in_leaf feature_fraction
INFO  [02:24:16.193] [bbotk]   0.3307353    -0.6433457         39               85        0.8119354
INFO  [02:24:16.193] [bbotk]  extra_trees lambda_l1 lambda_l2 min_gain_to_split        timestamp_xs
INFO  [02:24:16.193] [bbotk]        FALSE -6.526687  -6.84575          -6.61633 2026-09-10 02:23:06
INFO  [02:24:16.193] [bbotk]         timestamp_ys runtime_learners warnings errors internal_tuned_values
INFO  [02:24:16.193] [bbotk]  2026-09-10 02:24:15           67.721        0      0    num_iterations=147
INFO  [02:24:16.193] [bbotk]                worker_id   acq_cb timestamp_surrogate timestamp_acq_function
INFO  [02:24:16.193] [bbotk]  nonspheric_eft_34977eba -13.3796 2026-09-10 02:23:04    2026-09-10 02:23:05
INFO  [02:24:16.193] [bbotk]  timestamp_acq_optimizer      timestamp_loop
INFO  [02:24:16.193] [bbotk]      2026-09-10 02:23:05 2026-09-10 02:23:06
INFO  [02:24:22.366] [bbotk] Results of 1 configuration(s):
INFO  [02:24:22.376] [bbotk]  classif.ce learning_rate num_leaves min_data_in_leaf feature_fraction
INFO  [02:24:22.376] [bbotk]   0.4454423     -6.747191        205               56        0.8740469
INFO  [02:24:22.376] [bbotk]  extra_trees lambda_l1 lambda_l2 min_gain_to_split        timestamp_xs
INFO  [02:24:22.376] [bbotk]        FALSE -2.851145   1.43992         -4.561872 2026-09-10 02:22:55
INFO  [02:24:22.376] [bbotk]         timestamp_ys runtime_learners warnings errors internal_tuned_values
INFO  [02:24:22.376] [bbotk]  2026-09-10 02:24:21           85.477        0      0      num_iterations=1
INFO  [02:24:22.376] [bbotk]                worker_id    acq_cb timestamp_surrogate timestamp_acq_function
INFO  [02:24:22.376] [bbotk]  disquieted_eft_f577ea4b -19.32651 2026-09-10 02:22:54    2026-09-10 02:22:54
INFO  [02:24:22.376] [bbotk]  timestamp_acq_optimizer      timestamp_loop
INFO  [02:24:22.376] [bbotk]      2026-09-10 02:22:54 2026-09-10 02:22:55
INFO  [02:24:23.409] [bbotk] Results of 1 configuration(s):
INFO  [02:24:23.416] [bbotk]  classif.ce learning_rate num_leaves min_data_in_leaf feature_fraction
INFO  [02:24:23.416] [bbotk]   0.3238701     -2.128831        245               49        0.4380249
INFO  [02:24:23.416] [bbotk]  extra_trees  lambda_l1 lambda_l2 min_gain_to_split        timestamp_xs
INFO  [02:24:23.416] [bbotk]        FALSE -0.7591864  3.237753         -4.322836 2026-09-10 02:21:20
INFO  [02:24:23.416] [bbotk]         timestamp_ys runtime_learners warnings errors internal_tuned_values
INFO  [02:24:23.416] [bbotk]  2026-09-10 02:24:22          181.705        0      0    num_iterations=258
INFO  [02:24:23.416] [bbotk]                         worker_id    acq_cb timestamp_surrogate
INFO  [02:24:23.416] [bbotk]  verminous_eidolonhelvum_fd97e393 -19.58381 2026-09-10 02:21:18
INFO  [02:24:23.416] [bbotk]  timestamp_acq_function timestamp_acq_optimizer      timestamp_loop
INFO  [02:24:23.416] [bbotk]     2026-09-10 02:21:19     2026-09-10 02:21:19 2026-09-10 02:21:20
INFO  [02:24:24.449] [bbotk] Results of 1 configuration(s):
INFO  [02:24:24.457] [bbotk]  classif.ce learning_rate num_leaves min_data_in_leaf feature_fraction
INFO  [02:24:24.457] [bbotk]   0.3272387     -1.318253        239               85        0.6845129
INFO  [02:24:24.457] [bbotk]  extra_trees lambda_l1 lambda_l2 min_gain_to_split        timestamp_xs
INFO  [02:24:24.457] [bbotk]        FALSE -6.485537  -2.69286         -6.529451 2026-09-10 02:22:59
INFO  [02:24:24.457] [bbotk]         timestamp_ys runtime_learners warnings errors internal_tuned_values
INFO  [02:24:24.457] [bbotk]  2026-09-10 02:24:24           84.006        0      0     num_iterations=57
INFO  [02:24:24.457] [bbotk]                                     worker_id   acq_cb timestamp_surrogate
INFO  [02:24:24.457] [bbotk]  unarithmetical_douglasfirbarkbeetle_e432ac98 -4.96347 2026-09-10 02:22:57
INFO  [02:24:24.457] [bbotk]  timestamp_acq_function timestamp_acq_optimizer      timestamp_loop
INFO  [02:24:24.457] [bbotk]     2026-09-10 02:22:58     2026-09-10 02:22:58 2026-09-10 02:22:59
INFO  [02:24:27.537] [bbotk] Results of 2 configuration(s):
INFO  [02:24:27.544] [bbotk]  classif.ce learning_rate num_leaves min_data_in_leaf feature_fraction
INFO  [02:24:27.544] [bbotk]   0.3284141    -0.9247939        154              167        0.7500043
INFO  [02:24:27.544] [bbotk]   0.4454423    -6.5909893        255               54        0.9227770
INFO  [02:24:27.544] [bbotk]  extra_trees lambda_l1 lambda_l2 min_gain_to_split        timestamp_xs
INFO  [02:24:27.544] [bbotk]        FALSE -4.476199 -2.444452         -3.994403 2026-09-10 02:23:16
INFO  [02:24:27.544] [bbotk]        FALSE -3.164976 -3.721158         -6.722306 2026-09-10 02:22:58
INFO  [02:24:27.544] [bbotk]         timestamp_ys runtime_learners warnings errors internal_tuned_values
INFO  [02:24:27.544] [bbotk]  2026-09-10 02:24:26           69.272        0      0     num_iterations=59
INFO  [02:24:27.544] [bbotk]  2026-09-10 02:24:26           87.325        0      0      num_iterations=1
INFO  [02:24:27.544] [bbotk]                     worker_id     acq_cb timestamp_surrogate
INFO  [02:24:27.544] [bbotk]  enchanted_blackbird_dca3c69f -11.723330 2026-09-10 02:23:14
INFO  [02:24:27.544] [bbotk]      acid_wrenchbird_3af458c9  -7.354993 2026-09-10 02:22:57
INFO  [02:24:27.544] [bbotk]  timestamp_acq_function timestamp_acq_optimizer      timestamp_loop
INFO  [02:24:27.544] [bbotk]     2026-09-10 02:23:14     2026-09-10 02:23:14 2026-09-10 02:23:16
INFO  [02:24:27.544] [bbotk]     2026-09-10 02:22:57     2026-09-10 02:22:57 2026-09-10 02:22:58
INFO  [02:24:28.574] [bbotk] Results of 1 configuration(s):
INFO  [02:24:28.584] [bbotk]  classif.ce learning_rate num_leaves min_data_in_leaf feature_fraction
INFO  [02:24:28.584] [bbotk]   0.4454423     -6.752556        255               52        0.9240382
INFO  [02:24:28.584] [bbotk]  extra_trees lambda_l1 lambda_l2 min_gain_to_split        timestamp_xs
INFO  [02:24:28.584] [bbotk]        FALSE  1.214574 -6.010037         -5.657665 2026-09-10 02:22:50
INFO  [02:24:28.584] [bbotk]         timestamp_ys runtime_learners warnings errors internal_tuned_values
INFO  [02:24:28.584] [bbotk]  2026-09-10 02:24:27           95.351        0      0      num_iterations=1
INFO  [02:24:28.584] [bbotk]                   worker_id    acq_cb timestamp_surrogate
INFO  [02:24:28.584] [bbotk]  postlegal_leveret_d41796bc -15.37947 2026-09-10 02:22:48
INFO  [02:24:28.584] [bbotk]  timestamp_acq_function timestamp_acq_optimizer      timestamp_loop
INFO  [02:24:28.584] [bbotk]     2026-09-10 02:22:49     2026-09-10 02:22:49 2026-09-10 02:22:50
INFO  [02:24:31.661] [bbotk] Results of 1 configuration(s):
INFO  [02:24:31.669] [bbotk]  classif.ce learning_rate num_leaves min_data_in_leaf feature_fraction
INFO  [02:24:31.669] [bbotk]   0.3343543    -0.3619015        244               14        0.5051497
INFO  [02:24:31.669] [bbotk]  extra_trees lambda_l1 lambda_l2 min_gain_to_split        timestamp_xs
INFO  [02:24:31.669] [bbotk]        FALSE   4.84771  1.812648         -4.207213 2026-09-10 02:23:51
INFO  [02:24:31.669] [bbotk]         timestamp_ys runtime_learners warnings errors internal_tuned_values
INFO  [02:24:31.669] [bbotk]  2026-09-10 02:24:31           39.167        0      0     num_iterations=35
INFO  [02:24:31.669] [bbotk]                        worker_id    acq_cb timestamp_surrogate
INFO  [02:24:31.669] [bbotk]  firstgeneration_grison_edc73a8e -2.691454 2026-09-10 02:23:49
INFO  [02:24:31.669] [bbotk]  timestamp_acq_function timestamp_acq_optimizer      timestamp_loop
INFO  [02:24:31.669] [bbotk]     2026-09-10 02:23:50     2026-09-10 02:23:50 2026-09-10 02:23:51
INFO  [02:24:32.699] [bbotk] Results of 2 configuration(s):
INFO  [02:24:32.706] [bbotk]  classif.ce learning_rate num_leaves min_data_in_leaf feature_fraction
INFO  [02:24:32.706] [bbotk]   0.3247173     -2.088333        116               49        0.3619858
INFO  [02:24:32.706] [bbotk]   0.3266380     -1.100715        224               75        0.5531803
INFO  [02:24:32.706] [bbotk]  extra_trees lambda_l1 lambda_l2 min_gain_to_split        timestamp_xs
INFO  [02:24:32.706] [bbotk]        FALSE  1.113446  2.974806         -6.104430 2026-09-10 02:21:22
INFO  [02:24:32.706] [bbotk]        FALSE -5.894004 -1.724147         -4.031626 2026-09-10 02:23:12
INFO  [02:24:32.706] [bbotk]         timestamp_ys runtime_learners warnings errors internal_tuned_values
INFO  [02:24:32.706] [bbotk]  2026-09-10 02:24:31          188.025        0      0    num_iterations=329
INFO  [02:24:32.706] [bbotk]  2026-09-10 02:24:32           78.151        0      0     num_iterations=58
INFO  [02:24:32.706] [bbotk]                            worker_id     acq_cb timestamp_surrogate
INFO  [02:24:32.706] [bbotk]       quasireligious_bedbug_5fdbfe43 -11.151545 2026-09-10 02:21:20
INFO  [02:24:32.706] [bbotk]  microbiophobic_ibizanhound_26dc35ec  -9.988065 2026-09-10 02:23:10
INFO  [02:24:32.706] [bbotk]  timestamp_acq_function timestamp_acq_optimizer      timestamp_loop
INFO  [02:24:32.706] [bbotk]     2026-09-10 02:21:21     2026-09-10 02:21:21 2026-09-10 02:21:22
INFO  [02:24:32.706] [bbotk]     2026-09-10 02:23:11     2026-09-10 02:23:11 2026-09-10 02:23:12
INFO  [02:24:35.786] [bbotk] Results of 2 configuration(s):
INFO  [02:24:35.793] [bbotk]  classif.ce learning_rate num_leaves min_data_in_leaf feature_fraction
INFO  [02:24:35.793] [bbotk]   0.3270848     -1.324876        130              194        0.7311912
INFO  [02:24:35.793] [bbotk]   0.3235234     -2.453117        235               18        0.4545118
INFO  [02:24:35.793] [bbotk]  extra_trees lambda_l1  lambda_l2 min_gain_to_split        timestamp_xs
INFO  [02:24:35.793] [bbotk]        FALSE -4.866452 -0.1466434         -5.471045 2026-09-10 02:22:57
INFO  [02:24:35.793] [bbotk]        FALSE -6.900204 -5.6524487         -3.691442 2026-09-10 02:21:21
INFO  [02:24:35.793] [bbotk]         timestamp_ys runtime_learners warnings errors internal_tuned_values
INFO  [02:24:35.793] [bbotk]  2026-09-10 02:24:34           96.192        0      0    num_iterations=120
INFO  [02:24:35.793] [bbotk]  2026-09-10 02:24:35          193.362        0      0    num_iterations=326
INFO  [02:24:35.793] [bbotk]                         worker_id     acq_cb timestamp_surrogate
INFO  [02:24:35.793] [bbotk]  paranoid_germanpinscher_b0dbbbbd -20.401572 2026-09-10 02:22:55
INFO  [02:24:35.793] [bbotk]     diversifiable_xantus_e53924fa  -8.429736 2026-09-10 02:21:17
INFO  [02:24:35.793] [bbotk]  timestamp_acq_function timestamp_acq_optimizer      timestamp_loop
INFO  [02:24:35.793] [bbotk]     2026-09-10 02:22:56     2026-09-10 02:22:56 2026-09-10 02:22:57
INFO  [02:24:35.793] [bbotk]     2026-09-10 02:21:20     2026-09-10 02:21:20 2026-09-10 02:21:21
INFO  [02:24:36.822] [bbotk] Results of 2 configuration(s):
INFO  [02:24:36.829] [bbotk]  classif.ce learning_rate num_leaves min_data_in_leaf feature_fraction
INFO  [02:24:36.829] [bbotk]   0.3270848     -1.339034        134              193        0.7120774
INFO  [02:24:36.829] [bbotk]   0.3234344     -2.639511        255                1        0.6297680
INFO  [02:24:36.829] [bbotk]  extra_trees lambda_l1 lambda_l2 min_gain_to_split        timestamp_xs
INFO  [02:24:36.829] [bbotk]        FALSE -4.645075  3.411294         -5.405344 2026-09-10 02:22:50
INFO  [02:24:36.829] [bbotk]        FALSE -1.079040 -3.139501         -3.359793 2026-09-10 02:21:23
INFO  [02:24:36.829] [bbotk]         timestamp_ys runtime_learners warnings errors internal_tuned_values
INFO  [02:24:36.829] [bbotk]  2026-09-10 02:24:35          103.694        0      0    num_iterations=120
INFO  [02:24:36.829] [bbotk]  2026-09-10 02:24:36          192.432        0      0    num_iterations=311
INFO  [02:24:36.829] [bbotk]                            worker_id     acq_cb timestamp_surrogate
INFO  [02:24:36.829] [bbotk]  foreknowable_albertosaurus_e107f184  -4.459214 2026-09-10 02:22:48
INFO  [02:24:36.829] [bbotk]              nearby_manxcat_22c140f4 -10.645261 2026-09-10 02:21:22
INFO  [02:24:36.829] [bbotk]  timestamp_acq_function timestamp_acq_optimizer      timestamp_loop
INFO  [02:24:36.829] [bbotk]     2026-09-10 02:22:49     2026-09-10 02:22:49 2026-09-10 02:22:50
INFO  [02:24:36.829] [bbotk]     2026-09-10 02:21:22     2026-09-10 02:21:22 2026-09-10 02:21:23
INFO  [02:24:37.860] [bbotk] Results of 1 configuration(s):
INFO  [02:24:37.871] [bbotk]  classif.ce learning_rate num_leaves min_data_in_leaf feature_fraction
INFO  [02:24:37.871] [bbotk]   0.3299863    -0.6832171        149              168        0.7713523
INFO  [02:24:37.871] [bbotk]  extra_trees lambda_l1 lambda_l2 min_gain_to_split        timestamp_xs
INFO  [02:24:37.871] [bbotk]        FALSE  -4.44518 -2.747112         -3.655828 2026-09-10 02:23:30
INFO  [02:24:37.871] [bbotk]         timestamp_ys runtime_learners warnings errors internal_tuned_values
INFO  [02:24:37.871] [bbotk]  2026-09-10 02:24:37           66.351        0      0     num_iterations=46
INFO  [02:24:37.871] [bbotk]                      worker_id    acq_cb timestamp_surrogate
INFO  [02:24:37.871] [bbotk]  deodorizing_bluefish_a05bab1e -6.817594 2026-09-10 02:23:28
INFO  [02:24:37.871] [bbotk]  timestamp_acq_function timestamp_acq_optimizer      timestamp_loop
INFO  [02:24:37.871] [bbotk]     2026-09-10 02:23:29     2026-09-10 02:23:29 2026-09-10 02:23:30
INFO  [02:24:38.901] [bbotk] Results of 3 configuration(s):
INFO  [02:24:38.909] [bbotk]  classif.ce learning_rate num_leaves min_data_in_leaf feature_fraction
INFO  [02:24:38.909] [bbotk]   0.3270181    -2.1271229        240                5        0.8464965
INFO  [02:24:38.909] [bbotk]   0.3311413    -0.5460306         29              125        0.8209648
INFO  [02:24:38.909] [bbotk]   0.3244151    -2.0234791        150              176        0.3618254
INFO  [02:24:38.909] [bbotk]  extra_trees lambda_l1  lambda_l2 min_gain_to_split        timestamp_xs
INFO  [02:24:38.909] [bbotk]        FALSE -4.095161  4.5684819         -4.102648 2026-09-10 02:21:49
INFO  [02:24:38.909] [bbotk]        FALSE -6.907755 -6.9018163         -3.990081 2026-09-10 02:23:33
INFO  [02:24:38.909] [bbotk]        FALSE  1.732339 -0.9772128         -6.400931 2026-09-10 02:21:23
INFO  [02:24:38.909] [bbotk]         timestamp_ys runtime_learners warnings errors internal_tuned_values
INFO  [02:24:38.909] [bbotk]  2026-09-10 02:24:37          166.550        0      0    num_iterations=177
INFO  [02:24:38.909] [bbotk]  2026-09-10 02:24:38           63.534        0      0    num_iterations=134
INFO  [02:24:38.909] [bbotk]  2026-09-10 02:24:38          194.405        0      0    num_iterations=280
INFO  [02:24:38.909] [bbotk]                   worker_id     acq_cb timestamp_surrogate
INFO  [02:24:38.909] [bbotk]  bossy_treecreeper_f8c34166  -4.224476 2026-09-10 02:21:48
INFO  [02:24:38.909] [bbotk]    eliminable_slug_7280d998 -11.909960 2026-09-10 02:23:31
INFO  [02:24:38.909] [bbotk]  costless_ibisbill_206330c7  -6.611979 2026-09-10 02:21:22
INFO  [02:24:38.909] [bbotk]  timestamp_acq_function timestamp_acq_optimizer      timestamp_loop
INFO  [02:24:38.909] [bbotk]     2026-09-10 02:21:48     2026-09-10 02:21:48 2026-09-10 02:21:49
INFO  [02:24:38.909] [bbotk]     2026-09-10 02:23:32     2026-09-10 02:23:32 2026-09-10 02:23:33
INFO  [02:24:38.909] [bbotk]     2026-09-10 02:21:22     2026-09-10 02:21:22 2026-09-10 02:21:23
INFO  [02:24:41.991] [bbotk] Results of 1 configuration(s):
INFO  [02:24:41.999] [bbotk]  classif.ce learning_rate num_leaves min_data_in_leaf feature_fraction
INFO  [02:24:41.999] [bbotk]   0.3288628    -0.8712925        157              168        0.7603423
INFO  [02:24:41.999] [bbotk]  extra_trees lambda_l1 lambda_l2 min_gain_to_split        timestamp_xs
INFO  [02:24:41.999] [bbotk]        FALSE -4.437368 -2.468169          -3.96105 2026-09-10 02:23:26
INFO  [02:24:41.999] [bbotk]         timestamp_ys runtime_learners warnings errors internal_tuned_values
INFO  [02:24:41.999] [bbotk]  2026-09-10 02:24:41           74.488        0      0     num_iterations=52
INFO  [02:24:41.999] [bbotk]                        worker_id    acq_cb timestamp_surrogate
INFO  [02:24:41.999] [bbotk]  supernaturalistic_trex_5fa4c043 -7.435635 2026-09-10 02:23:24
INFO  [02:24:41.999] [bbotk]  timestamp_acq_function timestamp_acq_optimizer      timestamp_loop
INFO  [02:24:41.999] [bbotk]     2026-09-10 02:23:24     2026-09-10 02:23:24 2026-09-10 02:23:26
INFO  [02:24:43.031] [bbotk] Results of 1 configuration(s):
INFO  [02:24:43.039] [bbotk]  classif.ce learning_rate num_leaves min_data_in_leaf feature_fraction
INFO  [02:24:43.039] [bbotk]   0.3298714    -0.6663302        168              163        0.7474095
INFO  [02:24:43.039] [bbotk]  extra_trees lambda_l1 lambda_l2 min_gain_to_split        timestamp_xs
INFO  [02:24:43.039] [bbotk]        FALSE -4.669103 -2.182214          -3.81267 2026-09-10 02:23:34
INFO  [02:24:43.039] [bbotk]         timestamp_ys runtime_learners warnings errors internal_tuned_values
INFO  [02:24:43.039] [bbotk]  2026-09-10 02:24:41           67.155        0      0     num_iterations=42
INFO  [02:24:43.039] [bbotk]                        worker_id    acq_cb timestamp_surrogate
INFO  [02:24:43.039] [bbotk]  gasolinic_purplemarten_10d21674 -5.923793 2026-09-10 02:23:31
INFO  [02:24:43.039] [bbotk]  timestamp_acq_function timestamp_acq_optimizer      timestamp_loop
INFO  [02:24:43.039] [bbotk]     2026-09-10 02:23:32     2026-09-10 02:23:32 2026-09-10 02:23:34
INFO  [02:24:45.116] [bbotk] Results of 2 configuration(s):
INFO  [02:24:45.127] [bbotk]  classif.ce learning_rate num_leaves min_data_in_leaf feature_fraction
INFO  [02:24:45.127] [bbotk]   0.3259150     -1.580731        203               75        0.7049823
INFO  [02:24:45.127] [bbotk]   0.3490896     -2.092712        114              175        0.1000000
INFO  [02:24:45.127] [bbotk]  extra_trees lambda_l1 lambda_l2 min_gain_to_split        timestamp_xs
INFO  [02:24:45.127] [bbotk]        FALSE -6.023203 -1.288386         -2.462836 2026-09-10 02:23:11
INFO  [02:24:45.127] [bbotk]        FALSE  6.590368 -1.625446         -6.067252 2026-09-10 02:22:49
INFO  [02:24:45.127] [bbotk]         timestamp_ys runtime_learners warnings errors internal_tuned_values
INFO  [02:24:45.127] [bbotk]  2026-09-10 02:24:44           92.448        0      0    num_iterations=107
INFO  [02:24:45.127] [bbotk]  2026-09-10 02:24:44          114.377        0      0    num_iterations=381
INFO  [02:24:45.127] [bbotk]                          worker_id    acq_cb timestamp_surrogate
INFO  [02:24:45.127] [bbotk]     involved_komododragon_94bc6c76 -14.13967 2026-09-10 02:23:09
INFO  [02:24:45.127] [bbotk]  awake_neonbluehermitcrab_dbdf4488 -15.37889 2026-09-10 02:22:48
INFO  [02:24:45.127] [bbotk]  timestamp_acq_function timestamp_acq_optimizer      timestamp_loop
INFO  [02:24:45.127] [bbotk]     2026-09-10 02:23:09     2026-09-10 02:23:09 2026-09-10 02:23:11
INFO  [02:24:45.127] [bbotk]     2026-09-10 02:22:48     2026-09-10 02:22:48 2026-09-10 02:22:49
INFO  [02:24:49.239] [bbotk] Results of 2 configuration(s):
INFO  [02:24:49.246] [bbotk]  classif.ce learning_rate num_leaves min_data_in_leaf feature_fraction
INFO  [02:24:49.246] [bbotk]   0.4454423     -6.517624        247                1        0.3512095
INFO  [02:24:49.246] [bbotk]   0.3281138     -1.171300         20               74        0.5473222
INFO  [02:24:49.246] [bbotk]  extra_trees lambda_l1 lambda_l2 min_gain_to_split        timestamp_xs
INFO  [02:24:49.246] [bbotk]        FALSE -1.926146  4.855237         -5.015204 2026-09-10 02:23:38
INFO  [02:24:49.246] [bbotk]        FALSE -5.060074 -1.598647         -4.572956 2026-09-10 02:22:50
INFO  [02:24:49.246] [bbotk]         timestamp_ys runtime_learners warnings errors internal_tuned_values
INFO  [02:24:49.246] [bbotk]  2026-09-10 02:24:48           69.144        0      0      num_iterations=1
INFO  [02:24:49.246] [bbotk]  2026-09-10 02:24:48          117.330        0      0    num_iterations=376
INFO  [02:24:49.246] [bbotk]                            worker_id     acq_cb timestamp_surrogate
INFO  [02:24:49.246] [bbotk]  indecipherable_backswimmer_1f980e68 -19.636930 2026-09-10 02:23:34
INFO  [02:24:49.246] [bbotk]      homebred_affenpinscher_1a819fb5  -3.151823 2026-09-10 02:22:49
INFO  [02:24:49.246] [bbotk]  timestamp_acq_function timestamp_acq_optimizer      timestamp_loop
INFO  [02:24:49.246] [bbotk]     2026-09-10 02:23:35     2026-09-10 02:23:35 2026-09-10 02:23:38
INFO  [02:24:49.246] [bbotk]     2026-09-10 02:22:49     2026-09-10 02:22:49 2026-09-10 02:22:50
INFO  [02:24:52.325] [bbotk] Results of 5 configuration(s):
INFO  [02:24:52.333] [bbotk]  classif.ce learning_rate num_leaves min_data_in_leaf feature_fraction
INFO  [02:24:52.333] [bbotk]   0.3295562    -1.1780370         10              124        0.7104910
INFO  [02:24:52.333] [bbotk]   0.3237421    -2.1944656        211               63        0.3641393
INFO  [02:24:52.333] [bbotk]   0.3255664    -2.4890959        252              200        0.7734798
INFO  [02:24:52.333] [bbotk]   0.3275372    -2.1346092         59               89        0.8174979
INFO  [02:24:52.333] [bbotk]   0.3282176    -0.9337326        174              165        0.7427058
INFO  [02:24:52.333] [bbotk]  extra_trees lambda_l1  lambda_l2 min_gain_to_split        timestamp_xs
INFO  [02:24:52.333] [bbotk]        FALSE -4.491344 -2.8997818         -4.558242 2026-09-10 02:23:00
INFO  [02:24:52.333] [bbotk]        FALSE  1.467365  2.9583036         -6.667107 2026-09-10 02:21:23
INFO  [02:24:52.333] [bbotk]        FALSE -6.907755 -3.5859142         -2.938829 2026-09-10 02:22:21
INFO  [02:24:52.333] [bbotk]        FALSE -2.222791 -0.2256938         -4.039693 2026-09-10 02:22:33
INFO  [02:24:52.333] [bbotk]        FALSE -3.860323 -2.3570715         -3.822894 2026-09-10 02:23:36
INFO  [02:24:52.333] [bbotk]         timestamp_ys runtime_learners warnings errors internal_tuned_values
INFO  [02:24:52.333] [bbotk]  2026-09-10 02:24:51          109.676        0      0    num_iterations=403
INFO  [02:24:52.333] [bbotk]  2026-09-10 02:24:51          206.314        0      0    num_iterations=278
INFO  [02:24:52.333] [bbotk]  2026-09-10 02:24:51          149.811        0      0    num_iterations=155
INFO  [02:24:52.333] [bbotk]  2026-09-10 02:24:51          136.179        0      0    num_iterations=357
INFO  [02:24:52.333] [bbotk]  2026-09-10 02:24:52           75.421        0      0     num_iterations=46
INFO  [02:24:52.333] [bbotk]                           worker_id     acq_cb timestamp_surrogate
INFO  [02:24:52.333] [bbotk]        warmthless_leafwing_cc029918  -9.498476 2026-09-10 02:22:59
INFO  [02:24:52.333] [bbotk]           dreamy_milksnake_28f303e5 -19.492116 2026-09-10 02:21:18
INFO  [02:24:52.333] [bbotk]          entodermal_plover_10f3e208 -13.638002 2026-09-10 02:22:18
INFO  [02:24:52.333] [bbotk]  organisational_blacklemur_c926fcdb  -2.851094 2026-09-10 02:22:31
INFO  [02:24:52.333] [bbotk]       infantine_oropendula_87126630  -4.107172 2026-09-10 02:23:32
INFO  [02:24:52.333] [bbotk]  timestamp_acq_function timestamp_acq_optimizer      timestamp_loop
INFO  [02:24:52.333] [bbotk]     2026-09-10 02:22:59     2026-09-10 02:22:59 2026-09-10 02:23:00
INFO  [02:24:52.333] [bbotk]     2026-09-10 02:21:22     2026-09-10 02:21:22 2026-09-10 02:21:23
INFO  [02:24:52.333] [bbotk]     2026-09-10 02:22:20     2026-09-10 02:22:20 2026-09-10 02:22:21
INFO  [02:24:52.333] [bbotk]     2026-09-10 02:22:32     2026-09-10 02:22:32 2026-09-10 02:22:33
INFO  [02:24:52.333] [bbotk]     2026-09-10 02:23:33     2026-09-10 02:23:33 2026-09-10 02:23:36
INFO  [02:24:53.363] [bbotk] Results of 1 configuration(s):
INFO  [02:24:53.370] [bbotk]  classif.ce learning_rate num_leaves min_data_in_leaf feature_fraction
INFO  [02:24:53.370] [bbotk]   0.3311784    -0.5298069        127               68        0.9938298
INFO  [02:24:53.370] [bbotk]  extra_trees lambda_l1 lambda_l2 min_gain_to_split        timestamp_xs
INFO  [02:24:53.370] [bbotk]        FALSE -4.338293  5.527961          -4.75804 2026-09-10 02:23:18
INFO  [02:24:53.370] [bbotk]         timestamp_ys runtime_learners warnings errors internal_tuned_values
INFO  [02:24:53.370] [bbotk]  2026-09-10 02:24:52           93.552        0      0     num_iterations=48
INFO  [02:24:53.370] [bbotk]                worker_id    acq_cb timestamp_surrogate timestamp_acq_function
INFO  [02:24:53.370] [bbotk]  scientific_cur_23dd9641 -3.493631 2026-09-10 02:23:16    2026-09-10 02:23:17
INFO  [02:24:53.370] [bbotk]  timestamp_acq_optimizer      timestamp_loop
INFO  [02:24:53.370] [bbotk]      2026-09-10 02:23:17 2026-09-10 02:23:18
INFO  [02:24:54.398] [bbotk] Results of 1 configuration(s):
INFO  [02:24:54.405] [bbotk]  classif.ce learning_rate num_leaves min_data_in_leaf feature_fraction
INFO  [02:24:54.405] [bbotk]   0.3253236     -2.304273        255               88        0.7727332
INFO  [02:24:54.405] [bbotk]  extra_trees lambda_l1 lambda_l2 min_gain_to_split        timestamp_xs
INFO  [02:24:54.405] [bbotk]        FALSE -6.907755 -3.282912          -4.37806 2026-09-10 02:22:33
INFO  [02:24:54.405] [bbotk]         timestamp_ys runtime_learners warnings errors internal_tuned_values
INFO  [02:24:54.405] [bbotk]  2026-09-10 02:24:54          140.217        0      0    num_iterations=172
INFO  [02:24:54.405] [bbotk]                          worker_id    acq_cb timestamp_surrogate
INFO  [02:24:54.405] [bbotk]  paleopsychological_hyena_57ec3de2 -10.32847 2026-09-10 02:22:30
INFO  [02:24:54.405] [bbotk]  timestamp_acq_function timestamp_acq_optimizer      timestamp_loop
INFO  [02:24:54.405] [bbotk]     2026-09-10 02:22:31     2026-09-10 02:22:31 2026-09-10 02:22:33
INFO  [02:24:56.457] [bbotk] Results of 1 configuration(s):
INFO  [02:24:56.463] [bbotk]  classif.ce learning_rate num_leaves min_data_in_leaf feature_fraction
INFO  [02:24:56.463] [bbotk]   0.3274148     -1.462031        152              200         0.920514
INFO  [02:24:56.463] [bbotk]  extra_trees lambda_l1 lambda_l2 min_gain_to_split        timestamp_xs
INFO  [02:24:56.463] [bbotk]        FALSE  1.742276  -1.37621         -2.786199 2026-09-10 02:23:07
INFO  [02:24:56.463] [bbotk]         timestamp_ys runtime_learners warnings errors internal_tuned_values
INFO  [02:24:56.463] [bbotk]  2026-09-10 02:24:56          108.343        0      0    num_iterations=108
INFO  [02:24:56.463] [bbotk]                                 worker_id    acq_cb timestamp_surrogate
INFO  [02:24:56.463] [bbotk]  paleopsychological_graysquirrel_c736c069 -3.578439 2026-09-10 02:23:05
INFO  [02:24:56.463] [bbotk]  timestamp_acq_function timestamp_acq_optimizer      timestamp_loop
INFO  [02:24:56.463] [bbotk]     2026-09-10 02:23:05     2026-09-10 02:23:05 2026-09-10 02:23:07
INFO  [02:25:01.588] [bbotk] Results of 1 configuration(s):
INFO  [02:25:01.596] [bbotk]  classif.ce learning_rate num_leaves min_data_in_leaf feature_fraction
INFO  [02:25:01.596] [bbotk]   0.4454423     -6.907755        206               56         0.884037
INFO  [02:25:01.596] [bbotk]  extra_trees lambda_l1 lambda_l2 min_gain_to_split        timestamp_xs
INFO  [02:25:01.596] [bbotk]        FALSE -3.487158  1.713551         -4.566877 2026-09-10 02:23:26
INFO  [02:25:01.596] [bbotk]         timestamp_ys runtime_learners warnings errors internal_tuned_values
INFO  [02:25:01.596] [bbotk]  2026-09-10 02:25:00           93.333        0      0      num_iterations=1
INFO  [02:25:01.596] [bbotk]                       worker_id    acq_cb timestamp_surrogate
INFO  [02:25:01.596] [bbotk]  unkempt_albertosaurus_f8eeca4a -24.21449 2026-09-10 02:23:23
INFO  [02:25:01.596] [bbotk]  timestamp_acq_function timestamp_acq_optimizer      timestamp_loop
INFO  [02:25:01.596] [bbotk]     2026-09-10 02:23:24     2026-09-10 02:23:24 2026-09-10 02:23:26
INFO  [02:25:02.625] [bbotk] Results of 1 configuration(s):
INFO  [02:25:02.633] [bbotk]  classif.ce learning_rate num_leaves min_data_in_leaf feature_fraction
INFO  [02:25:02.633] [bbotk]   0.3303905    -0.6094601        142              174        0.7831266
INFO  [02:25:02.633] [bbotk]  extra_trees lambda_l1 lambda_l2 min_gain_to_split        timestamp_xs
INFO  [02:25:02.633] [bbotk]        FALSE -4.738365 -2.899881         -3.982504 2026-09-10 02:23:56
INFO  [02:25:02.633] [bbotk]         timestamp_ys runtime_learners warnings errors internal_tuned_values
INFO  [02:25:02.633] [bbotk]  2026-09-10 02:25:02           65.746        0      0     num_iterations=49
INFO  [02:25:02.633] [bbotk]                          worker_id    acq_cb timestamp_surrogate
INFO  [02:25:02.633] [bbotk]  ammophilic_dungenesscrab_558c7b02 -19.02669 2026-09-10 02:23:54
INFO  [02:25:02.633] [bbotk]  timestamp_acq_function timestamp_acq_optimizer      timestamp_loop
INFO  [02:25:02.633] [bbotk]     2026-09-10 02:23:55     2026-09-10 02:23:55 2026-09-10 02:23:56
INFO  [02:25:03.661] [bbotk] Results of 1 configuration(s):
INFO  [02:25:03.668] [bbotk]  classif.ce learning_rate num_leaves min_data_in_leaf feature_fraction
INFO  [02:25:03.668] [bbotk]   0.3290945     -1.320531         11              129        0.7294229
INFO  [02:25:03.668] [bbotk]  extra_trees lambda_l1 lambda_l2 min_gain_to_split        timestamp_xs
INFO  [02:25:03.668] [bbotk]        FALSE -4.506786 -3.965883         -4.558022 2026-09-10 02:22:50
INFO  [02:25:03.668] [bbotk]         timestamp_ys runtime_learners warnings errors internal_tuned_values
INFO  [02:25:03.668] [bbotk]  2026-09-10 02:25:03          131.361        0      0    num_iterations=480
INFO  [02:25:03.668] [bbotk]                    worker_id    acq_cb timestamp_surrogate
INFO  [02:25:03.668] [bbotk]  confirmable_motmot_4f74a680 -3.136744 2026-09-10 02:22:49
INFO  [02:25:03.668] [bbotk]  timestamp_acq_function timestamp_acq_optimizer      timestamp_loop
INFO  [02:25:03.668] [bbotk]     2026-09-10 02:22:49     2026-09-10 02:22:49 2026-09-10 02:22:50
INFO  [02:25:04.697] [bbotk] Results of 1 configuration(s):
INFO  [02:25:04.705] [bbotk]  classif.ce learning_rate num_leaves min_data_in_leaf feature_fraction
INFO  [02:25:04.705] [bbotk]   0.3319682     -2.113048        248              174        0.4343604
INFO  [02:25:04.705] [bbotk]  extra_trees lambda_l1 lambda_l2 min_gain_to_split        timestamp_xs
INFO  [02:25:04.705] [bbotk]        FALSE  4.147945  1.817532         -2.679649 2026-09-10 02:22:51
INFO  [02:25:04.705] [bbotk]         timestamp_ys runtime_learners warnings errors internal_tuned_values
INFO  [02:25:04.705] [bbotk]  2026-09-10 02:25:04          132.448        0      0    num_iterations=215
INFO  [02:25:04.705] [bbotk]                         worker_id    acq_cb timestamp_surrogate
INFO  [02:25:04.705] [bbotk]  pedagoguish_germanspitz_4795e3d6 -12.12131 2026-09-10 02:22:49
INFO  [02:25:04.705] [bbotk]  timestamp_acq_function timestamp_acq_optimizer      timestamp_loop
INFO  [02:25:04.705] [bbotk]     2026-09-10 02:22:50     2026-09-10 02:22:50 2026-09-10 02:22:51
INFO  [02:25:06.758] [bbotk] Results of 1 configuration(s):
INFO  [02:25:06.765] [bbotk]  classif.ce learning_rate num_leaves min_data_in_leaf feature_fraction
INFO  [02:25:06.765] [bbotk]   0.3279024     -1.076238         21               75        0.5590086
INFO  [02:25:06.765] [bbotk]  extra_trees lambda_l1 lambda_l2 min_gain_to_split        timestamp_xs
INFO  [02:25:06.765] [bbotk]        FALSE -5.644807  5.164926         -4.014308 2026-09-10 02:23:00
INFO  [02:25:06.765] [bbotk]         timestamp_ys runtime_learners warnings errors internal_tuned_values
INFO  [02:25:06.765] [bbotk]  2026-09-10 02:25:06          125.056        0      0    num_iterations=381
INFO  [02:25:06.765] [bbotk]                    worker_id    acq_cb timestamp_surrogate
INFO  [02:25:06.765] [bbotk]  faintish_crossbill_b61a81f4 -5.444412 2026-09-10 02:22:58
INFO  [02:25:06.765] [bbotk]  timestamp_acq_function timestamp_acq_optimizer      timestamp_loop
INFO  [02:25:06.765] [bbotk]     2026-09-10 02:22:59     2026-09-10 02:22:59 2026-09-10 02:23:00
INFO  [02:25:07.810] [bbotk] Results of 1 configuration(s):
INFO  [02:25:07.821] [bbotk]  classif.ce learning_rate num_leaves min_data_in_leaf feature_fraction
INFO  [02:25:07.821] [bbotk]   0.3269069     -1.437787        158              200        0.9233859
INFO  [02:25:07.821] [bbotk]  extra_trees lambda_l1 lambda_l2 min_gain_to_split        timestamp_xs
INFO  [02:25:07.821] [bbotk]        FALSE 0.1356504  -1.33004         -2.302585 2026-09-10 02:23:21
INFO  [02:25:07.821] [bbotk]         timestamp_ys runtime_learners warnings errors internal_tuned_values
INFO  [02:25:07.821] [bbotk]  2026-09-10 02:25:07          104.561        0      0    num_iterations=120
INFO  [02:25:07.821] [bbotk]                       worker_id    acq_cb timestamp_surrogate
INFO  [02:25:07.821] [bbotk]  omphacite_flyinglemur_8e56bf38 -4.429384 2026-09-10 02:23:19
INFO  [02:25:07.821] [bbotk]  timestamp_acq_function timestamp_acq_optimizer      timestamp_loop
INFO  [02:25:07.821] [bbotk]     2026-09-10 02:23:20     2026-09-10 02:23:20 2026-09-10 02:23:21
INFO  [02:25:08.855] [bbotk] Results of 1 configuration(s):
INFO  [02:25:08.865] [bbotk]  classif.ce learning_rate num_leaves min_data_in_leaf feature_fraction
INFO  [02:25:08.865] [bbotk]   0.3264934     -1.567899        206               79         0.715563
INFO  [02:25:08.865] [bbotk]  extra_trees lambda_l1 lambda_l2 min_gain_to_split        timestamp_xs
INFO  [02:25:08.865] [bbotk]        FALSE -5.940946 -1.385267         -2.607299 2026-09-10 02:23:34
INFO  [02:25:08.865] [bbotk]         timestamp_ys runtime_learners warnings errors internal_tuned_values
INFO  [02:25:08.865] [bbotk]  2026-09-10 02:25:08           92.742        0      0     num_iterations=93
INFO  [02:25:08.865] [bbotk]                    worker_id    acq_cb timestamp_surrogate
INFO  [02:25:08.865] [bbotk]  omnivorous_kinglet_fb219e2f -6.801139 2026-09-10 02:23:32
INFO  [02:25:08.865] [bbotk]  timestamp_acq_function timestamp_acq_optimizer      timestamp_loop
INFO  [02:25:08.865] [bbotk]     2026-09-10 02:23:33     2026-09-10 02:23:33 2026-09-10 02:23:34
INFO  [02:25:10.923] [bbotk] Results of 1 configuration(s):
INFO  [02:25:10.930] [bbotk]  classif.ce learning_rate num_leaves min_data_in_leaf feature_fraction
INFO  [02:25:10.930] [bbotk]   0.3281972     -1.834438        119              171        0.3551701
INFO  [02:25:10.930] [bbotk]  extra_trees lambda_l1  lambda_l2 min_gain_to_split        timestamp_xs
INFO  [02:25:10.930] [bbotk]        FALSE  1.646851 -0.9003585         -6.247768 2026-09-10 02:21:25
INFO  [02:25:10.930] [bbotk]         timestamp_ys runtime_learners warnings errors internal_tuned_values
INFO  [02:25:10.930] [bbotk]  2026-09-10 02:25:10          224.401        0      0    num_iterations=389
INFO  [02:25:10.930] [bbotk]               worker_id    acq_cb timestamp_surrogate timestamp_acq_function
INFO  [02:25:10.930] [bbotk]  senile_grison_a5cc1b10 -9.622216 2026-09-10 02:21:24    2026-09-10 02:21:24
INFO  [02:25:10.930] [bbotk]  timestamp_acq_optimizer      timestamp_loop
INFO  [02:25:10.930] [bbotk]      2026-09-10 02:21:24 2026-09-10 02:21:25
INFO  [02:25:14.010] [bbotk] Results of 2 configuration(s):
INFO  [02:25:14.017] [bbotk]  classif.ce learning_rate num_leaves min_data_in_leaf feature_fraction
INFO  [02:25:14.017] [bbotk]   0.3305332    -0.3140944        122               71        1.0000000
INFO  [02:25:14.017] [bbotk]   0.3264285    -1.3025377        179              200        0.5406885
INFO  [02:25:14.017] [bbotk]  extra_trees lambda_l1 lambda_l2 min_gain_to_split        timestamp_xs
INFO  [02:25:14.017] [bbotk]        FALSE -4.129520  6.907755         -4.957071 2026-09-10 02:23:22
INFO  [02:25:14.017] [bbotk]        FALSE -2.619123 -1.881408         -5.574087 2026-09-10 02:23:34
INFO  [02:25:14.017] [bbotk]         timestamp_ys runtime_learners warnings errors internal_tuned_values
INFO  [02:25:14.017] [bbotk]  2026-09-10 02:25:13          110.205        0      0     num_iterations=37
INFO  [02:25:14.017] [bbotk]  2026-09-10 02:25:13           98.612        0      0     num_iterations=96
INFO  [02:25:14.017] [bbotk]                    worker_id     acq_cb timestamp_surrogate
INFO  [02:25:14.017] [bbotk]  satisfactory_goral_de911b34  -3.042665 2026-09-10 02:23:20
INFO  [02:25:14.017] [bbotk]  indiscreet_hagfish_e48f4acd -16.091637 2026-09-10 02:23:32
INFO  [02:25:14.017] [bbotk]  timestamp_acq_function timestamp_acq_optimizer      timestamp_loop
INFO  [02:25:14.017] [bbotk]     2026-09-10 02:23:20     2026-09-10 02:23:20 2026-09-10 02:23:22
INFO  [02:25:14.017] [bbotk]     2026-09-10 02:23:32     2026-09-10 02:23:32 2026-09-10 02:23:34
INFO  [02:25:16.070] [bbotk] Results of 1 configuration(s):
INFO  [02:25:16.077] [bbotk]  classif.ce learning_rate num_leaves min_data_in_leaf feature_fraction
INFO  [02:25:16.077] [bbotk]   0.3472115     -2.127981        117              176        0.1157789
INFO  [02:25:16.077] [bbotk]  extra_trees lambda_l1 lambda_l2 min_gain_to_split        timestamp_xs
INFO  [02:25:16.077] [bbotk]        FALSE   1.82118 -1.340594         -6.048708 2026-09-10 02:22:21
INFO  [02:25:16.077] [bbotk]         timestamp_ys runtime_learners warnings errors internal_tuned_values
INFO  [02:25:16.077] [bbotk]  2026-09-10 02:25:16          173.726        0      0    num_iterations=370
INFO  [02:25:16.077] [bbotk]                  worker_id    acq_cb timestamp_surrogate timestamp_acq_function
INFO  [02:25:16.077] [bbotk]  tactical_cheetah_194e64b0 -13.94335 2026-09-10 02:22:18    2026-09-10 02:22:20
INFO  [02:25:16.077] [bbotk]  timestamp_acq_optimizer      timestamp_loop
INFO  [02:25:16.077] [bbotk]      2026-09-10 02:22:20 2026-09-10 02:22:21
INFO  [02:25:18.130] [bbotk] Results of 2 configuration(s):
INFO  [02:25:18.137] [bbotk]  classif.ce learning_rate num_leaves min_data_in_leaf feature_fraction
INFO  [02:25:18.137] [bbotk]   0.3275965    -2.2542211         51               89        0.8220790
INFO  [02:25:18.137] [bbotk]   0.3307353    -0.5242493        130               53        0.9708064
INFO  [02:25:18.137] [bbotk]  extra_trees lambda_l1  lambda_l2 min_gain_to_split        timestamp_xs
INFO  [02:25:18.137] [bbotk]        FALSE -1.908730 -0.6027928         -4.065262 2026-09-10 02:22:50
INFO  [02:25:18.137] [bbotk]        FALSE -4.286743  5.5445013         -4.622629 2026-09-10 02:23:51
INFO  [02:25:18.137] [bbotk]         timestamp_ys runtime_learners warnings errors internal_tuned_values
INFO  [02:25:18.137] [bbotk]  2026-09-10 02:25:17          146.036        0      0    num_iterations=330
INFO  [02:25:18.137] [bbotk]  2026-09-10 02:25:17           85.672        0      0     num_iterations=41
INFO  [02:25:18.137] [bbotk]                           worker_id    acq_cb timestamp_surrogate
INFO  [02:25:18.137] [bbotk]            maladroit_galah_789d6085 -4.000040 2026-09-10 02:22:48
INFO  [02:25:18.137] [bbotk]  kyanite_africanclawedfrog_b4f95c6c -4.078336 2026-09-10 02:23:49
INFO  [02:25:18.137] [bbotk]  timestamp_acq_function timestamp_acq_optimizer      timestamp_loop
INFO  [02:25:18.137] [bbotk]     2026-09-10 02:22:49     2026-09-10 02:22:49 2026-09-10 02:22:50
INFO  [02:25:18.137] [bbotk]     2026-09-10 02:23:50     2026-09-10 02:23:50 2026-09-10 02:23:51
INFO  [02:25:19.165] [bbotk] Results of 2 configuration(s):
INFO  [02:25:19.172] [bbotk]  classif.ce learning_rate num_leaves min_data_in_leaf feature_fraction
INFO  [02:25:19.172] [bbotk]   0.3244744    -2.2340865        116              159        0.3758433
INFO  [02:25:19.172] [bbotk]   0.3283103    -0.9290319        177              200        0.8564241
INFO  [02:25:19.172] [bbotk]  extra_trees lambda_l1  lambda_l2 min_gain_to_split        timestamp_xs
INFO  [02:25:19.172] [bbotk]        FALSE  1.217416 -0.9946296         -6.133152 2026-09-10 02:21:23
INFO  [02:25:19.172] [bbotk]        FALSE -6.860878  6.2028851         -4.732619 2026-09-10 02:23:00
INFO  [02:25:19.172] [bbotk]         timestamp_ys runtime_learners warnings errors internal_tuned_values
INFO  [02:25:19.172] [bbotk]  2026-09-10 02:25:18          233.570        0      0    num_iterations=430
INFO  [02:25:19.172] [bbotk]  2026-09-10 02:25:18          136.297        0      0     num_iterations=64
INFO  [02:25:19.172] [bbotk]                          worker_id     acq_cb timestamp_surrogate
INFO  [02:25:19.172] [bbotk]  rejoiceful_xuanhuasaurus_42c773e2 -17.089888 2026-09-10 02:21:22
INFO  [02:25:19.172] [bbotk]              whitish_mole_c2efc0db  -8.198247 2026-09-10 02:22:58
INFO  [02:25:19.172] [bbotk]  timestamp_acq_function timestamp_acq_optimizer      timestamp_loop
INFO  [02:25:19.172] [bbotk]     2026-09-10 02:21:22     2026-09-10 02:21:22 2026-09-10 02:21:23
INFO  [02:25:19.172] [bbotk]     2026-09-10 02:22:59     2026-09-10 02:22:59 2026-09-10 02:23:00
INFO  [02:25:21.222] [bbotk] Results of 1 configuration(s):
INFO  [02:25:21.229] [bbotk]  classif.ce learning_rate num_leaves min_data_in_leaf feature_fraction
INFO  [02:25:21.229] [bbotk]   0.3276225     -2.143206         48               97        0.8282712
INFO  [02:25:21.229] [bbotk]  extra_trees lambda_l1  lambda_l2 min_gain_to_split        timestamp_xs
INFO  [02:25:21.229] [bbotk]        FALSE -2.322471 -0.1460272         -4.116011 2026-09-10 02:22:50
INFO  [02:25:21.229] [bbotk]         timestamp_ys runtime_learners warnings errors internal_tuned_values
INFO  [02:25:21.229] [bbotk]  2026-09-10 02:25:20          148.957        0      0    num_iterations=366
INFO  [02:25:21.229] [bbotk]                 worker_id    acq_cb timestamp_surrogate timestamp_acq_function
INFO  [02:25:21.229] [bbotk]  gossipy_caribou_1037c65b -4.440241 2026-09-10 02:22:48    2026-09-10 02:22:49
INFO  [02:25:21.229] [bbotk]  timestamp_acq_optimizer      timestamp_loop
INFO  [02:25:21.229] [bbotk]      2026-09-10 02:22:49 2026-09-10 02:22:50
INFO  [02:25:22.260] [bbotk] Results of 1 configuration(s):
INFO  [02:25:22.267] [bbotk]  classif.ce learning_rate num_leaves min_data_in_leaf feature_fraction
INFO  [02:25:22.267] [bbotk]   0.4454423     -6.899276        255               49        0.9352239
INFO  [02:25:22.267] [bbotk]  extra_trees lambda_l1 lambda_l2 min_gain_to_split        timestamp_xs
INFO  [02:25:22.267] [bbotk]        FALSE  1.485508 -6.145293         -5.047039 2026-09-10 02:23:33
INFO  [02:25:22.267] [bbotk]         timestamp_ys runtime_learners warnings errors internal_tuned_values
INFO  [02:25:22.267] [bbotk]  2026-09-10 02:25:21          107.064        0      0      num_iterations=1
INFO  [02:25:22.267] [bbotk]                    worker_id    acq_cb timestamp_surrogate
INFO  [02:25:22.267] [bbotk]  invincible_polecat_5a7a5f9b -17.35866 2026-09-10 02:23:31
INFO  [02:25:22.267] [bbotk]  timestamp_acq_function timestamp_acq_optimizer      timestamp_loop
INFO  [02:25:22.267] [bbotk]     2026-09-10 02:23:32     2026-09-10 02:23:32 2026-09-10 02:23:33
INFO  [02:25:24.319] [bbotk] Results of 1 configuration(s):
INFO  [02:25:24.327] [bbotk]  classif.ce learning_rate num_leaves min_data_in_leaf feature_fraction
INFO  [02:25:24.327] [bbotk]     0.32839     -1.148246         15              130        0.7306427
INFO  [02:25:24.327] [bbotk]  extra_trees lambda_l1 lambda_l2 min_gain_to_split        timestamp_xs
INFO  [02:25:24.327] [bbotk]        FALSE -4.701654 -3.686728         -4.481589 2026-09-10 02:23:27
INFO  [02:25:24.327] [bbotk]         timestamp_ys runtime_learners warnings errors internal_tuned_values
INFO  [02:25:24.327] [bbotk]  2026-09-10 02:25:24          115.475        0      0    num_iterations=418
INFO  [02:25:24.327] [bbotk]                  worker_id    acq_cb timestamp_surrogate timestamp_acq_function
INFO  [02:25:24.327] [bbotk]  lapis_spittlebug_fa8b9b04 -11.36369 2026-09-10 02:23:25    2026-09-10 02:23:26
INFO  [02:25:24.327] [bbotk]  timestamp_acq_optimizer      timestamp_loop
INFO  [02:25:24.327] [bbotk]      2026-09-10 02:23:26 2026-09-10 02:23:27
INFO  [02:25:25.356] [bbotk] Results of 1 configuration(s):
INFO  [02:25:25.364] [bbotk]  classif.ce learning_rate num_leaves min_data_in_leaf feature_fraction
INFO  [02:25:25.364] [bbotk]   0.3304591    -0.3287696        147               80                1
INFO  [02:25:25.364] [bbotk]  extra_trees lambda_l1 lambda_l2 min_gain_to_split        timestamp_xs
INFO  [02:25:25.364] [bbotk]        FALSE -4.090148  6.907755         -5.016914 2026-09-10 02:23:24
INFO  [02:25:25.364] [bbotk]         timestamp_ys runtime_learners warnings errors internal_tuned_values
INFO  [02:25:25.364] [bbotk]  2026-09-10 02:25:24          118.906        0      0     num_iterations=48
INFO  [02:25:25.364] [bbotk]                   worker_id    acq_cb timestamp_surrogate
INFO  [02:25:25.364] [bbotk]  kitschy_silverfox_28836c15 -9.250131 2026-09-10 02:23:22
INFO  [02:25:25.364] [bbotk]  timestamp_acq_function timestamp_acq_optimizer      timestamp_loop
INFO  [02:25:25.364] [bbotk]     2026-09-10 02:23:23     2026-09-10 02:23:23 2026-09-10 02:23:24
INFO  [02:25:26.393] [bbotk] Results of 2 configuration(s):
INFO  [02:25:26.401] [bbotk]  classif.ce learning_rate num_leaves min_data_in_leaf feature_fraction
INFO  [02:25:26.401] [bbotk]   0.3251363     -2.659475        110               58        0.4494601
INFO  [02:25:26.401] [bbotk]   0.3255980     -2.196091        255               98        0.7025520
INFO  [02:25:26.401] [bbotk]  extra_trees lambda_l1 lambda_l2 min_gain_to_split        timestamp_xs
INFO  [02:25:26.401] [bbotk]        FALSE 1.2529766 -1.352944         -2.302585 2026-09-10 02:21:51
INFO  [02:25:26.401] [bbotk]        FALSE 0.2193441 -4.425150         -5.794594 2026-09-10 02:22:52
INFO  [02:25:26.401] [bbotk]         timestamp_ys runtime_learners warnings errors internal_tuned_values
INFO  [02:25:26.401] [bbotk]  2026-09-10 02:25:25          212.504        0      0    num_iterations=386
INFO  [02:25:26.401] [bbotk]  2026-09-10 02:25:25          152.025        0      0    num_iterations=147
INFO  [02:25:26.401] [bbotk]                worker_id    acq_cb timestamp_surrogate timestamp_acq_function
INFO  [02:25:26.401] [bbotk]  chaste_ragfish_8c793e37 -3.394285 2026-09-10 02:21:48    2026-09-10 02:21:50
INFO  [02:25:26.401] [bbotk]  washable_zebra_8e10b753 -6.600283 2026-09-10 02:22:50    2026-09-10 02:22:50
INFO  [02:25:26.401] [bbotk]  timestamp_acq_optimizer      timestamp_loop
INFO  [02:25:26.401] [bbotk]      2026-09-10 02:21:50 2026-09-10 02:21:51
INFO  [02:25:26.401] [bbotk]      2026-09-10 02:22:50 2026-09-10 02:22:52
INFO  [02:25:27.429] [bbotk] Results of 1 configuration(s):
INFO  [02:25:27.437] [bbotk]  classif.ce learning_rate num_leaves min_data_in_leaf feature_fraction
INFO  [02:25:27.437] [bbotk]   0.3299307    -0.5357116        127               68                1
INFO  [02:25:27.437] [bbotk]  extra_trees lambda_l1 lambda_l2 min_gain_to_split        timestamp_xs
INFO  [02:25:27.437] [bbotk]        FALSE -4.418475  6.907755         -4.770241 2026-09-10 02:23:16
INFO  [02:25:27.437] [bbotk]         timestamp_ys runtime_learners warnings errors internal_tuned_values
INFO  [02:25:27.437] [bbotk]  2026-09-10 02:25:26          128.442        0      0     num_iterations=43
INFO  [02:25:27.437] [bbotk]                  worker_id    acq_cb timestamp_surrogate timestamp_acq_function
INFO  [02:25:27.437] [bbotk]  genuine_umbrette_6e95ba6d -3.189806 2026-09-10 02:23:13    2026-09-10 02:23:14
INFO  [02:25:27.437] [bbotk]  timestamp_acq_optimizer      timestamp_loop
INFO  [02:25:27.437] [bbotk]      2026-09-10 02:23:14 2026-09-10 02:23:16
INFO  [02:25:28.469] [bbotk] Results of 1 configuration(s):
INFO  [02:25:28.489] [bbotk]  classif.ce learning_rate num_leaves min_data_in_leaf feature_fraction
INFO  [02:25:28.489] [bbotk]   0.3244559     -2.486632        234                5         0.579144
INFO  [02:25:28.489] [bbotk]  extra_trees lambda_l1 lambda_l2 min_gain_to_split        timestamp_xs
INFO  [02:25:28.489] [bbotk]        FALSE -3.452211  4.581126         -4.279193 2026-09-10 02:21:30
INFO  [02:25:28.489] [bbotk]         timestamp_ys runtime_learners warnings errors internal_tuned_values
INFO  [02:25:28.489] [bbotk]  2026-09-10 02:25:28          236.645        0      0    num_iterations=287
INFO  [02:25:28.489] [bbotk]                     worker_id    acq_cb timestamp_surrogate
INFO  [02:25:28.489] [bbotk]  presolar_snowmonkey_515707d8 -6.298808 2026-09-10 02:21:29
INFO  [02:25:28.489] [bbotk]  timestamp_acq_function timestamp_acq_optimizer      timestamp_loop
INFO  [02:25:28.489] [bbotk]     2026-09-10 02:21:29     2026-09-10 02:21:29 2026-09-10 02:21:30
INFO  [02:25:29.526] [bbotk] Results of 3 configuration(s):
INFO  [02:25:29.535] [bbotk]  classif.ce learning_rate num_leaves min_data_in_leaf feature_fraction
INFO  [02:25:29.535] [bbotk]   0.3270366     -2.487934        123              200        0.8298621
INFO  [02:25:29.535] [bbotk]   0.3266176     -1.075849        144              120        0.5783462
INFO  [02:25:29.535] [bbotk]   0.3276614     -2.131729         48              104        0.8316411
INFO  [02:25:29.535] [bbotk]  extra_trees lambda_l1  lambda_l2 min_gain_to_split        timestamp_xs
INFO  [02:25:29.535] [bbotk]        FALSE -5.189115 -3.7949665         -2.993492 2026-09-10 02:22:49
INFO  [02:25:29.535] [bbotk]        FALSE -4.577147  4.5239839         -4.407966 2026-09-10 02:23:13
INFO  [02:25:29.535] [bbotk]        FALSE -2.903942 -0.3280893         -4.334973 2026-09-10 02:22:58
INFO  [02:25:29.535] [bbotk]         timestamp_ys runtime_learners warnings errors internal_tuned_values
INFO  [02:25:29.535] [bbotk]  2026-09-10 02:25:28          158.834        0      0    num_iterations=203
INFO  [02:25:29.535] [bbotk]  2026-09-10 02:25:28          134.773        0      0    num_iterations=151
INFO  [02:25:29.535] [bbotk]  2026-09-10 02:25:29          149.708        0      0    num_iterations=394
INFO  [02:25:29.535] [bbotk]                        worker_id     acq_cb timestamp_surrogate
INFO  [02:25:29.535] [bbotk]         entitled_xantus_82c981c8 -13.647707 2026-09-10 02:22:47
INFO  [02:25:29.535] [bbotk]  noncorporative_muntjac_25ba17df  -3.967933 2026-09-10 02:23:11
INFO  [02:25:29.535] [bbotk]         depleted_baboon_471772d9 -13.933687 2026-09-10 02:22:57
INFO  [02:25:29.535] [bbotk]  timestamp_acq_function timestamp_acq_optimizer      timestamp_loop
INFO  [02:25:29.535] [bbotk]     2026-09-10 02:22:47     2026-09-10 02:22:47 2026-09-10 02:22:49
INFO  [02:25:29.535] [bbotk]     2026-09-10 02:23:12     2026-09-10 02:23:12 2026-09-10 02:23:13
INFO  [02:25:29.535] [bbotk]     2026-09-10 02:22:57     2026-09-10 02:22:57 2026-09-10 02:22:58
INFO  [02:25:30.569] [bbotk] Results of 2 configuration(s):
INFO  [02:25:30.576] [bbotk]  classif.ce learning_rate num_leaves min_data_in_leaf feature_fraction
INFO  [02:25:30.576] [bbotk]   0.3292985     -1.281569        211              200        0.5046647
INFO  [02:25:30.576] [bbotk]   0.3242501     -2.529489        245                1        0.5974787
INFO  [02:25:30.576] [bbotk]  extra_trees lambda_l1 lambda_l2 min_gain_to_split        timestamp_xs
INFO  [02:25:30.576] [bbotk]         TRUE -5.013192  1.120716         -3.398854 2026-09-10 02:22:50
INFO  [02:25:30.576] [bbotk]        FALSE -5.903398  4.051035         -6.232044 2026-09-10 02:21:26
INFO  [02:25:30.576] [bbotk]         timestamp_ys runtime_learners warnings errors internal_tuned_values
INFO  [02:25:30.576] [bbotk]  2026-09-10 02:25:29           159.13        0      0    num_iterations=239
INFO  [02:25:30.576] [bbotk]  2026-09-10 02:25:30           242.74        0      0    num_iterations=301
INFO  [02:25:30.576] [bbotk]                      worker_id    acq_cb timestamp_surrogate
INFO  [02:25:30.576] [bbotk]    tasty_finnishspitz_c8e0eaf7 -2.811572 2026-09-10 02:22:48
INFO  [02:25:30.576] [bbotk]  unmedicinal_queenbee_b912ee6f -7.972101 2026-09-10 02:21:25
INFO  [02:25:30.576] [bbotk]  timestamp_acq_function timestamp_acq_optimizer      timestamp_loop
INFO  [02:25:30.576] [bbotk]     2026-09-10 02:22:48     2026-09-10 02:22:48 2026-09-10 02:22:50
INFO  [02:25:30.576] [bbotk]     2026-09-10 02:21:25     2026-09-10 02:21:25 2026-09-10 02:21:26
INFO  [02:25:31.604] [bbotk] Results of 1 configuration(s):
INFO  [02:25:31.611] [bbotk]  classif.ce learning_rate num_leaves min_data_in_leaf feature_fraction
INFO  [02:25:31.611] [bbotk]   0.3285254     -1.566114        163              175        0.9337149
INFO  [02:25:31.611] [bbotk]  extra_trees lambda_l1 lambda_l2 min_gain_to_split        timestamp_xs
INFO  [02:25:31.611] [bbotk]        FALSE 0.0760517  -1.31338         -2.302585 2026-09-10 02:23:34
INFO  [02:25:31.611] [bbotk]         timestamp_ys runtime_learners warnings errors internal_tuned_values
INFO  [02:25:31.611] [bbotk]  2026-09-10 02:25:31          115.776        0      0    num_iterations=111
INFO  [02:25:31.611] [bbotk]                                  worker_id    acq_cb timestamp_surrogate
INFO  [02:25:31.611] [bbotk]  uncleansed_asiansmallclawedotter_b76b7c40 -16.91707 2026-09-10 02:23:32
INFO  [02:25:31.611] [bbotk]  timestamp_acq_function timestamp_acq_optimizer      timestamp_loop
INFO  [02:25:31.611] [bbotk]     2026-09-10 02:23:33     2026-09-10 02:23:33 2026-09-10 02:23:34
INFO  [02:25:36.745] [bbotk] Results of 1 configuration(s):
INFO  [02:25:36.753] [bbotk]  classif.ce learning_rate num_leaves min_data_in_leaf feature_fraction
INFO  [02:25:36.753] [bbotk]   0.3246914     -1.947813        255               15        0.5667481
INFO  [02:25:36.753] [bbotk]  extra_trees  lambda_l1 lambda_l2 min_gain_to_split        timestamp_xs
INFO  [02:25:36.753] [bbotk]        FALSE -0.4490849 -1.917082         -5.542665 2026-09-10 02:23:17
INFO  [02:25:36.753] [bbotk]         timestamp_ys runtime_learners warnings errors internal_tuned_values
INFO  [02:25:36.753] [bbotk]  2026-09-10 02:25:36          138.186        0      0    num_iterations=139
INFO  [02:25:36.753] [bbotk]                      worker_id    acq_cb timestamp_surrogate
INFO  [02:25:36.753] [bbotk]  chondrite_hairstreak_cb6b5bd0 -12.36071 2026-09-10 02:23:15
INFO  [02:25:36.753] [bbotk]  timestamp_acq_function timestamp_acq_optimizer      timestamp_loop
INFO  [02:25:36.753] [bbotk]     2026-09-10 02:23:16     2026-09-10 02:23:16 2026-09-10 02:23:17
INFO  [02:25:38.806] [bbotk] Results of 1 configuration(s):
INFO  [02:25:38.813] [bbotk]  classif.ce learning_rate num_leaves min_data_in_leaf feature_fraction
INFO  [02:25:38.813] [bbotk]   0.3246172     -1.997174        255               21         0.561125
INFO  [02:25:38.813] [bbotk]  extra_trees  lambda_l1 lambda_l2 min_gain_to_split        timestamp_xs
INFO  [02:25:38.813] [bbotk]        FALSE -0.2809899 -1.857528         -5.550025 2026-09-10 02:23:29
INFO  [02:25:38.813] [bbotk]         timestamp_ys runtime_learners warnings errors internal_tuned_values
INFO  [02:25:38.813] [bbotk]  2026-09-10 02:25:37          127.846        0      0    num_iterations=144
INFO  [02:25:38.813] [bbotk]                              worker_id    acq_cb timestamp_surrogate
INFO  [02:25:38.813] [bbotk]  demographic_iraniangroundjay_243b25af -7.762169 2026-09-10 02:23:26
INFO  [02:25:38.813] [bbotk]  timestamp_acq_function timestamp_acq_optimizer      timestamp_loop
INFO  [02:25:38.813] [bbotk]     2026-09-10 02:23:27     2026-09-10 02:23:27 2026-09-10 02:23:29
INFO  [02:25:39.841] [bbotk] Results of 3 configuration(s):
INFO  [02:25:39.849] [bbotk]  classif.ce learning_rate num_leaves min_data_in_leaf feature_fraction
INFO  [02:25:39.849] [bbotk]   0.3245783     -2.078339        255                1        0.6122588
INFO  [02:25:39.849] [bbotk]   0.3346435      0.000000        117                3        0.7429236
INFO  [02:25:39.849] [bbotk]   0.3241945     -2.263584        245              200        0.4373421
INFO  [02:25:39.849] [bbotk]  extra_trees  lambda_l1 lambda_l2 min_gain_to_split        timestamp_xs
INFO  [02:25:39.849] [bbotk]        FALSE -1.0231044 -1.817842         -5.573573 2026-09-10 02:23:25
INFO  [02:25:39.849] [bbotk]         TRUE -4.0084047 -2.243567         -2.959159 2026-09-10 02:23:32
INFO  [02:25:39.849] [bbotk]        FALSE -0.7641907  3.643957         -3.376445 2026-09-10 02:21:22
INFO  [02:25:39.849] [bbotk]         timestamp_ys runtime_learners warnings errors internal_tuned_values
INFO  [02:25:39.849] [bbotk]  2026-09-10 02:25:38          132.309        0      0    num_iterations=153
INFO  [02:25:39.849] [bbotk]  2026-09-10 02:25:38          125.179        0      0    num_iterations=146
INFO  [02:25:39.849] [bbotk]  2026-09-10 02:25:39          255.659        0      0    num_iterations=255
INFO  [02:25:39.849] [bbotk]                      worker_id     acq_cb timestamp_surrogate
INFO  [02:25:39.849] [bbotk]  nonzoological_gopher_f355710d  -5.974037 2026-09-10 02:23:23
INFO  [02:25:39.849] [bbotk]   zebrine_kronosaurus_c875877a  -2.870303 2026-09-10 02:23:30
INFO  [02:25:39.849] [bbotk]        uncheered_mare_ccb44dc5 -14.734684 2026-09-10 02:21:19
INFO  [02:25:39.849] [bbotk]  timestamp_acq_function timestamp_acq_optimizer      timestamp_loop
INFO  [02:25:39.849] [bbotk]     2026-09-10 02:23:24     2026-09-10 02:23:24 2026-09-10 02:23:25
INFO  [02:25:39.849] [bbotk]     2026-09-10 02:23:31     2026-09-10 02:23:31 2026-09-10 02:23:32
INFO  [02:25:39.849] [bbotk]     2026-09-10 02:21:21     2026-09-10 02:21:21 2026-09-10 02:21:22
INFO  [02:25:40.879] [bbotk] Results of 1 configuration(s):
INFO  [02:25:40.886] [bbotk]  classif.ce learning_rate num_leaves min_data_in_leaf feature_fraction
INFO  [02:25:40.886] [bbotk]   0.3247155     -2.095544         62               45        0.3731241
INFO  [02:25:40.886] [bbotk]  extra_trees lambda_l1  lambda_l2 min_gain_to_split        timestamp_xs
INFO  [02:25:40.886] [bbotk]        FALSE  1.936797 -0.4844363         -6.112161 2026-09-10 02:21:26
INFO  [02:25:40.886] [bbotk]         timestamp_ys runtime_learners warnings errors internal_tuned_values
INFO  [02:25:40.886] [bbotk]  2026-09-10 02:25:40          253.046        0      0    num_iterations=482
INFO  [02:25:40.886] [bbotk]                                  worker_id    acq_cb timestamp_surrogate
INFO  [02:25:40.886] [bbotk]  spherical_australiansilkyterrier_3389f78c -11.24177 2026-09-10 02:21:25
INFO  [02:25:40.886] [bbotk]  timestamp_acq_function timestamp_acq_optimizer      timestamp_loop
INFO  [02:25:40.886] [bbotk]     2026-09-10 02:21:25     2026-09-10 02:21:25 2026-09-10 02:21:26
INFO  [02:25:41.918] [bbotk] Results of 2 configuration(s):
INFO  [02:25:41.926] [bbotk]  classif.ce learning_rate num_leaves min_data_in_leaf feature_fraction
INFO  [02:25:41.926] [bbotk]   0.3290519     -1.265889        153              168        0.6311547
INFO  [02:25:41.926] [bbotk]   0.4454423     -6.901622        204               97        0.9312487
INFO  [02:25:41.926] [bbotk]  extra_trees lambda_l1 lambda_l2 min_gain_to_split        timestamp_xs
INFO  [02:25:41.926] [bbotk]         TRUE -2.055799 -5.343335         -5.465608 2026-09-10 02:22:58
INFO  [02:25:41.926] [bbotk]        FALSE -3.017831  1.457334         -4.479380 2026-09-10 02:24:05
INFO  [02:25:41.926] [bbotk]         timestamp_ys runtime_learners warnings errors internal_tuned_values
INFO  [02:25:41.926] [bbotk]  2026-09-10 02:25:40          161.610        0      0    num_iterations=161
INFO  [02:25:41.926] [bbotk]  2026-09-10 02:25:41           95.166        0      0      num_iterations=1
INFO  [02:25:41.926] [bbotk]                                worker_id    acq_cb timestamp_surrogate
INFO  [02:25:41.926] [bbotk]  shortcircuited_virginiaopossum_02c97603 -3.042340 2026-09-10 02:22:56
INFO  [02:25:41.926] [bbotk]                impulsive_spider_1106275c -6.706518 2026-09-10 02:24:03
INFO  [02:25:41.926] [bbotk]  timestamp_acq_function timestamp_acq_optimizer      timestamp_loop
INFO  [02:25:41.926] [bbotk]     2026-09-10 02:22:57     2026-09-10 02:22:57 2026-09-10 02:22:58
INFO  [02:25:41.926] [bbotk]     2026-09-10 02:24:04     2026-09-10 02:24:04 2026-09-10 02:24:05
INFO  [02:25:43.980] [bbotk] Results of 1 configuration(s):
INFO  [02:25:43.988] [bbotk]  classif.ce learning_rate num_leaves min_data_in_leaf feature_fraction
INFO  [02:25:43.988] [bbotk]   0.3289796     -2.081138         60               46        0.3442007
INFO  [02:25:43.988] [bbotk]  extra_trees lambda_l1 lambda_l2 min_gain_to_split        timestamp_xs
INFO  [02:25:43.988] [bbotk]        FALSE  1.504399 0.4594538         -5.956381 2026-09-10 02:21:40
INFO  [02:25:43.988] [bbotk]         timestamp_ys runtime_learners warnings errors internal_tuned_values
INFO  [02:25:43.988] [bbotk]  2026-09-10 02:25:43          241.654        0      0    num_iterations=530
INFO  [02:25:43.988] [bbotk]                  worker_id   acq_cb timestamp_surrogate timestamp_acq_function
INFO  [02:25:43.988] [bbotk]  idling_partridge_f7f9b2f1 -11.8346 2026-09-10 02:21:36    2026-09-10 02:21:39
INFO  [02:25:43.988] [bbotk]  timestamp_acq_optimizer      timestamp_loop
INFO  [02:25:43.988] [bbotk]      2026-09-10 02:21:39 2026-09-10 02:21:40
INFO  [02:25:45.018] [bbotk] Results of 3 configuration(s):
INFO  [02:25:45.025] [bbotk]  classif.ce learning_rate num_leaves min_data_in_leaf feature_fraction
INFO  [02:25:45.025] [bbotk]   0.3248082     -1.995556        255                9        0.5401267
INFO  [02:25:45.025] [bbotk]   0.3244485     -2.013284        255               15        0.5466421
INFO  [02:25:45.025] [bbotk]   0.3244633     -1.878099        118              172        0.3968487
INFO  [02:25:45.025] [bbotk]  extra_trees  lambda_l1 lambda_l2 min_gain_to_split        timestamp_xs
INFO  [02:25:45.025] [bbotk]        FALSE -0.3678043 -1.738977         -5.544388 2026-09-10 02:23:25
INFO  [02:25:45.025] [bbotk]        FALSE -0.4501521 -2.174246         -5.772770 2026-09-10 02:23:18
INFO  [02:25:45.025] [bbotk]        FALSE  1.7716628 -1.425221         -6.073692 2026-09-10 02:22:21
INFO  [02:25:45.025] [bbotk]         timestamp_ys runtime_learners warnings errors internal_tuned_values
INFO  [02:25:45.025] [bbotk]  2026-09-10 02:25:44          137.555        0      0    num_iterations=149
INFO  [02:25:45.025] [bbotk]  2026-09-10 02:25:44          144.706        0      0    num_iterations=172
INFO  [02:25:45.025] [bbotk]  2026-09-10 02:25:44          202.240        0      0    num_iterations=306
INFO  [02:25:45.025] [bbotk]                         worker_id    acq_cb timestamp_surrogate
INFO  [02:25:45.025] [bbotk]  microclimatologic_basil_af77781a -5.752874 2026-09-10 02:23:23
INFO  [02:25:45.025] [bbotk]    crispy_xantusmurrelet_3e9f7462 -7.211328 2026-09-10 02:23:16
INFO  [02:25:45.025] [bbotk]       bacteroid_elephant_8452e40e -8.686403 2026-09-10 02:22:18
INFO  [02:25:45.025] [bbotk]  timestamp_acq_function timestamp_acq_optimizer      timestamp_loop
INFO  [02:25:45.025] [bbotk]     2026-09-10 02:23:24     2026-09-10 02:23:24 2026-09-10 02:23:25
INFO  [02:25:45.025] [bbotk]     2026-09-10 02:23:17     2026-09-10 02:23:17 2026-09-10 02:23:18
INFO  [02:25:45.025] [bbotk]     2026-09-10 02:22:20     2026-09-10 02:22:20 2026-09-10 02:22:21
INFO  [02:25:46.054] [bbotk] Results of 2 configuration(s):
INFO  [02:25:46.061] [bbotk]  classif.ce learning_rate num_leaves min_data_in_leaf feature_fraction
INFO  [02:25:46.061] [bbotk]   0.3241352     -2.086733        170              193        0.4010820
INFO  [02:25:46.061] [bbotk]   0.3239609     -3.244845        255               28        0.4416876
INFO  [02:25:46.061] [bbotk]  extra_trees lambda_l1  lambda_l2 min_gain_to_split        timestamp_xs
INFO  [02:25:46.061] [bbotk]        FALSE  1.908707 -0.5697181         -6.122572 2026-09-10 02:21:53
INFO  [02:25:46.061] [bbotk]        FALSE -1.453063 -6.7873251         -5.528890 2026-09-10 02:21:03
INFO  [02:25:46.061] [bbotk]         timestamp_ys runtime_learners warnings errors internal_tuned_values
INFO  [02:25:46.061] [bbotk]  2026-09-10 02:25:45          230.561        0      0    num_iterations=293
INFO  [02:25:46.061] [bbotk]  2026-09-10 02:25:45          280.087        0      0    num_iterations=383
INFO  [02:25:46.061] [bbotk]                  worker_id     acq_cb timestamp_surrogate
INFO  [02:25:46.061] [bbotk]  reviled_ibisbill_40dc04e3  -8.618271 2026-09-10 02:21:50
INFO  [02:25:46.061] [bbotk]    nonblack_nerka_83aca120 -10.273780 2026-09-10 02:20:54
INFO  [02:25:46.061] [bbotk]  timestamp_acq_function timestamp_acq_optimizer      timestamp_loop
INFO  [02:25:46.061] [bbotk]     2026-09-10 02:21:52     2026-09-10 02:21:52 2026-09-10 02:21:53
INFO  [02:25:46.061] [bbotk]     2026-09-10 02:20:57     2026-09-10 02:20:57 2026-09-10 02:21:03
INFO  [02:25:49.140] [bbotk] Results of 1 configuration(s):
INFO  [02:25:49.147] [bbotk]  classif.ce learning_rate num_leaves min_data_in_leaf feature_fraction
INFO  [02:25:49.147] [bbotk]   0.3240851     -2.606456        245               74        0.5964517
INFO  [02:25:49.147] [bbotk]  extra_trees lambda_l1 lambda_l2 min_gain_to_split        timestamp_xs
INFO  [02:25:49.147] [bbotk]        FALSE -5.727501  3.036501         -6.300229 2026-09-10 02:22:09
INFO  [02:25:49.147] [bbotk]         timestamp_ys runtime_learners warnings errors internal_tuned_values
INFO  [02:25:49.147] [bbotk]  2026-09-10 02:25:48          217.584        0      0    num_iterations=283
INFO  [02:25:49.147] [bbotk]              worker_id    acq_cb timestamp_surrogate timestamp_acq_function
INFO  [02:25:49.147] [bbotk]  zincic_junco_1dcd9b2a -17.28377 2026-09-10 02:22:08    2026-09-10 02:22:08
INFO  [02:25:49.147] [bbotk]  timestamp_acq_optimizer      timestamp_loop
INFO  [02:25:49.147] [bbotk]      2026-09-10 02:22:08 2026-09-10 02:22:09
INFO  [02:25:52.243] [bbotk] Results of 1 configuration(s):
INFO  [02:25:52.252] [bbotk]  classif.ce learning_rate num_leaves min_data_in_leaf feature_fraction
INFO  [02:25:52.252] [bbotk]   0.3306148    -0.5662762        215              200        0.5303478
INFO  [02:25:52.252] [bbotk]  extra_trees lambda_l1 lambda_l2 min_gain_to_split        timestamp_xs
INFO  [02:25:52.252] [bbotk]         TRUE -4.949997 -1.217797         -3.062174 2026-09-10 02:23:00
INFO  [02:25:52.252] [bbotk]         timestamp_ys runtime_learners warnings errors internal_tuned_values
INFO  [02:25:52.252] [bbotk]  2026-09-10 02:25:52          170.026        0      0    num_iterations=268
INFO  [02:25:52.252] [bbotk]                  worker_id    acq_cb timestamp_surrogate timestamp_acq_function
INFO  [02:25:52.252] [bbotk]  compatible_quail_f68f44e9 -8.918083 2026-09-10 02:22:58    2026-09-10 02:22:59
INFO  [02:25:52.252] [bbotk]  timestamp_acq_optimizer      timestamp_loop
INFO  [02:25:52.252] [bbotk]      2026-09-10 02:22:59 2026-09-10 02:23:00
INFO  [02:25:54.312] [bbotk] Results of 3 configuration(s):
INFO  [02:25:54.320] [bbotk]  classif.ce learning_rate num_leaves min_data_in_leaf feature_fraction
INFO  [02:25:54.320] [bbotk]   0.3242724     -2.608169        233               18        0.5241246
INFO  [02:25:54.320] [bbotk]   0.3249250     -1.875037        255              152        0.5525077
INFO  [02:25:54.320] [bbotk]   0.3252272     -2.545142        255              105        0.7069679
INFO  [02:25:54.320] [bbotk]  extra_trees  lambda_l1 lambda_l2 min_gain_to_split        timestamp_xs
INFO  [02:25:54.320] [bbotk]        FALSE -5.7299510  4.375595         -4.591169 2026-09-10 02:21:26
INFO  [02:25:54.320] [bbotk]        FALSE -3.4024035 -2.252100         -3.384157 2026-09-10 02:23:39
INFO  [02:25:54.320] [bbotk]        FALSE  0.2520982 -3.278314         -5.635824 2026-09-10 02:22:50
INFO  [02:25:54.320] [bbotk]         timestamp_ys runtime_learners warnings errors internal_tuned_values
INFO  [02:25:54.320] [bbotk]  2026-09-10 02:25:53          266.157        0      0    num_iterations=312
INFO  [02:25:54.320] [bbotk]  2026-09-10 02:25:53          133.192        0      0    num_iterations=116
INFO  [02:25:54.320] [bbotk]  2026-09-10 02:25:54          182.516        0      0    num_iterations=184
INFO  [02:25:54.320] [bbotk]                                worker_id    acq_cb timestamp_surrogate
INFO  [02:25:54.320] [bbotk]    superficial_zonetailedpigeon_fb0a5994 -6.595613 2026-09-10 02:21:25
INFO  [02:25:54.320] [bbotk]                  syrupy_primate_0dc5fead -7.754805 2026-09-10 02:23:36
INFO  [02:25:54.320] [bbotk]  unequal_northernflyingsquirrel_9bd83573 -9.438908 2026-09-10 02:22:49
INFO  [02:25:54.320] [bbotk]  timestamp_acq_function timestamp_acq_optimizer      timestamp_loop
INFO  [02:25:54.320] [bbotk]     2026-09-10 02:21:25     2026-09-10 02:21:25 2026-09-10 02:21:26
INFO  [02:25:54.320] [bbotk]     2026-09-10 02:23:38     2026-09-10 02:23:38 2026-09-10 02:23:39
INFO  [02:25:54.320] [bbotk]     2026-09-10 02:22:49     2026-09-10 02:22:49 2026-09-10 02:22:50
INFO  [02:25:55.354] [bbotk] Results of 2 configuration(s):
INFO  [02:25:55.362] [bbotk]  classif.ce learning_rate num_leaves min_data_in_leaf feature_fraction
INFO  [02:25:55.362] [bbotk]   0.3243817     -2.039583        255                9        0.5631777
INFO  [02:25:55.362] [bbotk]   0.3239702     -2.535358        255               73        0.5374345
INFO  [02:25:55.362] [bbotk]  extra_trees  lambda_l1  lambda_l2 min_gain_to_split        timestamp_xs
INFO  [02:25:55.362] [bbotk]        FALSE -0.2053958 -1.9843406         -5.606858 2026-09-10 02:23:24
INFO  [02:25:55.362] [bbotk]        FALSE -5.2479476 -0.6015108         -5.685657 2026-09-10 02:22:50
INFO  [02:25:55.362] [bbotk]         timestamp_ys runtime_learners warnings errors internal_tuned_values
INFO  [02:25:55.362] [bbotk]  2026-09-10 02:25:54          149.102        0      0    num_iterations=178
INFO  [02:25:55.362] [bbotk]  2026-09-10 02:25:55          183.949        0      0    num_iterations=234
INFO  [02:25:55.362] [bbotk]                        worker_id     acq_cb timestamp_surrogate
INFO  [02:25:55.362] [bbotk]  aviaphobic_cottonmouth_493e77c3  -4.498786 2026-09-10 02:23:22
INFO  [02:25:55.362] [bbotk]     untouchable_marabou_bfc7cb1c -19.334069 2026-09-10 02:22:49
INFO  [02:25:55.362] [bbotk]  timestamp_acq_function timestamp_acq_optimizer      timestamp_loop
INFO  [02:25:55.362] [bbotk]     2026-09-10 02:23:22     2026-09-10 02:23:22 2026-09-10 02:23:24
INFO  [02:25:55.362] [bbotk]     2026-09-10 02:22:49     2026-09-10 02:22:49 2026-09-10 02:22:50
INFO  [02:25:56.391] [bbotk] Results of 1 configuration(s):
INFO  [02:25:56.399] [bbotk]  classif.ce learning_rate num_leaves min_data_in_leaf feature_fraction
INFO  [02:25:56.399] [bbotk]   0.3302978    -0.7838349        253               52        0.9475267
INFO  [02:25:56.399] [bbotk]  extra_trees lambda_l1 lambda_l2 min_gain_to_split        timestamp_xs
INFO  [02:25:56.399] [bbotk]        FALSE  -4.98136  4.047947         -2.302585 2026-09-10 02:24:24
INFO  [02:25:56.399] [bbotk]         timestamp_ys runtime_learners warnings errors internal_tuned_values
INFO  [02:25:56.399] [bbotk]  2026-09-10 02:25:55           90.753        0      0     num_iterations=48
INFO  [02:25:56.399] [bbotk]                         worker_id    acq_cb timestamp_surrogate
INFO  [02:25:56.399] [bbotk]  verminous_eidolonhelvum_fd97e393 -21.25184 2026-09-10 02:24:22
INFO  [02:25:56.399] [bbotk]  timestamp_acq_function timestamp_acq_optimizer      timestamp_loop
INFO  [02:25:56.399] [bbotk]     2026-09-10 02:24:23     2026-09-10 02:24:23 2026-09-10 02:24:24
INFO  [02:25:57.428] [bbotk] Results of 1 configuration(s):
INFO  [02:25:57.435] [bbotk]  classif.ce learning_rate num_leaves min_data_in_leaf feature_fraction
INFO  [02:25:57.435] [bbotk]   0.3248564     -1.942656        255               30         0.558654
INFO  [02:25:57.435] [bbotk]  extra_trees  lambda_l1 lambda_l2 min_gain_to_split        timestamp_xs
INFO  [02:25:57.435] [bbotk]        FALSE -0.5415237 -1.829273         -3.407038 2026-09-10 02:23:28
INFO  [02:25:57.435] [bbotk]         timestamp_ys runtime_learners warnings errors internal_tuned_values
INFO  [02:25:57.435] [bbotk]  2026-09-10 02:25:56          147.705        0      0    num_iterations=141
INFO  [02:25:57.435] [bbotk]               worker_id    acq_cb timestamp_surrogate timestamp_acq_function
INFO  [02:25:57.435] [bbotk]  rubber_olingo_009b082f -8.011603 2026-09-10 02:23:26    2026-09-10 02:23:26
INFO  [02:25:57.435] [bbotk]  timestamp_acq_optimizer      timestamp_loop
INFO  [02:25:57.435] [bbotk]      2026-09-10 02:23:26 2026-09-10 02:23:28
INFO  [02:25:58.468] [bbotk] Results of 2 configuration(s):
INFO  [02:25:58.475] [bbotk]  classif.ce learning_rate num_leaves min_data_in_leaf feature_fraction
INFO  [02:25:58.475] [bbotk]   0.3236587     -2.426067        245               31        0.4376529
INFO  [02:25:58.475] [bbotk]   0.3244281     -2.492829        246                6        0.5731008
INFO  [02:25:58.475] [bbotk]  extra_trees   lambda_l1 lambda_l2 min_gain_to_split        timestamp_xs
INFO  [02:25:58.475] [bbotk]        FALSE  1.85126792 -0.213322         -6.820922 2026-09-10 02:21:06
INFO  [02:25:58.475] [bbotk]        FALSE -0.03130643  4.589597         -5.689463 2026-09-10 02:21:26
INFO  [02:25:58.475] [bbotk]         timestamp_ys runtime_learners warnings errors internal_tuned_values
INFO  [02:25:58.475] [bbotk]  2026-09-10 02:25:57          290.998        0      0    num_iterations=328
INFO  [02:25:58.475] [bbotk]  2026-09-10 02:25:58          270.904        0      0    num_iterations=268
INFO  [02:25:58.475] [bbotk]                   worker_id    acq_cb timestamp_surrogate
INFO  [02:25:58.475] [bbotk]  dumbstruck_possum_1971a4c9 -6.450832 2026-09-10 02:21:05
INFO  [02:25:58.475] [bbotk]      frisky_cougar_7ba1ce01 -5.952586 2026-09-10 02:21:25
INFO  [02:25:58.475] [bbotk]  timestamp_acq_function timestamp_acq_optimizer      timestamp_loop
INFO  [02:25:58.475] [bbotk]     2026-09-10 02:21:05     2026-09-10 02:21:05 2026-09-10 02:21:06
INFO  [02:25:58.475] [bbotk]     2026-09-10 02:21:25     2026-09-10 02:21:25 2026-09-10 02:21:26
INFO  [02:25:59.506] [bbotk] Results of 1 configuration(s):
INFO  [02:25:59.513] [bbotk]  classif.ce learning_rate num_leaves min_data_in_leaf feature_fraction
INFO  [02:25:59.513] [bbotk]   0.3244096     -2.047312        118              200        0.4382462
INFO  [02:25:59.513] [bbotk]  extra_trees lambda_l1 lambda_l2 min_gain_to_split        timestamp_xs
INFO  [02:25:59.513] [bbotk]        FALSE  1.795414  1.825155         -5.218164 2026-09-10 02:21:37
INFO  [02:25:59.513] [bbotk]         timestamp_ys runtime_learners warnings errors internal_tuned_values
INFO  [02:25:59.513] [bbotk]  2026-09-10 02:25:58          259.908        0      0    num_iterations=397
INFO  [02:25:59.513] [bbotk]                    worker_id    acq_cb timestamp_surrogate
INFO  [02:25:59.513] [bbotk]  chanceful_hedgehog_26a0a968 -9.829481 2026-09-10 02:21:33
INFO  [02:25:59.513] [bbotk]  timestamp_acq_function timestamp_acq_optimizer      timestamp_loop
INFO  [02:25:59.513] [bbotk]     2026-09-10 02:21:34     2026-09-10 02:21:34 2026-09-10 02:21:37
INFO  [02:26:00.540] [bbotk] Results of 3 configuration(s):
INFO  [02:26:00.547] [bbotk]  classif.ce learning_rate num_leaves min_data_in_leaf feature_fraction
INFO  [02:26:00.547] [bbotk]   0.3243595     -2.006110        139                1        0.6379789
INFO  [02:26:00.547] [bbotk]   0.3240666     -2.544258        255               55        0.5522605
INFO  [02:26:00.547] [bbotk]   0.3246784     -1.909635        255                9        0.5451613
INFO  [02:26:00.547] [bbotk]  extra_trees  lambda_l1   lambda_l2 min_gain_to_split        timestamp_xs
INFO  [02:26:00.547] [bbotk]        FALSE -0.9199949 -1.80974172         -5.970668 2026-09-10 02:23:37
INFO  [02:26:00.547] [bbotk]        FALSE -5.2900884 -0.03026455         -5.546094 2026-09-10 02:22:50
INFO  [02:26:00.547] [bbotk]        FALSE -0.6119503 -1.89337258         -5.126997 2026-09-10 02:23:35
INFO  [02:26:00.547] [bbotk]         timestamp_ys runtime_learners warnings errors internal_tuned_values
INFO  [02:26:00.547] [bbotk]  2026-09-10 02:25:59          140.396        0      0    num_iterations=267
INFO  [02:26:00.547] [bbotk]  2026-09-10 02:25:59          188.969        0      0    num_iterations=225
INFO  [02:26:00.547] [bbotk]  2026-09-10 02:26:00          144.167        0      0    num_iterations=172
INFO  [02:26:00.547] [bbotk]                                worker_id    acq_cb timestamp_surrogate
INFO  [02:26:00.547] [bbotk]                 falconnoid_cony_302d0d8f -17.91517 2026-09-10 02:23:34
INFO  [02:26:00.547] [bbotk]  bactericidal_blueandgoldmackaw_29956d82 -14.72241 2026-09-10 02:22:48
INFO  [02:26:00.547] [bbotk]               nutty_widowspider_8c570ae6 -18.90313 2026-09-10 02:23:32
INFO  [02:26:00.547] [bbotk]  timestamp_acq_function timestamp_acq_optimizer      timestamp_loop
INFO  [02:26:00.547] [bbotk]     2026-09-10 02:23:35     2026-09-10 02:23:35 2026-09-10 02:23:37
INFO  [02:26:00.547] [bbotk]     2026-09-10 02:22:49     2026-09-10 02:22:49 2026-09-10 02:22:50
INFO  [02:26:00.547] [bbotk]     2026-09-10 02:23:33     2026-09-10 02:23:33 2026-09-10 02:23:35
INFO  [02:26:02.597] [bbotk] Results of 1 configuration(s):
INFO  [02:26:02.605] [bbotk]  classif.ce learning_rate num_leaves min_data_in_leaf feature_fraction
INFO  [02:26:02.605] [bbotk]   0.3470521     -1.998558        114               31              0.1
INFO  [02:26:02.605] [bbotk]  extra_trees lambda_l1 lambda_l2 min_gain_to_split        timestamp_xs
INFO  [02:26:02.605] [bbotk]        FALSE     1.597  3.278785         -6.045987 2026-09-10 02:22:59
INFO  [02:26:02.605] [bbotk]         timestamp_ys runtime_learners warnings errors internal_tuned_values
INFO  [02:26:02.605] [bbotk]  2026-09-10 02:26:02          182.124        0      0    num_iterations=342
INFO  [02:26:02.605] [bbotk]                         worker_id    acq_cb timestamp_surrogate
INFO  [02:26:02.605] [bbotk]  bactericidal_darwinsfox_d31ed66d -14.45504 2026-09-10 02:22:57
INFO  [02:26:02.605] [bbotk]  timestamp_acq_function timestamp_acq_optimizer      timestamp_loop
INFO  [02:26:02.605] [bbotk]     2026-09-10 02:22:58     2026-09-10 02:22:58 2026-09-10 02:22:59
INFO  [02:26:03.633] [bbotk] Results of 2 configuration(s):
INFO  [02:26:03.640] [bbotk]  classif.ce learning_rate num_leaves min_data_in_leaf feature_fraction
INFO  [02:26:03.640] [bbotk]   0.3249936     -2.489276         96              103        0.4541312
INFO  [02:26:03.640] [bbotk]   0.3295024     -1.134512        215                1        0.6462193
INFO  [02:26:03.640] [bbotk]  extra_trees  lambda_l1  lambda_l2 min_gain_to_split        timestamp_xs
INFO  [02:26:03.640] [bbotk]        FALSE -2.1726570 -0.9339971         -4.604524 2026-09-10 02:22:37
INFO  [02:26:03.640] [bbotk]         TRUE -0.6149712  4.3704400         -6.907755 2026-09-10 02:23:31
INFO  [02:26:03.640] [bbotk]         timestamp_ys runtime_learners warnings errors internal_tuned_values
INFO  [02:26:03.640] [bbotk]  2026-09-10 02:26:02          203.844        0      0    num_iterations=423
INFO  [02:26:03.640] [bbotk]  2026-09-10 02:26:03          150.979        0      0    num_iterations=102
INFO  [02:26:03.640] [bbotk]                                     worker_id    acq_cb timestamp_surrogate
INFO  [02:26:03.640] [bbotk]  nonlegal_alpineroadguidetigerbeetle_d12c7905 -4.319137 2026-09-10 02:22:35
INFO  [02:26:03.640] [bbotk]    terracotta_blacknorwegianelkhound_54d0b6af -3.088186 2026-09-10 02:23:29
INFO  [02:26:03.640] [bbotk]  timestamp_acq_function timestamp_acq_optimizer      timestamp_loop
INFO  [02:26:03.640] [bbotk]     2026-09-10 02:22:36     2026-09-10 02:22:36 2026-09-10 02:22:37
INFO  [02:26:03.640] [bbotk]     2026-09-10 02:23:30     2026-09-10 02:23:30 2026-09-10 02:23:31
INFO  [02:26:04.670] [bbotk] Results of 2 configuration(s):
INFO  [02:26:04.678] [bbotk]  classif.ce learning_rate num_leaves min_data_in_leaf feature_fraction
INFO  [02:26:04.678] [bbotk]   0.3240425     -2.391605        173              160        0.3643321
INFO  [02:26:04.678] [bbotk]   0.3254941     -3.277305        255                1        0.6511813
INFO  [02:26:04.678] [bbotk]  extra_trees lambda_l1 lambda_l2 min_gain_to_split        timestamp_xs
INFO  [02:26:04.678] [bbotk]        FALSE  1.095874 -1.081481         -6.123252 2026-09-10 02:21:51
INFO  [02:26:04.678] [bbotk]        FALSE -6.907755  3.363518         -4.854157 2026-09-10 02:21:09
INFO  [02:26:04.678] [bbotk]         timestamp_ys runtime_learners warnings errors internal_tuned_values
INFO  [02:26:04.678] [bbotk]  2026-09-10 02:26:03          251.272        0      0    num_iterations=346
INFO  [02:26:04.678] [bbotk]  2026-09-10 02:26:04          293.646        0      0    num_iterations=344
INFO  [02:26:04.678] [bbotk]                worker_id    acq_cb timestamp_surrogate timestamp_acq_function
INFO  [02:26:04.678] [bbotk]  unwitty_ankole_be05e614 -13.51140 2026-09-10 02:21:49    2026-09-10 02:21:50
INFO  [02:26:04.678] [bbotk]      jaded_dodo_308ef371 -17.25649 2026-09-10 02:21:08    2026-09-10 02:21:09
INFO  [02:26:04.678] [bbotk]  timestamp_acq_optimizer      timestamp_loop
INFO  [02:26:04.678] [bbotk]      2026-09-10 02:21:50 2026-09-10 02:21:51
INFO  [02:26:04.678] [bbotk]      2026-09-10 02:21:09 2026-09-10 02:21:09
INFO  [02:26:05.707] [bbotk] Results of 2 configuration(s):
INFO  [02:26:05.714] [bbotk]  classif.ce learning_rate num_leaves min_data_in_leaf feature_fraction
INFO  [02:26:05.714] [bbotk]   0.3257240     -1.353527        147              192        0.5721116
INFO  [02:26:05.714] [bbotk]   0.3277764     -1.305765         14              171        0.5462264
INFO  [02:26:05.714] [bbotk]  extra_trees lambda_l1 lambda_l2 min_gain_to_split        timestamp_xs
INFO  [02:26:05.714] [bbotk]        FALSE -4.587933  3.805004         -3.832857 2026-09-10 02:23:56
INFO  [02:26:05.714] [bbotk]        FALSE -4.166129 -4.696245         -4.550624 2026-09-10 02:23:34
INFO  [02:26:05.714] [bbotk]         timestamp_ys runtime_learners warnings errors internal_tuned_values
INFO  [02:26:05.714] [bbotk]  2026-09-10 02:26:05          128.153        0      0    num_iterations=152
INFO  [02:26:05.714] [bbotk]  2026-09-10 02:26:05          149.814        0      0    num_iterations=570
INFO  [02:26:05.714] [bbotk]                        worker_id    acq_cb timestamp_surrogate
INFO  [02:26:05.714] [bbotk]  seismoscopic_tsetsefly_7d9b306b -4.961216 2026-09-10 02:23:54
INFO  [02:26:05.714] [bbotk]   antipestilence_phoebe_2d36eb7d -3.866760 2026-09-10 02:23:31
INFO  [02:26:05.714] [bbotk]  timestamp_acq_function timestamp_acq_optimizer      timestamp_loop
INFO  [02:26:05.714] [bbotk]     2026-09-10 02:23:54     2026-09-10 02:23:54 2026-09-10 02:23:56
INFO  [02:26:05.714] [bbotk]     2026-09-10 02:23:32     2026-09-10 02:23:32 2026-09-10 02:23:34
INFO  [02:26:06.742] [bbotk] Results of 4 configuration(s):
INFO  [02:26:06.749] [bbotk]  classif.ce learning_rate num_leaves min_data_in_leaf feature_fraction
INFO  [02:26:06.749] [bbotk]   0.3251029     -1.936831        255              141        0.5568599
INFO  [02:26:06.749] [bbotk]   0.3294134     -1.221547        222                1        0.6819123
INFO  [02:26:06.749] [bbotk]   0.3248193     -1.781252        255               38        0.5379062
INFO  [02:26:06.749] [bbotk]   0.3265138     -2.017521         62               50        0.3718667
INFO  [02:26:06.749] [bbotk]  extra_trees  lambda_l1 lambda_l2 min_gain_to_split        timestamp_xs
INFO  [02:26:06.749] [bbotk]        FALSE -2.4496841 -1.851773         -3.400742 2026-09-10 02:23:36
INFO  [02:26:06.749] [bbotk]         TRUE -0.6731216  3.150366         -6.907755 2026-09-10 02:23:33
INFO  [02:26:06.749] [bbotk]        FALSE -0.2954542 -1.850683         -5.486119 2026-09-10 02:23:35
INFO  [02:26:06.749] [bbotk]        FALSE  1.8813671 -1.103202         -2.640746 2026-09-10 02:23:34
INFO  [02:26:06.749] [bbotk]         timestamp_ys runtime_learners warnings errors internal_tuned_values
INFO  [02:26:06.749] [bbotk]  2026-09-10 02:26:05          148.824        0      0    num_iterations=138
INFO  [02:26:06.749] [bbotk]  2026-09-10 02:26:05          151.075        0      0    num_iterations=105
INFO  [02:26:06.749] [bbotk]  2026-09-10 02:26:06          149.459        0      0    num_iterations=123
INFO  [02:26:06.749] [bbotk]  2026-09-10 02:26:06          151.502        0      0    num_iterations=271
INFO  [02:26:06.749] [bbotk]                       worker_id     acq_cb timestamp_surrogate
INFO  [02:26:06.749] [bbotk]  waterresistant_towhee_6a1d1f06 -13.618388 2026-09-10 02:23:33
INFO  [02:26:06.749] [bbotk]    hypodermal_mangabey_fcf05a90  -8.856651 2026-09-10 02:23:31
INFO  [02:26:06.749] [bbotk]       parodic_mealworm_7c996a97  -8.685778 2026-09-10 02:23:33
INFO  [02:26:06.749] [bbotk]   overhostile_mosasaur_91fa0391  -5.778053 2026-09-10 02:23:32
INFO  [02:26:06.749] [bbotk]  timestamp_acq_function timestamp_acq_optimizer      timestamp_loop
INFO  [02:26:06.749] [bbotk]     2026-09-10 02:23:34     2026-09-10 02:23:34 2026-09-10 02:23:36
INFO  [02:26:06.749] [bbotk]     2026-09-10 02:23:32     2026-09-10 02:23:32 2026-09-10 02:23:33
INFO  [02:26:06.749] [bbotk]     2026-09-10 02:23:34     2026-09-10 02:23:34 2026-09-10 02:23:35
INFO  [02:26:06.749] [bbotk]     2026-09-10 02:23:32     2026-09-10 02:23:33 2026-09-10 02:23:34
INFO  [02:26:07.779] [bbotk] Results of 2 configuration(s):
INFO  [02:26:07.786] [bbotk]  classif.ce learning_rate num_leaves min_data_in_leaf feature_fraction
INFO  [02:26:07.786] [bbotk]   0.3248230     -2.125849        116              181        0.3583627
INFO  [02:26:07.786] [bbotk]   0.3264397     -1.667883        247              177        0.4258610
INFO  [02:26:07.786] [bbotk]  extra_trees lambda_l1 lambda_l2 min_gain_to_split        timestamp_xs
INFO  [02:26:07.786] [bbotk]        FALSE  1.627549  4.695940         -6.035286 2026-09-10 02:21:21
INFO  [02:26:07.786] [bbotk]        FALSE  2.894891 -4.265017         -2.836089 2026-09-10 02:24:06
INFO  [02:26:07.786] [bbotk]         timestamp_ys runtime_learners warnings errors internal_tuned_values
INFO  [02:26:07.786] [bbotk]  2026-09-10 02:26:06          283.958        0      0    num_iterations=407
INFO  [02:26:07.786] [bbotk]  2026-09-10 02:26:07          120.115        0      0    num_iterations=137
INFO  [02:26:07.786] [bbotk]                       worker_id    acq_cb timestamp_surrogate
INFO  [02:26:07.786] [bbotk]  goodlooking_armedcrab_0d92fc05 -13.66657 2026-09-10 02:21:18
INFO  [02:26:07.786] [bbotk]    ethnographic_scarab_cafdb721  -2.88206 2026-09-10 02:24:05
INFO  [02:26:07.786] [bbotk]  timestamp_acq_function timestamp_acq_optimizer      timestamp_loop
INFO  [02:26:07.786] [bbotk]     2026-09-10 02:21:20     2026-09-10 02:21:20 2026-09-10 02:21:21
INFO  [02:26:07.786] [bbotk]     2026-09-10 02:24:05     2026-09-10 02:24:05 2026-09-10 02:24:06
INFO  [02:26:09.838] [bbotk] Results of 1 configuration(s):
INFO  [02:26:09.846] [bbotk]  classif.ce learning_rate num_leaves min_data_in_leaf feature_fraction
INFO  [02:26:09.846] [bbotk]   0.3263062     -2.212639         32              160        0.3606492
INFO  [02:26:09.846] [bbotk]  extra_trees lambda_l1  lambda_l2 min_gain_to_split        timestamp_xs
INFO  [02:26:09.846] [bbotk]        FALSE  1.690572 -0.1889191         -6.184364 2026-09-10 02:22:21
INFO  [02:26:09.846] [bbotk]         timestamp_ys runtime_learners warnings errors internal_tuned_values
INFO  [02:26:09.846] [bbotk]  2026-09-10 02:26:09          227.115        0      0    num_iterations=646
INFO  [02:26:09.846] [bbotk]               worker_id    acq_cb timestamp_surrogate timestamp_acq_function
INFO  [02:26:09.846] [bbotk]  next_elkhound_c5b2a08b -17.30751 2026-09-10 02:22:18    2026-09-10 02:22:20
INFO  [02:26:09.846] [bbotk]  timestamp_acq_optimizer      timestamp_loop
INFO  [02:26:09.846] [bbotk]      2026-09-10 02:22:20 2026-09-10 02:22:21
INFO  [02:26:13.970] [bbotk] Results of 1 configuration(s):
INFO  [02:26:13.978] [bbotk]  classif.ce learning_rate num_leaves min_data_in_leaf feature_fraction
INFO  [02:26:13.978] [bbotk]   0.3268383     -1.318408        235               55         0.699408
INFO  [02:26:13.978] [bbotk]  extra_trees lambda_l1 lambda_l2 min_gain_to_split        timestamp_xs
INFO  [02:26:13.978] [bbotk]        FALSE -6.797823 -5.641512         -3.627756 2026-09-10 02:24:53
INFO  [02:26:13.978] [bbotk]         timestamp_ys runtime_learners warnings errors internal_tuned_values
INFO  [02:26:13.978] [bbotk]  2026-09-10 02:26:12           78.296        0      0     num_iterations=65
INFO  [02:26:13.978] [bbotk]                           worker_id    acq_cb timestamp_surrogate
INFO  [02:26:13.978] [bbotk]  organisational_blacklemur_c926fcdb -3.188298 2026-09-10 02:24:51
INFO  [02:26:13.978] [bbotk]  timestamp_acq_function timestamp_acq_optimizer      timestamp_loop
INFO  [02:26:13.978] [bbotk]     2026-09-10 02:24:52     2026-09-10 02:24:52 2026-09-10 02:24:53
INFO  [02:26:16.032] [bbotk] Results of 1 configuration(s):
INFO  [02:26:16.039] [bbotk]  classif.ce learning_rate num_leaves min_data_in_leaf feature_fraction
INFO  [02:26:16.039] [bbotk]   0.3237662     -2.938698        247               32         0.455614
INFO  [02:26:16.039] [bbotk]  extra_trees lambda_l1 lambda_l2 min_gain_to_split        timestamp_xs
INFO  [02:26:16.039] [bbotk]        FALSE -5.072614  2.893723         -2.944688 2026-09-10 02:21:21
INFO  [02:26:16.039] [bbotk]         timestamp_ys runtime_learners warnings errors internal_tuned_values
INFO  [02:26:16.039] [bbotk]  2026-09-10 02:26:15          293.817        0      0    num_iterations=383
INFO  [02:26:16.039] [bbotk]            worker_id    acq_cb timestamp_surrogate timestamp_acq_function
INFO  [02:26:16.039] [bbotk]  ambery_nag_90642028 -15.82149 2026-09-10 02:21:19    2026-09-10 02:21:20
INFO  [02:26:16.039] [bbotk]  timestamp_acq_optimizer      timestamp_loop
INFO  [02:26:16.039] [bbotk]      2026-09-10 02:21:20 2026-09-10 02:21:21
INFO  [02:26:19.118] [bbotk] Results of 1 configuration(s):
INFO  [02:26:19.125] [bbotk]  classif.ce learning_rate num_leaves min_data_in_leaf feature_fraction
INFO  [02:26:19.125] [bbotk]   0.3242779     -2.215453        115              179        0.4382594
INFO  [02:26:19.125] [bbotk]  extra_trees lambda_l1  lambda_l2 min_gain_to_split        timestamp_xs
INFO  [02:26:19.125] [bbotk]        FALSE  2.107714 -0.9070756         -5.249695 2026-09-10 02:21:22
INFO  [02:26:19.125] [bbotk]         timestamp_ys runtime_learners warnings errors internal_tuned_values
INFO  [02:26:19.125] [bbotk]  2026-09-10 02:26:18          295.532        0      0    num_iterations=465
INFO  [02:26:19.125] [bbotk]                  worker_id    acq_cb timestamp_surrogate timestamp_acq_function
INFO  [02:26:19.125] [bbotk]  charming_echidna_e3f0c197 -4.237611 2026-09-10 02:21:19    2026-09-10 02:21:21
INFO  [02:26:19.125] [bbotk]  timestamp_acq_optimizer      timestamp_loop
INFO  [02:26:19.125] [bbotk]      2026-09-10 02:21:21 2026-09-10 02:21:22
INFO  [02:26:22.203] [bbotk] Results of 4 configuration(s):
INFO  [02:26:22.211] [bbotk]  classif.ce learning_rate num_leaves min_data_in_leaf feature_fraction
INFO  [02:26:22.211] [bbotk]   0.3258427     -2.225166        153              160        0.6790154
INFO  [02:26:22.211] [bbotk]   0.3265750     -2.514954        247              113        0.8995585
INFO  [02:26:22.211] [bbotk]   0.3381827     -2.111033        119               52        0.3139248
INFO  [02:26:22.211] [bbotk]   0.3470836     -2.075152        115               46        0.1299561
INFO  [02:26:22.211] [bbotk]  extra_trees  lambda_l1 lambda_l2 min_gain_to_split        timestamp_xs
INFO  [02:26:22.211] [bbotk]        FALSE  0.2284485 -5.293417         -5.718937 2026-09-10 02:23:40
INFO  [02:26:22.211] [bbotk]        FALSE -5.7947785  3.420944         -2.352132 2026-09-10 02:22:59
INFO  [02:26:22.211] [bbotk]        FALSE  4.2517418 -4.915144         -2.661904 2026-09-10 02:23:34
INFO  [02:26:22.211] [bbotk]        FALSE  1.4363752  2.615643         -6.094347 2026-09-10 02:22:51
INFO  [02:26:22.211] [bbotk]         timestamp_ys runtime_learners warnings errors internal_tuned_values
INFO  [02:26:22.211] [bbotk]  2026-09-10 02:26:21          160.100        0      0    num_iterations=202
INFO  [02:26:22.211] [bbotk]  2026-09-10 02:26:21          201.986        0      0    num_iterations=181
INFO  [02:26:22.211] [bbotk]  2026-09-10 02:26:21          166.857        0      0    num_iterations=359
INFO  [02:26:22.211] [bbotk]  2026-09-10 02:26:22          210.303        0      0    num_iterations=406
INFO  [02:26:22.211] [bbotk]                             worker_id     acq_cb timestamp_surrogate
INFO  [02:26:22.211] [bbotk]  pseudoconservative_ammonite_0cf50941 -18.731337 2026-09-10 02:23:37
INFO  [02:26:22.211] [bbotk]             imprudent_angora_86fd0b2f -18.890336 2026-09-10 02:22:57
INFO  [02:26:22.211] [bbotk]    prickly_labradorretriever_c9727eb4  -2.971747 2026-09-10 02:23:31
INFO  [02:26:22.211] [bbotk]       metamorphous_izuthrush_627e41d4 -14.559156 2026-09-10 02:22:49
INFO  [02:26:22.211] [bbotk]  timestamp_acq_function timestamp_acq_optimizer      timestamp_loop
INFO  [02:26:22.211] [bbotk]     2026-09-10 02:23:38     2026-09-10 02:23:38 2026-09-10 02:23:40
INFO  [02:26:22.211] [bbotk]     2026-09-10 02:22:57     2026-09-10 02:22:57 2026-09-10 02:22:59
INFO  [02:26:22.211] [bbotk]     2026-09-10 02:23:32     2026-09-10 02:23:32 2026-09-10 02:23:34
INFO  [02:26:22.211] [bbotk]     2026-09-10 02:22:49     2026-09-10 02:22:49 2026-09-10 02:22:51
INFO  [02:26:24.265] [bbotk] Results of 3 configuration(s):
INFO  [02:26:24.272] [bbotk]  classif.ce learning_rate num_leaves min_data_in_leaf feature_fraction
INFO  [02:26:24.272] [bbotk]   0.3297156     -1.979019         10              169        0.4310602
INFO  [02:26:24.272] [bbotk]   0.3240091     -3.077295        255                6        0.5857780
INFO  [02:26:24.272] [bbotk]   0.3241240     -2.952294        252               32        0.5915742
INFO  [02:26:24.272] [bbotk]  extra_trees  lambda_l1   lambda_l2 min_gain_to_split        timestamp_xs
INFO  [02:26:24.272] [bbotk]        FALSE  0.7539577 0.006161634         -5.047054 2026-09-10 02:22:50
INFO  [02:26:24.272] [bbotk]        FALSE -6.8638067 3.353414696         -5.507659 2026-09-10 02:21:03
INFO  [02:26:24.272] [bbotk]        FALSE -6.9077553 3.483116427         -2.722183 2026-09-10 02:21:21
INFO  [02:26:24.272] [bbotk]         timestamp_ys runtime_learners warnings errors internal_tuned_values
INFO  [02:26:24.272] [bbotk]  2026-09-10 02:26:23          211.412        0      0    num_iterations=811
INFO  [02:26:24.272] [bbotk]  2026-09-10 02:26:23          319.486        0      0    num_iterations=401
INFO  [02:26:24.272] [bbotk]  2026-09-10 02:26:23          301.367        0      0    num_iterations=356
INFO  [02:26:24.272] [bbotk]                              worker_id     acq_cb timestamp_surrogate
INFO  [02:26:24.272] [bbotk]        inconsequent_phalarope_5045c258 -12.145780 2026-09-10 02:22:49
INFO  [02:26:24.272] [bbotk]                gabardine_fowl_deb081f0  -4.817596 2026-09-10 02:21:02
INFO  [02:26:24.272] [bbotk]  discoverable_iridescentshark_0fff239e -18.128022 2026-09-10 02:21:20
INFO  [02:26:24.272] [bbotk]  timestamp_acq_function timestamp_acq_optimizer      timestamp_loop
INFO  [02:26:24.272] [bbotk]     2026-09-10 02:22:49     2026-09-10 02:22:49 2026-09-10 02:22:50
INFO  [02:26:24.272] [bbotk]     2026-09-10 02:21:02     2026-09-10 02:21:02 2026-09-10 02:21:03
INFO  [02:26:24.272] [bbotk]     2026-09-10 02:21:20     2026-09-10 02:21:20 2026-09-10 02:21:21
INFO  [02:26:25.303] [bbotk] Results of 2 configuration(s):
INFO  [02:26:25.309] [bbotk]  classif.ce learning_rate num_leaves min_data_in_leaf feature_fraction
INFO  [02:26:25.309] [bbotk]   0.3246728     -2.442009        102                1        0.4831457
INFO  [02:26:25.309] [bbotk]   0.3266770     -1.337223        250              112        0.7018252
INFO  [02:26:25.309] [bbotk]  extra_trees lambda_l1 lambda_l2 min_gain_to_split        timestamp_xs
INFO  [02:26:25.309] [bbotk]        FALSE -6.907755 -2.120005         -5.807085 2026-09-10 02:23:14
INFO  [02:26:25.309] [bbotk]        FALSE -6.907755 -5.508235         -6.655938 2026-09-10 02:24:58
INFO  [02:26:25.309] [bbotk]         timestamp_ys runtime_learners warnings errors internal_tuned_values
INFO  [02:26:25.309] [bbotk]  2026-09-10 02:26:24          189.289        0      0    num_iterations=383
INFO  [02:26:25.309] [bbotk]  2026-09-10 02:26:25           86.147        0      0     num_iterations=60
INFO  [02:26:25.309] [bbotk]                                 worker_id     acq_cb timestamp_surrogate
INFO  [02:26:25.309] [bbotk]                lovesome_mantaray_c0117cbf -24.576315 2026-09-10 02:23:12
INFO  [02:26:25.309] [bbotk]  paleopsychological_graysquirrel_c736c069  -4.214722 2026-09-10 02:24:56
INFO  [02:26:25.309] [bbotk]  timestamp_acq_function timestamp_acq_optimizer      timestamp_loop
INFO  [02:26:25.309] [bbotk]     2026-09-10 02:23:12     2026-09-10 02:23:12 2026-09-10 02:23:14
INFO  [02:26:25.309] [bbotk]     2026-09-10 02:24:56     2026-09-10 02:24:56 2026-09-10 02:24:58
INFO  [02:26:26.338] [bbotk] Results of 1 configuration(s):
INFO  [02:26:26.345] [bbotk]  classif.ce learning_rate num_leaves min_data_in_leaf feature_fraction
INFO  [02:26:26.345] [bbotk]   0.3284419     -1.630254         11                7         0.546755
INFO  [02:26:26.345] [bbotk]  extra_trees lambda_l1 lambda_l2 min_gain_to_split        timestamp_xs
INFO  [02:26:26.345] [bbotk]        FALSE -4.246544 -3.979666         -2.302585 2026-09-10 02:23:36
INFO  [02:26:26.345] [bbotk]         timestamp_ys runtime_learners warnings errors internal_tuned_values
INFO  [02:26:26.345] [bbotk]  2026-09-10 02:26:25          168.073        0      0    num_iterations=660
INFO  [02:26:26.345] [bbotk]                          worker_id    acq_cb timestamp_surrogate
INFO  [02:26:26.345] [bbotk]  incorporated_bangeltiger_1c50836f -16.29447 2026-09-10 02:23:33
INFO  [02:26:26.345] [bbotk]  timestamp_acq_function timestamp_acq_optimizer      timestamp_loop
INFO  [02:26:26.345] [bbotk]     2026-09-10 02:23:34     2026-09-10 02:23:34 2026-09-10 02:23:36
INFO  [02:26:28.399] [bbotk] Results of 3 configuration(s):
INFO  [02:26:28.406] [bbotk]  classif.ce learning_rate num_leaves min_data_in_leaf feature_fraction
INFO  [02:26:28.406] [bbotk]   0.3243892     -2.009561        255               12        0.5889963
INFO  [02:26:28.406] [bbotk]   0.3246543     -3.185491        255                1        0.6665421
INFO  [02:26:28.406] [bbotk]   0.3247729     -1.836180        255               41        0.5175093
INFO  [02:26:28.406] [bbotk]  extra_trees  lambda_l1 lambda_l2 min_gain_to_split        timestamp_xs
INFO  [02:26:28.406] [bbotk]        FALSE -0.6109160 -2.751523         -5.531147 2026-09-10 02:24:09
INFO  [02:26:28.406] [bbotk]        FALSE -6.9077553 -2.555456         -5.321877 2026-09-10 02:21:52
INFO  [02:26:28.406] [bbotk]        FALSE -0.4000269 -1.825575         -5.576609 2026-09-10 02:24:16
INFO  [02:26:28.406] [bbotk]         timestamp_ys runtime_learners warnings errors internal_tuned_values
INFO  [02:26:28.406] [bbotk]  2026-09-10 02:26:27          137.155        0      0    num_iterations=175
INFO  [02:26:28.406] [bbotk]  2026-09-10 02:26:27          274.351        0      0    num_iterations=371
INFO  [02:26:28.406] [bbotk]  2026-09-10 02:26:28          131.187        0      0    num_iterations=126
INFO  [02:26:28.406] [bbotk]                                 worker_id    acq_cb timestamp_surrogate
INFO  [02:26:28.406] [bbotk]  microphysical_americangoldfinch_ed04b562 -11.03411 2026-09-10 02:24:07
INFO  [02:26:28.406] [bbotk]                 stony_sakimonkey_8b5e332d -20.75772 2026-09-10 02:21:49
INFO  [02:26:28.406] [bbotk]       celebratory_xantusmurrelet_cf34a758 -17.57940 2026-09-10 02:24:13
INFO  [02:26:28.406] [bbotk]  timestamp_acq_function timestamp_acq_optimizer      timestamp_loop
INFO  [02:26:28.406] [bbotk]     2026-09-10 02:24:08     2026-09-10 02:24:08 2026-09-10 02:24:09
INFO  [02:26:28.406] [bbotk]     2026-09-10 02:21:51     2026-09-10 02:21:51 2026-09-10 02:21:52
INFO  [02:26:28.406] [bbotk]     2026-09-10 02:24:14     2026-09-10 02:24:14 2026-09-10 02:24:16
INFO  [02:26:31.487] [bbotk] Results of 1 configuration(s):
INFO  [02:26:31.493] [bbotk]  classif.ce learning_rate num_leaves min_data_in_leaf feature_fraction
INFO  [02:26:31.493] [bbotk]   0.3280229    -0.8721557         26               77        0.5673184
INFO  [02:26:31.493] [bbotk]  extra_trees lambda_l1 lambda_l2 min_gain_to_split        timestamp_xs
INFO  [02:26:31.493] [bbotk]        FALSE -5.657882  5.100303         -3.982551 2026-09-10 02:24:17
INFO  [02:26:31.493] [bbotk]         timestamp_ys runtime_learners warnings errors internal_tuned_values
INFO  [02:26:31.493] [bbotk]  2026-09-10 02:26:31          132.365        0      0    num_iterations=344
INFO  [02:26:31.493] [bbotk]                worker_id    acq_cb timestamp_surrogate timestamp_acq_function
INFO  [02:26:31.493] [bbotk]  nonspheric_eft_34977eba -17.19227 2026-09-10 02:24:15    2026-09-10 02:24:16
INFO  [02:26:31.493] [bbotk]  timestamp_acq_optimizer      timestamp_loop
INFO  [02:26:31.493] [bbotk]      2026-09-10 02:24:16 2026-09-10 02:24:17
INFO  [02:26:34.572] [bbotk] Results of 2 configuration(s):
INFO  [02:26:34.579] [bbotk]  classif.ce learning_rate num_leaves min_data_in_leaf feature_fraction
INFO  [02:26:34.579] [bbotk]   0.3293133     -1.280327        160              200        0.9865832
INFO  [02:26:34.579] [bbotk]   0.3239183     -2.915611        114                1        0.4535172
INFO  [02:26:34.579] [bbotk]  extra_trees  lambda_l1 lambda_l2 min_gain_to_split        timestamp_xs
INFO  [02:26:34.579] [bbotk]        FALSE  0.1460844 -1.092848         -2.302585 2026-09-10 02:24:54
INFO  [02:26:34.579] [bbotk]        FALSE -6.9077553 -2.292831         -5.691237 2026-09-10 02:21:23
INFO  [02:26:34.579] [bbotk]         timestamp_ys runtime_learners warnings errors internal_tuned_values
INFO  [02:26:34.579] [bbotk]  2026-09-10 02:26:33           98.265        0      0     num_iterations=88
INFO  [02:26:34.579] [bbotk]  2026-09-10 02:26:34          310.125        0      0    num_iterations=652
INFO  [02:26:34.579] [bbotk]                      worker_id    acq_cb timestamp_surrogate
INFO  [02:26:34.579] [bbotk]  infantine_oropendula_87126630 -5.049042 2026-09-10 02:24:52
INFO  [02:26:34.579] [bbotk]    skeptical_mudpuppy_82ec19d7 -5.387948 2026-09-10 02:21:17
INFO  [02:26:34.579] [bbotk]  timestamp_acq_function timestamp_acq_optimizer      timestamp_loop
INFO  [02:26:34.579] [bbotk]     2026-09-10 02:24:53     2026-09-10 02:24:53 2026-09-10 02:24:54
INFO  [02:26:34.579] [bbotk]     2026-09-10 02:21:22     2026-09-10 02:21:22 2026-09-10 02:21:23
INFO  [02:26:35.620] [bbotk] Results of 1 configuration(s):
INFO  [02:26:35.628] [bbotk]  classif.ce learning_rate num_leaves min_data_in_leaf feature_fraction
INFO  [02:26:35.628] [bbotk]   0.3244819     -1.986708        124              200        0.4551075
INFO  [02:26:35.628] [bbotk]  extra_trees lambda_l1 lambda_l2 min_gain_to_split        timestamp_xs
INFO  [02:26:35.628] [bbotk]        FALSE  1.835863  1.800473         -5.288049 2026-09-10 02:22:59
INFO  [02:26:35.628] [bbotk]         timestamp_ys runtime_learners warnings errors internal_tuned_values
INFO  [02:26:35.628] [bbotk]  2026-09-10 02:26:35          215.002        0      0    num_iterations=281
INFO  [02:26:35.628] [bbotk]                         worker_id   acq_cb timestamp_surrogate
INFO  [02:26:35.628] [bbotk]  subsequent_americancurl_7139f11e -14.2255 2026-09-10 02:22:57
INFO  [02:26:35.628] [bbotk]  timestamp_acq_function timestamp_acq_optimizer      timestamp_loop
INFO  [02:26:35.628] [bbotk]     2026-09-10 02:22:58     2026-09-10 02:22:58 2026-09-10 02:22:59
INFO  [02:26:36.662] [bbotk] Results of 1 configuration(s):
INFO  [02:26:36.671] [bbotk]  classif.ce learning_rate num_leaves min_data_in_leaf feature_fraction
INFO  [02:26:36.671] [bbotk]   0.3272795     -1.255986        152              183        0.7477957
INFO  [02:26:36.671] [bbotk]  extra_trees lambda_l1 lambda_l2 min_gain_to_split        timestamp_xs
INFO  [02:26:36.671] [bbotk]        FALSE -6.067254 -2.056998         -3.904311 2026-09-10 02:25:05
INFO  [02:26:36.671] [bbotk]         timestamp_ys runtime_learners warnings errors internal_tuned_values
INFO  [02:26:36.671] [bbotk]  2026-09-10 02:26:36           90.013        0      0     num_iterations=77
INFO  [02:26:36.671] [bbotk]                    worker_id   acq_cb timestamp_surrogate
INFO  [02:26:36.671] [bbotk]  confirmable_motmot_4f74a680 -3.23194 2026-09-10 02:25:03
INFO  [02:26:36.671] [bbotk]  timestamp_acq_function timestamp_acq_optimizer      timestamp_loop
INFO  [02:26:36.671] [bbotk]     2026-09-10 02:25:04     2026-09-10 02:25:04 2026-09-10 02:25:05
INFO  [02:26:38.731] [bbotk] Results of 2 configuration(s):
INFO  [02:26:38.739] [bbotk]  classif.ce learning_rate num_leaves min_data_in_leaf feature_fraction
INFO  [02:26:38.739] [bbotk]   0.3277652     -1.882875        125              162        0.3480840
INFO  [02:26:38.739] [bbotk]   0.3286051     -1.290210        153              174        0.6284976
INFO  [02:26:38.739] [bbotk]  extra_trees lambda_l1  lambda_l2 min_gain_to_split        timestamp_xs
INFO  [02:26:38.739] [bbotk]        FALSE  1.608072 -0.7794054         -6.209996 2026-09-10 02:22:09
INFO  [02:26:38.739] [bbotk]         TRUE -2.207936 -5.3729813         -5.455561 2026-09-10 02:23:34
INFO  [02:26:38.739] [bbotk]         timestamp_ys runtime_learners warnings errors internal_tuned_values
INFO  [02:26:38.739] [bbotk]  2026-09-10 02:26:38          267.606        0      0    num_iterations=437
INFO  [02:26:38.739] [bbotk]  2026-09-10 02:26:38          183.054        0      0    num_iterations=195
INFO  [02:26:38.739] [bbotk]                    worker_id     acq_cb timestamp_surrogate
INFO  [02:26:38.739] [bbotk]        creepy_horse_be95edeb -21.229823 2026-09-10 02:22:08
INFO  [02:26:38.739] [bbotk]  clumpish_blackbird_f5c90647  -3.930687 2026-09-10 02:23:32
INFO  [02:26:38.739] [bbotk]  timestamp_acq_function timestamp_acq_optimizer      timestamp_loop
INFO  [02:26:38.739] [bbotk]     2026-09-10 02:22:08     2026-09-10 02:22:08 2026-09-10 02:22:09
INFO  [02:26:38.739] [bbotk]     2026-09-10 02:23:33     2026-09-10 02:23:33 2026-09-10 02:23:34
INFO  [02:26:40.793] [bbotk] Results of 1 configuration(s):
INFO  [02:26:40.800] [bbotk]  classif.ce learning_rate num_leaves min_data_in_leaf feature_fraction
INFO  [02:26:40.800] [bbotk]   0.4454423     -6.907755        247               49        0.9417846
INFO  [02:26:40.800] [bbotk]  extra_trees lambda_l1 lambda_l2 min_gain_to_split        timestamp_xs
INFO  [02:26:40.800] [bbotk]        FALSE  2.320004  -6.14104         -4.954986 2026-09-10 02:25:08
INFO  [02:26:40.800] [bbotk]         timestamp_ys runtime_learners warnings errors internal_tuned_values
INFO  [02:26:40.800] [bbotk]  2026-09-10 02:26:40           91.597        0      0      num_iterations=1
INFO  [02:26:40.800] [bbotk]                    worker_id    acq_cb timestamp_surrogate
INFO  [02:26:40.800] [bbotk]  faintish_crossbill_b61a81f4 -5.039113 2026-09-10 02:25:06
INFO  [02:26:40.800] [bbotk]  timestamp_acq_function timestamp_acq_optimizer      timestamp_loop
INFO  [02:26:40.800] [bbotk]     2026-09-10 02:25:07     2026-09-10 02:25:07 2026-09-10 02:25:08
INFO  [02:26:41.828] [bbotk] Results of 1 configuration(s):
INFO  [02:26:41.835] [bbotk]  classif.ce learning_rate num_leaves min_data_in_leaf feature_fraction
INFO  [02:26:41.835] [bbotk]   0.3349438     -2.166935         10              175        0.3566849
INFO  [02:26:41.835] [bbotk]  extra_trees lambda_l1 lambda_l2 min_gain_to_split        timestamp_xs
INFO  [02:26:41.835] [bbotk]        FALSE  1.670003 -1.081999         -5.330918 2026-09-10 02:22:21
INFO  [02:26:41.835] [bbotk]         timestamp_ys runtime_learners warnings errors internal_tuned_values
INFO  [02:26:41.835] [bbotk]  2026-09-10 02:26:41          259.276        0      0    num_iterations=987
INFO  [02:26:41.835] [bbotk]                 worker_id    acq_cb timestamp_surrogate timestamp_acq_function
INFO  [02:26:41.835] [bbotk]  soot_silverfish_d8953a89 -14.31421 2026-09-10 02:22:18    2026-09-10 02:22:20
INFO  [02:26:41.835] [bbotk]  timestamp_acq_optimizer      timestamp_loop
INFO  [02:26:41.835] [bbotk]      2026-09-10 02:22:20 2026-09-10 02:22:21
INFO  [02:26:42.864] [bbotk] Results of 2 configuration(s):
INFO  [02:26:42.871] [bbotk]  classif.ce learning_rate num_leaves min_data_in_leaf feature_fraction
INFO  [02:26:42.871] [bbotk]   0.3285476     -2.857866         36               33        0.8072637
INFO  [02:26:42.871] [bbotk]   0.3293226     -1.238823        205              200        0.3886214
INFO  [02:26:42.871] [bbotk]  extra_trees  lambda_l1 lambda_l2 min_gain_to_split        timestamp_xs
INFO  [02:26:42.871] [bbotk]        FALSE -0.7592844  2.049111         -3.994557 2026-09-10 02:23:01
INFO  [02:26:42.871] [bbotk]         TRUE -5.2261766  1.086064         -5.188538 2026-09-10 02:23:33
INFO  [02:26:42.871] [bbotk]         timestamp_ys runtime_learners warnings errors internal_tuned_values
INFO  [02:26:42.871] [bbotk]  2026-09-10 02:26:41          218.895        0      0    num_iterations=529
INFO  [02:26:42.871] [bbotk]  2026-09-10 02:26:42          187.555        0      0    num_iterations=232
INFO  [02:26:42.871] [bbotk]                      worker_id    acq_cb timestamp_surrogate
INFO  [02:26:42.871] [bbotk]             fatal_nag_f06b667c -18.22150 2026-09-10 02:22:59
INFO  [02:26:42.871] [bbotk]  psychographic_numbat_02b2749f -15.63623 2026-09-10 02:23:31
INFO  [02:26:42.871] [bbotk]  timestamp_acq_function timestamp_acq_optimizer      timestamp_loop
INFO  [02:26:42.871] [bbotk]     2026-09-10 02:23:00     2026-09-10 02:23:00 2026-09-10 02:23:01
INFO  [02:26:42.871] [bbotk]     2026-09-10 02:23:32     2026-09-10 02:23:32 2026-09-10 02:23:33
INFO  [02:26:44.925] [bbotk] Results of 1 configuration(s):
INFO  [02:26:44.931] [bbotk]  classif.ce learning_rate num_leaves min_data_in_leaf feature_fraction
INFO  [02:26:44.931] [bbotk]   0.3245282      -2.86112        167              122        0.4490641
INFO  [02:26:44.931] [bbotk]  extra_trees  lambda_l1 lambda_l2 min_gain_to_split        timestamp_xs
INFO  [02:26:44.931] [bbotk]        FALSE -0.7539012  3.496823          -5.07117 2026-09-10 02:21:52
INFO  [02:26:44.931] [bbotk]         timestamp_ys runtime_learners warnings errors internal_tuned_values
INFO  [02:26:44.931] [bbotk]  2026-09-10 02:26:44           290.95        0      0    num_iterations=408
INFO  [02:26:44.931] [bbotk]             worker_id    acq_cb timestamp_surrogate timestamp_acq_function
INFO  [02:26:44.931] [bbotk]  proper_rhea_4bb66298 -11.04219 2026-09-10 02:21:49    2026-09-10 02:21:51
INFO  [02:26:44.931] [bbotk]  timestamp_acq_optimizer      timestamp_loop
INFO  [02:26:44.931] [bbotk]      2026-09-10 02:21:51 2026-09-10 02:21:52
INFO  [02:26:45.964] [bbotk] Results of 3 configuration(s):
INFO  [02:26:45.972] [bbotk]  classif.ce learning_rate num_leaves min_data_in_leaf feature_fraction
INFO  [02:26:45.972] [bbotk]   0.3261801     -2.963920        246               32        0.8855096
INFO  [02:26:45.972] [bbotk]   0.3275391     -1.617632        125              168        0.3464478
INFO  [02:26:45.972] [bbotk]   0.3391004     -2.110307        119               52        0.2527795
INFO  [02:26:45.972] [bbotk]  extra_trees  lambda_l1  lambda_l2 min_gain_to_split        timestamp_xs
INFO  [02:26:45.972] [bbotk]        FALSE -4.9475645  2.0334741         -2.807958 2026-09-10 02:22:45
INFO  [02:26:45.972] [bbotk]        FALSE  0.2005171 -0.6062562         -6.198282 2026-09-10 02:22:50
INFO  [02:26:45.972] [bbotk]        FALSE  4.5162249 -4.9211031         -2.665593 2026-09-10 02:24:00
INFO  [02:26:45.972] [bbotk]         timestamp_ys runtime_learners warnings errors internal_tuned_values
INFO  [02:26:45.972] [bbotk]  2026-09-10 02:26:45          238.660        0      0    num_iterations=246
INFO  [02:26:45.972] [bbotk]  2026-09-10 02:26:45          233.677        0      0    num_iterations=383
INFO  [02:26:45.972] [bbotk]  2026-09-10 02:26:45          164.016        0      0    num_iterations=369
INFO  [02:26:45.972] [bbotk]                                  worker_id    acq_cb timestamp_surrogate
INFO  [02:26:45.972] [bbotk]  moving_oregonsilverspotbutterfly_cb05c342 -7.496813 2026-09-10 02:22:43
INFO  [02:26:45.972] [bbotk]                  fictional_beaver_d6b9b208 -6.035959 2026-09-10 02:22:48
INFO  [02:26:45.972] [bbotk]                exaggerated_cooter_faa12317 -5.876067 2026-09-10 02:23:58
INFO  [02:26:45.972] [bbotk]  timestamp_acq_function timestamp_acq_optimizer      timestamp_loop
INFO  [02:26:45.972] [bbotk]     2026-09-10 02:22:44     2026-09-10 02:22:44 2026-09-10 02:22:45
INFO  [02:26:45.972] [bbotk]     2026-09-10 02:22:49     2026-09-10 02:22:49 2026-09-10 02:22:50
INFO  [02:26:45.972] [bbotk]     2026-09-10 02:23:59     2026-09-10 02:23:59 2026-09-10 02:24:00
INFO  [02:26:48.027] [bbotk] Results of 1 configuration(s):
INFO  [02:26:48.034] [bbotk]  classif.ce learning_rate num_leaves min_data_in_leaf feature_fraction
INFO  [02:26:48.034] [bbotk]   0.3278691     -1.413175        125              169         0.319997
INFO  [02:26:48.034] [bbotk]  extra_trees lambda_l1  lambda_l2 min_gain_to_split        timestamp_xs
INFO  [02:26:48.034] [bbotk]        FALSE 0.3059254 -0.2875434         -6.104588 2026-09-10 02:23:23
INFO  [02:26:48.034] [bbotk]         timestamp_ys runtime_learners warnings errors internal_tuned_values
INFO  [02:26:48.034] [bbotk]  2026-09-10 02:26:47          202.638        0      0    num_iterations=334
INFO  [02:26:48.034] [bbotk]                             worker_id    acq_cb timestamp_surrogate
INFO  [02:26:48.034] [bbotk]  irresistible_americanmarten_0fdc5e72 -20.28361 2026-09-10 02:23:21
INFO  [02:26:48.034] [bbotk]  timestamp_acq_function timestamp_acq_optimizer      timestamp_loop
INFO  [02:26:48.034] [bbotk]     2026-09-10 02:23:22     2026-09-10 02:23:22 2026-09-10 02:23:23
INFO  [02:26:50.086] [bbotk] Results of 2 configuration(s):
INFO  [02:26:50.093] [bbotk]  classif.ce learning_rate num_leaves min_data_in_leaf feature_fraction
INFO  [02:26:50.093] [bbotk]   0.3272369     -2.275767         39                1        0.7359199
INFO  [02:26:50.093] [bbotk]   0.3248397     -1.958272        255               53        0.5148253
INFO  [02:26:50.093] [bbotk]  extra_trees lambda_l1 lambda_l2 min_gain_to_split        timestamp_xs
INFO  [02:26:50.093] [bbotk]        FALSE -6.385127  3.821842         -6.205366 2026-09-10 02:23:35
INFO  [02:26:50.093] [bbotk]        FALSE -3.803335  1.969923         -5.605816 2026-09-10 02:24:28
INFO  [02:26:50.093] [bbotk]         timestamp_ys runtime_learners warnings errors internal_tuned_values
INFO  [02:26:50.093] [bbotk]  2026-09-10 02:26:49          192.926        0      0    num_iterations=474
INFO  [02:26:50.093] [bbotk]  2026-09-10 02:26:49          139.722        0      0    num_iterations=157
INFO  [02:26:50.093] [bbotk]                       worker_id    acq_cb timestamp_surrogate
INFO  [02:26:50.093] [bbotk]  numeric_galapagoshawk_eadb68a1 -4.263431 2026-09-10 02:23:32
INFO  [02:26:50.093] [bbotk]        acid_wrenchbird_3af458c9 -8.082939 2026-09-10 02:24:26
INFO  [02:26:50.093] [bbotk]  timestamp_acq_function timestamp_acq_optimizer      timestamp_loop
INFO  [02:26:50.093] [bbotk]     2026-09-10 02:23:33     2026-09-10 02:23:33 2026-09-10 02:23:35
INFO  [02:26:50.093] [bbotk]     2026-09-10 02:24:27     2026-09-10 02:24:27 2026-09-10 02:24:28
INFO  [02:26:54.199] [bbotk] Results of 2 configuration(s):
INFO  [02:26:54.206] [bbotk]  classif.ce learning_rate num_leaves min_data_in_leaf feature_fraction
INFO  [02:26:54.206] [bbotk]   0.3245950     -1.725876        236               14        0.4523092
INFO  [02:26:54.206] [bbotk]   0.3261078     -2.336938         83              167        0.4759724
INFO  [02:26:54.206] [bbotk]  extra_trees lambda_l1 lambda_l2 min_gain_to_split        timestamp_xs
INFO  [02:26:54.206] [bbotk]        FALSE -6.907755 -1.487475         -4.283655 2026-09-10 02:24:51
INFO  [02:26:54.206] [bbotk]        FALSE  1.389057 -1.588989         -2.302585 2026-09-10 02:23:35
INFO  [02:26:54.206] [bbotk]         timestamp_ys runtime_learners warnings errors internal_tuned_values
INFO  [02:26:54.206] [bbotk]  2026-09-10 02:26:53          121.526        0      0    num_iterations=152
INFO  [02:26:54.206] [bbotk]  2026-09-10 02:26:53          197.640        0      0    num_iterations=328
INFO  [02:26:54.206] [bbotk]                                 worker_id    acq_cb timestamp_surrogate
INFO  [02:26:54.206] [bbotk]           homebred_affenpinscher_1a819fb5 -3.807607 2026-09-10 02:24:48
INFO  [02:26:54.206] [bbotk]  obedient_madagascarhissingroach_e410863a -9.923873 2026-09-10 02:23:33
INFO  [02:26:54.206] [bbotk]  timestamp_acq_function timestamp_acq_optimizer      timestamp_loop
INFO  [02:26:54.206] [bbotk]     2026-09-10 02:24:50     2026-09-10 02:24:50 2026-09-10 02:24:51
INFO  [02:26:54.206] [bbotk]     2026-09-10 02:23:33     2026-09-10 02:23:33 2026-09-10 02:23:35
INFO  [02:26:55.234] [bbotk] Results of 1 configuration(s):
INFO  [02:26:55.241] [bbotk]  classif.ce learning_rate num_leaves min_data_in_leaf feature_fraction
INFO  [02:26:55.241] [bbotk]   0.3244948     -2.529612        252                5          0.57544
INFO  [02:26:55.241] [bbotk]  extra_trees lambda_l1 lambda_l2 min_gain_to_split        timestamp_xs
INFO  [02:26:55.241] [bbotk]        FALSE 0.6060226  4.495791         -5.692836 2026-09-10 02:22:21
INFO  [02:26:55.241] [bbotk]         timestamp_ys runtime_learners warnings errors internal_tuned_values
INFO  [02:26:55.241] [bbotk]  2026-09-10 02:26:54          272.097        0      0    num_iterations=280
INFO  [02:26:55.241] [bbotk]                       worker_id    acq_cb timestamp_surrogate
INFO  [02:26:55.241] [bbotk]  ketogenic_milkweedbug_0275d3f7 -7.541805 2026-09-10 02:22:18
INFO  [02:26:55.241] [bbotk]  timestamp_acq_function timestamp_acq_optimizer      timestamp_loop
INFO  [02:26:55.241] [bbotk]     2026-09-10 02:22:20     2026-09-10 02:22:20 2026-09-10 02:22:21
INFO  [02:26:56.269] [bbotk] Results of 1 configuration(s):
INFO  [02:26:56.276] [bbotk]  classif.ce learning_rate num_leaves min_data_in_leaf feature_fraction
INFO  [02:26:56.276] [bbotk]   0.3241074     -2.561341        250                5        0.5746483
INFO  [02:26:56.276] [bbotk]  extra_trees lambda_l1 lambda_l2 min_gain_to_split        timestamp_xs
INFO  [02:26:56.276] [bbotk]        FALSE 0.2914804  4.245528         -5.671813 2026-09-10 02:22:21
INFO  [02:26:56.276] [bbotk]         timestamp_ys runtime_learners warnings errors internal_tuned_values
INFO  [02:26:56.276] [bbotk]  2026-09-10 02:26:55          273.728        0      0    num_iterations=301
INFO  [02:26:56.276] [bbotk]                worker_id    acq_cb timestamp_surrogate timestamp_acq_function
INFO  [02:26:56.276] [bbotk]  bloated_gopher_4948cd43 -12.32885 2026-09-10 02:22:18    2026-09-10 02:22:20
INFO  [02:26:56.276] [bbotk]  timestamp_acq_optimizer      timestamp_loop
INFO  [02:26:56.276] [bbotk]      2026-09-10 02:22:20 2026-09-10 02:22:21
INFO  [02:26:57.306] [bbotk] Results of 1 configuration(s):
INFO  [02:26:57.324] [bbotk]  classif.ce learning_rate num_leaves min_data_in_leaf feature_fraction
INFO  [02:26:57.324] [bbotk]   0.3265157     -1.120917        149              111        0.5590192
INFO  [02:26:57.324] [bbotk]  extra_trees lambda_l1 lambda_l2 min_gain_to_split        timestamp_xs
INFO  [02:26:57.324] [bbotk]        FALSE -4.591655 -1.785165         -4.356996 2026-09-10 02:25:32
INFO  [02:26:57.324] [bbotk]         timestamp_ys runtime_learners warnings errors internal_tuned_values
INFO  [02:26:57.324] [bbotk]  2026-09-10 02:26:57           84.564        0      0     num_iterations=96
INFO  [02:26:57.324] [bbotk]                    worker_id    acq_cb timestamp_surrogate
INFO  [02:26:57.324] [bbotk]  tasty_finnishspitz_c8e0eaf7 -3.270398 2026-09-10 02:25:29
INFO  [02:26:57.324] [bbotk]  timestamp_acq_function timestamp_acq_optimizer      timestamp_loop
INFO  [02:26:57.324] [bbotk]     2026-09-10 02:25:30     2026-09-10 02:25:30 2026-09-10 02:25:31
INFO  [02:26:58.358] [bbotk] Results of 1 configuration(s):
INFO  [02:26:58.366] [bbotk]  classif.ce learning_rate num_leaves min_data_in_leaf feature_fraction
INFO  [02:26:58.366] [bbotk]   0.3471596      -2.10871        142              172              0.1
INFO  [02:26:58.366] [bbotk]  extra_trees lambda_l1  lambda_l2 min_gain_to_split        timestamp_xs
INFO  [02:26:58.366] [bbotk]        FALSE  1.737776 -0.8215241         -6.567139 2026-09-10 02:23:34
INFO  [02:26:58.366] [bbotk]         timestamp_ys runtime_learners warnings errors internal_tuned_values
INFO  [02:26:58.366] [bbotk]  2026-09-10 02:26:57          203.086        0      0    num_iterations=380
INFO  [02:26:58.366] [bbotk]                 worker_id    acq_cb timestamp_surrogate timestamp_acq_function
INFO  [02:26:58.366] [bbotk]  grapy_crocodile_bfadf146 -14.21129 2026-09-10 02:23:31    2026-09-10 02:23:32
INFO  [02:26:58.366] [bbotk]  timestamp_acq_optimizer      timestamp_loop
INFO  [02:26:58.366] [bbotk]      2026-09-10 02:23:32 2026-09-10 02:23:34
INFO  [02:27:00.423] [bbotk] Results of 2 configuration(s):
INFO  [02:27:00.431] [bbotk]  classif.ce learning_rate num_leaves min_data_in_leaf feature_fraction
INFO  [02:27:00.431] [bbotk]   0.3280971     -2.117408        131              152        0.3523842
INFO  [02:27:00.431] [bbotk]   0.3346880     -2.171515         10              176        0.3528380
INFO  [02:27:00.431] [bbotk]  extra_trees lambda_l1  lambda_l2 min_gain_to_split        timestamp_xs
INFO  [02:27:00.431] [bbotk]        FALSE  1.764388 -0.7398618         -6.625823 2026-09-10 02:21:51
INFO  [02:27:00.431] [bbotk]        FALSE  1.139040 -0.6670238         -5.151504 2026-09-10 02:22:39
INFO  [02:27:00.431] [bbotk]         timestamp_ys runtime_learners warnings errors internal_tuned_values
INFO  [02:27:00.431] [bbotk]  2026-09-10 02:26:59          307.655        0      0    num_iterations=457
INFO  [02:27:00.431] [bbotk]  2026-09-10 02:27:00          259.651        0      0   num_iterations=1003
INFO  [02:27:00.431] [bbotk]                         worker_id     acq_cb timestamp_surrogate
INFO  [02:27:00.431] [bbotk]       deathful_cockatiel_42b37495  -9.358727 2026-09-10 02:21:49
INFO  [02:27:00.431] [bbotk]  klutzy_zigzagsalamander_b0b79746 -17.205254 2026-09-10 02:22:37
INFO  [02:27:00.431] [bbotk]  timestamp_acq_function timestamp_acq_optimizer      timestamp_loop
INFO  [02:27:00.431] [bbotk]     2026-09-10 02:21:50     2026-09-10 02:21:50 2026-09-10 02:21:51
INFO  [02:27:00.431] [bbotk]     2026-09-10 02:22:38     2026-09-10 02:22:38 2026-09-10 02:22:39
INFO  [02:27:01.460] [bbotk] Results of 1 configuration(s):
INFO  [02:27:01.467] [bbotk]  classif.ce learning_rate num_leaves min_data_in_leaf feature_fraction
INFO  [02:27:01.467] [bbotk]   0.3237736     -2.515095        211               58        0.3804947
INFO  [02:27:01.467] [bbotk]  extra_trees lambda_l1 lambda_l2 min_gain_to_split        timestamp_xs
INFO  [02:27:01.467] [bbotk]        FALSE 0.4970159  3.010902         -6.907755 2026-09-10 02:22:21
INFO  [02:27:01.467] [bbotk]         timestamp_ys runtime_learners warnings errors internal_tuned_values
INFO  [02:27:01.467] [bbotk]  2026-09-10 02:27:00          278.645        0      0    num_iterations=346
INFO  [02:27:01.467] [bbotk]                        worker_id    acq_cb timestamp_surrogate
INFO  [02:27:01.467] [bbotk]  ungeometrical_pussycat_20aa7ae7 -25.34463 2026-09-10 02:22:18
INFO  [02:27:01.467] [bbotk]  timestamp_acq_function timestamp_acq_optimizer      timestamp_loop
INFO  [02:27:01.467] [bbotk]     2026-09-10 02:22:20     2026-09-10 02:22:20 2026-09-10 02:22:21
INFO  [02:27:03.523] [bbotk] Results of 1 configuration(s):
INFO  [02:27:03.530] [bbotk]  classif.ce learning_rate num_leaves min_data_in_leaf feature_fraction
INFO  [02:27:03.530] [bbotk]   0.3246895     -2.174272         77               40        0.4798742
INFO  [02:27:03.530] [bbotk]  extra_trees lambda_l1  lambda_l2 min_gain_to_split        timestamp_xs
INFO  [02:27:03.530] [bbotk]        FALSE  1.103476 -0.9993612         -6.113701 2026-09-10 02:23:00
INFO  [02:27:03.530] [bbotk]         timestamp_ys runtime_learners warnings errors internal_tuned_values
INFO  [02:27:03.530] [bbotk]  2026-09-10 02:27:03          242.048        0      0    num_iterations=492
INFO  [02:27:03.530] [bbotk]                             worker_id    acq_cb timestamp_surrogate
INFO  [02:27:03.530] [bbotk]  unrelaxing_italiangreyhound_7ebae327 -11.29888 2026-09-10 02:22:58
INFO  [02:27:03.530] [bbotk]  timestamp_acq_function timestamp_acq_optimizer      timestamp_loop
INFO  [02:27:03.530] [bbotk]     2026-09-10 02:22:59     2026-09-10 02:22:59 2026-09-10 02:23:00
INFO  [02:27:06.611] [bbotk] Results of 1 configuration(s):
INFO  [02:27:06.617] [bbotk]  classif.ce learning_rate num_leaves min_data_in_leaf feature_fraction
INFO  [02:27:06.617] [bbotk]   0.3243298     -2.426799        106                1        0.4569374
INFO  [02:27:06.617] [bbotk]  extra_trees lambda_l1 lambda_l2 min_gain_to_split        timestamp_xs
INFO  [02:27:06.617] [bbotk]        FALSE -6.907755 -2.537859         -5.549757 2026-09-10 02:23:37
INFO  [02:27:06.617] [bbotk]         timestamp_ys runtime_learners warnings errors internal_tuned_values
INFO  [02:27:06.617] [bbotk]  2026-09-10 02:27:05          206.796        0      0    num_iterations=427
INFO  [02:27:06.617] [bbotk]                 worker_id    acq_cb timestamp_surrogate timestamp_acq_function
INFO  [02:27:06.617] [bbotk]  sapphire_kitfox_843d1066 -18.74936 2026-09-10 02:23:35    2026-09-10 02:23:36
INFO  [02:27:06.617] [bbotk]  timestamp_acq_optimizer      timestamp_loop
INFO  [02:27:06.617] [bbotk]      2026-09-10 02:23:36 2026-09-10 02:23:37
INFO  [02:27:07.645] [bbotk] Results of 1 configuration(s):
INFO  [02:27:07.651] [bbotk]  classif.ce learning_rate num_leaves min_data_in_leaf feature_fraction
INFO  [02:27:07.651] [bbotk]   0.3245004     -2.675736        253               57        0.5990616
INFO  [02:27:07.651] [bbotk]  extra_trees lambda_l1 lambda_l2 min_gain_to_split        timestamp_xs
INFO  [02:27:07.651] [bbotk]        FALSE -4.855672  4.568306         -3.854125 2026-09-10 02:21:47
INFO  [02:27:07.651] [bbotk]         timestamp_ys runtime_learners warnings errors internal_tuned_values
INFO  [02:27:07.651] [bbotk]  2026-09-10 02:27:07          319.122        0      0    num_iterations=351
INFO  [02:27:07.651] [bbotk]                       worker_id    acq_cb timestamp_surrogate
INFO  [02:27:07.651] [bbotk]  halffeminine_graywolf_13e313ab -13.37842 2026-09-10 02:21:44
INFO  [02:27:07.651] [bbotk]  timestamp_acq_function timestamp_acq_optimizer      timestamp_loop
INFO  [02:27:07.651] [bbotk]     2026-09-10 02:21:46     2026-09-10 02:21:46 2026-09-10 02:21:47
INFO  [02:27:08.682] [bbotk] Results of 2 configuration(s):
INFO  [02:27:08.690] [bbotk]  classif.ce learning_rate num_leaves min_data_in_leaf feature_fraction
INFO  [02:27:08.690] [bbotk]   0.3409284     -2.168057         10              177        0.3577073
INFO  [02:27:08.690] [bbotk]   0.3238756     -2.592901        247               26        0.6264598
INFO  [02:27:08.690] [bbotk]  extra_trees lambda_l1 lambda_l2 min_gain_to_split        timestamp_xs
INFO  [02:27:08.690] [bbotk]        FALSE  5.957189 -1.010167         -5.501018 2026-09-10 02:25:46
INFO  [02:27:08.690] [bbotk]        FALSE -5.450825  3.110086         -6.657795 2026-09-10 02:22:51
INFO  [02:27:08.690] [bbotk]         timestamp_ys runtime_learners warnings errors internal_tuned_values
INFO  [02:27:08.690] [bbotk]  2026-09-10 02:27:07           80.483        0      0    num_iterations=175
INFO  [02:27:08.690] [bbotk]  2026-09-10 02:27:08          256.163        0      0    num_iterations=309
INFO  [02:27:08.690] [bbotk]                       worker_id     acq_cb timestamp_surrogate
INFO  [02:27:08.690] [bbotk]  crispy_xantusmurrelet_3e9f7462  -7.828125 2026-09-10 02:25:44
INFO  [02:27:08.690] [bbotk]      distorted_astarte_15461fe6 -11.995323 2026-09-10 02:22:49
INFO  [02:27:08.690] [bbotk]  timestamp_acq_function timestamp_acq_optimizer      timestamp_loop
INFO  [02:27:08.690] [bbotk]     2026-09-10 02:25:45     2026-09-10 02:25:45 2026-09-10 02:25:46
INFO  [02:27:08.690] [bbotk]     2026-09-10 02:22:50     2026-09-10 02:22:50 2026-09-10 02:22:51
INFO  [02:27:09.719] [bbotk] Results of 1 configuration(s):
INFO  [02:27:09.726] [bbotk]  classif.ce learning_rate num_leaves min_data_in_leaf feature_fraction
INFO  [02:27:09.726] [bbotk]   0.3243966     -2.235842        115              164        0.3684762
INFO  [02:27:09.726] [bbotk]  extra_trees lambda_l1 lambda_l2 min_gain_to_split        timestamp_xs
INFO  [02:27:09.726] [bbotk]        FALSE  1.483789 -1.361287         -6.121329 2026-09-10 02:22:52
INFO  [02:27:09.726] [bbotk]         timestamp_ys runtime_learners warnings errors internal_tuned_values
INFO  [02:27:09.726] [bbotk]  2026-09-10 02:27:08          254.398        0      0    num_iterations=350
INFO  [02:27:09.726] [bbotk]                 worker_id    acq_cb timestamp_surrogate timestamp_acq_function
INFO  [02:27:09.726] [bbotk]  hexangular_hawk_694cdfc5 -10.26652 2026-09-10 02:22:51    2026-09-10 02:22:51
INFO  [02:27:09.726] [bbotk]  timestamp_acq_optimizer      timestamp_loop
INFO  [02:27:09.726] [bbotk]      2026-09-10 02:22:51 2026-09-10 02:22:52
INFO  [02:27:10.753] [bbotk] Results of 1 configuration(s):
INFO  [02:27:10.759] [bbotk]  classif.ce learning_rate num_leaves min_data_in_leaf feature_fraction
INFO  [02:27:10.759] [bbotk]   0.3239386     -3.164999        217               31        0.4376848
INFO  [02:27:10.759] [bbotk]  extra_trees  lambda_l1  lambda_l2 min_gain_to_split        timestamp_xs
INFO  [02:27:10.759] [bbotk]        FALSE -0.8682559 -0.5731297          -3.87013 2026-09-10 02:21:26
INFO  [02:27:10.759] [bbotk]         timestamp_ys runtime_learners warnings errors internal_tuned_values
INFO  [02:27:10.759] [bbotk]  2026-09-10 02:27:10          342.397        0      0    num_iterations=484
INFO  [02:27:10.759] [bbotk]                      worker_id    acq_cb timestamp_surrogate
INFO  [02:27:10.759] [bbotk]  giddied_harlequinbug_0ac6877c -14.24279 2026-09-10 02:21:16
INFO  [02:27:10.759] [bbotk]  timestamp_acq_function timestamp_acq_optimizer      timestamp_loop
INFO  [02:27:10.759] [bbotk]     2026-09-10 02:21:25     2026-09-10 02:21:25 2026-09-10 02:21:26
INFO  [02:27:12.815] [bbotk] Results of 1 configuration(s):
INFO  [02:27:12.822] [bbotk]  classif.ce learning_rate num_leaves min_data_in_leaf feature_fraction
INFO  [02:27:12.822] [bbotk]   0.3246228      -2.03987        136              200        0.4430995
INFO  [02:27:12.822] [bbotk]  extra_trees lambda_l1 lambda_l2 min_gain_to_split        timestamp_xs
INFO  [02:27:12.822] [bbotk]        FALSE  1.787108 -6.080794         -5.377302 2026-09-10 02:22:59
INFO  [02:27:12.822] [bbotk]         timestamp_ys runtime_learners warnings errors internal_tuned_values
INFO  [02:27:12.822] [bbotk]  2026-09-10 02:27:12          251.161        0      0    num_iterations=306
INFO  [02:27:12.822] [bbotk]              worker_id    acq_cb timestamp_surrogate timestamp_acq_function
INFO  [02:27:12.822] [bbotk]  mini_kouprey_ca59e9de -5.041576 2026-09-10 02:22:57    2026-09-10 02:22:58
INFO  [02:27:12.822] [bbotk]  timestamp_acq_optimizer      timestamp_loop
INFO  [02:27:12.822] [bbotk]      2026-09-10 02:22:58 2026-09-10 02:22:59
INFO  [02:27:13.852] [bbotk] Results of 1 configuration(s):
INFO  [02:27:13.859] [bbotk]  classif.ce learning_rate num_leaves min_data_in_leaf feature_fraction
INFO  [02:27:13.859] [bbotk]   0.3238015     -3.339606        254               31         0.437693
INFO  [02:27:13.859] [bbotk]  extra_trees  lambda_l1  lambda_l2 min_gain_to_split        timestamp_xs
INFO  [02:27:13.859] [bbotk]        FALSE -0.8425635 0.09107123         -4.292869 2026-09-10 02:21:03
INFO  [02:27:13.859] [bbotk]         timestamp_ys runtime_learners warnings errors internal_tuned_values
INFO  [02:27:13.859] [bbotk]  2026-09-10 02:27:13          368.744        0      0    num_iterations=495
INFO  [02:27:13.859] [bbotk]               worker_id    acq_cb timestamp_surrogate timestamp_acq_function
INFO  [02:27:13.859] [bbotk]  cozey_manxcat_994e81a5 -21.04062 2026-09-10 02:20:56    2026-09-10 02:20:58
INFO  [02:27:13.859] [bbotk]  timestamp_acq_optimizer      timestamp_loop
INFO  [02:27:13.859] [bbotk]      2026-09-10 02:20:58 2026-09-10 02:21:03
INFO  [02:27:16.939] [bbotk] Results of 1 configuration(s):
INFO  [02:27:16.946] [bbotk]  classif.ce learning_rate num_leaves min_data_in_leaf feature_fraction
INFO  [02:27:16.946] [bbotk]   0.3268698     -2.478163         45                1        0.7072403
INFO  [02:27:16.946] [bbotk]  extra_trees lambda_l1 lambda_l2 min_gain_to_split        timestamp_xs
INFO  [02:27:16.946] [bbotk]        FALSE -6.398552  4.134781         -6.200626 2026-09-10 02:23:31
INFO  [02:27:16.946] [bbotk]         timestamp_ys runtime_learners warnings errors internal_tuned_values
INFO  [02:27:16.946] [bbotk]  2026-09-10 02:27:16          223.851        0      0    num_iterations=541
INFO  [02:27:16.946] [bbotk]                               worker_id    acq_cb timestamp_surrogate
INFO  [02:27:16.946] [bbotk]  nonskeptical_loggerheadturtle_6aec9d49 -15.42546 2026-09-10 02:23:29
INFO  [02:27:16.946] [bbotk]  timestamp_acq_function timestamp_acq_optimizer      timestamp_loop
INFO  [02:27:16.946] [bbotk]     2026-09-10 02:23:30     2026-09-10 02:23:30 2026-09-10 02:23:31
INFO  [02:27:17.975] [bbotk] Results of 2 configuration(s):
INFO  [02:27:17.983] [bbotk]  classif.ce learning_rate num_leaves min_data_in_leaf feature_fraction
INFO  [02:27:17.983] [bbotk]   0.3253199     -2.687863         83              106        0.4814959
INFO  [02:27:17.983] [bbotk]   0.3240276     -2.483440        249                1        0.5729059
INFO  [02:27:17.983] [bbotk]  extra_trees  lambda_l1  lambda_l2 min_gain_to_split        timestamp_xs
INFO  [02:27:17.983] [bbotk]        FALSE -2.4202710 -0.9113303         -4.584739 2026-09-10 02:22:51
INFO  [02:27:17.983] [bbotk]        FALSE  0.3965906  4.3810236         -5.689232 2026-09-10 02:22:21
INFO  [02:27:17.983] [bbotk]         timestamp_ys runtime_learners warnings errors internal_tuned_values
INFO  [02:27:17.983] [bbotk]  2026-09-10 02:27:17          264.984        0      0    num_iterations=449
INFO  [02:27:17.983] [bbotk]  2026-09-10 02:27:17          295.167        0      0    num_iterations=305
INFO  [02:27:17.983] [bbotk]                         worker_id    acq_cb timestamp_surrogate
INFO  [02:27:17.983] [bbotk]    charismatic_zebradove_b8770713 -12.08995 2026-09-10 02:22:49
INFO  [02:27:17.983] [bbotk]  precarnival_mockingbird_b48bd74f -12.20834 2026-09-10 02:22:18
INFO  [02:27:17.983] [bbotk]  timestamp_acq_function timestamp_acq_optimizer      timestamp_loop
INFO  [02:27:17.983] [bbotk]     2026-09-10 02:22:49     2026-09-10 02:22:49 2026-09-10 02:22:51
INFO  [02:27:17.983] [bbotk]     2026-09-10 02:22:19     2026-09-10 02:22:19 2026-09-10 02:22:21
INFO  [02:27:19.027] [bbotk] Results of 2 configuration(s):
INFO  [02:27:19.036] [bbotk]  classif.ce learning_rate num_leaves min_data_in_leaf feature_fraction
INFO  [02:27:19.036] [bbotk]   0.3252364     -2.466800        246              200        0.6803313
INFO  [02:27:19.036] [bbotk]   0.3238886     -2.139657        255               51        0.4506227
INFO  [02:27:19.036] [bbotk]  extra_trees  lambda_l1  lambda_l2 min_gain_to_split        timestamp_xs
INFO  [02:27:19.036] [bbotk]        FALSE -0.8247891  3.6362298         -3.580038 2026-09-10 02:23:35
INFO  [02:27:19.036] [bbotk]        FALSE -4.4731158 -0.5187487         -5.177095 2026-09-10 02:24:28
INFO  [02:27:19.036] [bbotk]         timestamp_ys runtime_learners warnings errors internal_tuned_values
INFO  [02:27:19.036] [bbotk]  2026-09-10 02:27:18          222.212        0      0    num_iterations=182
INFO  [02:27:19.036] [bbotk]  2026-09-10 02:27:18          169.909        0      0    num_iterations=218
INFO  [02:27:19.036] [bbotk]                     worker_id    acq_cb timestamp_surrogate
INFO  [02:27:19.036] [bbotk]     bedridden_scarab_4749333b -16.56749 2026-09-10 02:23:33
INFO  [02:27:19.036] [bbotk]  enchanted_blackbird_dca3c69f -14.47148 2026-09-10 02:24:26
INFO  [02:27:19.036] [bbotk]  timestamp_acq_function timestamp_acq_optimizer      timestamp_loop
INFO  [02:27:19.036] [bbotk]     2026-09-10 02:23:34     2026-09-10 02:23:34 2026-09-10 02:23:35
INFO  [02:27:19.036] [bbotk]     2026-09-10 02:24:27     2026-09-10 02:24:27 2026-09-10 02:24:28
INFO  [02:27:21.100] [bbotk] Results of 3 configuration(s):
INFO  [02:27:21.107] [bbotk]  classif.ce learning_rate num_leaves min_data_in_leaf feature_fraction
INFO  [02:27:21.107] [bbotk]   0.3291817     -2.149578         10              175        0.3583883
INFO  [02:27:21.107] [bbotk]   0.3262543     -1.568854        188              177        0.7044822
INFO  [02:27:21.107] [bbotk]   0.3240351     -2.028058        149              191        0.3807652
INFO  [02:27:21.107] [bbotk]  extra_trees  lambda_l1  lambda_l2 min_gain_to_split        timestamp_xs
INFO  [02:27:21.107] [bbotk]        FALSE  0.8477517 -0.6364524         -5.122962 2026-09-10 02:22:49
INFO  [02:27:21.107] [bbotk]        FALSE -5.6660251  2.5725585         -4.755563 2026-09-10 02:25:28
INFO  [02:27:21.107] [bbotk]        FALSE  1.6973655 -1.4138827         -6.237973 2026-09-10 02:22:59
INFO  [02:27:21.107] [bbotk]         timestamp_ys runtime_learners warnings errors internal_tuned_values
INFO  [02:27:21.107] [bbotk]  2026-09-10 02:27:20          270.306        0      0   num_iterations=1046
INFO  [02:27:21.107] [bbotk]  2026-09-10 02:27:20          110.843        0      0    num_iterations=109
INFO  [02:27:21.107] [bbotk]  2026-09-10 02:27:20          260.759        0      0    num_iterations=331
INFO  [02:27:21.107] [bbotk]                                    worker_id     acq_cb timestamp_surrogate
INFO  [02:27:21.107] [bbotk]  vanitied_pseudodynerusquadrisectus_0cf2aacb -14.057394 2026-09-10 02:22:46
INFO  [02:27:21.107] [bbotk]                    genuine_umbrette_6e95ba6d  -3.650916 2026-09-10 02:25:26
INFO  [02:27:21.107] [bbotk]              cerebroid_mountainlion_1c7bfdf4 -14.197550 2026-09-10 02:22:57
INFO  [02:27:21.107] [bbotk]  timestamp_acq_function timestamp_acq_optimizer      timestamp_loop
INFO  [02:27:21.107] [bbotk]     2026-09-10 02:22:48     2026-09-10 02:22:48 2026-09-10 02:22:49
INFO  [02:27:21.107] [bbotk]     2026-09-10 02:25:27     2026-09-10 02:25:27 2026-09-10 02:25:28
INFO  [02:27:21.107] [bbotk]     2026-09-10 02:22:58     2026-09-10 02:22:58 2026-09-10 02:22:59
INFO  [02:27:23.162] [bbotk] Results of 1 configuration(s):
INFO  [02:27:23.169] [bbotk]  classif.ce learning_rate num_leaves min_data_in_leaf feature_fraction
INFO  [02:27:23.169] [bbotk]   0.3279859     -1.258617        132              186        0.2265934
INFO  [02:27:23.169] [bbotk]  extra_trees lambda_l1 lambda_l2 min_gain_to_split        timestamp_xs
INFO  [02:27:23.169] [bbotk]        FALSE -5.117163  4.954732         -5.579382 2026-09-10 02:23:21
INFO  [02:27:23.169] [bbotk]         timestamp_ys runtime_learners warnings errors internal_tuned_values
INFO  [02:27:23.169] [bbotk]  2026-09-10 02:27:22          239.343        0      0    num_iterations=343
INFO  [02:27:23.169] [bbotk]                                  worker_id   acq_cb timestamp_surrogate
INFO  [02:27:23.169] [bbotk]  anachronous_easteuropeanshepherd_64fc24a3 -14.7226 2026-09-10 02:23:19
INFO  [02:27:23.169] [bbotk]  timestamp_acq_function timestamp_acq_optimizer      timestamp_loop
INFO  [02:27:23.169] [bbotk]     2026-09-10 02:23:20     2026-09-10 02:23:20 2026-09-10 02:23:21
INFO  [02:27:24.200] [bbotk] Results of 1 configuration(s):
INFO  [02:27:24.208] [bbotk]  classif.ce learning_rate num_leaves min_data_in_leaf feature_fraction
INFO  [02:27:24.208] [bbotk]   0.3245727     -2.960962        255               14        0.5675506
INFO  [02:27:24.208] [bbotk]  extra_trees  lambda_l1 lambda_l2 min_gain_to_split        timestamp_xs
INFO  [02:27:24.208] [bbotk]        FALSE -0.1859329   4.32542         -5.513141 2026-09-10 02:21:17
INFO  [02:27:24.208] [bbotk]         timestamp_ys runtime_learners warnings errors internal_tuned_values
INFO  [02:27:24.208] [bbotk]  2026-09-10 02:27:24          365.726        0      0    num_iterations=386
INFO  [02:27:24.208] [bbotk]                              worker_id    acq_cb timestamp_surrogate
INFO  [02:27:24.208] [bbotk]  ophidiophobic_asiaticmouflon_2c74928e -21.71459 2026-09-10 02:21:11
INFO  [02:27:24.208] [bbotk]  timestamp_acq_function timestamp_acq_optimizer      timestamp_loop
INFO  [02:27:24.208] [bbotk]     2026-09-10 02:21:12     2026-09-10 02:21:12 2026-09-10 02:21:17
INFO  [02:27:25.236] [bbotk] Results of 1 configuration(s):
INFO  [02:27:25.243] [bbotk]  classif.ce learning_rate num_leaves min_data_in_leaf feature_fraction
INFO  [02:27:25.243] [bbotk]   0.3266158     -2.443497        253               18        0.8001147
INFO  [02:27:25.243] [bbotk]  extra_trees lambda_l1 lambda_l2 min_gain_to_split        timestamp_xs
INFO  [02:27:25.243] [bbotk]        FALSE -6.858983 -6.236211         -3.612301 2026-09-10 02:24:54
INFO  [02:27:25.243] [bbotk]         timestamp_ys runtime_learners warnings errors internal_tuned_values
INFO  [02:27:25.243] [bbotk]  2026-09-10 02:27:24          149.226        0      0    num_iterations=145
INFO  [02:27:25.243] [bbotk]                worker_id    acq_cb timestamp_surrogate timestamp_acq_function
INFO  [02:27:25.243] [bbotk]  scientific_cur_23dd9641 -3.970529 2026-09-10 02:24:52    2026-09-10 02:24:53
INFO  [02:27:25.243] [bbotk]  timestamp_acq_optimizer      timestamp_loop
INFO  [02:27:25.243] [bbotk]      2026-09-10 02:24:53 2026-09-10 02:24:54
INFO  [02:27:26.273] [bbotk] Results of 1 configuration(s):
INFO  [02:27:26.280] [bbotk]  classif.ce learning_rate num_leaves min_data_in_leaf feature_fraction
INFO  [02:27:26.280] [bbotk]     0.32415     -2.482151        255               21        0.5672633
INFO  [02:27:26.280] [bbotk]  extra_trees lambda_l1  lambda_l2 min_gain_to_split        timestamp_xs
INFO  [02:27:26.280] [bbotk]        FALSE -4.286642 -0.3993918         -5.550996 2026-09-10 02:24:15
INFO  [02:27:26.280] [bbotk]         timestamp_ys runtime_learners warnings errors internal_tuned_values
INFO  [02:27:26.280] [bbotk]  2026-09-10 02:27:26          190.005        0      0    num_iterations=228
INFO  [02:27:26.280] [bbotk]                    worker_id    acq_cb timestamp_surrogate
INFO  [02:27:26.280] [bbotk]  respirable_cowbird_d8119261 -24.51543 2026-09-10 02:24:13
INFO  [02:27:26.280] [bbotk]  timestamp_acq_function timestamp_acq_optimizer      timestamp_loop
INFO  [02:27:26.280] [bbotk]     2026-09-10 02:24:14     2026-09-10 02:24:14 2026-09-10 02:24:15
INFO  [02:27:27.309] [bbotk] Results of 1 configuration(s):
INFO  [02:27:27.315] [bbotk]  classif.ce learning_rate num_leaves min_data_in_leaf feature_fraction
INFO  [02:27:27.315] [bbotk]   0.3269792     -2.509865        121               45        0.8501783
INFO  [02:27:27.315] [bbotk]  extra_trees lambda_l1 lambda_l2 min_gain_to_split        timestamp_xs
INFO  [02:27:27.315] [bbotk]        FALSE -5.243997 -3.818142         -5.562138 2026-09-10 02:24:24
INFO  [02:27:27.315] [bbotk]         timestamp_ys runtime_learners warnings errors internal_tuned_values
INFO  [02:27:27.315] [bbotk]  2026-09-10 02:27:26          181.929        0      0    num_iterations=272
INFO  [02:27:27.315] [bbotk]                worker_id    acq_cb timestamp_surrogate timestamp_acq_function
INFO  [02:27:27.315] [bbotk]  disquieted_eft_f577ea4b -22.75923 2026-09-10 02:24:21    2026-09-10 02:24:22
INFO  [02:27:27.315] [bbotk]  timestamp_acq_optimizer      timestamp_loop
INFO  [02:27:27.315] [bbotk]      2026-09-10 02:24:22 2026-09-10 02:24:24
INFO  [02:27:28.343] [bbotk] Results of 3 configuration(s):
INFO  [02:27:28.350] [bbotk]  classif.ce learning_rate num_leaves min_data_in_leaf feature_fraction
INFO  [02:27:28.350] [bbotk]   0.3256888     -2.129062        255              194        0.6864979
INFO  [02:27:28.350] [bbotk]   0.3262895     -1.439084        150              200        0.7572863
INFO  [02:27:28.350] [bbotk]   0.3241278     -3.308403        255              145        0.4697412
INFO  [02:27:28.350] [bbotk]  extra_trees lambda_l1 lambda_l2 min_gain_to_split        timestamp_xs
INFO  [02:27:28.350] [bbotk]        FALSE  1.731042 -3.649130         -6.072258 2026-09-10 02:24:29
INFO  [02:27:28.350] [bbotk]        FALSE  1.131857 -2.663894         -2.709699 2026-09-10 02:25:14
INFO  [02:27:28.350] [bbotk]        FALSE -6.907755 -5.566655         -3.334509 2026-09-10 02:21:09
INFO  [02:27:28.350] [bbotk]         timestamp_ys runtime_learners warnings errors internal_tuned_values
INFO  [02:27:28.350] [bbotk]  2026-09-10 02:27:28          177.173        0      0    num_iterations=134
INFO  [02:27:28.350] [bbotk]  2026-09-10 02:27:28          132.277        0      0    num_iterations=171
INFO  [02:27:28.350] [bbotk]  2026-09-10 02:27:28          378.160        0      0    num_iterations=455
INFO  [02:27:28.350] [bbotk]                           worker_id     acq_cb timestamp_surrogate
INFO  [02:27:28.350] [bbotk]          postlegal_leveret_d41796bc -13.751525 2026-09-10 02:24:27
INFO  [02:27:28.350] [bbotk]         satisfactory_goral_de911b34  -3.148563 2026-09-10 02:25:13
INFO  [02:27:28.350] [bbotk]  despairing_aplomadofalcon_a196435c -15.850685 2026-09-10 02:21:08
INFO  [02:27:28.350] [bbotk]  timestamp_acq_function timestamp_acq_optimizer      timestamp_loop
INFO  [02:27:28.350] [bbotk]     2026-09-10 02:24:28     2026-09-10 02:24:28 2026-09-10 02:24:29
INFO  [02:27:28.350] [bbotk]     2026-09-10 02:25:13     2026-09-10 02:25:13 2026-09-10 02:25:14
INFO  [02:27:28.350] [bbotk]     2026-09-10 02:21:08     2026-09-10 02:21:08 2026-09-10 02:21:09
INFO  [02:27:29.381] [bbotk] Results of 5 configuration(s):
INFO  [02:27:29.388] [bbotk]  classif.ce learning_rate num_leaves min_data_in_leaf feature_fraction
INFO  [02:27:29.388] [bbotk]   0.3240091     -2.285487        255                1        0.5942931
INFO  [02:27:29.388] [bbotk]   0.3242149     -2.967270        255               11        0.5737562
INFO  [02:27:29.388] [bbotk]   0.3275224     -1.439262         37              138        0.7065854
INFO  [02:27:29.388] [bbotk]   0.3272369     -2.252720        255               15        0.8017712
INFO  [02:27:29.388] [bbotk]   0.3265935     -1.737765        198               93        0.7594016
INFO  [02:27:29.388] [bbotk]  extra_trees   lambda_l1 lambda_l2 min_gain_to_split        timestamp_xs
INFO  [02:27:29.388] [bbotk]        FALSE -0.21678158 -3.193333         -3.258679 2026-09-10 02:24:46
INFO  [02:27:29.388] [bbotk]        FALSE -0.06871138  4.593376         -3.923569 2026-09-10 02:21:26
INFO  [02:27:29.388] [bbotk]        FALSE -6.03392395 -1.472725         -2.553958 2026-09-10 02:25:27
INFO  [02:27:29.388] [bbotk]        FALSE -6.90775528 -6.071230         -3.591226 2026-09-10 02:25:30
INFO  [02:27:29.388] [bbotk]        FALSE -4.78222030 -1.874552         -5.574775 2026-09-10 02:25:41
INFO  [02:27:29.388] [bbotk]         timestamp_ys runtime_learners warnings errors internal_tuned_values
INFO  [02:27:29.388] [bbotk]  2026-09-10 02:27:28          161.233        0      0    num_iterations=194
INFO  [02:27:29.388] [bbotk]  2026-09-10 02:27:28          361.674        0      0    num_iterations=382
INFO  [02:27:29.388] [bbotk]  2026-09-10 02:27:28          120.315        0      0    num_iterations=358
INFO  [02:27:29.388] [bbotk]  2026-09-10 02:27:28          117.962        0      0    num_iterations=117
INFO  [02:27:29.388] [bbotk]  2026-09-10 02:27:29          107.366        0      0    num_iterations=119
INFO  [02:27:29.388] [bbotk]                       worker_id     acq_cb timestamp_surrogate
INFO  [02:27:29.388] [bbotk]  involved_komododragon_94bc6c76 -21.335354 2026-09-10 02:24:44
INFO  [02:27:29.388] [bbotk]      severe_nudibranch_de237fb9 -10.830729 2026-09-10 02:21:25
INFO  [02:27:29.388] [bbotk]         chaste_ragfish_8c793e37  -3.267502 2026-09-10 02:25:25
INFO  [02:27:29.388] [bbotk]    presolar_snowmonkey_515707d8  -8.633925 2026-09-10 02:25:28
INFO  [02:27:29.388] [bbotk]    zebrine_kronosaurus_c875877a  -3.406860 2026-09-10 02:25:38
INFO  [02:27:29.388] [bbotk]  timestamp_acq_function timestamp_acq_optimizer      timestamp_loop
INFO  [02:27:29.388] [bbotk]     2026-09-10 02:24:45     2026-09-10 02:24:45 2026-09-10 02:24:46
INFO  [02:27:29.388] [bbotk]     2026-09-10 02:21:25     2026-09-10 02:21:25 2026-09-10 02:21:26
INFO  [02:27:29.388] [bbotk]     2026-09-10 02:25:26     2026-09-10 02:25:26 2026-09-10 02:25:27
INFO  [02:27:29.388] [bbotk]     2026-09-10 02:25:29     2026-09-10 02:25:29 2026-09-10 02:25:30
INFO  [02:27:29.388] [bbotk]     2026-09-10 02:25:39     2026-09-10 02:25:39 2026-09-10 02:25:41
INFO  [02:27:30.416] [bbotk] Results of 2 configuration(s):
INFO  [02:27:30.423] [bbotk]  classif.ce learning_rate num_leaves min_data_in_leaf feature_fraction
INFO  [02:27:30.423] [bbotk]   0.3357540     -3.742345         10               22        0.4438230
INFO  [02:27:30.423] [bbotk]   0.3243595     -2.653665        224               92        0.5825083
INFO  [02:27:30.423] [bbotk]  extra_trees lambda_l1 lambda_l2 min_gain_to_split        timestamp_xs
INFO  [02:27:30.423] [bbotk]        FALSE -5.656280 -6.907755         -5.706894 2026-09-10 02:21:26
INFO  [02:27:30.423] [bbotk]        FALSE -2.719469  4.836408         -4.849268 2026-09-10 02:22:21
INFO  [02:27:30.423] [bbotk]         timestamp_ys runtime_learners warnings errors internal_tuned_values
INFO  [02:27:30.423] [bbotk]  2026-09-10 02:27:29          361.786        0      0   num_iterations=1204
INFO  [02:27:30.423] [bbotk]  2026-09-10 02:27:30          308.170        0      0    num_iterations=323
INFO  [02:27:30.423] [bbotk]                        worker_id     acq_cb timestamp_surrogate
INFO  [02:27:30.423] [bbotk]  invigorative_dalmatian_8a9ee047 -14.726750 2026-09-10 02:21:21
INFO  [02:27:30.423] [bbotk]   distortional_mastodon_126db977  -8.970567 2026-09-10 02:22:18
INFO  [02:27:30.423] [bbotk]  timestamp_acq_function timestamp_acq_optimizer      timestamp_loop
INFO  [02:27:30.423] [bbotk]     2026-09-10 02:21:25     2026-09-10 02:21:25 2026-09-10 02:21:26
INFO  [02:27:30.423] [bbotk]     2026-09-10 02:22:20     2026-09-10 02:22:20 2026-09-10 02:22:21
INFO  [02:27:31.453] [bbotk] Results of 1 configuration(s):
INFO  [02:27:31.460] [bbotk]  classif.ce learning_rate num_leaves min_data_in_leaf feature_fraction
INFO  [02:27:31.460] [bbotk]   0.3237236     -2.520858        252              176        0.3592781
INFO  [02:27:31.460] [bbotk]  extra_trees lambda_l1 lambda_l2 min_gain_to_split        timestamp_xs
INFO  [02:27:31.460] [bbotk]        FALSE 0.2622102  3.357531         -6.880866 2026-09-10 02:22:49
INFO  [02:27:31.460] [bbotk]         timestamp_ys runtime_learners warnings errors internal_tuned_values
INFO  [02:27:31.460] [bbotk]  2026-09-10 02:27:30          280.637        0      0    num_iterations=305
INFO  [02:27:31.460] [bbotk]                        worker_id    acq_cb timestamp_surrogate
INFO  [02:27:31.460] [bbotk]  discrete_neonblueguppy_9b60ee7c -9.266693 2026-09-10 02:22:47
INFO  [02:27:31.460] [bbotk]  timestamp_acq_function timestamp_acq_optimizer      timestamp_loop
INFO  [02:27:31.460] [bbotk]     2026-09-10 02:22:48     2026-09-10 02:22:48 2026-09-10 02:22:49
INFO  [02:27:33.517] [bbotk] Results of 3 configuration(s):
INFO  [02:27:33.524] [bbotk]  classif.ce learning_rate num_leaves min_data_in_leaf feature_fraction
INFO  [02:27:33.524] [bbotk]   0.3292911     -2.133542        101              174        0.3584923
INFO  [02:27:33.524] [bbotk]   0.3388279     -1.963223        255              200        0.4247573
INFO  [02:27:33.524] [bbotk]   0.3308447     -2.221909         27              156        0.2865141
INFO  [02:27:33.524] [bbotk]  extra_trees lambda_l1  lambda_l2 min_gain_to_split        timestamp_xs
INFO  [02:27:33.524] [bbotk]        FALSE  3.979133 -0.3582803         -6.481087 2026-09-10 02:24:33
INFO  [02:27:33.524] [bbotk]        FALSE  5.923160 -6.9077553         -5.612646 2026-09-10 02:26:07
INFO  [02:27:33.524] [bbotk]        FALSE  1.731586 -0.1747669         -6.284526 2026-09-10 02:23:00
INFO  [02:27:33.524] [bbotk]         timestamp_ys runtime_learners warnings errors internal_tuned_values
INFO  [02:27:33.524] [bbotk]  2026-09-10 02:27:32          178.805        0      0    num_iterations=281
INFO  [02:27:33.524] [bbotk]  2026-09-10 02:27:32           84.018        0      0    num_iterations=154
INFO  [02:27:33.524] [bbotk]  2026-09-10 02:27:33          271.903        0      0    num_iterations=771
INFO  [02:27:33.524] [bbotk]                        worker_id     acq_cb timestamp_surrogate
INFO  [02:27:33.524] [bbotk]  firstgeneration_grison_edc73a8e  -2.735073 2026-09-10 02:24:31
INFO  [02:27:33.524] [bbotk]   waterresistant_towhee_6a1d1f06 -11.755083 2026-09-10 02:26:05
INFO  [02:27:33.524] [bbotk]            uppity_galah_f2ea76af -10.411631 2026-09-10 02:22:58
INFO  [02:27:33.524] [bbotk]  timestamp_acq_function timestamp_acq_optimizer      timestamp_loop
INFO  [02:27:33.524] [bbotk]     2026-09-10 02:24:32     2026-09-10 02:24:32 2026-09-10 02:24:33
INFO  [02:27:33.524] [bbotk]     2026-09-10 02:26:06     2026-09-10 02:26:06 2026-09-10 02:26:07
INFO  [02:27:33.524] [bbotk]     2026-09-10 02:22:58     2026-09-10 02:22:58 2026-09-10 02:23:00
INFO  [02:27:36.603] [bbotk] Results of 1 configuration(s):
INFO  [02:27:36.611] [bbotk]  classif.ce learning_rate num_leaves min_data_in_leaf feature_fraction
INFO  [02:27:36.611] [bbotk]   0.3245004     -1.999609        115              200        0.4793954
INFO  [02:27:36.611] [bbotk]  extra_trees lambda_l1 lambda_l2 min_gain_to_split        timestamp_xs
INFO  [02:27:36.611] [bbotk]        FALSE    1.8397  2.537001         -5.402811 2026-09-10 02:23:37
INFO  [02:27:36.611] [bbotk]         timestamp_ys runtime_learners warnings errors internal_tuned_values
INFO  [02:27:36.611] [bbotk]  2026-09-10 02:27:35          237.331        0      0    num_iterations=337
INFO  [02:27:36.611] [bbotk]                             worker_id    acq_cb timestamp_surrogate
INFO  [02:27:36.611] [bbotk]  uncivil_bluemorphobutterfly_80ec364b -8.753638 2026-09-10 02:23:35
INFO  [02:27:36.611] [bbotk]  timestamp_acq_function timestamp_acq_optimizer      timestamp_loop
INFO  [02:27:36.611] [bbotk]     2026-09-10 02:23:36     2026-09-10 02:23:36 2026-09-10 02:23:37
INFO  [02:27:37.639] [bbotk] Results of 2 configuration(s):
INFO  [02:27:37.646] [bbotk]  classif.ce learning_rate num_leaves min_data_in_leaf feature_fraction
INFO  [02:27:37.646] [bbotk]   0.3244670     -2.372254        250               23        0.5091742
INFO  [02:27:37.646] [bbotk]   0.3240313     -2.236301        230              200        0.4394513
INFO  [02:27:37.646] [bbotk]  extra_trees  lambda_l1 lambda_l2 min_gain_to_split        timestamp_xs
INFO  [02:27:37.646] [bbotk]        FALSE -3.8252554 -5.737634         -3.371173 2026-09-10 02:24:53
INFO  [02:27:37.646] [bbotk]        FALSE -0.6770078  4.938941         -3.377300 2026-09-10 02:22:21
INFO  [02:27:37.646] [bbotk]         timestamp_ys runtime_learners warnings errors internal_tuned_values
INFO  [02:27:37.646] [bbotk]  2026-09-10 02:27:36          162.648        0      0    num_iterations=207
INFO  [02:27:37.646] [bbotk]  2026-09-10 02:27:37          314.286        0      0    num_iterations=324
INFO  [02:27:37.646] [bbotk]                     worker_id    acq_cb timestamp_surrogate
INFO  [02:27:37.646] [bbotk]    entodermal_plover_10f3e208 -17.17150 2026-09-10 02:24:51
INFO  [02:27:37.646] [bbotk]  bizarre_irishsetter_d062a3a9 -11.32062 2026-09-10 02:22:18
INFO  [02:27:37.646] [bbotk]  timestamp_acq_function timestamp_acq_optimizer      timestamp_loop
INFO  [02:27:37.646] [bbotk]     2026-09-10 02:24:52     2026-09-10 02:24:52 2026-09-10 02:24:53
INFO  [02:27:37.646] [bbotk]     2026-09-10 02:22:20     2026-09-10 02:22:20 2026-09-10 02:22:21
INFO  [02:27:39.757] [bbotk] Results of 1 configuration(s):
INFO  [02:27:39.765] [bbotk]  classif.ce learning_rate num_leaves min_data_in_leaf feature_fraction
INFO  [02:27:39.765] [bbotk]   0.3235957     -3.158948        216               31        0.4319873
INFO  [02:27:39.765] [bbotk]  extra_trees lambda_l1  lambda_l2 min_gain_to_split        timestamp_xs
INFO  [02:27:39.765] [bbotk]        FALSE -1.047204 -0.1982049         -3.769168 2026-09-10 02:21:41
INFO  [02:27:39.765] [bbotk]         timestamp_ys runtime_learners warnings errors internal_tuned_values
INFO  [02:27:39.765] [bbotk]  2026-09-10 02:27:39          356.591        0      0    num_iterations=498
INFO  [02:27:39.765] [bbotk]                                 worker_id   acq_cb timestamp_surrogate
INFO  [02:27:39.765] [bbotk]  parliamentary_labradorretriever_356ce24f -24.3994 2026-09-10 02:21:40
INFO  [02:27:39.765] [bbotk]  timestamp_acq_function timestamp_acq_optimizer      timestamp_loop
INFO  [02:27:39.765] [bbotk]     2026-09-10 02:21:40     2026-09-10 02:21:40 2026-09-10 02:21:41
INFO  [02:27:42.859] [bbotk] Results of 1 configuration(s):
INFO  [02:27:42.866] [bbotk]  classif.ce learning_rate num_leaves min_data_in_leaf feature_fraction
INFO  [02:27:42.866] [bbotk]   0.3233046     -3.316273        230               21        0.4514298
INFO  [02:27:42.866] [bbotk]  extra_trees lambda_l1 lambda_l2 min_gain_to_split        timestamp_xs
INFO  [02:27:42.866] [bbotk]        FALSE -6.907755 -5.665528         -5.337181 2026-09-10 02:21:14
INFO  [02:27:42.866] [bbotk]         timestamp_ys runtime_learners warnings errors internal_tuned_values
INFO  [02:27:42.866] [bbotk]  2026-09-10 02:27:41          386.022        0      0    num_iterations=568
INFO  [02:27:42.866] [bbotk]                      worker_id    acq_cb timestamp_surrogate
INFO  [02:27:42.866] [bbotk]  spinulose_tigershark_b08f2ac3 -18.27892 2026-09-10 02:21:11
INFO  [02:27:42.866] [bbotk]  timestamp_acq_function timestamp_acq_optimizer      timestamp_loop
INFO  [02:27:42.866] [bbotk]     2026-09-10 02:21:13     2026-09-10 02:21:13 2026-09-10 02:21:14
INFO  [02:27:44.927] [bbotk] Results of 3 configuration(s):
INFO  [02:27:44.934] [bbotk]  classif.ce learning_rate num_leaves min_data_in_leaf feature_fraction
INFO  [02:27:44.934] [bbotk]   0.3252958     -2.580284        255               30        0.6542238
INFO  [02:27:44.934] [bbotk]   0.3243447     -2.675552        226                5        0.5880031
INFO  [02:27:44.934] [bbotk]   0.3269031     -3.227589        219               32        0.8794919
INFO  [02:27:44.934] [bbotk]  extra_trees lambda_l1 lambda_l2 min_gain_to_split        timestamp_xs
INFO  [02:27:44.934] [bbotk]        FALSE -1.026612 -2.830968         -3.103548 2026-09-10 02:24:38
INFO  [02:27:44.934] [bbotk]        FALSE -3.252656  4.708294         -4.344793 2026-09-10 02:22:19
INFO  [02:27:44.934] [bbotk]        FALSE -5.282747  2.908952         -2.864712 2026-09-10 02:22:50
INFO  [02:27:44.934] [bbotk]         timestamp_ys runtime_learners warnings errors internal_tuned_values
INFO  [02:27:44.934] [bbotk]  2026-09-10 02:27:43          184.534        0      0    num_iterations=202
INFO  [02:27:44.934] [bbotk]  2026-09-10 02:27:44          323.466        0      0    num_iterations=338
INFO  [02:27:44.934] [bbotk]  2026-09-10 02:27:44          293.306        0      0    num_iterations=293
INFO  [02:27:44.934] [bbotk]                         worker_id    acq_cb timestamp_surrogate
INFO  [02:27:44.934] [bbotk]           nearby_manxcat_22c140f4 -15.31979 2026-09-10 02:24:36
INFO  [02:27:44.934] [bbotk]  legible_northernfurseal_4ec4fe2b -18.06654 2026-09-10 02:22:16
INFO  [02:27:44.934] [bbotk]        intolerable_urson_4b22e004 -22.53318 2026-09-10 02:22:48
INFO  [02:27:44.934] [bbotk]  timestamp_acq_function timestamp_acq_optimizer      timestamp_loop
INFO  [02:27:44.934] [bbotk]     2026-09-10 02:24:37     2026-09-10 02:24:37 2026-09-10 02:24:38
INFO  [02:27:44.934] [bbotk]     2026-09-10 02:22:16     2026-09-10 02:22:16 2026-09-10 02:22:19
INFO  [02:27:44.934] [bbotk]     2026-09-10 02:22:48     2026-09-10 02:22:48 2026-09-10 02:22:50
INFO  [02:27:49.040] [bbotk] Results of 1 configuration(s):
INFO  [02:27:49.048] [bbotk]  classif.ce learning_rate num_leaves min_data_in_leaf feature_fraction
INFO  [02:27:49.048] [bbotk]   0.3255831      -2.20633        255               98        0.6704032
INFO  [02:27:49.048] [bbotk]  extra_trees lambda_l1 lambda_l2 min_gain_to_split        timestamp_xs
INFO  [02:27:49.048] [bbotk]        FALSE 0.6422717 -6.907755         -4.309007 2026-09-10 02:25:02
INFO  [02:27:49.048] [bbotk]         timestamp_ys runtime_learners warnings errors internal_tuned_values
INFO  [02:27:49.048] [bbotk]  2026-09-10 02:27:48          165.219        0      0    num_iterations=153
INFO  [02:27:49.048] [bbotk]                       worker_id    acq_cb timestamp_surrogate
INFO  [02:27:49.048] [bbotk]  unkempt_albertosaurus_f8eeca4a -21.95486 2026-09-10 02:25:00
INFO  [02:27:49.048] [bbotk]  timestamp_acq_function timestamp_acq_optimizer      timestamp_loop
INFO  [02:27:49.048] [bbotk]     2026-09-10 02:25:01     2026-09-10 02:25:01 2026-09-10 02:25:02
INFO  [02:27:50.080] [bbotk] Results of 2 configuration(s):
INFO  [02:27:50.087] [bbotk]  classif.ce learning_rate num_leaves min_data_in_leaf feature_fraction
INFO  [02:27:50.087] [bbotk]   0.3249750     -2.634232        228                1        0.6524224
INFO  [02:27:50.087] [bbotk]   0.3266436     -3.219608        246               32        0.8717491
INFO  [02:27:50.087] [bbotk]  extra_trees lambda_l1 lambda_l2 min_gain_to_split        timestamp_xs
INFO  [02:27:50.087] [bbotk]        FALSE -1.218172 -5.410346         -3.257026 2026-09-10 02:24:39
INFO  [02:27:50.087] [bbotk]        FALSE -5.113460  3.280966         -2.844860 2026-09-10 02:22:35
INFO  [02:27:50.087] [bbotk]         timestamp_ys runtime_learners warnings errors internal_tuned_values
INFO  [02:27:50.087] [bbotk]  2026-09-10 02:27:49          188.835        0      0    num_iterations=255
INFO  [02:27:50.087] [bbotk]  2026-09-10 02:27:49          311.887        0      0    num_iterations=300
INFO  [02:27:50.087] [bbotk]                      worker_id    acq_cb timestamp_surrogate
INFO  [02:27:50.087] [bbotk]       eliminable_slug_7280d998 -16.54422 2026-09-10 02:24:38
INFO  [02:27:50.087] [bbotk]  declared_brahmanbull_4fbc5d4a -15.08393 2026-09-10 02:22:34
INFO  [02:27:50.087] [bbotk]  timestamp_acq_function timestamp_acq_optimizer      timestamp_loop
INFO  [02:27:50.087] [bbotk]     2026-09-10 02:24:38     2026-09-10 02:24:38 2026-09-10 02:24:39
INFO  [02:27:50.087] [bbotk]     2026-09-10 02:22:34     2026-09-10 02:22:34 2026-09-10 02:22:35
INFO  [02:27:52.144] [bbotk] Results of 2 configuration(s):
INFO  [02:27:52.152] [bbotk]  classif.ce learning_rate num_leaves min_data_in_leaf feature_fraction
INFO  [02:27:52.152] [bbotk]   0.3242668     -2.454943        255               18        0.6334692
INFO  [02:27:52.152] [bbotk]   0.3275910     -2.367655        162              165        0.9985443
INFO  [02:27:52.152] [bbotk]  extra_trees lambda_l1 lambda_l2 min_gain_to_split        timestamp_xs
INFO  [02:27:52.152] [bbotk]        FALSE -6.907755 -6.237693         -3.816484 2026-09-10 02:25:06
INFO  [02:27:52.152] [bbotk]        FALSE -6.560073  6.907755         -4.441574 2026-09-10 02:23:18
INFO  [02:27:52.152] [bbotk]         timestamp_ys runtime_learners warnings errors internal_tuned_values
INFO  [02:27:52.152] [bbotk]  2026-09-10 02:27:51          163.768        0      0    num_iterations=206
INFO  [02:27:52.152] [bbotk]  2026-09-10 02:27:51          272.059        0      0    num_iterations=205
INFO  [02:27:52.152] [bbotk]                         worker_id     acq_cb timestamp_surrogate
INFO  [02:27:52.152] [bbotk]  pedagoguish_germanspitz_4795e3d6 -14.725226 2026-09-10 02:25:04
INFO  [02:27:52.152] [bbotk]         inferior_macaque_9c851eba  -3.482616 2026-09-10 02:23:17
INFO  [02:27:52.152] [bbotk]  timestamp_acq_function timestamp_acq_optimizer      timestamp_loop
INFO  [02:27:52.152] [bbotk]     2026-09-10 02:25:05     2026-09-10 02:25:05 2026-09-10 02:25:06
INFO  [02:27:52.152] [bbotk]     2026-09-10 02:23:17     2026-09-10 02:23:17 2026-09-10 02:23:18
INFO  [02:27:54.207] [bbotk] Results of 1 configuration(s):
INFO  [02:27:54.214] [bbotk]  classif.ce learning_rate num_leaves min_data_in_leaf feature_fraction
INFO  [02:27:54.214] [bbotk]   0.3250418     -2.107581        111              200         0.402638
INFO  [02:27:54.214] [bbotk]  extra_trees lambda_l1 lambda_l2 min_gain_to_split        timestamp_xs
INFO  [02:27:54.214] [bbotk]        FALSE  2.492149  2.162443         -5.189486 2026-09-10 02:23:34
INFO  [02:27:54.214] [bbotk]         timestamp_ys runtime_learners warnings errors internal_tuned_values
INFO  [02:27:54.214] [bbotk]  2026-09-10 02:27:53           257.97        0      0    num_iterations=350
INFO  [02:27:54.214] [bbotk]                    worker_id    acq_cb timestamp_surrogate
INFO  [02:27:54.214] [bbotk]  daughterly_katydid_313d3546 -7.188436 2026-09-10 02:23:32
INFO  [02:27:54.214] [bbotk]  timestamp_acq_function timestamp_acq_optimizer      timestamp_loop
INFO  [02:27:54.214] [bbotk]     2026-09-10 02:23:33     2026-09-10 02:23:33 2026-09-10 02:23:34
INFO  [02:27:55.242] [bbotk] Results of 1 configuration(s):
INFO  [02:27:55.249] [bbotk]  classif.ce learning_rate num_leaves min_data_in_leaf feature_fraction
INFO  [02:27:55.249] [bbotk]   0.3241574     -2.110365        255               46        0.4157433
INFO  [02:27:55.249] [bbotk]  extra_trees lambda_l1 lambda_l2 min_gain_to_split        timestamp_xs
INFO  [02:27:55.249] [bbotk]        FALSE  -3.98516  2.677403         -5.497924 2026-09-10 02:24:34
INFO  [02:27:55.249] [bbotk]         timestamp_ys runtime_learners warnings errors internal_tuned_values
INFO  [02:27:55.249] [bbotk]  2026-09-10 02:27:54          198.753        0      0    num_iterations=229
INFO  [02:27:55.249] [bbotk]                            worker_id    acq_cb timestamp_surrogate
INFO  [02:27:55.249] [bbotk]  microbiophobic_ibizanhound_26dc35ec -11.02091 2026-09-10 02:24:32
INFO  [02:27:55.249] [bbotk]  timestamp_acq_function timestamp_acq_optimizer      timestamp_loop
INFO  [02:27:55.249] [bbotk]     2026-09-10 02:24:33     2026-09-10 02:24:33 2026-09-10 02:24:34
INFO  [02:27:56.281] [bbotk] Results of 1 configuration(s):
INFO  [02:27:56.288] [bbotk]  classif.ce learning_rate num_leaves min_data_in_leaf feature_fraction
INFO  [02:27:56.288] [bbotk]   0.3255164     -2.387018        255               87        0.7711368
INFO  [02:27:56.288] [bbotk]  extra_trees lambda_l1 lambda_l2 min_gain_to_split        timestamp_xs
INFO  [02:27:56.288] [bbotk]        FALSE -6.505874 -3.481463         -4.247375 2026-09-10 02:25:22
INFO  [02:27:56.288] [bbotk]         timestamp_ys runtime_learners warnings errors internal_tuned_values
INFO  [02:27:56.288] [bbotk]  2026-09-10 02:27:55          152.576        0      0    num_iterations=156
INFO  [02:27:56.288] [bbotk]                 worker_id    acq_cb timestamp_surrogate timestamp_acq_function
INFO  [02:27:56.288] [bbotk]  gossipy_caribou_1037c65b -5.020364 2026-09-10 02:25:20    2026-09-10 02:25:21
INFO  [02:27:56.288] [bbotk]  timestamp_acq_optimizer      timestamp_loop
INFO  [02:27:56.288] [bbotk]      2026-09-10 02:25:21 2026-09-10 02:25:22
INFO  [02:27:57.319] [bbotk] Results of 1 configuration(s):
INFO  [02:27:57.327] [bbotk]  classif.ce learning_rate num_leaves min_data_in_leaf feature_fraction
INFO  [02:27:57.327] [bbotk]   0.3240091     -2.615169        248              173        0.4743341
INFO  [02:27:57.327] [bbotk]  extra_trees lambda_l1  lambda_l2 min_gain_to_split        timestamp_xs
INFO  [02:27:57.327] [bbotk]        FALSE  2.118614 -0.8769695         -6.121572 2026-09-10 02:22:11
INFO  [02:27:57.327] [bbotk]         timestamp_ys runtime_learners warnings errors internal_tuned_values
INFO  [02:27:57.327] [bbotk]  2026-09-10 02:27:56          343.735        0      0    num_iterations=334
INFO  [02:27:57.327] [bbotk]                               worker_id   acq_cb timestamp_surrogate
INFO  [02:27:57.327] [bbotk]  uncontradictious_waterboatman_1725799f -4.70784 2026-09-10 02:22:09
INFO  [02:27:57.327] [bbotk]  timestamp_acq_function timestamp_acq_optimizer      timestamp_loop
INFO  [02:27:57.327] [bbotk]     2026-09-10 02:22:10     2026-09-10 02:22:10 2026-09-10 02:22:11
INFO  [02:28:02.454] [bbotk] Results of 1 configuration(s):
INFO  [02:28:02.461] [bbotk]  classif.ce learning_rate num_leaves min_data_in_leaf feature_fraction
INFO  [02:28:02.461] [bbotk]   0.3273017     -1.524947         35              156        0.7096651
INFO  [02:28:02.461] [bbotk]  extra_trees lambda_l1 lambda_l2 min_gain_to_split        timestamp_xs
INFO  [02:28:02.461] [bbotk]        FALSE -6.162412 -1.506405         -2.697945 2026-09-10 02:25:46
INFO  [02:28:02.461] [bbotk]         timestamp_ys runtime_learners warnings errors internal_tuned_values
INFO  [02:28:02.461] [bbotk]  2026-09-10 02:28:01          134.907        0      0    num_iterations=379
INFO  [02:28:02.461] [bbotk]                         worker_id   acq_cb timestamp_surrogate
INFO  [02:28:02.461] [bbotk]  microclimatologic_basil_af77781a -6.13322 2026-09-10 02:25:44
INFO  [02:28:02.461] [bbotk]  timestamp_acq_function timestamp_acq_optimizer      timestamp_loop
INFO  [02:28:02.461] [bbotk]     2026-09-10 02:25:45     2026-09-10 02:25:45 2026-09-10 02:25:46
INFO  [02:28:03.491] [bbotk] Results of 1 configuration(s):
INFO  [02:28:03.499] [bbotk]  classif.ce learning_rate num_leaves min_data_in_leaf feature_fraction
INFO  [02:28:03.499] [bbotk]   0.3243243     -3.072777        201              147        0.5723179
INFO  [02:28:03.499] [bbotk]  extra_trees lambda_l1 lambda_l2 min_gain_to_split        timestamp_xs
INFO  [02:28:03.499] [bbotk]        FALSE -4.170789  2.411825         -4.377675 2026-09-10 02:22:21
INFO  [02:28:03.499] [bbotk]         timestamp_ys runtime_learners warnings errors internal_tuned_values
INFO  [02:28:03.499] [bbotk]  2026-09-10 02:28:03          341.368        0      0    num_iterations=466
INFO  [02:28:03.499] [bbotk]            worker_id    acq_cb timestamp_surrogate timestamp_acq_function
INFO  [02:28:03.499] [bbotk]  dorky_tick_067e084f -6.782391 2026-09-10 02:22:18    2026-09-10 02:22:20
INFO  [02:28:03.499] [bbotk]  timestamp_acq_optimizer      timestamp_loop
INFO  [02:28:03.499] [bbotk]      2026-09-10 02:22:20 2026-09-10 02:22:21
INFO  [02:28:05.574] [bbotk] Results of 2 configuration(s):
INFO  [02:28:05.584] [bbotk]  classif.ce learning_rate num_leaves min_data_in_leaf feature_fraction
INFO  [02:28:05.584] [bbotk]   0.3279599     -1.350523        146              194        0.8742994
INFO  [02:28:05.584] [bbotk]   0.3243354     -2.477774        251                5        0.5694402
INFO  [02:28:05.584] [bbotk]  extra_trees  lambda_l1 lambda_l2 min_gain_to_split        timestamp_xs
INFO  [02:28:05.584] [bbotk]        FALSE -4.8047340  3.814405         -3.989008 2026-09-10 02:26:23
INFO  [02:28:05.584] [bbotk]        FALSE -0.1319678  4.903094         -5.814655 2026-09-10 02:22:56
INFO  [02:28:05.584] [bbotk]         timestamp_ys runtime_learners warnings errors internal_tuned_values
INFO  [02:28:05.584] [bbotk]  2026-09-10 02:28:05          100.491        0      0     num_iterations=82
INFO  [02:28:05.584] [bbotk]  2026-09-10 02:28:05          307.712        0      0    num_iterations=297
INFO  [02:28:05.584] [bbotk]                           worker_id     acq_cb timestamp_surrogate
INFO  [02:28:05.584] [bbotk]  prickly_labradorretriever_c9727eb4  -3.433302 2026-09-10 02:26:21
INFO  [02:28:05.584] [bbotk]   nonmagnetic_springpeeper_0f9ea0cf -18.654274 2026-09-10 02:22:54
INFO  [02:28:05.584] [bbotk]  timestamp_acq_function timestamp_acq_optimizer      timestamp_loop
INFO  [02:28:05.584] [bbotk]     2026-09-10 02:26:22     2026-09-10 02:26:22 2026-09-10 02:26:23
INFO  [02:28:05.584] [bbotk]     2026-09-10 02:22:55     2026-09-10 02:22:55 2026-09-10 02:22:56
INFO  [02:28:06.618] [bbotk] Results of 1 configuration(s):
INFO  [02:28:06.625] [bbotk]  classif.ce learning_rate num_leaves min_data_in_leaf feature_fraction
INFO  [02:28:06.625] [bbotk]   0.3290222     -1.975782         10              170        0.4390813
INFO  [02:28:06.625] [bbotk]  extra_trees lambda_l1   lambda_l2 min_gain_to_split        timestamp_xs
INFO  [02:28:06.625] [bbotk]        FALSE  -1.06676 -0.04556236         -3.054251 2026-09-10 02:23:41
INFO  [02:28:06.625] [bbotk]         timestamp_ys runtime_learners warnings errors internal_tuned_values
INFO  [02:28:06.625] [bbotk]  2026-09-10 02:28:06          264.195        0      0    num_iterations=928
INFO  [02:28:06.625] [bbotk]                         worker_id    acq_cb timestamp_surrogate
INFO  [02:28:06.625] [bbotk]  varying_indianglassfish_da77a7d3 -14.16593 2026-09-10 02:23:39
INFO  [02:28:06.625] [bbotk]  timestamp_acq_function timestamp_acq_optimizer      timestamp_loop
INFO  [02:28:06.625] [bbotk]     2026-09-10 02:23:40     2026-09-10 02:23:40 2026-09-10 02:23:41
INFO  [02:28:09.704] [bbotk] Results of 2 configuration(s):
INFO  [02:28:09.712] [bbotk]  classif.ce learning_rate num_leaves min_data_in_leaf feature_fraction
INFO  [02:28:09.712] [bbotk]   0.3257240     -2.087379        255               91        0.6830150
INFO  [02:28:09.712] [bbotk]   0.3243817     -2.555070        241                9        0.5918566
INFO  [02:28:09.712] [bbotk]  extra_trees  lambda_l1  lambda_l2 min_gain_to_split        timestamp_xs
INFO  [02:28:09.712] [bbotk]        FALSE -0.3705866 -0.9445895         -4.422945 2026-09-10 02:26:00
INFO  [02:28:09.712] [bbotk]        FALSE  0.4245586  4.2315147         -5.663934 2026-09-10 02:23:11
INFO  [02:28:09.712] [bbotk]         timestamp_ys runtime_learners warnings errors internal_tuned_values
INFO  [02:28:09.712] [bbotk]  2026-09-10 02:28:09          127.418        0      0    num_iterations=113
INFO  [02:28:09.712] [bbotk]  2026-09-10 02:28:09          296.120        0      0    num_iterations=311
INFO  [02:28:09.712] [bbotk]                 worker_id     acq_cb timestamp_surrogate timestamp_acq_function
INFO  [02:28:09.712] [bbotk]    frisky_cougar_7ba1ce01  -6.592211 2026-09-10 02:25:58    2026-09-10 02:25:59
INFO  [02:28:09.712] [bbotk]  brutal_lacewing_0cfabc91 -15.801421 2026-09-10 02:23:09    2026-09-10 02:23:10
INFO  [02:28:09.712] [bbotk]  timestamp_acq_optimizer      timestamp_loop
INFO  [02:28:09.712] [bbotk]      2026-09-10 02:25:59 2026-09-10 02:26:00
INFO  [02:28:09.712] [bbotk]      2026-09-10 02:23:10 2026-09-10 02:23:11
INFO  [02:28:10.740] [bbotk] Results of 2 configuration(s):
INFO  [02:28:10.747] [bbotk]  classif.ce learning_rate num_leaves min_data_in_leaf feature_fraction
INFO  [02:28:10.747] [bbotk]   0.3238107     -2.428128        176               31        0.4422989
INFO  [02:28:10.747] [bbotk]   0.3248434     -2.111787        232               66        0.5599388
INFO  [02:28:10.747] [bbotk]  extra_trees lambda_l1 lambda_l2 min_gain_to_split        timestamp_xs
INFO  [02:28:10.747] [bbotk]        FALSE  1.985043 0.2599759         -6.907755 2026-09-10 02:22:59
INFO  [02:28:10.747] [bbotk]        FALSE -1.317248 3.0346182         -4.323110 2026-09-10 02:25:19
INFO  [02:28:10.747] [bbotk]         timestamp_ys runtime_learners warnings errors internal_tuned_values
INFO  [02:28:10.747] [bbotk]  2026-09-10 02:28:10          309.519        0      0    num_iterations=358
INFO  [02:28:10.747] [bbotk]  2026-09-10 02:28:10          169.504        0      0    num_iterations=186
INFO  [02:28:10.747] [bbotk]                      worker_id     acq_cb timestamp_surrogate
INFO  [02:28:10.747] [bbotk]  subcultural_housefly_e5bd6a7e -16.482071 2026-09-10 02:22:58
INFO  [02:28:10.747] [bbotk]       maladroit_galah_789d6085  -4.177692 2026-09-10 02:25:17
INFO  [02:28:10.747] [bbotk]  timestamp_acq_function timestamp_acq_optimizer      timestamp_loop
INFO  [02:28:10.747] [bbotk]     2026-09-10 02:22:58     2026-09-10 02:22:58 2026-09-10 02:22:59
INFO  [02:28:10.747] [bbotk]     2026-09-10 02:25:18     2026-09-10 02:25:18 2026-09-10 02:25:19
INFO  [02:28:11.775] [bbotk] Results of 2 configuration(s):
INFO  [02:28:11.782] [bbotk]  classif.ce learning_rate num_leaves min_data_in_leaf feature_fraction
INFO  [02:28:11.782] [bbotk]   0.3236791     -2.634302        255                1        0.5912827
INFO  [02:28:11.782] [bbotk]   0.3248415     -2.026341        255               14        0.5941901
INFO  [02:28:11.782] [bbotk]  extra_trees lambda_l1 lambda_l2 min_gain_to_split        timestamp_xs
INFO  [02:28:11.782] [bbotk]        FALSE -1.522963 -3.202136         -3.376332 2026-09-10 02:24:40
INFO  [02:28:11.782] [bbotk]        FALSE -4.576445 -3.410178         -5.510642 2026-09-10 02:25:58
INFO  [02:28:11.782] [bbotk]         timestamp_ys runtime_learners warnings errors internal_tuned_values
INFO  [02:28:11.782] [bbotk]  2026-09-10 02:28:10          209.681        0      0    num_iterations=289
INFO  [02:28:11.782] [bbotk]  2026-09-10 02:28:11          132.695        0      0    num_iterations=179
INFO  [02:28:11.782] [bbotk]                         worker_id     acq_cb timestamp_surrogate
INFO  [02:28:11.782] [bbotk]        costless_ibisbill_206330c7  -9.693901 2026-09-10 02:24:38
INFO  [02:28:11.782] [bbotk]  verminous_eidolonhelvum_fd97e393 -22.969616 2026-09-10 02:25:55
INFO  [02:28:11.782] [bbotk]  timestamp_acq_function timestamp_acq_optimizer      timestamp_loop
INFO  [02:28:11.782] [bbotk]     2026-09-10 02:24:39     2026-09-10 02:24:39 2026-09-10 02:24:40
INFO  [02:28:11.782] [bbotk]     2026-09-10 02:25:56     2026-09-10 02:25:56 2026-09-10 02:25:58
INFO  [02:28:12.813] [bbotk] Results of 4 configuration(s):
INFO  [02:28:12.820] [bbotk]  classif.ce learning_rate num_leaves min_data_in_leaf feature_fraction
INFO  [02:28:12.820] [bbotk]   0.3243057     -3.292212        202              146        0.5735324
INFO  [02:28:12.820] [bbotk]   0.3241871     -3.087331        199              142        0.5785848
INFO  [02:28:12.820] [bbotk]   0.3267678     -3.430362        142               72        0.8065063
INFO  [02:28:12.820] [bbotk]   0.3281694     -2.262125        118              174        0.3392899
INFO  [02:28:12.820] [bbotk]  extra_trees lambda_l1 lambda_l2 min_gain_to_split        timestamp_xs
INFO  [02:28:12.820] [bbotk]        FALSE -4.225988  2.598514         -4.257891 2026-09-10 02:22:11
INFO  [02:28:12.820] [bbotk]        FALSE -4.265424  1.753954         -4.609425 2026-09-10 02:22:39
INFO  [02:28:12.820] [bbotk]        FALSE -2.816089  1.236570         -4.588923 2026-09-10 02:23:00
INFO  [02:28:12.820] [bbotk]        FALSE  1.372608 -1.180304         -6.105226 2026-09-10 02:22:39
INFO  [02:28:12.820] [bbotk]         timestamp_ys runtime_learners warnings errors internal_tuned_values
INFO  [02:28:12.820] [bbotk]  2026-09-10 02:28:12          359.438        0      0    num_iterations=454
INFO  [02:28:12.820] [bbotk]  2026-09-10 02:28:12          331.486        0      0    num_iterations=408
INFO  [02:28:12.820] [bbotk]  2026-09-10 02:28:12          311.426        0      0    num_iterations=415
INFO  [02:28:12.820] [bbotk]  2026-09-10 02:28:12          332.835        0      0    num_iterations=540
INFO  [02:28:12.820] [bbotk]                       worker_id     acq_cb timestamp_surrogate
INFO  [02:28:12.820] [bbotk]       leery_cuttlefish_8e1170b1  -5.874563 2026-09-10 02:22:09
INFO  [02:28:12.820] [bbotk]         habitual_squid_9d5eee3d -17.795791 2026-09-10 02:22:37
INFO  [02:28:12.820] [bbotk]         igniteable_fox_78dbe07d  -7.534914 2026-09-10 02:22:58
INFO  [02:28:12.820] [bbotk]  unsuccessful_mandrill_2dde91e6  -9.050271 2026-09-10 02:22:36
INFO  [02:28:12.820] [bbotk]  timestamp_acq_function timestamp_acq_optimizer      timestamp_loop
INFO  [02:28:12.820] [bbotk]     2026-09-10 02:22:10     2026-09-10 02:22:10 2026-09-10 02:22:11
INFO  [02:28:12.820] [bbotk]     2026-09-10 02:22:39     2026-09-10 02:22:39 2026-09-10 02:22:39
INFO  [02:28:12.820] [bbotk]     2026-09-10 02:22:58     2026-09-10 02:22:58 2026-09-10 02:23:00
INFO  [02:28:12.820] [bbotk]     2026-09-10 02:22:37     2026-09-10 02:22:37 2026-09-10 02:22:39
INFO  [02:28:14.875] [bbotk] Results of 2 configuration(s):
INFO  [02:28:14.882] [bbotk]  classif.ce learning_rate num_leaves min_data_in_leaf feature_fraction
INFO  [02:28:14.882] [bbotk]   0.3245319     -2.569719        253               42        0.5889248
INFO  [02:28:14.882] [bbotk]   0.3251159     -2.134209        103               62        0.4205476
INFO  [02:28:14.882] [bbotk]  extra_trees  lambda_l1 lambda_l2 min_gain_to_split        timestamp_xs
INFO  [02:28:14.882] [bbotk]        FALSE  0.6585224  5.416330         -5.693871 2026-09-10 02:22:21
INFO  [02:28:14.882] [bbotk]        FALSE -0.8137123  3.294285         -4.430719 2026-09-10 02:24:56
INFO  [02:28:14.882] [bbotk]         timestamp_ys runtime_learners warnings errors internal_tuned_values
INFO  [02:28:14.882] [bbotk]  2026-09-10 02:28:13          350.776        0      0    num_iterations=298
INFO  [02:28:14.882] [bbotk]  2026-09-10 02:28:14          197.590        0      0    num_iterations=364
INFO  [02:28:14.882] [bbotk]                          worker_id     acq_cb timestamp_surrogate
INFO  [02:28:14.882] [bbotk]      mercenary_yellowlegs_49852ab4 -14.992993 2026-09-10 02:22:18
INFO  [02:28:14.882] [bbotk]  paleopsychological_hyena_57ec3de2  -9.612306 2026-09-10 02:24:54
INFO  [02:28:14.882] [bbotk]  timestamp_acq_function timestamp_acq_optimizer      timestamp_loop
INFO  [02:28:14.882] [bbotk]     2026-09-10 02:22:19     2026-09-10 02:22:19 2026-09-10 02:22:21
INFO  [02:28:14.882] [bbotk]     2026-09-10 02:24:54     2026-09-10 02:24:55 2026-09-10 02:24:56
INFO  [02:28:16.936] [bbotk] Results of 2 configuration(s):
INFO  [02:28:16.943] [bbotk]  classif.ce learning_rate num_leaves min_data_in_leaf feature_fraction
INFO  [02:28:16.943] [bbotk]   0.3248397     -1.891922        255               24        0.5637414
INFO  [02:28:16.943] [bbotk]   0.3267418     -3.181250        236               36        0.7986268
INFO  [02:28:16.943] [bbotk]  extra_trees  lambda_l1 lambda_l2 min_gain_to_split        timestamp_xs
INFO  [02:28:16.943] [bbotk]        FALSE -0.5190052 -1.986046         -5.554083 2026-09-10 02:26:14
INFO  [02:28:16.943] [bbotk]        FALSE -5.0279604  3.290571         -2.564163 2026-09-10 02:23:01
INFO  [02:28:16.943] [bbotk]         timestamp_ys runtime_learners warnings errors internal_tuned_values
INFO  [02:28:16.943] [bbotk]  2026-09-10 02:28:16          120.903        0      0    num_iterations=135
INFO  [02:28:16.943] [bbotk]  2026-09-10 02:28:16          314.182        0      0    num_iterations=325
INFO  [02:28:16.943] [bbotk]                           worker_id     acq_cb timestamp_surrogate
INFO  [02:28:16.943] [bbotk]  organisational_blacklemur_c926fcdb  -4.157659 2026-09-10 02:26:12
INFO  [02:28:16.943] [bbotk]              dihydric_flee_87a8f368 -18.006318 2026-09-10 02:22:58
INFO  [02:28:16.943] [bbotk]  timestamp_acq_function timestamp_acq_optimizer      timestamp_loop
INFO  [02:28:16.943] [bbotk]     2026-09-10 02:26:13     2026-09-10 02:26:13 2026-09-10 02:26:14
INFO  [02:28:16.943] [bbotk]     2026-09-10 02:22:58     2026-09-10 02:22:58 2026-09-10 02:23:01
INFO  [02:28:17.972] [bbotk] Results of 4 configuration(s):
INFO  [02:28:17.979] [bbotk]  classif.ce learning_rate num_leaves min_data_in_leaf feature_fraction
INFO  [02:28:17.979] [bbotk]   0.3246098     -3.302545        115               29        0.4409148
INFO  [02:28:17.979] [bbotk]   0.3246598     -2.345538        118              172        0.3817844
INFO  [02:28:17.979] [bbotk]   0.3238997     -3.264479        248                1        0.4382189
INFO  [02:28:17.979] [bbotk]   0.3265527     -3.441896        159               72        0.8165439
INFO  [02:28:17.979] [bbotk]  extra_trees  lambda_l1 lambda_l2 min_gain_to_split        timestamp_xs
INFO  [02:28:17.979] [bbotk]        FALSE -6.0562220 -5.348545         -3.379001 2026-09-10 02:21:28
INFO  [02:28:17.979] [bbotk]        FALSE  1.4620718 -1.278685         -6.076745 2026-09-10 02:23:19
INFO  [02:28:17.979] [bbotk]        FALSE -0.7864806  3.270208         -3.285438 2026-09-10 02:20:55
INFO  [02:28:17.979] [bbotk]        FALSE -2.7977945  1.268170         -4.457282 2026-09-10 02:22:51
INFO  [02:28:17.979] [bbotk]         timestamp_ys runtime_learners warnings errors internal_tuned_values
INFO  [02:28:17.979] [bbotk]  2026-09-10 02:28:17          408.166        0      0    num_iterations=728
INFO  [02:28:17.979] [bbotk]  2026-09-10 02:28:17          296.522        0      0    num_iterations=428
INFO  [02:28:17.979] [bbotk]  2026-09-10 02:28:17          440.081        0      0    num_iterations=525
INFO  [02:28:17.979] [bbotk]  2026-09-10 02:28:17          326.240        0      0    num_iterations=430
INFO  [02:28:17.979] [bbotk]                          worker_id    acq_cb timestamp_surrogate
INFO  [02:28:17.979] [bbotk]         misandrous_uakari_14a70b88 -11.89672 2026-09-10 02:21:26
INFO  [02:28:17.979] [bbotk]          papery_centipede_61e5c1d7 -16.97468 2026-09-10 02:23:17
INFO  [02:28:17.979] [bbotk]       usurious_megaraptor_f79ce227 -21.92716 2026-09-10 02:20:54
INFO  [02:28:17.979] [bbotk]  exploitatory_iberiannase_9b777bf6  -7.00161 2026-09-10 02:22:49
INFO  [02:28:17.979] [bbotk]  timestamp_acq_function timestamp_acq_optimizer      timestamp_loop
INFO  [02:28:17.979] [bbotk]     2026-09-10 02:21:27     2026-09-10 02:21:27 2026-09-10 02:21:28
INFO  [02:28:17.979] [bbotk]     2026-09-10 02:23:18     2026-09-10 02:23:18 2026-09-10 02:23:19
INFO  [02:28:17.979] [bbotk]     2026-09-10 02:20:54     2026-09-10 02:20:54 2026-09-10 02:20:55
INFO  [02:28:17.979] [bbotk]     2026-09-10 02:22:49     2026-09-10 02:22:49 2026-09-10 02:22:51
INFO  [02:28:19.009] [bbotk] Results of 1 configuration(s):
INFO  [02:28:19.016] [bbotk]  classif.ce learning_rate num_leaves min_data_in_leaf feature_fraction
INFO  [02:28:19.016] [bbotk]   0.3239813     -3.312138        246               33        0.4063046
INFO  [02:28:19.016] [bbotk]  extra_trees  lambda_l1 lambda_l2 min_gain_to_split        timestamp_xs
INFO  [02:28:19.016] [bbotk]        FALSE -0.7309497  2.559262         -3.369595 2026-09-10 02:21:22
INFO  [02:28:19.016] [bbotk]         timestamp_ys runtime_learners warnings errors internal_tuned_values
INFO  [02:28:19.016] [bbotk]  2026-09-10 02:28:18          414.933        0      0    num_iterations=491
INFO  [02:28:19.016] [bbotk]               worker_id    acq_cb timestamp_surrogate timestamp_acq_function
INFO  [02:28:19.016] [bbotk]  genuine_puppy_60ebd46b -21.24232 2026-09-10 02:21:17    2026-09-10 02:21:21
INFO  [02:28:19.016] [bbotk]  timestamp_acq_optimizer      timestamp_loop
INFO  [02:28:19.016] [bbotk]      2026-09-10 02:21:21 2026-09-10 02:21:22
INFO  [02:28:22.094] [bbotk] Results of 2 configuration(s):
INFO  [02:28:22.101] [bbotk]  classif.ce learning_rate num_leaves min_data_in_leaf feature_fraction
INFO  [02:28:22.101] [bbotk]   0.3322148     -2.894420         10                1        0.4395223
INFO  [02:28:22.101] [bbotk]   0.3246858     -2.080322        171                1        0.5475311
INFO  [02:28:22.101] [bbotk]  extra_trees  lambda_l1 lambda_l2 min_gain_to_split        timestamp_xs
INFO  [02:28:22.101] [bbotk]        FALSE -6.9077553 -5.387654         -5.717436 2026-09-10 02:23:33
INFO  [02:28:22.101] [bbotk]        FALSE -0.8889999 -1.769274         -5.848777 2026-09-10 02:26:07
INFO  [02:28:22.101] [bbotk]         timestamp_ys runtime_learners warnings errors internal_tuned_values
INFO  [02:28:22.101] [bbotk]  2026-09-10 02:28:21          287.329        0      0   num_iterations=1047
INFO  [02:28:22.101] [bbotk]  2026-09-10 02:28:22          134.374        0      0    num_iterations=215
INFO  [02:28:22.101] [bbotk]                        worker_id     acq_cb timestamp_surrogate
INFO  [02:28:22.101] [bbotk]      ulcerative_halcyon_21c6284f -15.402691 2026-09-10 02:23:31
INFO  [02:28:22.101] [bbotk]  seismoscopic_tsetsefly_7d9b306b  -6.070283 2026-09-10 02:26:05
INFO  [02:28:22.101] [bbotk]  timestamp_acq_function timestamp_acq_optimizer      timestamp_loop
INFO  [02:28:22.101] [bbotk]     2026-09-10 02:23:31     2026-09-10 02:23:31 2026-09-10 02:23:33
INFO  [02:28:22.101] [bbotk]     2026-09-10 02:26:06     2026-09-10 02:26:06 2026-09-10 02:26:07
INFO  [02:28:24.154] [bbotk] Results of 1 configuration(s):
INFO  [02:28:24.161] [bbotk]  classif.ce learning_rate num_leaves min_data_in_leaf feature_fraction
INFO  [02:28:24.161] [bbotk]   0.3273203     -2.648528        255                1         0.975454
INFO  [02:28:24.161] [bbotk]  extra_trees lambda_l1   lambda_l2 min_gain_to_split        timestamp_xs
INFO  [02:28:24.161] [bbotk]        FALSE -1.081345 -0.09020328         -3.331857 2026-09-10 02:25:33
INFO  [02:28:24.161] [bbotk]         timestamp_ys runtime_learners warnings errors internal_tuned_values
INFO  [02:28:24.161] [bbotk]  2026-09-10 02:28:23          170.038        0      0    num_iterations=165
INFO  [02:28:24.161] [bbotk]                                  worker_id    acq_cb timestamp_surrogate
INFO  [02:28:24.161] [bbotk]  uncleansed_asiansmallclawedotter_b76b7c40 -22.57775 2026-09-10 02:25:31
INFO  [02:28:24.161] [bbotk]  timestamp_acq_function timestamp_acq_optimizer      timestamp_loop
INFO  [02:28:24.161] [bbotk]     2026-09-10 02:25:31     2026-09-10 02:25:31 2026-09-10 02:25:33
INFO  [02:28:25.189] [bbotk] Results of 3 configuration(s):
INFO  [02:28:25.197] [bbotk]  classif.ce learning_rate num_leaves min_data_in_leaf feature_fraction
INFO  [02:28:25.197] [bbotk]   0.3238960     -2.759951        255                1        0.6265773
INFO  [02:28:25.197] [bbotk]   0.3250232     -2.168191        255               51        0.5477797
INFO  [02:28:25.197] [bbotk]   0.3242649     -1.909026        255               15        0.5431683
INFO  [02:28:25.197] [bbotk]  extra_trees  lambda_l1 lambda_l2 min_gain_to_split        timestamp_xs
INFO  [02:28:25.197] [bbotk]        FALSE -2.3494884 -6.892521         -3.614645 2026-09-10 02:24:44
INFO  [02:28:25.197] [bbotk]        FALSE -5.8534357 -1.961638         -6.840487 2026-09-10 02:26:08
INFO  [02:28:25.197] [bbotk]        FALSE  0.1037309 -1.893019         -4.567087 2026-09-10 02:26:20
INFO  [02:28:25.197] [bbotk]         timestamp_ys runtime_learners warnings errors internal_tuned_values
INFO  [02:28:25.197] [bbotk]  2026-09-10 02:28:24          218.887        0      0    num_iterations=257
INFO  [02:28:25.197] [bbotk]  2026-09-10 02:28:24          135.438        0      0    num_iterations=158
INFO  [02:28:25.197] [bbotk]  2026-09-10 02:28:24          123.334        0      0    num_iterations=131
INFO  [02:28:25.197] [bbotk]                        worker_id    acq_cb timestamp_surrogate
INFO  [02:28:25.197] [bbotk]  supernaturalistic_trex_5fa4c043 -8.280655 2026-09-10 02:24:41
INFO  [02:28:25.197] [bbotk]    overhostile_mosasaur_91fa0391 -8.022207 2026-09-10 02:26:06
INFO  [02:28:25.197] [bbotk]        charming_echidna_e3f0c197 -4.828991 2026-09-10 02:26:18
INFO  [02:28:25.197] [bbotk]  timestamp_acq_function timestamp_acq_optimizer      timestamp_loop
INFO  [02:28:25.197] [bbotk]     2026-09-10 02:24:42     2026-09-10 02:24:42 2026-09-10 02:24:44
INFO  [02:28:25.197] [bbotk]     2026-09-10 02:26:07     2026-09-10 02:26:07 2026-09-10 02:26:08
INFO  [02:28:25.197] [bbotk]     2026-09-10 02:26:19     2026-09-10 02:26:19 2026-09-10 02:26:20
INFO  [02:28:27.266] [bbotk] Results of 1 configuration(s):
INFO  [02:28:27.275] [bbotk]  classif.ce learning_rate num_leaves min_data_in_leaf feature_fraction
INFO  [02:28:27.275] [bbotk]   0.3244281     -2.869664        255              172        0.6362983
INFO  [02:28:27.275] [bbotk]  extra_trees  lambda_l1 lambda_l2 min_gain_to_split        timestamp_xs
INFO  [02:28:27.275] [bbotk]        FALSE -0.2788187  4.760838         -4.070284 2026-09-10 02:21:53
INFO  [02:28:27.275] [bbotk]         timestamp_ys runtime_learners warnings errors internal_tuned_values
INFO  [02:28:27.275] [bbotk]  2026-09-10 02:28:27          393.237        0      0    num_iterations=373
INFO  [02:28:27.275] [bbotk]                      worker_id    acq_cb timestamp_surrogate
INFO  [02:28:27.275] [bbotk]  earthbound_centipede_291db352 -11.13784 2026-09-10 02:21:49
INFO  [02:28:27.275] [bbotk]  timestamp_acq_function timestamp_acq_optimizer      timestamp_loop
INFO  [02:28:27.275] [bbotk]     2026-09-10 02:21:50     2026-09-10 02:21:50 2026-09-10 02:21:53
INFO  [02:28:31.389] [bbotk] Results of 2 configuration(s):
INFO  [02:28:31.396] [bbotk]  classif.ce learning_rate num_leaves min_data_in_leaf feature_fraction
INFO  [02:28:31.396] [bbotk]   0.3242075     -2.123108        217                5        0.3639354
INFO  [02:28:31.396] [bbotk]   0.3290538     -1.297597        155              183        0.6085827
INFO  [02:28:31.396] [bbotk]  extra_trees  lambda_l1 lambda_l2 min_gain_to_split        timestamp_xs
INFO  [02:28:31.396] [bbotk]        FALSE  0.7419572  5.517435         -3.879892 2026-09-10 02:22:50
INFO  [02:28:31.396] [bbotk]         TRUE -2.1762886 -3.467654         -5.454894 2026-09-10 02:25:28
INFO  [02:28:31.396] [bbotk]         timestamp_ys runtime_learners warnings errors internal_tuned_values
INFO  [02:28:31.396] [bbotk]  2026-09-10 02:28:30          338.407        0      0    num_iterations=340
INFO  [02:28:31.396] [bbotk]  2026-09-10 02:28:31          182.062        0      0    num_iterations=173
INFO  [02:28:31.396] [bbotk]                       worker_id    acq_cb timestamp_surrogate
INFO  [02:28:31.396] [bbotk]  bared_iaerismetalmark_c9ace11e -5.208191 2026-09-10 02:22:49
INFO  [02:28:31.396] [bbotk]         washable_zebra_8e10b753 -5.826250 2026-09-10 02:25:25
INFO  [02:28:31.396] [bbotk]  timestamp_acq_function timestamp_acq_optimizer      timestamp_loop
INFO  [02:28:31.396] [bbotk]     2026-09-10 02:22:49     2026-09-10 02:22:49 2026-09-10 02:22:50
INFO  [02:28:31.396] [bbotk]     2026-09-10 02:25:27     2026-09-10 02:25:27 2026-09-10 02:25:28
INFO  [02:28:32.428] [bbotk] Results of 1 configuration(s):
INFO  [02:28:32.436] [bbotk]  classif.ce learning_rate num_leaves min_data_in_leaf feature_fraction
INFO  [02:28:32.436] [bbotk]   0.3244948     -2.472476        118              172         0.422964
INFO  [02:28:32.436] [bbotk]  extra_trees lambda_l1 lambda_l2 min_gain_to_split        timestamp_xs
INFO  [02:28:32.436] [bbotk]        FALSE   1.46212 -1.146453          -6.07371 2026-09-10 02:23:36
INFO  [02:28:32.436] [bbotk]         timestamp_ys runtime_learners warnings errors internal_tuned_values
INFO  [02:28:32.436] [bbotk]  2026-09-10 02:28:31          294.648        0      0    num_iterations=429
INFO  [02:28:32.436] [bbotk]                      worker_id    acq_cb timestamp_surrogate
INFO  [02:28:32.436] [bbotk]  quartzitic_amphibian_eaa6d99a -10.75986 2026-09-10 02:23:34
INFO  [02:28:32.436] [bbotk]  timestamp_acq_function timestamp_acq_optimizer      timestamp_loop
INFO  [02:28:32.436] [bbotk]     2026-09-10 02:23:34     2026-09-10 02:23:34 2026-09-10 02:23:36
INFO  [02:28:33.464] [bbotk] Results of 1 configuration(s):
INFO  [02:28:33.471] [bbotk]  classif.ce learning_rate num_leaves min_data_in_leaf feature_fraction
INFO  [02:28:33.471] [bbotk]    0.324239     -2.815159        188              141        0.6074746
INFO  [02:28:33.471] [bbotk]  extra_trees lambda_l1  lambda_l2 min_gain_to_split        timestamp_xs
INFO  [02:28:33.471] [bbotk]        FALSE -4.324144 0.04089398         -4.724599 2026-09-10 02:23:31
INFO  [02:28:33.471] [bbotk]         timestamp_ys runtime_learners warnings errors internal_tuned_values
INFO  [02:28:33.471] [bbotk]  2026-09-10 02:28:32          300.393        0      0    num_iterations=385
INFO  [02:28:33.471] [bbotk]                         worker_id    acq_cb timestamp_surrogate
INFO  [02:28:33.471] [bbotk]  untidy_ulyssesbutterfly_78974ea7 -3.719505 2026-09-10 02:23:28
INFO  [02:28:33.471] [bbotk]  timestamp_acq_function timestamp_acq_optimizer      timestamp_loop
INFO  [02:28:33.471] [bbotk]     2026-09-10 02:23:29     2026-09-10 02:23:29 2026-09-10 02:23:31
INFO  [02:28:34.500] [bbotk] Results of 3 configuration(s):
INFO  [02:28:34.507] [bbotk]  classif.ce learning_rate num_leaves min_data_in_leaf feature_fraction
INFO  [02:28:34.507] [bbotk]   0.3244466     -2.157810        255               18        0.5596683
INFO  [02:28:34.507] [bbotk]   0.3264452     -3.296144        222              117        0.8363164
INFO  [02:28:34.507] [bbotk]   0.3393155     -3.870440         10              151        0.4435224
INFO  [02:28:34.507] [bbotk]  extra_trees  lambda_l1 lambda_l2 min_gain_to_split        timestamp_xs
INFO  [02:28:34.507] [bbotk]        FALSE -4.0201717 -2.073128         -6.414862 2026-09-10 02:25:56
INFO  [02:28:34.507] [bbotk]        FALSE -0.8959273  2.410347         -4.755050 2026-09-10 02:23:25
INFO  [02:28:34.507] [bbotk]        FALSE  5.1723915  3.380012         -3.247526 2026-09-10 02:22:59
INFO  [02:28:34.507] [bbotk]         timestamp_ys runtime_learners warnings errors internal_tuned_values
INFO  [02:28:34.507] [bbotk]  2026-09-10 02:28:33          155.858        0      0    num_iterations=188
INFO  [02:28:34.507] [bbotk]  2026-09-10 02:28:33          307.574        0      0    num_iterations=304
INFO  [02:28:34.507] [bbotk]  2026-09-10 02:28:33          333.025        0      0    num_iterations=923
INFO  [02:28:34.507] [bbotk]                        worker_id    acq_cb timestamp_surrogate
INFO  [02:28:34.507] [bbotk]  aviaphobic_cottonmouth_493e77c3 -5.086987 2026-09-10 02:25:54
INFO  [02:28:34.507] [bbotk]       combative_axolotl_16d3e6a5 -6.974755 2026-09-10 02:23:23
INFO  [02:28:34.507] [bbotk]   insectivorous_grackle_b755479f -5.438181 2026-09-10 02:22:58
INFO  [02:28:34.507] [bbotk]  timestamp_acq_function timestamp_acq_optimizer      timestamp_loop
INFO  [02:28:34.507] [bbotk]     2026-09-10 02:25:55     2026-09-10 02:25:55 2026-09-10 02:25:56
INFO  [02:28:34.507] [bbotk]     2026-09-10 02:23:23     2026-09-10 02:23:23 2026-09-10 02:23:25
INFO  [02:28:34.507] [bbotk]     2026-09-10 02:22:58     2026-09-10 02:22:58 2026-09-10 02:22:59
INFO  [02:28:35.537] [bbotk] Results of 1 configuration(s):
INFO  [02:28:35.545] [bbotk]  classif.ce learning_rate num_leaves min_data_in_leaf feature_fraction
INFO  [02:28:35.545] [bbotk]   0.3249416     -1.799413        255               86        0.5448419
INFO  [02:28:35.545] [bbotk]  extra_trees lambda_l1 lambda_l2 min_gain_to_split        timestamp_xs
INFO  [02:28:35.545] [bbotk]        FALSE -2.827799 -2.677435         -3.177862 2026-09-10 02:26:38
INFO  [02:28:35.545] [bbotk]         timestamp_ys runtime_learners warnings errors internal_tuned_values
INFO  [02:28:35.545] [bbotk]  2026-09-10 02:28:34          115.364        0      0    num_iterations=102
INFO  [02:28:35.545] [bbotk]                    worker_id    acq_cb timestamp_surrogate
INFO  [02:28:35.545] [bbotk]  confirmable_motmot_4f74a680 -3.751549 2026-09-10 02:26:36
INFO  [02:28:35.545] [bbotk]  timestamp_acq_function timestamp_acq_optimizer      timestamp_loop
INFO  [02:28:35.545] [bbotk]     2026-09-10 02:26:37     2026-09-10 02:26:37 2026-09-10 02:26:38
INFO  [02:28:36.574] [bbotk] Results of 3 configuration(s):
INFO  [02:28:36.582] [bbotk]  classif.ce learning_rate num_leaves min_data_in_leaf feature_fraction
INFO  [02:28:36.582] [bbotk]   0.3253681     -3.306312        232               89        0.7310018
INFO  [02:28:36.582] [bbotk]   0.3240221     -2.126687        237               46        0.4317005
INFO  [02:28:36.582] [bbotk]   0.3239516     -2.931611        111                1        0.4838081
INFO  [02:28:36.582] [bbotk]  extra_trees  lambda_l1 lambda_l2 min_gain_to_split        timestamp_xs
INFO  [02:28:36.582] [bbotk]        FALSE -0.7527411  2.818521         -4.708965 2026-09-10 02:22:50
INFO  [02:28:36.582] [bbotk]        FALSE -6.9077553  2.938820         -3.738003 2026-09-10 02:25:19
INFO  [02:28:36.582] [bbotk]        FALSE -6.9077553 -2.272318         -5.902544 2026-09-10 02:22:58
INFO  [02:28:36.582] [bbotk]         timestamp_ys runtime_learners warnings errors internal_tuned_values
INFO  [02:28:36.582] [bbotk]  2026-09-10 02:28:35          343.953        0      0    num_iterations=375
INFO  [02:28:36.582] [bbotk]  2026-09-10 02:28:36          195.487        0      0    num_iterations=243
INFO  [02:28:36.582] [bbotk]  2026-09-10 02:28:36          337.064        0      0    num_iterations=648
INFO  [02:28:36.582] [bbotk]                           worker_id     acq_cb timestamp_surrogate
INFO  [02:28:36.582] [bbotk]     rubber_rainbowlorikeet_b25a4830 -13.373422 2026-09-10 02:22:49
INFO  [02:28:36.582] [bbotk]  kyanite_africanclawedfrog_b4f95c6c  -3.928741 2026-09-10 02:25:17
INFO  [02:28:36.582] [bbotk]     psychometric_guineapig_e430f042 -22.902085 2026-09-10 02:22:56
INFO  [02:28:36.582] [bbotk]  timestamp_acq_function timestamp_acq_optimizer      timestamp_loop
INFO  [02:28:36.582] [bbotk]     2026-09-10 02:22:49     2026-09-10 02:22:49 2026-09-10 02:22:50
INFO  [02:28:36.582] [bbotk]     2026-09-10 02:25:18     2026-09-10 02:25:18 2026-09-10 02:25:19
INFO  [02:28:36.582] [bbotk]     2026-09-10 02:22:57     2026-09-10 02:22:57 2026-09-10 02:22:58
INFO  [02:28:37.612] [bbotk] Results of 2 configuration(s):
INFO  [02:28:37.619] [bbotk]  classif.ce learning_rate num_leaves min_data_in_leaf feature_fraction
INFO  [02:28:37.619] [bbotk]   0.3253810     -2.324461        204               86        0.7029343
INFO  [02:28:37.619] [bbotk]   0.3290556     -2.112702         88              187        0.2304837
INFO  [02:28:37.619] [bbotk]  extra_trees lambda_l1 lambda_l2 min_gain_to_split        timestamp_xs
INFO  [02:28:37.619] [bbotk]        FALSE -5.899105 -1.875511         -6.200091 2026-09-10 02:25:31
INFO  [02:28:37.619] [bbotk]        FALSE  1.560653  4.722621         -6.041831 2026-09-10 02:23:00
INFO  [02:28:37.619] [bbotk]         timestamp_ys runtime_learners warnings errors internal_tuned_values
INFO  [02:28:37.619] [bbotk]  2026-09-10 02:28:36          184.868        0      0    num_iterations=200
INFO  [02:28:37.619] [bbotk]  2026-09-10 02:28:37          335.215        0      0    num_iterations=540
INFO  [02:28:37.619] [bbotk]                        worker_id    acq_cb timestamp_surrogate
INFO  [02:28:37.619] [bbotk]  noncorporative_muntjac_25ba17df -4.371163 2026-09-10 02:25:28
INFO  [02:28:37.619] [bbotk]         auspicial_husky_02fd2474 -9.494394 2026-09-10 02:22:58
INFO  [02:28:37.619] [bbotk]  timestamp_acq_function timestamp_acq_optimizer      timestamp_loop
INFO  [02:28:37.619] [bbotk]     2026-09-10 02:25:29     2026-09-10 02:25:29 2026-09-10 02:25:31
INFO  [02:28:37.619] [bbotk]     2026-09-10 02:22:59     2026-09-10 02:22:59 2026-09-10 02:23:00
INFO  [02:28:38.648] [bbotk] Results of 5 configuration(s):
INFO  [02:28:38.655] [bbotk]  classif.ce learning_rate num_leaves min_data_in_leaf feature_fraction
INFO  [02:28:38.655] [bbotk]   0.3245152     -2.452890        227               17        0.5249935
INFO  [02:28:38.655] [bbotk]   0.3263711     -3.639061         99              110        0.6547242
INFO  [02:28:38.655] [bbotk]   0.3247729     -3.409930        123               32        0.4233964
INFO  [02:28:38.655] [bbotk]   0.3232731     -3.372493        253               22        0.4375361
INFO  [02:28:38.655] [bbotk]   0.3243780     -2.407957        118              172        0.3884673
INFO  [02:28:38.655] [bbotk]  extra_trees  lambda_l1   lambda_l2 min_gain_to_split        timestamp_xs
INFO  [02:28:38.655] [bbotk]        FALSE -6.9077553  3.23322719         -4.374717 2026-09-10 02:25:04
INFO  [02:28:38.655] [bbotk]        FALSE -5.8529782 -0.80218111         -5.321146 2026-09-10 02:22:14
INFO  [02:28:38.655] [bbotk]        FALSE -2.9475809 -0.94729574         -5.810114 2026-09-10 02:21:30
INFO  [02:28:38.655] [bbotk]        FALSE -0.7738453  0.04727388         -3.566204 2026-09-10 02:21:00
INFO  [02:28:38.655] [bbotk]        FALSE  1.6026739 -1.00913778         -5.874613 2026-09-10 02:23:35
INFO  [02:28:38.655] [bbotk]         timestamp_ys runtime_learners warnings errors internal_tuned_values
INFO  [02:28:38.655] [bbotk]  2026-09-10 02:28:37          212.968        0      0    num_iterations=255
INFO  [02:28:38.655] [bbotk]  2026-09-10 02:28:37          382.527        0      0    num_iterations=620
INFO  [02:28:38.655] [bbotk]  2026-09-10 02:28:37          426.742        0      0    num_iterations=780
INFO  [02:28:38.655] [bbotk]  2026-09-10 02:28:38          456.379        0      0    num_iterations=614
INFO  [02:28:38.655] [bbotk]  2026-09-10 02:28:38          302.184        0      0    num_iterations=438
INFO  [02:28:38.655] [bbotk]                              worker_id     acq_cb timestamp_surrogate
INFO  [02:28:38.655] [bbotk]      ammophilic_dungenesscrab_558c7b02 -20.931882 2026-09-10 02:25:02
INFO  [02:28:38.655] [bbotk]               cozey_waterdogs_e56b5ee2  -5.508346 2026-09-10 02:22:13
INFO  [02:28:38.655] [bbotk]  semiphilosophical_xanthareel_5eb4fad2 -16.266006 2026-09-10 02:21:29
INFO  [02:28:38.655] [bbotk]     stressed_clownanemonefish_ca8d100e -19.266960 2026-09-10 02:20:57
INFO  [02:28:38.655] [bbotk]  irksome_douglasfirbarkbeetle_2f47e707 -12.485277 2026-09-10 02:23:32
INFO  [02:28:38.655] [bbotk]  timestamp_acq_function timestamp_acq_optimizer      timestamp_loop
INFO  [02:28:38.655] [bbotk]     2026-09-10 02:25:03     2026-09-10 02:25:03 2026-09-10 02:25:04
INFO  [02:28:38.655] [bbotk]     2026-09-10 02:22:13     2026-09-10 02:22:13 2026-09-10 02:22:14
INFO  [02:28:38.655] [bbotk]     2026-09-10 02:21:29     2026-09-10 02:21:29 2026-09-10 02:21:30
INFO  [02:28:38.655] [bbotk]     2026-09-10 02:20:57     2026-09-10 02:20:57 2026-09-10 02:21:00
INFO  [02:28:38.655] [bbotk]     2026-09-10 02:23:33     2026-09-10 02:23:33 2026-09-10 02:23:35
INFO  [02:28:39.684] [bbotk] Results of 2 configuration(s):
INFO  [02:28:39.691] [bbotk]  classif.ce learning_rate num_leaves min_data_in_leaf feature_fraction
INFO  [02:28:39.691] [bbotk]   0.3253180     -2.236976        255                1        0.7139168
INFO  [02:28:39.691] [bbotk]   0.3233305     -2.780667        255                1        0.6392150
INFO  [02:28:39.691] [bbotk]  extra_trees  lambda_l1 lambda_l2 min_gain_to_split        timestamp_xs
INFO  [02:28:39.691] [bbotk]        FALSE -0.8116647  3.484302         -2.934023 2026-09-10 02:25:23
INFO  [02:28:39.691] [bbotk]        FALSE -1.0782313 -3.031134         -3.417989 2026-09-10 02:24:46
INFO  [02:28:39.691] [bbotk]         timestamp_ys runtime_learners warnings errors internal_tuned_values
INFO  [02:28:39.691] [bbotk]  2026-09-10 02:28:39          195.029        0      0    num_iterations=199
INFO  [02:28:39.691] [bbotk]  2026-09-10 02:28:39          231.578        0      0    num_iterations=311
INFO  [02:28:39.691] [bbotk]                          worker_id    acq_cb timestamp_surrogate
INFO  [02:28:39.691] [bbotk]        invincible_polecat_5a7a5f9b -13.90566 2026-09-10 02:25:21
INFO  [02:28:39.691] [bbotk]  awake_neonbluehermitcrab_dbdf4488 -15.15919 2026-09-10 02:24:44
INFO  [02:28:39.691] [bbotk]  timestamp_acq_function timestamp_acq_optimizer      timestamp_loop
INFO  [02:28:39.691] [bbotk]     2026-09-10 02:25:22     2026-09-10 02:25:22 2026-09-10 02:25:23
INFO  [02:28:39.691] [bbotk]     2026-09-10 02:24:45     2026-09-10 02:24:45 2026-09-10 02:24:46
INFO  [02:28:40.719] [bbotk] Results of 2 configuration(s):
INFO  [02:28:40.725] [bbotk]  classif.ce learning_rate num_leaves min_data_in_leaf feature_fraction
INFO  [02:28:40.725] [bbotk]   0.3322500     -2.974367         10                1        0.4340202
INFO  [02:28:40.725] [bbotk]   0.3242779     -2.390233        255                2        0.6304792
INFO  [02:28:40.725] [bbotk]  extra_trees lambda_l1 lambda_l2 min_gain_to_split        timestamp_xs
INFO  [02:28:40.725] [bbotk]        FALSE -6.907755 -2.338176         -5.680296 2026-09-10 02:22:59
INFO  [02:28:40.725] [bbotk]        FALSE -1.138284 -3.182654         -3.356602 2026-09-10 02:25:20
INFO  [02:28:40.725] [bbotk]         timestamp_ys runtime_learners warnings errors internal_tuned_values
INFO  [02:28:40.725] [bbotk]  2026-09-10 02:28:39          339.994        0      0   num_iterations=1182
INFO  [02:28:40.725] [bbotk]  2026-09-10 02:28:40          199.221        0      0    num_iterations=270
INFO  [02:28:40.725] [bbotk]                          worker_id    acq_cb timestamp_surrogate
INFO  [02:28:40.725] [bbotk]              glowing_tahr_9ecd8758 -12.60246 2026-09-10 02:22:57
INFO  [02:28:40.725] [bbotk]  rejoiceful_xuanhuasaurus_42c773e2 -20.41997 2026-09-10 02:25:18
INFO  [02:28:40.725] [bbotk]  timestamp_acq_function timestamp_acq_optimizer      timestamp_loop
INFO  [02:28:40.725] [bbotk]     2026-09-10 02:22:57     2026-09-10 02:22:57 2026-09-10 02:22:59
INFO  [02:28:40.725] [bbotk]     2026-09-10 02:25:19     2026-09-10 02:25:19 2026-09-10 02:25:20
INFO  [02:28:41.754] [bbotk] Results of 1 configuration(s):
INFO  [02:28:41.761] [bbotk]  classif.ce learning_rate num_leaves min_data_in_leaf feature_fraction
INFO  [02:28:41.761] [bbotk]   0.3235104     -2.401531        240               18        0.4614486
INFO  [02:28:41.761] [bbotk]  extra_trees lambda_l1 lambda_l2 min_gain_to_split        timestamp_xs
INFO  [02:28:41.761] [bbotk]        FALSE -6.283343 -3.389501         -3.622603 2026-09-10 02:24:53
INFO  [02:28:41.761] [bbotk]         timestamp_ys runtime_learners warnings errors internal_tuned_values
INFO  [02:28:41.761] [bbotk]  2026-09-10 02:28:41          227.168        0      0    num_iterations=311
INFO  [02:28:41.761] [bbotk]                     worker_id    acq_cb timestamp_surrogate
INFO  [02:28:41.761] [bbotk]  warmthless_leafwing_cc029918 -12.60226 2026-09-10 02:24:51
INFO  [02:28:41.761] [bbotk]  timestamp_acq_function timestamp_acq_optimizer      timestamp_loop
INFO  [02:28:41.761] [bbotk]     2026-09-10 02:24:52     2026-09-10 02:24:52 2026-09-10 02:24:53
INFO  [02:28:44.838] [bbotk] Results of 2 configuration(s):
INFO  [02:28:44.846] [bbotk]  classif.ce learning_rate num_leaves min_data_in_leaf feature_fraction
INFO  [02:28:44.846] [bbotk]   0.3236791     -2.480079        237               18        0.4540737
INFO  [02:28:44.846] [bbotk]   0.3276336     -2.670785        157              133        1.0000000
INFO  [02:28:44.846] [bbotk]  extra_trees lambda_l1 lambda_l2 min_gain_to_split        timestamp_xs
INFO  [02:28:44.846] [bbotk]        FALSE -6.845740 -5.652550         -3.578484 2026-09-10 02:24:53
INFO  [02:28:44.846] [bbotk]        FALSE -6.907755  6.907755         -4.509194 2026-09-10 02:22:59
INFO  [02:28:44.846] [bbotk]         timestamp_ys runtime_learners warnings errors internal_tuned_values
INFO  [02:28:44.846] [bbotk]  2026-09-10 02:28:44          230.239        0      0    num_iterations=321
INFO  [02:28:44.846] [bbotk]  2026-09-10 02:28:44          343.832        0      0    num_iterations=302
INFO  [02:28:44.846] [bbotk]                  worker_id    acq_cb timestamp_surrogate timestamp_acq_function
INFO  [02:28:44.846] [bbotk]  dreamy_milksnake_28f303e5 -28.12156 2026-09-10 02:24:51    2026-09-10 02:24:52
INFO  [02:28:44.846] [bbotk]      unhuman_kagu_5b512460 -18.39543 2026-09-10 02:22:58    2026-09-10 02:22:58
INFO  [02:28:44.846] [bbotk]  timestamp_acq_optimizer      timestamp_loop
INFO  [02:28:44.846] [bbotk]      2026-09-10 02:24:52 2026-09-10 02:24:53
INFO  [02:28:44.846] [bbotk]      2026-09-10 02:22:58 2026-09-10 02:22:59
INFO  [02:28:45.876] [bbotk] Results of 2 configuration(s):
INFO  [02:28:45.885] [bbotk]  classif.ce learning_rate num_leaves min_data_in_leaf feature_fraction
INFO  [02:28:45.885] [bbotk]   0.3241018     -3.327342        254              199        0.4384848
INFO  [02:28:45.885] [bbotk]   0.3247062     -1.977856        255               36        0.6262966
INFO  [02:28:45.885] [bbotk]  extra_trees  lambda_l1 lambda_l2 min_gain_to_split        timestamp_xs
INFO  [02:28:45.885] [bbotk]        FALSE -1.4965272  2.146908         -3.360537 2026-09-10 02:21:04
INFO  [02:28:45.885] [bbotk]        FALSE -0.3935412 -2.692368         -5.608631 2026-09-10 02:26:35
INFO  [02:28:45.885] [bbotk]         timestamp_ys runtime_learners warnings errors internal_tuned_values
INFO  [02:28:45.885] [bbotk]  2026-09-10 02:28:45          460.102        0      0    num_iterations=505
INFO  [02:28:45.885] [bbotk]  2026-09-10 02:28:45          129.075        0      0    num_iterations=135
INFO  [02:28:45.885] [bbotk]                      worker_id     acq_cb timestamp_surrogate
INFO  [02:28:45.885] [bbotk]     pseudolegal_anole_b6c084dd -22.928541 2026-09-10 02:21:02
INFO  [02:28:45.885] [bbotk]  infantine_oropendula_87126630  -5.535679 2026-09-10 02:26:33
INFO  [02:28:45.885] [bbotk]  timestamp_acq_function timestamp_acq_optimizer      timestamp_loop
INFO  [02:28:45.885] [bbotk]     2026-09-10 02:21:03     2026-09-10 02:21:03 2026-09-10 02:21:04
INFO  [02:28:45.885] [bbotk]     2026-09-10 02:26:34     2026-09-10 02:26:34 2026-09-10 02:26:35
INFO  [02:28:46.913] [bbotk] Results of 1 configuration(s):
INFO  [02:28:46.920] [bbotk]  classif.ce learning_rate num_leaves min_data_in_leaf feature_fraction
INFO  [02:28:46.920] [bbotk]   0.3241481     -3.286205        244              174        0.4371389
INFO  [02:28:46.920] [bbotk]  extra_trees  lambda_l1 lambda_l2 min_gain_to_split        timestamp_xs
INFO  [02:28:46.920] [bbotk]        FALSE -0.7714001  3.341214         -3.349484 2026-09-10 02:21:30
INFO  [02:28:46.920] [bbotk]         timestamp_ys runtime_learners warnings errors internal_tuned_values
INFO  [02:28:46.920] [bbotk]  2026-09-10 02:28:46          435.239        0      0    num_iterations=492
INFO  [02:28:46.920] [bbotk]                   worker_id    acq_cb timestamp_surrogate
INFO  [02:28:46.920] [bbotk]  boneheaded_toucan_56178a71 -17.97697 2026-09-10 02:21:29
INFO  [02:28:46.920] [bbotk]  timestamp_acq_function timestamp_acq_optimizer      timestamp_loop
INFO  [02:28:46.920] [bbotk]     2026-09-10 02:21:29     2026-09-10 02:21:29 2026-09-10 02:21:30
INFO  [02:28:47.965] [bbotk] Results of 1 configuration(s):
INFO  [02:28:47.974] [bbotk]  classif.ce learning_rate num_leaves min_data_in_leaf feature_fraction
INFO  [02:28:47.974] [bbotk]   0.3249583      -1.80715        125              167        0.3579455
INFO  [02:28:47.974] [bbotk]  extra_trees lambda_l1 lambda_l2 min_gain_to_split        timestamp_xs
INFO  [02:28:47.974] [bbotk]        FALSE  1.167056 0.5705663         -6.304705 2026-09-10 02:25:43
INFO  [02:28:47.974] [bbotk]         timestamp_ys runtime_learners warnings errors internal_tuned_values
INFO  [02:28:47.974] [bbotk]  2026-09-10 02:28:47          183.133        0      0    num_iterations=275
INFO  [02:28:47.974] [bbotk]                                worker_id    acq_cb timestamp_surrogate
INFO  [02:28:47.974] [bbotk]  shortcircuited_virginiaopossum_02c97603 -3.884519 2026-09-10 02:25:40
INFO  [02:28:47.974] [bbotk]  timestamp_acq_function timestamp_acq_optimizer      timestamp_loop
INFO  [02:28:47.974] [bbotk]     2026-09-10 02:25:41     2026-09-10 02:25:41 2026-09-10 02:25:43
INFO  [02:28:49.008] [bbotk] Results of 1 configuration(s):
INFO  [02:28:49.017] [bbotk]  classif.ce learning_rate num_leaves min_data_in_leaf feature_fraction
INFO  [02:28:49.017] [bbotk]   0.3243057     -3.302544        244               40        0.5469384
INFO  [02:28:49.017] [bbotk]  extra_trees  lambda_l1 lambda_l2 min_gain_to_split        timestamp_xs
INFO  [02:28:49.017] [bbotk]        FALSE -0.7483056  3.584479         -3.377035 2026-09-10 02:21:52
INFO  [02:28:49.017] [bbotk]         timestamp_ys runtime_learners warnings errors internal_tuned_values
INFO  [02:28:49.017] [bbotk]  2026-09-10 02:28:48          415.053        0      0    num_iterations=457
INFO  [02:28:49.017] [bbotk]                        worker_id   acq_cb timestamp_surrogate
INFO  [02:28:49.017] [bbotk]  missing_asiaticmouflon_2c997d67 -7.01682 2026-09-10 02:21:49
INFO  [02:28:49.017] [bbotk]  timestamp_acq_function timestamp_acq_optimizer      timestamp_loop
INFO  [02:28:49.017] [bbotk]     2026-09-10 02:21:51     2026-09-10 02:21:51 2026-09-10 02:21:52
INFO  [02:28:50.046] [bbotk] Results of 1 configuration(s):
INFO  [02:28:50.053] [bbotk]  classif.ce learning_rate num_leaves min_data_in_leaf feature_fraction
INFO  [02:28:50.053] [bbotk]   0.3248786     -2.765521         83               95        0.4764657
INFO  [02:28:50.053] [bbotk]  extra_trees lambda_l1  lambda_l2 min_gain_to_split        timestamp_xs
INFO  [02:28:50.053] [bbotk]        FALSE -2.497092 -0.9339021         -4.595515 2026-09-10 02:23:34
INFO  [02:28:50.053] [bbotk]         timestamp_ys runtime_learners warnings errors internal_tuned_values
INFO  [02:28:50.053] [bbotk]  2026-09-10 02:28:49          314.188        0      0    num_iterations=659
INFO  [02:28:50.053] [bbotk]                               worker_id    acq_cb timestamp_surrogate
INFO  [02:28:50.053] [bbotk]  docile_ivorybackedwoodswallow_d9b5a6e9 -11.28809 2026-09-10 02:23:32
INFO  [02:28:50.053] [bbotk]  timestamp_acq_function timestamp_acq_optimizer      timestamp_loop
INFO  [02:28:50.053] [bbotk]     2026-09-10 02:23:32     2026-09-10 02:23:33 2026-09-10 02:23:34
INFO  [02:28:51.084] [bbotk] Results of 2 configuration(s):
INFO  [02:28:51.092] [bbotk]  classif.ce learning_rate num_leaves min_data_in_leaf feature_fraction
INFO  [02:28:51.092] [bbotk]   0.3250102     -3.297277        110                1        0.4509080
INFO  [02:28:51.092] [bbotk]   0.3474544     -2.930868        251               29        0.1090362
INFO  [02:28:51.092] [bbotk]  extra_trees lambda_l1 lambda_l2 min_gain_to_split        timestamp_xs
INFO  [02:28:51.092] [bbotk]        FALSE  1.096829 -1.174102         -2.308442 2026-09-10 02:21:23
INFO  [02:28:51.092] [bbotk]        FALSE -4.331594  4.162587         -3.454049 2026-09-10 02:22:50
INFO  [02:28:51.092] [bbotk]         timestamp_ys runtime_learners warnings errors internal_tuned_values
INFO  [02:28:51.092] [bbotk]  2026-09-10 02:28:50          447.021        0      0    num_iterations=740
INFO  [02:28:51.092] [bbotk]  2026-09-10 02:28:51          359.482        0      0    num_iterations=674
INFO  [02:28:51.092] [bbotk]                         worker_id    acq_cb timestamp_surrogate
INFO  [02:28:51.092] [bbotk]      modern_nakedmolerat_fee662e4 -10.45127 2026-09-10 02:21:22
INFO  [02:28:51.092] [bbotk]  fixable_marbledmurrelet_df13c589 -24.76935 2026-09-10 02:22:49
INFO  [02:28:51.092] [bbotk]  timestamp_acq_function timestamp_acq_optimizer      timestamp_loop
INFO  [02:28:51.092] [bbotk]     2026-09-10 02:21:22     2026-09-10 02:21:22 2026-09-10 02:21:23
INFO  [02:28:51.092] [bbotk]     2026-09-10 02:22:49     2026-09-10 02:22:49 2026-09-10 02:22:50
INFO  [02:28:52.121] [bbotk] Results of 1 configuration(s):
INFO  [02:28:52.128] [bbotk]  classif.ce learning_rate num_leaves min_data_in_leaf feature_fraction
INFO  [02:28:52.128] [bbotk]   0.3240017       -3.2678        255              124        0.3696782
INFO  [02:28:52.128] [bbotk]  extra_trees lambda_l1  lambda_l2 min_gain_to_split        timestamp_xs
INFO  [02:28:52.128] [bbotk]        FALSE  1.666699 -0.9044627         -4.048051 2026-09-10 02:21:03
INFO  [02:28:52.128] [bbotk]         timestamp_ys runtime_learners warnings errors internal_tuned_values
INFO  [02:28:52.128] [bbotk]  2026-09-10 02:28:51          467.189        0      0    num_iterations=511
INFO  [02:28:52.128] [bbotk]                         worker_id    acq_cb timestamp_surrogate
INFO  [02:28:52.128] [bbotk]  dominant_asianporcupine_b571e9c9 -17.03876 2026-09-10 02:20:58
INFO  [02:28:52.128] [bbotk]  timestamp_acq_function timestamp_acq_optimizer      timestamp_loop
INFO  [02:28:52.128] [bbotk]     2026-09-10 02:20:58     2026-09-10 02:20:58 2026-09-10 02:21:03
INFO  [02:28:53.159] [bbotk] Results of 1 configuration(s):
INFO  [02:28:53.165] [bbotk]  classif.ce learning_rate num_leaves min_data_in_leaf feature_fraction
INFO  [02:28:53.165] [bbotk]   0.3392413     -3.090284        235               84        0.7356995
INFO  [02:28:53.165] [bbotk]  extra_trees lambda_l1 lambda_l2 min_gain_to_split        timestamp_xs
INFO  [02:28:53.165] [bbotk]        FALSE  6.481367  2.755111         -4.870694 2026-09-10 02:26:51
INFO  [02:28:53.165] [bbotk]         timestamp_ys runtime_learners warnings errors internal_tuned_values
INFO  [02:28:53.165] [bbotk]  2026-09-10 02:28:53          121.275        0      0    num_iterations=209
INFO  [02:28:53.165] [bbotk]                 worker_id    acq_cb timestamp_surrogate timestamp_acq_function
INFO  [02:28:53.165] [bbotk]  acid_wrenchbird_3af458c9 -9.319463 2026-09-10 02:26:49    2026-09-10 02:26:50
INFO  [02:28:53.165] [bbotk]  timestamp_acq_optimizer      timestamp_loop
INFO  [02:28:53.165] [bbotk]      2026-09-10 02:26:50 2026-09-10 02:26:51
INFO  [02:28:54.194] [bbotk] Results of 1 configuration(s):
INFO  [02:28:54.201] [bbotk]  classif.ce learning_rate num_leaves min_data_in_leaf feature_fraction
INFO  [02:28:54.201] [bbotk]   0.3259113     -3.920743        202                4        0.7255541
INFO  [02:28:54.201] [bbotk]  extra_trees lambda_l1 lambda_l2 min_gain_to_split        timestamp_xs
INFO  [02:28:54.201] [bbotk]        FALSE  -5.85942  -4.89238         -5.605697 2026-09-10 02:21:52
INFO  [02:28:54.201] [bbotk]         timestamp_ys runtime_learners warnings errors internal_tuned_values
INFO  [02:28:54.201] [bbotk]  2026-09-10 02:28:53          420.135        0      0    num_iterations=474
INFO  [02:28:54.201] [bbotk]                   worker_id    acq_cb timestamp_surrogate
INFO  [02:28:54.201] [bbotk]  eolithic_stinkpot_6f6de595 -14.57366 2026-09-10 02:21:49
INFO  [02:28:54.201] [bbotk]  timestamp_acq_function timestamp_acq_optimizer      timestamp_loop
INFO  [02:28:54.201] [bbotk]     2026-09-10 02:21:51     2026-09-10 02:21:51 2026-09-10 02:21:52
INFO  [02:28:55.229] [bbotk] Results of 2 configuration(s):
INFO  [02:28:55.237] [bbotk]  classif.ce learning_rate num_leaves min_data_in_leaf feature_fraction
INFO  [02:28:55.237] [bbotk]   0.3242928     -3.216683        199              140        0.5739098
INFO  [02:28:55.237] [bbotk]   0.3248378     -1.874055        255               56        0.5406950
INFO  [02:28:55.237] [bbotk]  extra_trees lambda_l1  lambda_l2 min_gain_to_split        timestamp_xs
INFO  [02:28:55.237] [bbotk]        FALSE -4.212611  1.9118304         -4.264095 2026-09-10 02:22:35
INFO  [02:28:55.237] [bbotk]        FALSE -3.844959 -0.8449677         -5.308010 2026-09-10 02:26:55
INFO  [02:28:55.237] [bbotk]         timestamp_ys runtime_learners warnings errors internal_tuned_values
INFO  [02:28:55.237] [bbotk]  2026-09-10 02:28:54          377.619        0      0    num_iterations=462
INFO  [02:28:55.237] [bbotk]  2026-09-10 02:28:54          118.438        0      0    num_iterations=120
INFO  [02:28:55.237] [bbotk]                        worker_id     acq_cb timestamp_surrogate
INFO  [02:28:55.237] [bbotk]   unmystical_kissingbug_1660df7e -21.167171 2026-09-10 02:22:33
INFO  [02:28:55.237] [bbotk]  homebred_affenpinscher_1a819fb5  -4.320511 2026-09-10 02:26:53
INFO  [02:28:55.237] [bbotk]  timestamp_acq_function timestamp_acq_optimizer      timestamp_loop
INFO  [02:28:55.237] [bbotk]     2026-09-10 02:22:34     2026-09-10 02:22:34 2026-09-10 02:22:35
INFO  [02:28:55.237] [bbotk]     2026-09-10 02:26:54     2026-09-10 02:26:54 2026-09-10 02:26:55
INFO  [02:28:57.289] [bbotk] Results of 2 configuration(s):
INFO  [02:28:57.296] [bbotk]  classif.ce learning_rate num_leaves min_data_in_leaf feature_fraction
INFO  [02:28:57.296] [bbotk]   0.3362898     -3.660118         10               35        0.4400815
INFO  [02:28:57.296] [bbotk]   0.3252531     -2.586502        255              101        0.6730494
INFO  [02:28:57.296] [bbotk]  extra_trees lambda_l1  lambda_l2 min_gain_to_split        timestamp_xs
INFO  [02:28:57.296] [bbotk]        FALSE -5.403713 -6.9077553         -6.273850 2026-09-10 02:23:30
INFO  [02:28:57.296] [bbotk]        FALSE -1.071619 -0.6422429         -5.682572 2026-09-10 02:26:00
INFO  [02:28:57.296] [bbotk]         timestamp_ys runtime_learners warnings errors internal_tuned_values
INFO  [02:28:57.296] [bbotk]  2026-09-10 02:28:57          325.312        0      0   num_iterations=1064
INFO  [02:28:57.296] [bbotk]  2026-09-10 02:28:57          176.539        0      0    num_iterations=168
INFO  [02:28:57.296] [bbotk]                   worker_id     acq_cb timestamp_surrogate
INFO  [02:28:57.296] [bbotk]  citied_stagbeetle_481b4c14 -13.716397 2026-09-10 02:23:28
INFO  [02:28:57.296] [bbotk]  dumbstruck_possum_1971a4c9  -7.337162 2026-09-10 02:25:57
INFO  [02:28:57.296] [bbotk]  timestamp_acq_function timestamp_acq_optimizer      timestamp_loop
INFO  [02:28:57.296] [bbotk]     2026-09-10 02:23:29     2026-09-10 02:23:29 2026-09-10 02:23:30
INFO  [02:28:57.296] [bbotk]     2026-09-10 02:25:58     2026-09-10 02:25:58 2026-09-10 02:26:00
INFO  [02:28:58.327] [bbotk] Results of 1 configuration(s):
INFO  [02:28:58.333] [bbotk]  classif.ce learning_rate num_leaves min_data_in_leaf feature_fraction
INFO  [02:28:58.333] [bbotk]   0.3249046     -3.047261         90                1        0.6304163
INFO  [02:28:58.333] [bbotk]  extra_trees lambda_l1 lambda_l2 min_gain_to_split        timestamp_xs
INFO  [02:28:58.333] [bbotk]        FALSE -1.092971 -3.129061         -3.298735 2026-09-10 02:23:26
INFO  [02:28:58.333] [bbotk]         timestamp_ys runtime_learners warnings errors internal_tuned_values
INFO  [02:28:58.333] [bbotk]  2026-09-10 02:28:57          330.341        0      0    num_iterations=612
INFO  [02:28:58.333] [bbotk]                   worker_id    acq_cb timestamp_surrogate
INFO  [02:28:58.333] [bbotk]  fleshcolored_esok_329c7d1f -13.98388 2026-09-10 02:23:24
INFO  [02:28:58.333] [bbotk]  timestamp_acq_function timestamp_acq_optimizer      timestamp_loop
INFO  [02:28:58.333] [bbotk]     2026-09-10 02:23:24     2026-09-10 02:23:24 2026-09-10 02:23:26
INFO  [02:28:59.363] [bbotk] Results of 1 configuration(s):
INFO  [02:28:59.369] [bbotk]  classif.ce learning_rate num_leaves min_data_in_leaf feature_fraction
INFO  [02:28:59.369] [bbotk]   0.3269754        -2.454         97                1        0.7876618
INFO  [02:28:59.369] [bbotk]  extra_trees lambda_l1 lambda_l2 min_gain_to_split        timestamp_xs
INFO  [02:28:59.369] [bbotk]        FALSE -2.536959  6.907755         -4.540815 2026-09-10 02:22:42
INFO  [02:28:59.369] [bbotk]         timestamp_ys runtime_learners warnings errors internal_tuned_values
INFO  [02:28:59.369] [bbotk]  2026-09-10 02:28:58          375.318        0      0    num_iterations=419
INFO  [02:28:59.369] [bbotk]                          worker_id    acq_cb timestamp_surrogate
INFO  [02:28:59.369] [bbotk]  computative_irishterrier_61acfaca -3.860567 2026-09-10 02:22:40
INFO  [02:28:59.369] [bbotk]  timestamp_acq_function timestamp_acq_optimizer      timestamp_loop
INFO  [02:28:59.369] [bbotk]     2026-09-10 02:22:41     2026-09-10 02:22:41 2026-09-10 02:22:42
INFO  [02:29:00.399] [bbotk] Results of 2 configuration(s):
INFO  [02:29:00.406] [bbotk]  classif.ce learning_rate num_leaves min_data_in_leaf feature_fraction
INFO  [02:29:00.406] [bbotk]   0.3246487     -1.994689        124                8        0.5605147
INFO  [02:29:00.406] [bbotk]   0.3241889     -3.124438        200              144        0.5721526
INFO  [02:29:00.406] [bbotk]  extra_trees  lambda_l1 lambda_l2 min_gain_to_split        timestamp_xs
INFO  [02:29:00.406] [bbotk]        FALSE -0.6799863 -2.012066         -5.669689 2026-09-10 02:26:40
INFO  [02:29:00.406] [bbotk]        FALSE -3.2881158  1.681719         -4.690538 2026-09-10 02:23:34
INFO  [02:29:00.406] [bbotk]         timestamp_ys runtime_learners warnings errors internal_tuned_values
INFO  [02:29:00.406] [bbotk]  2026-09-10 02:28:59          138.791        0      0    num_iterations=280
INFO  [02:29:00.406] [bbotk]  2026-09-10 02:28:59          324.505        0      0    num_iterations=392
INFO  [02:29:00.406] [bbotk]                    worker_id    acq_cb timestamp_surrogate
INFO  [02:29:00.406] [bbotk]  clumpish_blackbird_f5c90647 -4.650155 2026-09-10 02:26:38
INFO  [02:29:00.406] [bbotk]         sweated_fox_f5b2dd9f -7.546329 2026-09-10 02:23:31
INFO  [02:29:00.406] [bbotk]  timestamp_acq_function timestamp_acq_optimizer      timestamp_loop
INFO  [02:29:00.406] [bbotk]     2026-09-10 02:26:39     2026-09-10 02:26:39 2026-09-10 02:26:40
INFO  [02:29:00.406] [bbotk]     2026-09-10 02:23:32     2026-09-10 02:23:32 2026-09-10 02:23:34
INFO  [02:29:01.437] [bbotk] Results of 1 configuration(s):
INFO  [02:29:01.445] [bbotk]  classif.ce learning_rate num_leaves min_data_in_leaf feature_fraction
INFO  [02:29:01.445] [bbotk]   0.3252995     -3.187563        255                1         0.711272
INFO  [02:29:01.445] [bbotk]  extra_trees lambda_l1 lambda_l2 min_gain_to_split        timestamp_xs
INFO  [02:29:01.445] [bbotk]        FALSE -6.907755  3.188621         -3.485082 2026-09-10 02:23:35
INFO  [02:29:01.445] [bbotk]         timestamp_ys runtime_learners warnings errors internal_tuned_values
INFO  [02:29:01.445] [bbotk]  2026-09-10 02:29:00          324.503        0      0    num_iterations=325
INFO  [02:29:01.445] [bbotk]                   worker_id    acq_cb timestamp_surrogate
INFO  [02:29:01.445] [bbotk]  beamy_gilamonster_90441020 -7.910293 2026-09-10 02:23:31
INFO  [02:29:01.445] [bbotk]  timestamp_acq_function timestamp_acq_optimizer      timestamp_loop
INFO  [02:29:01.445] [bbotk]     2026-09-10 02:23:33     2026-09-10 02:23:33 2026-09-10 02:23:35
INFO  [02:29:02.474] [bbotk] Results of 3 configuration(s):
INFO  [02:29:02.480] [bbotk]  classif.ce learning_rate num_leaves min_data_in_leaf feature_fraction
INFO  [02:29:02.480] [bbotk]   0.3265602     -3.909074        158              114        0.6432019
INFO  [02:29:02.480] [bbotk]   0.3240573     -3.330260        248               33        0.4425218
INFO  [02:29:02.480] [bbotk]   0.3237848     -2.191614        217                5        0.3715887
INFO  [02:29:02.480] [bbotk]  extra_trees  lambda_l1  lambda_l2 min_gain_to_split        timestamp_xs
INFO  [02:29:02.480] [bbotk]        FALSE -5.8464785 -0.3931103         -3.497159 2026-09-10 02:21:34
INFO  [02:29:02.480] [bbotk]        FALSE -1.2980816  3.3224802         -5.571855 2026-09-10 02:21:01
INFO  [02:29:02.480] [bbotk]        FALSE  0.1628847  3.1561919         -5.613113 2026-09-10 02:25:15
INFO  [02:29:02.480] [bbotk]         timestamp_ys runtime_learners warnings errors internal_tuned_values
INFO  [02:29:02.480] [bbotk]  2026-09-10 02:29:01          445.502        0      0    num_iterations=535
INFO  [02:29:02.480] [bbotk]  2026-09-10 02:29:02          478.660        0      0    num_iterations=579
INFO  [02:29:02.480] [bbotk]  2026-09-10 02:29:02          225.426        0      0    num_iterations=275
INFO  [02:29:02.480] [bbotk]                        worker_id    acq_cb timestamp_surrogate
INFO  [02:29:02.480] [bbotk]  exploitive_germanspitz_a6e6b5bb -16.81520 2026-09-10 02:21:33
INFO  [02:29:02.480] [bbotk]       respirable_volvox_030d0a99 -23.64717 2026-09-10 02:21:00
INFO  [02:29:02.480] [bbotk]      indiscreet_hagfish_e48f4acd -19.21888 2026-09-10 02:25:13
INFO  [02:29:02.480] [bbotk]  timestamp_acq_function timestamp_acq_optimizer      timestamp_loop
INFO  [02:29:02.480] [bbotk]     2026-09-10 02:21:33     2026-09-10 02:21:33 2026-09-10 02:21:34
INFO  [02:29:02.480] [bbotk]     2026-09-10 02:21:00     2026-09-10 02:21:00 2026-09-10 02:21:01
INFO  [02:29:02.480] [bbotk]     2026-09-10 02:25:14     2026-09-10 02:25:14 2026-09-10 02:25:15
INFO  [02:29:03.510] [bbotk] Results of 2 configuration(s):
INFO  [02:29:03.518] [bbotk]  classif.ce learning_rate num_leaves min_data_in_leaf feature_fraction
INFO  [02:29:03.518] [bbotk]   0.3236754     -3.481078        247               30        0.4396275
INFO  [02:29:03.518] [bbotk]   0.3244596     -3.058016        138              174        0.6393272
INFO  [02:29:03.518] [bbotk]  extra_trees lambda_l1 lambda_l2 min_gain_to_split        timestamp_xs
INFO  [02:29:03.518] [bbotk]        FALSE -3.004171 -1.176899         -5.746471 2026-09-10 02:21:03
INFO  [02:29:03.518] [bbotk]        FALSE -6.907755 -1.896140         -2.302585 2026-09-10 02:22:50
INFO  [02:29:03.518] [bbotk]         timestamp_ys runtime_learners warnings errors internal_tuned_values
INFO  [02:29:03.518] [bbotk]  2026-09-10 02:29:03          478.853        0      0    num_iterations=660
INFO  [02:29:03.518] [bbotk]  2026-09-10 02:29:03          371.863        0      0    num_iterations=620
INFO  [02:29:03.518] [bbotk]                     worker_id    acq_cb timestamp_surrogate
INFO  [02:29:03.518] [bbotk]  detonable_koalabear_9ad01fa8 -18.82290 2026-09-10 02:21:02
INFO  [02:29:03.518] [bbotk]   anorthosite_dragon_7507f5b8 -10.01439 2026-09-10 02:22:49
INFO  [02:29:03.518] [bbotk]  timestamp_acq_function timestamp_acq_optimizer      timestamp_loop
INFO  [02:29:03.518] [bbotk]     2026-09-10 02:21:02     2026-09-10 02:21:02 2026-09-10 02:21:03
INFO  [02:29:03.518] [bbotk]     2026-09-10 02:22:49     2026-09-10 02:22:49 2026-09-10 02:22:50
INFO  [02:29:04.547] [bbotk] Results of 1 configuration(s):
INFO  [02:29:04.555] [bbotk]  classif.ce learning_rate num_leaves min_data_in_leaf feature_fraction
INFO  [02:29:04.555] [bbotk]   0.3318866     -3.769667         21               72        0.8093386
INFO  [02:29:04.555] [bbotk]  extra_trees lambda_l1 lambda_l2 min_gain_to_split        timestamp_xs
INFO  [02:29:04.555] [bbotk]        FALSE -2.532356 0.9974917         -4.487166 2026-09-10 02:23:37
INFO  [02:29:04.555] [bbotk]         timestamp_ys runtime_learners warnings errors internal_tuned_values
INFO  [02:29:04.555] [bbotk]  2026-09-10 02:29:04          325.261        0      0    num_iterations=823
INFO  [02:29:04.555] [bbotk]                     worker_id    acq_cb timestamp_surrogate
INFO  [02:29:04.555] [bbotk]  wellmannered_thrush_ebf259a3 -6.404568 2026-09-10 02:23:34
INFO  [02:29:04.555] [bbotk]  timestamp_acq_function timestamp_acq_optimizer      timestamp_loop
INFO  [02:29:04.555] [bbotk]     2026-09-10 02:23:35     2026-09-10 02:23:35 2026-09-10 02:23:37
INFO  [02:29:05.584] [bbotk] Results of 1 configuration(s):
INFO  [02:29:05.591] [bbotk]  classif.ce learning_rate num_leaves min_data_in_leaf feature_fraction
INFO  [02:29:05.591] [bbotk]   0.3253662     -3.598012        147              102        0.6463982
INFO  [02:29:05.591] [bbotk]  extra_trees lambda_l1  lambda_l2 min_gain_to_split        timestamp_xs
INFO  [02:29:05.591] [bbotk]        FALSE -5.896622 -0.2935833         -5.229346 2026-09-10 02:21:52
INFO  [02:29:05.591] [bbotk]         timestamp_ys runtime_learners warnings errors internal_tuned_values
INFO  [02:29:05.591] [bbotk]  2026-09-10 02:29:05          432.031        0      0    num_iterations=653
INFO  [02:29:05.591] [bbotk]                    worker_id    acq_cb timestamp_surrogate
INFO  [02:29:05.591] [bbotk]  manic_howlermonkey_4eb24cc1 -10.22771 2026-09-10 02:21:48
INFO  [02:29:05.591] [bbotk]  timestamp_acq_function timestamp_acq_optimizer      timestamp_loop
INFO  [02:29:05.591] [bbotk]     2026-09-10 02:21:50     2026-09-10 02:21:50 2026-09-10 02:21:52
INFO  [02:29:07.662] [bbotk] Results of 1 configuration(s):
INFO  [02:29:07.671] [bbotk]  classif.ce learning_rate num_leaves min_data_in_leaf feature_fraction
INFO  [02:29:07.671] [bbotk]   0.3267233     -2.702816        104               31        0.8062755
INFO  [02:29:07.671] [bbotk]  extra_trees  lambda_l1 lambda_l2 min_gain_to_split        timestamp_xs
INFO  [02:29:07.671] [bbotk]        FALSE -0.6892311  1.907953         -3.992707 2026-09-10 02:25:32
INFO  [02:29:07.671] [bbotk]         timestamp_ys runtime_learners warnings errors internal_tuned_values
INFO  [02:29:07.671] [bbotk]  2026-09-10 02:29:06          213.917        0      0    num_iterations=380
INFO  [02:29:07.671] [bbotk]                      worker_id    acq_cb timestamp_surrogate
INFO  [02:29:07.671] [bbotk]  unmedicinal_queenbee_b912ee6f -9.167668 2026-09-10 02:25:30
INFO  [02:29:07.671] [bbotk]  timestamp_acq_function timestamp_acq_optimizer      timestamp_loop
INFO  [02:29:07.671] [bbotk]     2026-09-10 02:25:31     2026-09-10 02:25:31 2026-09-10 02:25:32
INFO  [02:29:08.705] [bbotk] Results of 1 configuration(s):
INFO  [02:29:08.713] [bbotk]  classif.ce learning_rate num_leaves min_data_in_leaf feature_fraction
INFO  [02:29:08.713] [bbotk]   0.3247136     -2.067081        255                9        0.5867119
INFO  [02:29:08.713] [bbotk]  extra_trees  lambda_l1 lambda_l2 min_gain_to_split        timestamp_xs
INFO  [02:29:08.713] [bbotk]        FALSE -0.5322847 -6.907755         -5.746856 2026-09-10 02:26:47
INFO  [02:29:08.713] [bbotk]         timestamp_ys runtime_learners warnings errors internal_tuned_values
INFO  [02:29:08.713] [bbotk]  2026-09-10 02:29:08          139.513        0      0    num_iterations=170
INFO  [02:29:08.713] [bbotk]                                  worker_id    acq_cb timestamp_surrogate
INFO  [02:29:08.713] [bbotk]  moving_oregonsilverspotbutterfly_cb05c342 -8.187859 2026-09-10 02:26:45
INFO  [02:29:08.713] [bbotk]  timestamp_acq_function timestamp_acq_optimizer      timestamp_loop
INFO  [02:29:08.713] [bbotk]     2026-09-10 02:26:46     2026-09-10 02:26:46 2026-09-10 02:26:47
INFO  [02:29:10.765] [bbotk] Results of 1 configuration(s):
INFO  [02:29:10.772] [bbotk]  classif.ce learning_rate num_leaves min_data_in_leaf feature_fraction
INFO  [02:29:10.772] [bbotk]    0.324582     -1.989429        255               19        0.5295548
INFO  [02:29:10.772] [bbotk]  extra_trees  lambda_l1 lambda_l2 min_gain_to_split        timestamp_xs
INFO  [02:29:10.772] [bbotk]        FALSE -0.3103396 -1.573759         -5.530806 2026-09-10 02:26:51
INFO  [02:29:10.772] [bbotk]         timestamp_ys runtime_learners warnings errors internal_tuned_values
INFO  [02:29:10.772] [bbotk]  2026-09-10 02:29:10          138.188        0      0    num_iterations=163
INFO  [02:29:10.772] [bbotk]                       worker_id    acq_cb timestamp_surrogate
INFO  [02:29:10.772] [bbotk]  numeric_galapagoshawk_eadb68a1 -4.465122 2026-09-10 02:26:49
INFO  [02:29:10.772] [bbotk]  timestamp_acq_function timestamp_acq_optimizer      timestamp_loop
INFO  [02:29:10.772] [bbotk]     2026-09-10 02:26:50     2026-09-10 02:26:50 2026-09-10 02:26:51
INFO  [02:29:11.801] [bbotk] Results of 3 configuration(s):
INFO  [02:29:11.809] [bbotk]  classif.ce learning_rate num_leaves min_data_in_leaf feature_fraction
INFO  [02:29:11.809] [bbotk]   0.3256109     -3.934163        203              118        0.6693486
INFO  [02:29:11.809] [bbotk]   0.3259966     -1.384003        149               75        0.5783010
INFO  [02:29:11.809] [bbotk]   0.3236698     -3.292383        255              146        0.4696134
INFO  [02:29:11.809] [bbotk]  extra_trees lambda_l1  lambda_l2 min_gain_to_split        timestamp_xs
INFO  [02:29:11.809] [bbotk]        FALSE -5.960825 -0.1517547         -4.370653 2026-09-10 02:21:23
INFO  [02:29:11.809] [bbotk]        FALSE -5.808207  2.9825912         -4.644549 2026-09-10 02:27:26
INFO  [02:29:11.809] [bbotk]        FALSE -6.907755 -6.3310749         -4.093051 2026-09-10 02:21:23
INFO  [02:29:11.809] [bbotk]         timestamp_ys runtime_learners warnings errors internal_tuned_values
INFO  [02:29:11.809] [bbotk]  2026-09-10 02:29:11          467.096        0      0    num_iterations=544
INFO  [02:29:11.809] [bbotk]  2026-09-10 02:29:11          103.963        0      0    num_iterations=121
INFO  [02:29:11.809] [bbotk]  2026-09-10 02:29:11          466.782        0      0    num_iterations=579
INFO  [02:29:11.809] [bbotk]                 worker_id     acq_cb timestamp_surrogate timestamp_acq_function
INFO  [02:29:11.809] [bbotk]        ready_gnu_fa3423be  -3.741365 2026-09-10 02:21:22    2026-09-10 02:21:22
INFO  [02:29:11.809] [bbotk]   scientific_cur_23dd9641  -3.914449 2026-09-10 02:27:24    2026-09-10 02:27:25
INFO  [02:29:11.809] [bbotk]  dorky_kusimanse_78bb0067 -16.035768 2026-09-10 02:21:18    2026-09-10 02:21:19
INFO  [02:29:11.809] [bbotk]  timestamp_acq_optimizer      timestamp_loop
INFO  [02:29:11.809] [bbotk]      2026-09-10 02:21:22 2026-09-10 02:21:23
INFO  [02:29:11.809] [bbotk]      2026-09-10 02:27:25 2026-09-10 02:27:26
INFO  [02:29:11.809] [bbotk]      2026-09-10 02:21:19 2026-09-10 02:21:23
INFO  [02:29:12.838] [bbotk] Results of 1 configuration(s):
INFO  [02:29:12.845] [bbotk]  classif.ce learning_rate num_leaves min_data_in_leaf feature_fraction
INFO  [02:29:12.845] [bbotk]   0.3239386     -2.196909        196               77        0.3685297
INFO  [02:29:12.845] [bbotk]  extra_trees lambda_l1 lambda_l2 min_gain_to_split        timestamp_xs
INFO  [02:29:12.845] [bbotk]        FALSE -3.264022  2.780607         -6.668487 2026-09-10 02:25:38
INFO  [02:29:12.845] [bbotk]         timestamp_ys runtime_learners warnings errors internal_tuned_values
INFO  [02:29:12.845] [bbotk]  2026-09-10 02:29:12           212.93        0      0    num_iterations=296
INFO  [02:29:12.845] [bbotk]                      worker_id    acq_cb timestamp_surrogate
INFO  [02:29:12.845] [bbotk]  chondrite_hairstreak_cb6b5bd0 -11.70883 2026-09-10 02:25:36
INFO  [02:29:12.845] [bbotk]  timestamp_acq_function timestamp_acq_optimizer      timestamp_loop
INFO  [02:29:12.845] [bbotk]     2026-09-10 02:25:36     2026-09-10 02:25:36 2026-09-10 02:25:38
INFO  [02:29:15.921] [bbotk] Results of 2 configuration(s):
INFO  [02:29:15.928] [bbotk]  classif.ce learning_rate num_leaves min_data_in_leaf feature_fraction
INFO  [02:29:15.928] [bbotk]   0.3264582     -3.850818        137               44        0.7443487
INFO  [02:29:15.928] [bbotk]   0.3246320     -3.298643        255                4        0.5900093
INFO  [02:29:15.928] [bbotk]  extra_trees  lambda_l1 lambda_l2 min_gain_to_split        timestamp_xs
INFO  [02:29:15.928] [bbotk]        FALSE -4.7988520 -4.670099         -4.960405 2026-09-10 02:21:52
INFO  [02:29:15.928] [bbotk]        FALSE  0.3591178  4.480788         -5.507656 2026-09-10 02:21:23
INFO  [02:29:15.928] [bbotk]         timestamp_ys runtime_learners warnings errors internal_tuned_values
INFO  [02:29:15.928] [bbotk]  2026-09-10 02:29:14          441.906        0      0    num_iterations=613
INFO  [02:29:15.928] [bbotk]  2026-09-10 02:29:15          471.168        0      0    num_iterations=456
INFO  [02:29:15.928] [bbotk]                           worker_id     acq_cb timestamp_surrogate
INFO  [02:29:15.928] [bbotk]  dispellable_senegalpython_0dfe0c96  -4.086126 2026-09-10 02:21:49
INFO  [02:29:15.928] [bbotk]             alchemic_moose_0bbd703d -10.876007 2026-09-10 02:21:22
INFO  [02:29:15.928] [bbotk]  timestamp_acq_function timestamp_acq_optimizer      timestamp_loop
INFO  [02:29:15.928] [bbotk]     2026-09-10 02:21:51     2026-09-10 02:21:51 2026-09-10 02:21:52
INFO  [02:29:15.928] [bbotk]     2026-09-10 02:21:22     2026-09-10 02:21:22 2026-09-10 02:21:23
INFO  [02:29:17.980] [bbotk] Results of 2 configuration(s):
INFO  [02:29:17.987] [bbotk]  classif.ce learning_rate num_leaves min_data_in_leaf feature_fraction
INFO  [02:29:17.987] [bbotk]   0.3245912     -2.848239        182              147        0.6074313
INFO  [02:29:17.987] [bbotk]   0.3237366     -2.978621        239              179        0.4359657
INFO  [02:29:17.987] [bbotk]  extra_trees  lambda_l1  lambda_l2 min_gain_to_split        timestamp_xs
INFO  [02:29:17.987] [bbotk]        FALSE -1.2704671 0.07498373         -5.048023 2026-09-10 02:24:43
INFO  [02:29:17.987] [bbotk]        FALSE -0.7494607 3.61244162         -3.332380 2026-09-10 02:21:52
INFO  [02:29:17.987] [bbotk]         timestamp_ys runtime_learners warnings errors internal_tuned_values
INFO  [02:29:17.987] [bbotk]  2026-09-10 02:29:17          273.160        0      0    num_iterations=382
INFO  [02:29:17.987] [bbotk]  2026-09-10 02:29:17          444.059        0      0    num_iterations=496
INFO  [02:29:17.987] [bbotk]                        worker_id     acq_cb timestamp_surrogate
INFO  [02:29:17.987] [bbotk]  gasolinic_purplemarten_10d21674  -8.069881 2026-09-10 02:24:42
INFO  [02:29:17.987] [bbotk]   insensitive_fennecfox_0165dc81 -19.300182 2026-09-10 02:21:49
INFO  [02:29:17.987] [bbotk]  timestamp_acq_function timestamp_acq_optimizer      timestamp_loop
INFO  [02:29:17.987] [bbotk]     2026-09-10 02:24:42     2026-09-10 02:24:42 2026-09-10 02:24:43
INFO  [02:29:17.987] [bbotk]     2026-09-10 02:21:50     2026-09-10 02:21:50 2026-09-10 02:21:52
INFO  [02:29:20.040] [bbotk] Results of 2 configuration(s):
INFO  [02:29:20.047] [bbotk]  classif.ce learning_rate num_leaves min_data_in_leaf feature_fraction
INFO  [02:29:20.047] [bbotk]   0.3238200     -2.559211        245               60        0.5722569
INFO  [02:29:20.047] [bbotk]   0.3239943     -2.170345        236               64        0.4455412
INFO  [02:29:20.047] [bbotk]  extra_trees lambda_l1  lambda_l2 min_gain_to_split        timestamp_xs
INFO  [02:29:20.047] [bbotk]        FALSE -5.760609 -0.3104974         -4.822561 2026-09-10 02:25:56
INFO  [02:29:20.047] [bbotk]        FALSE  1.683565  2.9425833         -3.456109 2026-09-10 02:25:18
INFO  [02:29:20.047] [bbotk]         timestamp_ys runtime_learners warnings errors internal_tuned_values
INFO  [02:29:20.047] [bbotk]  2026-09-10 02:29:19          202.313        0      0    num_iterations=223
INFO  [02:29:20.047] [bbotk]  2026-09-10 02:29:19          240.378        0      0    num_iterations=274
INFO  [02:29:20.047] [bbotk]                  worker_id     acq_cb timestamp_surrogate
INFO  [02:29:20.047] [bbotk]    syrupy_primate_0dc5fead  -8.433176 2026-09-10 02:25:53
INFO  [02:29:20.047] [bbotk]  tactical_cheetah_194e64b0 -17.329579 2026-09-10 02:25:16
INFO  [02:29:20.047] [bbotk]  timestamp_acq_function timestamp_acq_optimizer      timestamp_loop
INFO  [02:29:20.047] [bbotk]     2026-09-10 02:25:54     2026-09-10 02:25:54 2026-09-10 02:25:56
INFO  [02:29:20.047] [bbotk]     2026-09-10 02:25:17     2026-09-10 02:25:17 2026-09-10 02:25:18
INFO  [02:29:21.075] [bbotk] Results of 5 configuration(s):
INFO  [02:29:21.083] [bbotk]  classif.ce learning_rate num_leaves min_data_in_leaf feature_fraction
INFO  [02:29:21.083] [bbotk]   0.3264841     -2.452328         39              178        0.4020620
INFO  [02:29:21.083] [bbotk]   0.3236476     -2.537009        255                1        0.5244335
INFO  [02:29:21.083] [bbotk]   0.3248489     -2.018231        255              190        0.5777473
INFO  [02:29:21.083] [bbotk]   0.3250900     -2.454080         95              102        0.4444953
INFO  [02:29:21.083] [bbotk]   0.4454423     -6.190662         10              131        0.3866587
INFO  [02:29:21.083] [bbotk]  extra_trees  lambda_l1  lambda_l2 min_gain_to_split        timestamp_xs
INFO  [02:29:21.083] [bbotk]        FALSE -6.9077553 -5.8710095         -5.210841 2026-09-10 02:24:38
INFO  [02:29:21.083] [bbotk]        FALSE -0.2874098 -1.8988831         -4.013774 2026-09-10 02:26:05
INFO  [02:29:21.083] [bbotk]        FALSE -3.3088455 -1.7962422         -6.530658 2026-09-10 02:27:00
INFO  [02:29:21.083] [bbotk]        FALSE -1.5137492 -0.9442496         -4.818524 2026-09-10 02:25:41
INFO  [02:29:21.083] [bbotk]        FALSE -3.8486248 -1.2442027         -3.063741 2026-09-10 02:28:42
INFO  [02:29:21.083] [bbotk]         timestamp_ys runtime_learners warnings errors internal_tuned_values
INFO  [02:29:21.083] [bbotk]  2026-09-10 02:29:20          281.065        0      0    num_iterations=698
INFO  [02:29:21.083] [bbotk]  2026-09-10 02:29:20          193.716        0      0    num_iterations=227
INFO  [02:29:21.083] [bbotk]  2026-09-10 02:29:20          139.275        0      0    num_iterations=118
INFO  [02:29:21.083] [bbotk]  2026-09-10 02:29:20          218.832        0      0    num_iterations=431
INFO  [02:29:21.083] [bbotk]  2026-09-10 02:29:20           37.873        0      0      num_iterations=1
INFO  [02:29:21.083] [bbotk]                                   worker_id     acq_cb timestamp_surrogate
INFO  [02:29:21.083] [bbotk]         foreknowable_albertosaurus_e107f184  -5.441990 2026-09-10 02:24:36
INFO  [02:29:21.083] [bbotk]  terracotta_blacknorwegianelkhound_54d0b6af  -4.756699 2026-09-10 02:26:03
INFO  [02:29:21.083] [bbotk]                    grapy_crocodile_bfadf146 -15.498524 2026-09-10 02:26:57
INFO  [02:29:21.083] [bbotk]               nonzoological_gopher_f355710d  -6.516326 2026-09-10 02:25:38
INFO  [02:29:21.083] [bbotk]           rejoiceful_xuanhuasaurus_42c773e2 -22.323160 2026-09-10 02:28:40
INFO  [02:29:21.083] [bbotk]  timestamp_acq_function timestamp_acq_optimizer      timestamp_loop
INFO  [02:29:21.083] [bbotk]     2026-09-10 02:24:36     2026-09-10 02:24:36 2026-09-10 02:24:38
INFO  [02:29:21.083] [bbotk]     2026-09-10 02:26:04     2026-09-10 02:26:04 2026-09-10 02:26:05
INFO  [02:29:21.083] [bbotk]     2026-09-10 02:26:59     2026-09-10 02:26:59 2026-09-10 02:27:00
INFO  [02:29:21.083] [bbotk]     2026-09-10 02:25:40     2026-09-10 02:25:40 2026-09-10 02:25:41
INFO  [02:29:21.083] [bbotk]     2026-09-10 02:28:41     2026-09-10 02:28:41 2026-09-10 02:28:42
INFO  [02:29:22.111] [bbotk] Results of 1 configuration(s):
INFO  [02:29:22.118] [bbotk]  classif.ce learning_rate num_leaves min_data_in_leaf feature_fraction
INFO  [02:29:22.118] [bbotk]   0.3267307     -3.614941        163               72        0.8066122
INFO  [02:29:22.118] [bbotk]  extra_trees lambda_l1 lambda_l2 min_gain_to_split        timestamp_xs
INFO  [02:29:22.118] [bbotk]        FALSE -2.136782  1.344624         -4.476848 2026-09-10 02:23:00
INFO  [02:29:22.118] [bbotk]         timestamp_ys runtime_learners warnings errors internal_tuned_values
INFO  [02:29:22.118] [bbotk]  2026-09-10 02:29:21          379.882        0      0    num_iterations=447
INFO  [02:29:22.118] [bbotk]                     worker_id    acq_cb timestamp_surrogate
INFO  [02:29:22.118] [bbotk]  foamy_grayreefshark_3a1f0fb5 -13.01644 2026-09-10 02:22:59
INFO  [02:29:22.118] [bbotk]  timestamp_acq_function timestamp_acq_optimizer      timestamp_loop
INFO  [02:29:22.118] [bbotk]     2026-09-10 02:22:59     2026-09-10 02:22:59 2026-09-10 02:23:00
INFO  [02:29:24.170] [bbotk] Results of 1 configuration(s):
INFO  [02:29:24.177] [bbotk]  classif.ce learning_rate num_leaves min_data_in_leaf feature_fraction
INFO  [02:29:24.177] [bbotk]   0.3242928     -3.386355        239               33        0.4515446
INFO  [02:29:24.177] [bbotk]  extra_trees lambda_l1 lambda_l2 min_gain_to_split        timestamp_xs
INFO  [02:29:24.177] [bbotk]        FALSE -1.071319  2.892631         -3.369434 2026-09-10 02:22:21
INFO  [02:29:24.177] [bbotk]         timestamp_ys runtime_learners warnings errors internal_tuned_values
INFO  [02:29:24.177] [bbotk]  2026-09-10 02:29:23          421.448        0      0    num_iterations=496
INFO  [02:29:24.177] [bbotk]               worker_id    acq_cb timestamp_surrogate timestamp_acq_function
INFO  [02:29:24.177] [bbotk]  depressed_emu_9a65d6fd -10.91504 2026-09-10 02:22:18    2026-09-10 02:22:19
INFO  [02:29:24.177] [bbotk]  timestamp_acq_optimizer      timestamp_loop
INFO  [02:29:24.177] [bbotk]      2026-09-10 02:22:19 2026-09-10 02:22:21
INFO  [02:29:25.205] [bbotk] Results of 1 configuration(s):
INFO  [02:29:25.212] [bbotk]  classif.ce learning_rate num_leaves min_data_in_leaf feature_fraction
INFO  [02:29:25.212] [bbotk]   0.3367385     -3.922176         10              158        0.4434656
INFO  [02:29:25.212] [bbotk]  extra_trees lambda_l1 lambda_l2 min_gain_to_split        timestamp_xs
INFO  [02:29:25.212] [bbotk]        FALSE -5.081817  3.368324         -5.604997 2026-09-10 02:22:49
INFO  [02:29:25.212] [bbotk]         timestamp_ys runtime_learners warnings errors internal_tuned_values
INFO  [02:29:25.212] [bbotk]  2026-09-10 02:29:24          393.932        0      0   num_iterations=1170
INFO  [02:29:25.212] [bbotk]                     worker_id    acq_cb timestamp_surrogate
INFO  [02:29:25.212] [bbotk]  unevolved_dalmatian_ed9a701e -12.54154 2026-09-10 02:22:48
INFO  [02:29:25.212] [bbotk]  timestamp_acq_function timestamp_acq_optimizer      timestamp_loop
INFO  [02:29:25.212] [bbotk]     2026-09-10 02:22:48     2026-09-10 02:22:48 2026-09-10 02:22:49
INFO  [02:29:26.241] [bbotk] Results of 3 configuration(s):
INFO  [02:29:26.249] [bbotk]  classif.ce learning_rate num_leaves min_data_in_leaf feature_fraction
INFO  [02:29:26.249] [bbotk]   0.3243706     -2.471769        234              159        0.6124914
INFO  [02:29:26.249] [bbotk]   0.3261282     -3.807740        119               20        0.4451375
INFO  [02:29:26.249] [bbotk]   0.3282491     -2.123139        130              149        0.3495170
INFO  [02:29:26.249] [bbotk]  extra_trees lambda_l1  lambda_l2 min_gain_to_split        timestamp_xs
INFO  [02:29:26.249] [bbotk]        FALSE -5.981621 -0.4339265         -2.523486 2026-09-10 02:25:42
INFO  [02:29:26.249] [bbotk]        FALSE -5.921779 -6.2685722         -6.059139 2026-09-10 02:21:26
INFO  [02:29:26.249] [bbotk]        FALSE  2.110316 -0.7615692         -6.907755 2026-09-10 02:23:26
INFO  [02:29:26.249] [bbotk]         timestamp_ys runtime_learners warnings errors internal_tuned_values
INFO  [02:29:26.249] [bbotk]  2026-09-10 02:29:25          221.954        0      0    num_iterations=239
INFO  [02:29:26.249] [bbotk]  2026-09-10 02:29:26          478.686        0      0    num_iterations=731
INFO  [02:29:26.249] [bbotk]  2026-09-10 02:29:26          358.574        0      0    num_iterations=481
INFO  [02:29:26.249] [bbotk]                              worker_id     acq_cb timestamp_surrogate
INFO  [02:29:26.249] [bbotk]              impulsive_spider_1106275c  -7.040295 2026-09-10 02:25:41
INFO  [02:29:26.249] [bbotk]  charlatanish_andalusianhorse_a6e3c148  -8.643552 2026-09-10 02:21:25
INFO  [02:29:26.249] [bbotk]     demagnetisable_bufflehead_d6dfe003 -14.269248 2026-09-10 02:23:24
INFO  [02:29:26.249] [bbotk]  timestamp_acq_function timestamp_acq_optimizer      timestamp_loop
INFO  [02:29:26.249] [bbotk]     2026-09-10 02:25:41     2026-09-10 02:25:41 2026-09-10 02:25:42
INFO  [02:29:26.249] [bbotk]     2026-09-10 02:21:25     2026-09-10 02:21:25 2026-09-10 02:21:26
INFO  [02:29:26.249] [bbotk]     2026-09-10 02:23:25     2026-09-10 02:23:25 2026-09-10 02:23:26
INFO  [02:29:27.277] [bbotk] Results of 1 configuration(s):
INFO  [02:29:27.284] [bbotk]  classif.ce learning_rate num_leaves min_data_in_leaf feature_fraction
INFO  [02:29:27.284] [bbotk]   0.3255219     -2.233155        230                1        0.7842236
INFO  [02:29:27.284] [bbotk]  extra_trees lambda_l1 lambda_l2 min_gain_to_split        timestamp_xs
INFO  [02:29:27.284] [bbotk]        FALSE  -4.69184  6.792356         -4.400636 2026-09-10 02:22:21
INFO  [02:29:27.284] [bbotk]         timestamp_ys runtime_learners warnings errors internal_tuned_values
INFO  [02:29:27.284] [bbotk]  2026-09-10 02:29:27          424.819        0      0    num_iterations=329
INFO  [02:29:27.284] [bbotk]                    worker_id    acq_cb timestamp_surrogate
INFO  [02:29:27.284] [bbotk]  cosmonautic_gander_8bf018b1 -12.00033 2026-09-10 02:22:18
INFO  [02:29:27.284] [bbotk]  timestamp_acq_function timestamp_acq_optimizer      timestamp_loop
INFO  [02:29:27.284] [bbotk]     2026-09-10 02:22:20     2026-09-10 02:22:20 2026-09-10 02:22:21
INFO  [02:29:28.325] [bbotk] Results of 2 configuration(s):
INFO  [02:29:28.334] [bbotk]  classif.ce learning_rate num_leaves min_data_in_leaf feature_fraction
INFO  [02:29:28.334] [bbotk]   0.3242316     -2.052569        164               62        0.3649863
INFO  [02:29:28.334] [bbotk]   0.3243817     -1.949170        255                9        0.5670781
INFO  [02:29:28.334] [bbotk]  extra_trees lambda_l1 lambda_l2 min_gain_to_split        timestamp_xs
INFO  [02:29:28.334] [bbotk]        FALSE  1.228029  2.719654         -6.671670 2026-09-10 02:25:39
INFO  [02:29:28.334] [bbotk]        FALSE  1.792207 -1.848456         -3.954488 2026-09-10 02:26:25
INFO  [02:29:28.334] [bbotk]         timestamp_ys runtime_learners warnings errors internal_tuned_values
INFO  [02:29:28.334] [bbotk]  2026-09-10 02:29:27          227.519        0      0    num_iterations=311
INFO  [02:29:28.334] [bbotk]  2026-09-10 02:29:28          181.716        0      0    num_iterations=157
INFO  [02:29:28.334] [bbotk]                              worker_id    acq_cb timestamp_surrogate
INFO  [02:29:28.334] [bbotk]  demographic_iraniangroundjay_243b25af -8.853483 2026-09-10 02:25:37
INFO  [02:29:28.334] [bbotk]                gabardine_fowl_deb081f0 -4.610499 2026-09-10 02:26:23
INFO  [02:29:28.334] [bbotk]  timestamp_acq_function timestamp_acq_optimizer      timestamp_loop
INFO  [02:29:28.334] [bbotk]     2026-09-10 02:25:38     2026-09-10 02:25:38 2026-09-10 02:25:39
INFO  [02:29:28.334] [bbotk]     2026-09-10 02:26:24     2026-09-10 02:26:24 2026-09-10 02:26:25
INFO  [02:29:29.368] [bbotk] Results of 4 configuration(s):
INFO  [02:29:29.378] [bbotk]  classif.ce learning_rate num_leaves min_data_in_leaf feature_fraction
INFO  [02:29:29.378] [bbotk]   0.3241389     -3.321278        248               28        0.4376897
INFO  [02:29:29.378] [bbotk]   0.3236494     -2.627207        255                1        0.6292438
INFO  [02:29:29.378] [bbotk]   0.3265713     -3.514361        155               65        0.8165253
INFO  [02:29:29.378] [bbotk]   0.3239850     -3.290046        238               30        0.4419647
INFO  [02:29:29.378] [bbotk]  extra_trees  lambda_l1 lambda_l2 min_gain_to_split        timestamp_xs
INFO  [02:29:29.378] [bbotk]        FALSE -0.5276094  3.659812         -3.384723 2026-09-10 02:20:58
INFO  [02:29:29.378] [bbotk]        FALSE -1.0457378 -3.008414         -3.293290 2026-09-10 02:25:57
INFO  [02:29:29.378] [bbotk]        FALSE -3.2890745  1.141026         -4.450552 2026-09-10 02:23:16
INFO  [02:29:29.378] [bbotk]        FALSE -2.0499449  3.388647         -2.668341 2026-09-10 02:21:03
INFO  [02:29:29.378] [bbotk]         timestamp_ys runtime_learners warnings errors internal_tuned_values
INFO  [02:29:29.378] [bbotk]  2026-09-10 02:29:28          509.233        0      0    num_iterations=562
INFO  [02:29:29.378] [bbotk]  2026-09-10 02:29:28          210.679        0      0    num_iterations=292
INFO  [02:29:29.378] [bbotk]  2026-09-10 02:29:28          371.177        0      0    num_iterations=480
INFO  [02:29:29.378] [bbotk]  2026-09-10 02:29:28          504.132        0      0    num_iterations=607
INFO  [02:29:29.378] [bbotk]                          worker_id     acq_cb timestamp_surrogate
INFO  [02:29:29.378] [bbotk]  piscatory_aplomadofalcon_0325a1cc  -8.089855 2026-09-10 02:20:56
INFO  [02:29:29.378] [bbotk]       untouchable_marabou_bfc7cb1c -26.144231 2026-09-10 02:25:55
INFO  [02:29:29.378] [bbotk]      unhealthy_newtnutria_bee2e28b -20.671291 2026-09-10 02:23:14
INFO  [02:29:29.378] [bbotk]           shapeable_tench_3abe7670 -21.793384 2026-09-10 02:21:02
INFO  [02:29:29.378] [bbotk]  timestamp_acq_function timestamp_acq_optimizer      timestamp_loop
INFO  [02:29:29.378] [bbotk]     2026-09-10 02:20:57     2026-09-10 02:20:57 2026-09-10 02:20:58
INFO  [02:29:29.378] [bbotk]     2026-09-10 02:25:56     2026-09-10 02:25:56 2026-09-10 02:25:57
INFO  [02:29:29.378] [bbotk]     2026-09-10 02:23:15     2026-09-10 02:23:15 2026-09-10 02:23:16
INFO  [02:29:29.378] [bbotk]     2026-09-10 02:21:03     2026-09-10 02:21:03 2026-09-10 02:21:03
INFO  [02:29:32.479] [bbotk] Results of 1 configuration(s):
INFO  [02:29:32.486] [bbotk]  classif.ce learning_rate num_leaves min_data_in_leaf feature_fraction
INFO  [02:29:32.486] [bbotk]   0.3240907     -2.660524        163               49        0.6299708
INFO  [02:29:32.486] [bbotk]  extra_trees lambda_l1 lambda_l2 min_gain_to_split        timestamp_xs
INFO  [02:29:32.486] [bbotk]        FALSE 0.8872555 -2.647412         -6.907755 2026-09-10 02:25:30
INFO  [02:29:32.486] [bbotk]         timestamp_ys runtime_learners warnings errors internal_tuned_values
INFO  [02:29:32.486] [bbotk]  2026-09-10 02:29:32          240.203        0      0    num_iterations=340
INFO  [02:29:32.486] [bbotk]                 worker_id    acq_cb timestamp_surrogate timestamp_acq_function
INFO  [02:29:32.486] [bbotk]  entitled_xantus_82c981c8 -16.15484 2026-09-10 02:25:28    2026-09-10 02:25:29
INFO  [02:29:32.486] [bbotk]  timestamp_acq_optimizer      timestamp_loop
INFO  [02:29:32.486] [bbotk]      2026-09-10 02:25:29 2026-09-10 02:25:30
INFO  [02:29:33.515] [bbotk] Results of 1 configuration(s):
INFO  [02:29:33.522] [bbotk]  classif.ce learning_rate num_leaves min_data_in_leaf feature_fraction
INFO  [02:29:33.522] [bbotk]   0.3281861     -2.064689        226              178        0.3538505
INFO  [02:29:33.522] [bbotk]  extra_trees lambda_l1 lambda_l2 min_gain_to_split        timestamp_xs
INFO  [02:29:33.522] [bbotk]        FALSE     2.441  -6.49179         -6.383717 2026-09-10 02:23:10
INFO  [02:29:33.522] [bbotk]         timestamp_ys runtime_learners warnings errors internal_tuned_values
INFO  [02:29:33.522] [bbotk]  2026-09-10 02:29:33          380.677        0      0    num_iterations=448
INFO  [02:29:33.522] [bbotk]                                    worker_id    acq_cb timestamp_surrogate
INFO  [02:29:33.522] [bbotk]  deformable_alligatorsnappingturtle_b5f458bb -8.338454 2026-09-10 02:23:08
INFO  [02:29:33.522] [bbotk]  timestamp_acq_function timestamp_acq_optimizer      timestamp_loop
INFO  [02:29:33.522] [bbotk]     2026-09-10 02:23:09     2026-09-10 02:23:09 2026-09-10 02:23:10
INFO  [02:29:34.550] [bbotk] Results of 1 configuration(s):
INFO  [02:29:34.557] [bbotk]  classif.ce learning_rate num_leaves min_data_in_leaf feature_fraction
INFO  [02:29:34.557] [bbotk]   0.3243428     -2.553249        255               54        0.5387196
INFO  [02:29:34.557] [bbotk]  extra_trees lambda_l1  lambda_l2 min_gain_to_split        timestamp_xs
INFO  [02:29:34.557] [bbotk]        FALSE  -5.40668 -0.5156803         -5.446061 2026-09-10 02:26:23
INFO  [02:29:34.557] [bbotk]         timestamp_ys runtime_learners warnings errors internal_tuned_values
INFO  [02:29:34.557] [bbotk]  2026-09-10 02:29:34          190.199        0      0    num_iterations=228
INFO  [02:29:34.557] [bbotk]                             worker_id    acq_cb timestamp_surrogate
INFO  [02:29:34.557] [bbotk]  pseudoconservative_ammonite_0cf50941 -21.75192 2026-09-10 02:26:21
INFO  [02:29:34.557] [bbotk]  timestamp_acq_function timestamp_acq_optimizer      timestamp_loop
INFO  [02:29:34.557] [bbotk]     2026-09-10 02:26:22     2026-09-10 02:26:22 2026-09-10 02:26:23
INFO  [02:29:35.589] [bbotk] Results of 3 configuration(s):
INFO  [02:29:35.597] [bbotk]  classif.ce learning_rate num_leaves min_data_in_leaf feature_fraction
INFO  [02:29:35.597] [bbotk]   0.3241278     -2.289785        255                1        0.5661609
INFO  [02:29:35.597] [bbotk]   0.3286403     -2.023539         56               46        0.3130098
INFO  [02:29:35.597] [bbotk]   0.3250770     -3.486133        110               29        0.4400946
INFO  [02:29:35.597] [bbotk]  extra_trees  lambda_l1  lambda_l2 min_gain_to_split        timestamp_xs
INFO  [02:29:35.597] [bbotk]        FALSE -0.2126282 -5.0781787         -3.613098 2026-09-10 02:26:30
INFO  [02:29:35.597] [bbotk]        FALSE  0.7072428  0.6550173         -5.920624 2026-09-10 02:24:51
INFO  [02:29:35.597] [bbotk]        FALSE -3.3537827 -1.1606340         -2.865938 2026-09-10 02:21:34
INFO  [02:29:35.597] [bbotk]         timestamp_ys runtime_learners warnings errors internal_tuned_values
INFO  [02:29:35.597] [bbotk]  2026-09-10 02:29:34          183.815        0      0    num_iterations=234
INFO  [02:29:35.597] [bbotk]  2026-09-10 02:29:35          282.790        0      0    num_iterations=632
INFO  [02:29:35.597] [bbotk]  2026-09-10 02:29:35          479.963        0      0    num_iterations=808
INFO  [02:29:35.597] [bbotk]                             worker_id    acq_cb timestamp_surrogate
INFO  [02:29:35.597] [bbotk]   celebratory_xantusmurrelet_cf34a758 -21.31341 2026-09-10 02:26:28
INFO  [02:29:35.597] [bbotk]   indecipherable_backswimmer_1f980e68 -22.02795 2026-09-10 02:24:48
INFO  [02:29:35.597] [bbotk]  deformed_easternglasslizard_83f70aae -14.61303 2026-09-10 02:21:33
INFO  [02:29:35.597] [bbotk]  timestamp_acq_function timestamp_acq_optimizer      timestamp_loop
INFO  [02:29:35.597] [bbotk]     2026-09-10 02:26:28     2026-09-10 02:26:28 2026-09-10 02:26:30
INFO  [02:29:35.597] [bbotk]     2026-09-10 02:24:49     2026-09-10 02:24:49 2026-09-10 02:24:51
INFO  [02:29:35.597] [bbotk]     2026-09-10 02:21:33     2026-09-10 02:21:33 2026-09-10 02:21:34
INFO  [02:29:36.627] [bbotk] Results of 2 configuration(s):
INFO  [02:29:36.635] [bbotk]  classif.ce learning_rate num_leaves min_data_in_leaf feature_fraction
INFO  [02:29:36.635] [bbotk]   0.3242983     -2.442821        255               63        0.6154107
INFO  [02:29:36.635] [bbotk]   0.3245912     -1.999414        255                1        0.5585869
INFO  [02:29:36.635] [bbotk]  extra_trees  lambda_l1 lambda_l2 min_gain_to_split        timestamp_xs
INFO  [02:29:36.635] [bbotk]        FALSE -5.2535411  1.566751         -5.649454 2026-09-10 02:26:27
INFO  [02:29:36.635] [bbotk]        FALSE -0.4047067 -2.853752         -3.326787 2026-09-10 02:27:31
INFO  [02:29:36.635] [bbotk]         timestamp_ys runtime_learners warnings errors internal_tuned_values
INFO  [02:29:36.635] [bbotk]  2026-09-10 02:29:36          188.199        0      0    num_iterations=221
INFO  [02:29:36.635] [bbotk]  2026-09-10 02:29:36          125.046        0      0    num_iterations=131
INFO  [02:29:36.635] [bbotk]                          worker_id    acq_cb timestamp_surrogate
INFO  [02:29:36.635] [bbotk]  incorporated_bangeltiger_1c50836f -19.72647 2026-09-10 02:26:25
INFO  [02:29:36.635] [bbotk]         severe_nudibranch_de237fb9 -11.82982 2026-09-10 02:27:28
INFO  [02:29:36.635] [bbotk]  timestamp_acq_function timestamp_acq_optimizer      timestamp_loop
INFO  [02:29:36.635] [bbotk]     2026-09-10 02:26:26     2026-09-10 02:26:26 2026-09-10 02:26:27
INFO  [02:29:36.635] [bbotk]     2026-09-10 02:27:29     2026-09-10 02:27:29 2026-09-10 02:27:31
INFO  [02:29:37.664] [bbotk] Results of 1 configuration(s):
INFO  [02:29:37.670] [bbotk]  classif.ce learning_rate num_leaves min_data_in_leaf feature_fraction
INFO  [02:29:37.670] [bbotk]   0.3247062     -2.545215        181              155        0.5502852
INFO  [02:29:37.670] [bbotk]  extra_trees lambda_l1  lambda_l2 min_gain_to_split        timestamp_xs
INFO  [02:29:37.670] [bbotk]        FALSE -5.134255 -0.3397884         -5.540704 2026-09-10 02:26:07
INFO  [02:29:37.670] [bbotk]         timestamp_ys runtime_learners warnings errors internal_tuned_values
INFO  [02:29:37.670] [bbotk]  2026-09-10 02:29:36          208.821        0      0    num_iterations=285
INFO  [02:29:37.670] [bbotk]                       worker_id acq_cb timestamp_surrogate
INFO  [02:29:37.670] [bbotk]  antipestilence_phoebe_2d36eb7d -5.274 2026-09-10 02:26:05
INFO  [02:29:37.670] [bbotk]  timestamp_acq_function timestamp_acq_optimizer      timestamp_loop
INFO  [02:29:37.670] [bbotk]     2026-09-10 02:26:06     2026-09-10 02:26:06 2026-09-10 02:26:07
INFO  [02:29:38.698] [bbotk] Results of 1 configuration(s):
INFO  [02:29:38.705] [bbotk]  classif.ce learning_rate num_leaves min_data_in_leaf feature_fraction
INFO  [02:29:38.705] [bbotk]   0.3238441     -3.037988        255               31        0.4284996
INFO  [02:29:38.705] [bbotk]  extra_trees  lambda_l1 lambda_l2 min_gain_to_split        timestamp_xs
INFO  [02:29:38.705] [bbotk]        FALSE -0.7561192  3.488935         -3.388118 2026-09-10 02:22:59
INFO  [02:29:38.705] [bbotk]         timestamp_ys runtime_learners warnings errors internal_tuned_values
INFO  [02:29:38.705] [bbotk]  2026-09-10 02:29:37          397.109        0      0    num_iterations=429
INFO  [02:29:38.705] [bbotk]               worker_id    acq_cb timestamp_surrogate timestamp_acq_function
INFO  [02:29:38.705] [bbotk]  primary_shrew_456a3c4e -6.152177 2026-09-10 02:22:58    2026-09-10 02:22:58
INFO  [02:29:38.705] [bbotk]  timestamp_acq_optimizer      timestamp_loop
INFO  [02:29:38.705] [bbotk]      2026-09-10 02:22:58 2026-09-10 02:22:59
INFO  [02:29:39.732] [bbotk] Results of 2 configuration(s):
INFO  [02:29:39.739] [bbotk]  classif.ce learning_rate num_leaves min_data_in_leaf feature_fraction
INFO  [02:29:39.739] [bbotk]   0.3243002     -2.518765        255                5        0.6001505
INFO  [02:29:39.739] [bbotk]   0.3280990     -2.062514        151              179        0.3566745
INFO  [02:29:39.739] [bbotk]  extra_trees lambda_l1  lambda_l2 min_gain_to_split        timestamp_xs
INFO  [02:29:39.739] [bbotk]        FALSE  1.300945  0.8611468         -5.572903 2026-09-10 02:25:47
INFO  [02:29:39.739] [bbotk]        FALSE  2.211441 -0.5326671         -6.377466 2026-09-10 02:23:04
INFO  [02:29:39.739] [bbotk]         timestamp_ys runtime_learners warnings errors internal_tuned_values
INFO  [02:29:39.739] [bbotk]  2026-09-10 02:29:38          230.240        0      0    num_iterations=235
INFO  [02:29:39.739] [bbotk]  2026-09-10 02:29:39          393.416        0      0    num_iterations=507
INFO  [02:29:39.739] [bbotk]                       worker_id    acq_cb timestamp_surrogate
INFO  [02:29:39.739] [bbotk]         nonblack_nerka_83aca120 -9.239702 2026-09-10 02:25:45
INFO  [02:29:39.739] [bbotk]  scrawny_cockerspaniel_93b22cd2 -8.467704 2026-09-10 02:23:02
INFO  [02:29:39.739] [bbotk]  timestamp_acq_function timestamp_acq_optimizer      timestamp_loop
INFO  [02:29:39.739] [bbotk]     2026-09-10 02:25:46     2026-09-10 02:25:46 2026-09-10 02:25:47
INFO  [02:29:39.739] [bbotk]     2026-09-10 02:23:03     2026-09-10 02:23:03 2026-09-10 02:23:04
INFO  [02:29:40.768] [bbotk] Results of 1 configuration(s):
INFO  [02:29:40.775] [bbotk]  classif.ce learning_rate num_leaves min_data_in_leaf feature_fraction
INFO  [02:29:40.775] [bbotk]   0.3245783     -2.104691        248               28        0.5617277
INFO  [02:29:40.775] [bbotk]  extra_trees lambda_l1 lambda_l2 min_gain_to_split        timestamp_xs
INFO  [02:29:40.775] [bbotk]        FALSE -0.638955  4.448801         -4.320074 2026-09-10 02:26:04
INFO  [02:29:40.775] [bbotk]         timestamp_ys runtime_learners warnings errors internal_tuned_values
INFO  [02:29:40.775] [bbotk]  2026-09-10 02:29:40           215.55        0      0    num_iterations=213
INFO  [02:29:40.775] [bbotk]                                     worker_id    acq_cb timestamp_surrogate
INFO  [02:29:40.775] [bbotk]  nonlegal_alpineroadguidetigerbeetle_d12c7905 -5.714884 2026-09-10 02:26:02
INFO  [02:29:40.775] [bbotk]  timestamp_acq_function timestamp_acq_optimizer      timestamp_loop
INFO  [02:29:40.775] [bbotk]     2026-09-10 02:26:03     2026-09-10 02:26:03 2026-09-10 02:26:04
INFO  [02:29:41.804] [bbotk] Results of 2 configuration(s):
INFO  [02:29:41.811] [bbotk]  classif.ce learning_rate num_leaves min_data_in_leaf feature_fraction
INFO  [02:29:41.811] [bbotk]   0.3243799     -2.201387        243              193        0.4369398
INFO  [02:29:41.811] [bbotk]   0.3239127     -3.485969        255                1        0.3643632
INFO  [02:29:41.811] [bbotk]  extra_trees  lambda_l1 lambda_l2 min_gain_to_split        timestamp_xs
INFO  [02:29:41.811] [bbotk]        FALSE -1.6277402   3.80123         -4.721976 2026-09-10 02:25:47
INFO  [02:29:41.811] [bbotk]        FALSE -0.5788845   2.64782         -3.452169 2026-09-10 02:20:57
INFO  [02:29:41.811] [bbotk]         timestamp_ys runtime_learners warnings errors internal_tuned_values
INFO  [02:29:41.811] [bbotk]  2026-09-10 02:29:40          233.235        0      0    num_iterations=238
INFO  [02:29:41.811] [bbotk]  2026-09-10 02:29:41          523.840        0      0    num_iterations=619
INFO  [02:29:41.811] [bbotk]                      worker_id     acq_cb timestamp_surrogate
INFO  [02:29:41.811] [bbotk]      reviled_ibisbill_40dc04e3  -9.585459 2026-09-10 02:25:45
INFO  [02:29:41.811] [bbotk]  hornblende_amphibian_756683db -22.505045 2026-09-10 02:20:56
INFO  [02:29:41.811] [bbotk]  timestamp_acq_function timestamp_acq_optimizer      timestamp_loop
INFO  [02:29:41.811] [bbotk]     2026-09-10 02:25:45     2026-09-10 02:25:45 2026-09-10 02:25:47
INFO  [02:29:41.811] [bbotk]     2026-09-10 02:20:56     2026-09-10 02:20:56 2026-09-10 02:20:57
INFO  [02:29:42.839] [bbotk] Results of 1 configuration(s):
INFO  [02:29:42.847] [bbotk]  classif.ce learning_rate num_leaves min_data_in_leaf feature_fraction
INFO  [02:29:42.847] [bbotk]   0.3240573     -2.186991        213               63        0.3607842
INFO  [02:29:42.847] [bbotk]  extra_trees lambda_l1 lambda_l2 min_gain_to_split        timestamp_xs
INFO  [02:29:42.847] [bbotk]        FALSE  1.474647  3.131541          -6.65761 2026-09-10 02:25:25
INFO  [02:29:42.847] [bbotk]         timestamp_ys runtime_learners warnings errors internal_tuned_values
INFO  [02:29:42.847] [bbotk]  2026-09-10 02:29:42          255.867        0      0    num_iterations=274
INFO  [02:29:42.847] [bbotk]                  worker_id    acq_cb timestamp_surrogate timestamp_acq_function
INFO  [02:29:42.847] [bbotk]  lapis_spittlebug_fa8b9b04 -13.84062 2026-09-10 02:25:24    2026-09-10 02:25:24
INFO  [02:29:42.847] [bbotk]  timestamp_acq_optimizer      timestamp_loop
INFO  [02:29:42.847] [bbotk]      2026-09-10 02:25:24 2026-09-10 02:25:25
INFO  [02:29:43.876] [bbotk] Results of 4 configuration(s):
INFO  [02:29:43.883] [bbotk]  classif.ce learning_rate num_leaves min_data_in_leaf feature_fraction
INFO  [02:29:43.883] [bbotk]   0.3282454     -3.868236         56               22        0.4466373
INFO  [02:29:43.883] [bbotk]   0.3239090     -3.348787        255               31        0.4381695
INFO  [02:29:43.883] [bbotk]   0.3238367     -2.541566        255                6        0.5447757
INFO  [02:29:43.883] [bbotk]   0.3251734     -1.606156        248              200        0.4891909
INFO  [02:29:43.883] [bbotk]  extra_trees  lambda_l1  lambda_l2 min_gain_to_split        timestamp_xs
INFO  [02:29:43.883] [bbotk]        FALSE -5.8188587 -6.7672054         -6.906705 2026-09-10 02:21:26
INFO  [02:29:43.883] [bbotk]        FALSE -0.7792725  3.5018113         -3.432914 2026-09-10 02:21:03
INFO  [02:29:43.883] [bbotk]        FALSE -6.0164537 -0.4201091         -5.606121 2026-09-10 02:26:44
INFO  [02:29:43.883] [bbotk]        FALSE -0.6195366 -0.6753594         -5.586369 2026-09-10 02:27:29
INFO  [02:29:43.883] [bbotk]         timestamp_ys runtime_learners warnings errors internal_tuned_values
INFO  [02:29:43.883] [bbotk]  2026-09-10 02:29:42          495.247        0      0   num_iterations=1019
INFO  [02:29:43.883] [bbotk]  2026-09-10 02:29:42          518.281        0      0    num_iterations=599
INFO  [02:29:43.883] [bbotk]  2026-09-10 02:29:43          178.008        0      0    num_iterations=222
INFO  [02:29:43.883] [bbotk]  2026-09-10 02:29:43          133.009        0      0    num_iterations=120
INFO  [02:29:43.883] [bbotk]                        worker_id     acq_cb timestamp_surrogate
INFO  [02:29:43.883] [bbotk]         unpsychic_moose_947bec2c -19.491949 2026-09-10 02:21:25
INFO  [02:29:43.883] [bbotk]  quasidemocratic_limpet_17575538  -9.464332 2026-09-10 02:20:58
INFO  [02:29:43.883] [bbotk]         soot_silverfish_d8953a89 -20.882570 2026-09-10 02:26:41
INFO  [02:29:43.883] [bbotk]      satisfactory_goral_de911b34  -3.498105 2026-09-10 02:27:28
INFO  [02:29:43.883] [bbotk]  timestamp_acq_function timestamp_acq_optimizer      timestamp_loop
INFO  [02:29:43.883] [bbotk]     2026-09-10 02:21:25     2026-09-10 02:21:25 2026-09-10 02:21:26
INFO  [02:29:43.883] [bbotk]     2026-09-10 02:20:58     2026-09-10 02:20:58 2026-09-10 02:21:03
INFO  [02:29:43.883] [bbotk]     2026-09-10 02:26:43     2026-09-10 02:26:43 2026-09-10 02:26:44
INFO  [02:29:43.883] [bbotk]     2026-09-10 02:27:28     2026-09-10 02:27:28 2026-09-10 02:27:29
INFO  [02:29:44.911] [bbotk] Results of 1 configuration(s):
INFO  [02:29:44.918] [bbotk]  classif.ce learning_rate num_leaves min_data_in_leaf feature_fraction
INFO  [02:29:44.918] [bbotk]   0.3240313     -2.511873        255               74        0.5485478
INFO  [02:29:44.918] [bbotk]  extra_trees lambda_l1 lambda_l2 min_gain_to_split        timestamp_xs
INFO  [02:29:44.918] [bbotk]        FALSE  -5.53961   2.75168         -6.294068 2026-09-10 02:26:00
INFO  [02:29:44.918] [bbotk]         timestamp_ys runtime_learners warnings errors internal_tuned_values
INFO  [02:29:44.918] [bbotk]  2026-09-10 02:29:43          221.989        0      0    num_iterations=246
INFO  [02:29:44.918] [bbotk]                    worker_id    acq_cb timestamp_surrogate
INFO  [02:29:44.918] [bbotk]  chanceful_hedgehog_26a0a968 -12.64598 2026-09-10 02:25:58
INFO  [02:29:44.918] [bbotk]  timestamp_acq_function timestamp_acq_optimizer      timestamp_loop
INFO  [02:29:44.918] [bbotk]     2026-09-10 02:25:59     2026-09-10 02:25:59 2026-09-10 02:26:00
INFO  [02:29:45.947] [bbotk] Results of 1 configuration(s):
INFO  [02:29:45.954] [bbotk]  classif.ce learning_rate num_leaves min_data_in_leaf feature_fraction
INFO  [02:29:45.954] [bbotk]   0.3253903     -2.626474        255               97        0.6698353
INFO  [02:29:45.954] [bbotk]  extra_trees lambda_l1 lambda_l2 min_gain_to_split        timestamp_xs
INFO  [02:29:45.954] [bbotk]        FALSE -1.052872 -0.655484         -6.518707 2026-09-10 02:26:09
INFO  [02:29:45.954] [bbotk]         timestamp_ys runtime_learners warnings errors internal_tuned_values
INFO  [02:29:45.954] [bbotk]  2026-09-10 02:29:45          216.149        0      0    num_iterations=221
INFO  [02:29:45.954] [bbotk]                       worker_id    acq_cb timestamp_surrogate
INFO  [02:29:45.954] [bbotk]  goodlooking_armedcrab_0d92fc05 -20.41496 2026-09-10 02:26:06
INFO  [02:29:45.954] [bbotk]  timestamp_acq_function timestamp_acq_optimizer      timestamp_loop
INFO  [02:29:45.954] [bbotk]     2026-09-10 02:26:07     2026-09-10 02:26:07 2026-09-10 02:26:09
INFO  [02:29:46.983] [bbotk] Results of 1 configuration(s):
INFO  [02:29:46.990] [bbotk]  classif.ce learning_rate num_leaves min_data_in_leaf feature_fraction
INFO  [02:29:46.990] [bbotk]    0.326041     -3.565041        149              103        0.6462966
INFO  [02:29:46.990] [bbotk]  extra_trees lambda_l1  lambda_l2 min_gain_to_split        timestamp_xs
INFO  [02:29:46.990] [bbotk]        FALSE -6.139169 -0.2521239         -5.186092 2026-09-10 02:23:34
INFO  [02:29:46.990] [bbotk]         timestamp_ys runtime_learners warnings errors internal_tuned_values
INFO  [02:29:46.990] [bbotk]  2026-09-10 02:29:46          371.269        0      0    num_iterations=491
INFO  [02:29:46.990] [bbotk]                   worker_id    acq_cb timestamp_surrogate
INFO  [02:29:46.990] [bbotk]  priestless_wisent_7283edb8 -20.91309 2026-09-10 02:23:31
INFO  [02:29:46.990] [bbotk]  timestamp_acq_function timestamp_acq_optimizer      timestamp_loop
INFO  [02:29:46.990] [bbotk]     2026-09-10 02:23:32     2026-09-10 02:23:32 2026-09-10 02:23:34
INFO  [02:29:48.033] [bbotk] Results of 1 configuration(s):
INFO  [02:29:48.041] [bbotk]  classif.ce learning_rate num_leaves min_data_in_leaf feature_fraction
INFO  [02:29:48.041] [bbotk]   0.3240888     -3.353784        254               21        0.4432748
INFO  [02:29:48.041] [bbotk]  extra_trees lambda_l1 lambda_l2 min_gain_to_split        timestamp_xs
INFO  [02:29:48.041] [bbotk]        FALSE -1.000061  3.781532           -6.0779 2026-09-10 02:20:58
INFO  [02:29:48.041] [bbotk]         timestamp_ys runtime_learners warnings errors internal_tuned_values
INFO  [02:29:48.041] [bbotk]  2026-09-10 02:29:47          526.863        0      0    num_iterations=585
INFO  [02:29:48.041] [bbotk]                   worker_id    acq_cb timestamp_surrogate
INFO  [02:29:48.041] [bbotk]  fogbound_polliwog_8c50e02a -17.69086 2026-09-10 02:20:55
INFO  [02:29:48.041] [bbotk]  timestamp_acq_function timestamp_acq_optimizer      timestamp_loop
INFO  [02:29:48.041] [bbotk]     2026-09-10 02:20:57     2026-09-10 02:20:57 2026-09-10 02:20:58
INFO  [02:29:51.138] [bbotk] Results of 1 configuration(s):
INFO  [02:29:51.146] [bbotk]  classif.ce learning_rate num_leaves min_data_in_leaf feature_fraction
INFO  [02:29:51.146] [bbotk]   0.3268716     -3.611122        145               73         0.797397
INFO  [02:29:51.146] [bbotk]  extra_trees lambda_l1 lambda_l2 min_gain_to_split        timestamp_xs
INFO  [02:29:51.146] [bbotk]        FALSE -1.787225   1.23634         -4.545693 2026-09-10 02:23:34
INFO  [02:29:51.146] [bbotk]         timestamp_ys runtime_learners warnings errors internal_tuned_values
INFO  [02:29:51.146] [bbotk]  2026-09-10 02:29:50          375.815        0      0    num_iterations=462
INFO  [02:29:51.146] [bbotk]                       worker_id    acq_cb timestamp_surrogate
INFO  [02:29:51.146] [bbotk]  polyphagous_dromedary_6fa444b2 -8.836982 2026-09-10 02:23:32
INFO  [02:29:51.146] [bbotk]  timestamp_acq_function timestamp_acq_optimizer      timestamp_loop
INFO  [02:29:51.146] [bbotk]     2026-09-10 02:23:32     2026-09-10 02:23:32 2026-09-10 02:23:34
INFO  [02:29:52.174] [bbotk] Results of 1 configuration(s):
INFO  [02:29:52.181] [bbotk]  classif.ce learning_rate num_leaves min_data_in_leaf feature_fraction
INFO  [02:29:52.181] [bbotk]   0.3244819     -2.038994        255                1        0.5490708
INFO  [02:29:52.181] [bbotk]  extra_trees lambda_l1  lambda_l2 min_gain_to_split        timestamp_xs
INFO  [02:29:52.181] [bbotk]        FALSE -2.385582 -0.8356902         -5.753403 2026-09-10 02:27:41
INFO  [02:29:52.181] [bbotk]         timestamp_ys runtime_learners warnings errors internal_tuned_values
INFO  [02:29:52.181] [bbotk]  2026-09-10 02:29:52          129.134        0      0    num_iterations=156
INFO  [02:29:52.181] [bbotk]                                 worker_id    acq_cb timestamp_surrogate
INFO  [02:29:52.181] [bbotk]  parliamentary_labradorretriever_356ce24f -21.91186 2026-09-10 02:27:39
INFO  [02:29:52.181] [bbotk]  timestamp_acq_function timestamp_acq_optimizer      timestamp_loop
INFO  [02:29:52.181] [bbotk]     2026-09-10 02:27:40     2026-09-10 02:27:40 2026-09-10 02:27:41
INFO  [02:29:53.210] [bbotk] Results of 3 configuration(s):
INFO  [02:29:53.218] [bbotk]  classif.ce learning_rate num_leaves min_data_in_leaf feature_fraction
INFO  [02:29:53.218] [bbotk]   0.3248990     -3.096901        112               60        0.4659129
INFO  [02:29:53.218] [bbotk]   0.3244893     -3.483635        151              105        0.6319822
INFO  [02:29:53.218] [bbotk]   0.3242223     -3.240692        247               29        0.4038649
INFO  [02:29:53.218] [bbotk]  extra_trees  lambda_l1 lambda_l2 min_gain_to_split        timestamp_xs
INFO  [02:29:53.218] [bbotk]        FALSE  0.9629709 -1.347529         -2.302585 2026-09-10 02:23:00
INFO  [02:29:53.218] [bbotk]        FALSE -6.2000633 -6.114881         -5.233677 2026-09-10 02:22:20
INFO  [02:29:53.218] [bbotk]        FALSE -3.5807747  4.051599         -3.469428 2026-09-10 02:20:57
INFO  [02:29:53.218] [bbotk]         timestamp_ys runtime_learners warnings errors internal_tuned_values
INFO  [02:29:53.218] [bbotk]  2026-09-10 02:29:52          411.066        0      0    num_iterations=596
INFO  [02:29:53.218] [bbotk]  2026-09-10 02:29:53          450.900        0      0    num_iterations=698
INFO  [02:29:53.218] [bbotk]  2026-09-10 02:29:53          533.975        0      0    num_iterations=581
INFO  [02:29:53.218] [bbotk]                           worker_id     acq_cb timestamp_surrogate
INFO  [02:29:53.218] [bbotk]            kinetic_antlion_5eb9a459  -9.569501 2026-09-10 02:22:58
INFO  [02:29:53.218] [bbotk]  descendent_snoutbutterfly_85345e9a  -9.847820 2026-09-10 02:22:18
INFO  [02:29:53.218] [bbotk]             ferric_buzzard_04619722 -11.350099 2026-09-10 02:20:50
INFO  [02:29:53.218] [bbotk]  timestamp_acq_function timestamp_acq_optimizer      timestamp_loop
INFO  [02:29:53.218] [bbotk]     2026-09-10 02:22:59     2026-09-10 02:22:59 2026-09-10 02:23:00
INFO  [02:29:53.218] [bbotk]     2026-09-10 02:22:19     2026-09-10 02:22:19 2026-09-10 02:22:20
INFO  [02:29:53.218] [bbotk]     2026-09-10 02:20:50     2026-09-10 02:20:50 2026-09-10 02:20:57
INFO  [02:29:54.249] [bbotk] Results of 2 configuration(s):
INFO  [02:29:54.256] [bbotk]  classif.ce learning_rate num_leaves min_data_in_leaf feature_fraction
INFO  [02:29:54.256] [bbotk]   0.3243187     -3.453735        255               25        0.4423209
INFO  [02:29:54.256] [bbotk]   0.3248471     -1.695664        177               43        0.4582944
INFO  [02:29:54.256] [bbotk]  extra_trees  lambda_l1 lambda_l2 min_gain_to_split        timestamp_xs
INFO  [02:29:54.256] [bbotk]        FALSE  0.1692871  3.668498         -2.729644 2026-09-10 02:21:03
INFO  [02:29:54.256] [bbotk]        FALSE -5.2411838 -1.437014         -5.349713 2026-09-10 02:27:31
INFO  [02:29:54.256] [bbotk]         timestamp_ys runtime_learners warnings errors internal_tuned_values
INFO  [02:29:54.256] [bbotk]  2026-09-10 02:29:53          527.169        0      0    num_iterations=555
INFO  [02:29:54.256] [bbotk]  2026-09-10 02:29:53          141.328        0      0    num_iterations=163
INFO  [02:29:54.256] [bbotk]                     worker_id     acq_cb timestamp_surrogate
INFO  [02:29:54.256] [bbotk]          dewy_wisent_3d2ebbc4 -25.258692 2026-09-10 02:20:58
INFO  [02:29:54.256] [bbotk]  zebrine_kronosaurus_c875877a  -3.959595 2026-09-10 02:27:29
INFO  [02:29:54.256] [bbotk]  timestamp_acq_function timestamp_acq_optimizer      timestamp_loop
INFO  [02:29:54.256] [bbotk]     2026-09-10 02:20:58     2026-09-10 02:20:58 2026-09-10 02:21:03
INFO  [02:29:54.256] [bbotk]     2026-09-10 02:27:30     2026-09-10 02:27:30 2026-09-10 02:27:31
INFO  [02:29:55.285] [bbotk] Results of 2 configuration(s):
INFO  [02:29:55.292] [bbotk]  classif.ce learning_rate num_leaves min_data_in_leaf feature_fraction
INFO  [02:29:55.292] [bbotk]   0.3242390     -1.905011        171              176        0.4249587
INFO  [02:29:55.292] [bbotk]   0.3245801     -2.204196        255               51        0.5227001
INFO  [02:29:55.292] [bbotk]  extra_trees lambda_l1  lambda_l2 min_gain_to_split        timestamp_xs
INFO  [02:29:55.292] [bbotk]        FALSE  1.838877 -0.9372698         -6.066700 2026-09-10 02:26:09
INFO  [02:29:55.292] [bbotk]        FALSE -5.282207 -0.5200186         -5.199541 2026-09-10 02:27:32
INFO  [02:29:55.292] [bbotk]         timestamp_ys runtime_learners warnings errors internal_tuned_values
INFO  [02:29:55.292] [bbotk]  2026-09-10 02:29:54          224.677        0      0    num_iterations=258
INFO  [02:29:55.292] [bbotk]  2026-09-10 02:29:55          141.694        0      0    num_iterations=168
INFO  [02:29:55.292] [bbotk]                       worker_id     acq_cb timestamp_surrogate
INFO  [02:29:55.292] [bbotk]    ethnographic_scarab_cafdb721  -4.263283 2026-09-10 02:26:07
INFO  [02:29:55.292] [bbotk]  distortional_mastodon_126db977 -11.157652 2026-09-10 02:27:30
INFO  [02:29:55.292] [bbotk]  timestamp_acq_function timestamp_acq_optimizer      timestamp_loop
INFO  [02:29:55.292] [bbotk]     2026-09-10 02:26:08     2026-09-10 02:26:08 2026-09-10 02:26:09
INFO  [02:29:55.292] [bbotk]     2026-09-10 02:27:31     2026-09-10 02:27:31 2026-09-10 02:27:32
INFO  [02:29:56.329] [bbotk] Results of 1 configuration(s):
INFO  [02:29:56.339] [bbotk]  classif.ce learning_rate num_leaves min_data_in_leaf feature_fraction
INFO  [02:29:56.339] [bbotk]   0.3284494     -2.319646        127              148         0.348668
INFO  [02:29:56.339] [bbotk]  extra_trees lambda_l1 lambda_l2 min_gain_to_split        timestamp_xs
INFO  [02:29:56.339] [bbotk]        FALSE  2.140961 -1.703172         -6.907755 2026-09-10 02:23:32
INFO  [02:29:56.339] [bbotk]         timestamp_ys runtime_learners warnings errors internal_tuned_values
INFO  [02:29:56.339] [bbotk]  2026-09-10 02:29:56          382.535        0      0    num_iterations=518
INFO  [02:29:56.339] [bbotk]                        worker_id    acq_cb timestamp_surrogate
INFO  [02:29:56.339] [bbotk]  uniform_germanpinscher_bbf54f59 -8.664174 2026-09-10 02:23:29
INFO  [02:29:56.339] [bbotk]  timestamp_acq_function timestamp_acq_optimizer      timestamp_loop
INFO  [02:29:56.339] [bbotk]     2026-09-10 02:23:30     2026-09-10 02:23:30 2026-09-10 02:23:32
INFO  [02:29:58.393] [bbotk] Results of 1 configuration(s):
INFO  [02:29:58.400] [bbotk]  classif.ce learning_rate num_leaves min_data_in_leaf feature_fraction
INFO  [02:29:58.400] [bbotk]   0.3291743     -3.288456        247               31        0.3530795
INFO  [02:29:58.400] [bbotk]  extra_trees lambda_l1 lambda_l2 min_gain_to_split        timestamp_xs
INFO  [02:29:58.400] [bbotk]        FALSE -4.417111  3.650145         -3.369452 2026-09-10 02:21:07
INFO  [02:29:58.400] [bbotk]         timestamp_ys runtime_learners warnings errors internal_tuned_values
INFO  [02:29:58.400] [bbotk]  2026-09-10 02:29:58          530.101        0      0    num_iterations=646
INFO  [02:29:58.400] [bbotk]                   worker_id    acq_cb timestamp_surrogate
INFO  [02:29:58.400] [bbotk]  engaging_kangaroo_d5a2dfd9 -11.55126 2026-09-10 02:21:02
INFO  [02:29:58.400] [bbotk]  timestamp_acq_function timestamp_acq_optimizer      timestamp_loop
INFO  [02:29:58.400] [bbotk]     2026-09-10 02:21:06     2026-09-10 02:21:06 2026-09-10 02:21:07
INFO  [02:29:59.436] [bbotk] Results of 1 configuration(s):
INFO  [02:29:59.446] [bbotk]  classif.ce learning_rate num_leaves min_data_in_leaf feature_fraction
INFO  [02:29:59.446] [bbotk]   0.3243632     -3.296365        195              136        0.5828217
INFO  [02:29:59.446] [bbotk]  extra_trees lambda_l1 lambda_l2 min_gain_to_split        timestamp_xs
INFO  [02:29:59.446] [bbotk]        FALSE -4.045509  2.038295         -4.153198 2026-09-10 02:22:51
INFO  [02:29:59.446] [bbotk]         timestamp_ys runtime_learners warnings errors internal_tuned_values
INFO  [02:29:59.446] [bbotk]  2026-09-10 02:29:58           426.97        0      0    num_iterations=515
INFO  [02:29:59.446] [bbotk]                    worker_id    acq_cb timestamp_surrogate
INFO  [02:29:59.446] [bbotk]  paralyzing_junebug_123379bd -12.41092 2026-09-10 02:22:49
INFO  [02:29:59.446] [bbotk]  timestamp_acq_function timestamp_acq_optimizer      timestamp_loop
INFO  [02:29:59.446] [bbotk]     2026-09-10 02:22:50     2026-09-10 02:22:50 2026-09-10 02:22:51
INFO  [02:30:00.480] [bbotk] Results of 2 configuration(s):
INFO  [02:30:00.489] [bbotk]  classif.ce learning_rate num_leaves min_data_in_leaf feature_fraction
INFO  [02:30:00.489] [bbotk]   0.3330101     -4.078188         21                1        0.4318107
INFO  [02:30:00.489] [bbotk]   0.3305202     -3.223240        240               31        0.4366860
INFO  [02:30:00.489] [bbotk]  extra_trees lambda_l1 lambda_l2 min_gain_to_split        timestamp_xs
INFO  [02:30:00.489] [bbotk]        FALSE -6.849052 -6.064715         -5.653047 2026-09-10 02:21:49
INFO  [02:30:00.489] [bbotk]        FALSE  3.935926  2.908705         -2.768511 2026-09-10 02:23:35
INFO  [02:30:00.489] [bbotk]         timestamp_ys runtime_learners warnings errors internal_tuned_values
INFO  [02:30:00.489] [bbotk]  2026-09-10 02:29:59          488.789        0      0   num_iterations=1252
INFO  [02:30:00.489] [bbotk]  2026-09-10 02:29:59          383.181        0      0    num_iterations=539
INFO  [02:30:00.489] [bbotk]                        worker_id    acq_cb timestamp_surrogate
INFO  [02:30:00.489] [bbotk]  quarrelsome_hornedtoad_ed10883e -15.76569 2026-09-10 02:21:48
INFO  [02:30:00.489] [bbotk]        carbonic_antbear_a365730b -19.04420 2026-09-10 02:23:33
INFO  [02:30:00.489] [bbotk]  timestamp_acq_function timestamp_acq_optimizer      timestamp_loop
INFO  [02:30:00.489] [bbotk]     2026-09-10 02:21:48     2026-09-10 02:21:48 2026-09-10 02:21:49
INFO  [02:30:00.489] [bbotk]     2026-09-10 02:23:33     2026-09-10 02:23:33 2026-09-10 02:23:35
INFO  [02:30:01.521] [bbotk] Results of 1 configuration(s):
INFO  [02:30:01.529] [bbotk]  classif.ce learning_rate num_leaves min_data_in_leaf feature_fraction
INFO  [02:30:01.529] [bbotk]   0.3243817     -2.030309        163              131        0.3645157
INFO  [02:30:01.529] [bbotk]  extra_trees lambda_l1 lambda_l2 min_gain_to_split        timestamp_xs
INFO  [02:30:01.529] [bbotk]        FALSE 0.6048311  2.883194         -6.117738 2026-09-10 02:26:05
INFO  [02:30:01.529] [bbotk]         timestamp_ys runtime_learners warnings errors internal_tuned_values
INFO  [02:30:01.529] [bbotk]  2026-09-10 02:30:00           234.16        0      0    num_iterations=320
INFO  [02:30:01.529] [bbotk]                worker_id    acq_cb timestamp_surrogate timestamp_acq_function
INFO  [02:30:01.529] [bbotk]  unwitty_ankole_be05e614 -14.22653 2026-09-10 02:26:03    2026-09-10 02:26:04
INFO  [02:30:01.529] [bbotk]  timestamp_acq_optimizer      timestamp_loop
INFO  [02:30:01.529] [bbotk]      2026-09-10 02:26:04 2026-09-10 02:26:05
INFO  [02:30:02.564] [bbotk] Results of 1 configuration(s):
INFO  [02:30:02.573] [bbotk]  classif.ce learning_rate num_leaves min_data_in_leaf feature_fraction
INFO  [02:30:02.573] [bbotk]   0.3245078     -2.004179        134              174         0.454219
INFO  [02:30:02.573] [bbotk]  extra_trees  lambda_l1 lambda_l2 min_gain_to_split        timestamp_xs
INFO  [02:30:02.573] [bbotk]        FALSE -0.7120901 -1.906222          -5.24769 2026-09-10 02:26:59
INFO  [02:30:02.573] [bbotk]         timestamp_ys runtime_learners warnings errors internal_tuned_values
INFO  [02:30:02.573] [bbotk]  2026-09-10 02:30:01          181.991        0      0    num_iterations=290
INFO  [02:30:02.573] [bbotk]                    worker_id    acq_cb timestamp_surrogate
INFO  [02:30:02.573] [bbotk]  tasty_finnishspitz_c8e0eaf7 -3.675076 2026-09-10 02:26:57
INFO  [02:30:02.573] [bbotk]  timestamp_acq_function timestamp_acq_optimizer      timestamp_loop
INFO  [02:30:02.573] [bbotk]     2026-09-10 02:26:58     2026-09-10 02:26:58 2026-09-10 02:26:59
INFO  [02:30:04.635] [bbotk] Results of 1 configuration(s):
INFO  [02:30:04.645] [bbotk]  classif.ce learning_rate num_leaves min_data_in_leaf feature_fraction
INFO  [02:30:04.645] [bbotk]   0.3257203     -1.755545        255               91        0.7024238
INFO  [02:30:04.645] [bbotk]  extra_trees lambda_l1 lambda_l2 min_gain_to_split        timestamp_xs
INFO  [02:30:04.645] [bbotk]        FALSE -6.901918 -3.496153         -3.749691 2026-09-10 02:28:18
INFO  [02:30:04.645] [bbotk]         timestamp_ys runtime_learners warnings errors internal_tuned_values
INFO  [02:30:04.645] [bbotk]  2026-09-10 02:30:04          105.386        0      0     num_iterations=94
INFO  [02:30:04.645] [bbotk]                           worker_id   acq_cb timestamp_surrogate
INFO  [02:30:04.645] [bbotk]  organisational_blacklemur_c926fcdb -3.69396 2026-09-10 02:28:16
INFO  [02:30:04.645] [bbotk]  timestamp_acq_function timestamp_acq_optimizer      timestamp_loop
INFO  [02:30:04.645] [bbotk]     2026-09-10 02:28:17     2026-09-10 02:28:17 2026-09-10 02:28:18
INFO  [02:30:05.684] [bbotk] Results of 1 configuration(s):
INFO  [02:30:05.695] [bbotk]  classif.ce learning_rate num_leaves min_data_in_leaf feature_fraction
INFO  [02:30:05.695] [bbotk]   0.3253773     -2.192326        109              200        0.3956928
INFO  [02:30:05.695] [bbotk]  extra_trees lambda_l1 lambda_l2 min_gain_to_split        timestamp_xs
INFO  [02:30:05.695] [bbotk]        FALSE  2.925669 0.3362838         -5.193199 2026-09-10 02:25:47
INFO  [02:30:05.695] [bbotk]         timestamp_ys runtime_learners warnings errors internal_tuned_values
INFO  [02:30:05.695] [bbotk]  2026-09-10 02:30:05            257.4        0      0    num_iterations=350
INFO  [02:30:05.695] [bbotk]                    worker_id    acq_cb timestamp_surrogate
INFO  [02:30:05.695] [bbotk]  bacteroid_elephant_8452e40e -10.60847 2026-09-10 02:25:44
INFO  [02:30:05.695] [bbotk]  timestamp_acq_function timestamp_acq_optimizer      timestamp_loop
INFO  [02:30:05.695] [bbotk]     2026-09-10 02:25:45     2026-09-10 02:25:45 2026-09-10 02:25:47
INFO  [02:30:06.731] [bbotk] Results of 1 configuration(s):
INFO  [02:30:06.742] [bbotk]  classif.ce learning_rate num_leaves min_data_in_leaf feature_fraction
INFO  [02:30:06.742] [bbotk]   0.3277022       -3.8043         54               44        0.7148364
INFO  [02:30:06.742] [bbotk]  extra_trees lambda_l1 lambda_l2 min_gain_to_split        timestamp_xs
INFO  [02:30:06.742] [bbotk]        FALSE -4.625128 -4.627938         -5.087403 2026-09-10 02:22:50
INFO  [02:30:06.742] [bbotk]         timestamp_ys runtime_learners warnings errors internal_tuned_values
INFO  [02:30:06.742] [bbotk]  2026-09-10 02:30:06          434.897        0      0    num_iterations=911
INFO  [02:30:06.742] [bbotk]                   worker_id    acq_cb timestamp_surrogate
INFO  [02:30:06.742] [bbotk]  decisive_fruitbat_547e706b -5.028706 2026-09-10 02:22:49
INFO  [02:30:06.742] [bbotk]  timestamp_acq_function timestamp_acq_optimizer      timestamp_loop
INFO  [02:30:06.742] [bbotk]     2026-09-10 02:22:49     2026-09-10 02:22:49 2026-09-10 02:22:50
INFO  [02:30:07.777] [bbotk] Results of 1 configuration(s):
INFO  [02:30:07.788] [bbotk]  classif.ce learning_rate num_leaves min_data_in_leaf feature_fraction
INFO  [02:30:07.788] [bbotk]   0.3275075     -2.273548        117              174        0.3557022
INFO  [02:30:07.788] [bbotk]  extra_trees lambda_l1 lambda_l2 min_gain_to_split        timestamp_xs
INFO  [02:30:07.788] [bbotk]        FALSE  1.494104 -1.046861         -6.060037 2026-09-10 02:22:23
INFO  [02:30:07.788] [bbotk]         timestamp_ys runtime_learners warnings errors internal_tuned_values
INFO  [02:30:07.788] [bbotk]  2026-09-10 02:30:06          462.388        0      0    num_iterations=686
INFO  [02:30:07.788] [bbotk]               worker_id    acq_cb timestamp_surrogate timestamp_acq_function
INFO  [02:30:07.788] [bbotk]  scrummy_moose_5a9a4a04 -15.02626 2026-09-10 02:22:19    2026-09-10 02:22:21
INFO  [02:30:07.788] [bbotk]  timestamp_acq_optimizer      timestamp_loop
INFO  [02:30:07.788] [bbotk]      2026-09-10 02:22:21 2026-09-10 02:22:23
INFO  [02:30:08.867] [bbotk] Results of 1 configuration(s):
INFO  [02:30:08.878] [bbotk]  classif.ce learning_rate num_leaves min_data_in_leaf feature_fraction
INFO  [02:30:08.878] [bbotk]   0.3242446     -2.614222        247               68        0.5688072
INFO  [02:30:08.878] [bbotk]  extra_trees lambda_l1 lambda_l2 min_gain_to_split        timestamp_xs
INFO  [02:30:08.878] [bbotk]        FALSE -5.718498  3.057575         -5.366968 2026-09-10 02:26:26
INFO  [02:30:08.878] [bbotk]         timestamp_ys runtime_learners warnings errors internal_tuned_values
INFO  [02:30:08.878] [bbotk]  2026-09-10 02:30:08          221.479        0      0    num_iterations=233
INFO  [02:30:08.878] [bbotk]                   worker_id    acq_cb timestamp_surrogate
INFO  [02:30:08.878] [bbotk]  lovesome_mantaray_c0117cbf -21.03965 2026-09-10 02:26:24
INFO  [02:30:08.878] [bbotk]  timestamp_acq_function timestamp_acq_optimizer      timestamp_loop
INFO  [02:30:08.878] [bbotk]     2026-09-10 02:26:25     2026-09-10 02:26:25 2026-09-10 02:26:26
INFO  [02:30:09.915] [bbotk] Results of 1 configuration(s):
INFO  [02:30:09.925] [bbotk]  classif.ce learning_rate num_leaves min_data_in_leaf feature_fraction
INFO  [02:30:09.925] [bbotk]     0.34266     -2.744668        255               67         0.633358
INFO  [02:30:09.925] [bbotk]  extra_trees lambda_l1 lambda_l2 min_gain_to_split        timestamp_xs
INFO  [02:30:09.925] [bbotk]        FALSE  6.902689 -3.427881         -3.414626 2026-09-10 02:28:46
INFO  [02:30:09.925] [bbotk]         timestamp_ys runtime_learners warnings errors internal_tuned_values
INFO  [02:30:09.925] [bbotk]  2026-09-10 02:30:09           82.404        0      0    num_iterations=161
INFO  [02:30:09.925] [bbotk]              worker_id    acq_cb timestamp_surrogate timestamp_acq_function
INFO  [02:30:09.925] [bbotk]  unhuman_kagu_5b512460 -22.03471 2026-09-10 02:28:44    2026-09-10 02:28:45
INFO  [02:30:09.925] [bbotk]  timestamp_acq_optimizer      timestamp_loop
INFO  [02:30:09.925] [bbotk]      2026-09-10 02:28:45 2026-09-10 02:28:46
INFO  [02:30:10.954] [bbotk] Results of 1 configuration(s):
INFO  [02:30:10.962] [bbotk]  classif.ce learning_rate num_leaves min_data_in_leaf feature_fraction
INFO  [02:30:10.962] [bbotk]   0.3236921     -2.473519        204               22        0.4418058
INFO  [02:30:10.962] [bbotk]  extra_trees lambda_l1 lambda_l2 min_gain_to_split        timestamp_xs
INFO  [02:30:10.962] [bbotk]        FALSE -6.860619 -5.579274         -4.161787 2026-09-10 02:26:23
INFO  [02:30:10.962] [bbotk]         timestamp_ys runtime_learners warnings errors internal_tuned_values
INFO  [02:30:10.962] [bbotk]  2026-09-10 02:30:10          225.702        0      0    num_iterations=348
INFO  [02:30:10.962] [bbotk]                  worker_id    acq_cb timestamp_surrogate timestamp_acq_function
INFO  [02:30:10.962] [bbotk]  imprudent_angora_86fd0b2f -18.18438 2026-09-10 02:26:21    2026-09-10 02:26:22
INFO  [02:30:10.962] [bbotk]  timestamp_acq_optimizer      timestamp_loop
INFO  [02:30:10.962] [bbotk]      2026-09-10 02:26:22 2026-09-10 02:26:23
INFO  [02:30:11.991] [bbotk] Results of 2 configuration(s):
INFO  [02:30:11.998] [bbotk]  classif.ce learning_rate num_leaves min_data_in_leaf feature_fraction
INFO  [02:30:11.998] [bbotk]   0.3241166     -2.542368        255              159        0.5627782
INFO  [02:30:11.998] [bbotk]   0.3249917     -3.249798        236               85        0.7364467
INFO  [02:30:11.998] [bbotk]  extra_trees  lambda_l1  lambda_l2 min_gain_to_split        timestamp_xs
INFO  [02:30:11.998] [bbotk]        FALSE -5.0463559 -0.4479952         -6.092428 2026-09-10 02:26:18
INFO  [02:30:11.998] [bbotk]        FALSE -0.7552999  2.7904831         -4.766143 2026-09-10 02:23:29
INFO  [02:30:11.998] [bbotk]         timestamp_ys runtime_learners warnings errors internal_tuned_values
INFO  [02:30:11.998] [bbotk]  2026-09-10 02:30:11          232.658        0      0    num_iterations=268
INFO  [02:30:11.998] [bbotk]  2026-09-10 02:30:11          400.659        0      0    num_iterations=435
INFO  [02:30:11.998] [bbotk]                   worker_id    acq_cb timestamp_surrogate
INFO  [02:30:11.998] [bbotk]         ambery_nag_90642028 -17.88105 2026-09-10 02:26:15
INFO  [02:30:11.998] [bbotk]  herbivorous_koala_489d5409 -16.64723 2026-09-10 02:23:27
INFO  [02:30:11.998] [bbotk]  timestamp_acq_function timestamp_acq_optimizer      timestamp_loop
INFO  [02:30:11.998] [bbotk]     2026-09-10 02:26:16     2026-09-10 02:26:16 2026-09-10 02:26:18
INFO  [02:30:11.998] [bbotk]     2026-09-10 02:23:28     2026-09-10 02:23:28 2026-09-10 02:23:29
INFO  [02:30:13.028] [bbotk] Results of 1 configuration(s):
INFO  [02:30:13.035] [bbotk]  classif.ce learning_rate num_leaves min_data_in_leaf feature_fraction
INFO  [02:30:13.035] [bbotk]   0.3240666     -2.964658        255                9        0.5869855
INFO  [02:30:13.035] [bbotk]  extra_trees  lambda_l1 lambda_l2 min_gain_to_split        timestamp_xs
INFO  [02:30:13.035] [bbotk]        FALSE 0.04380337  4.842427         -3.948552 2026-09-10 02:22:21
INFO  [02:30:13.035] [bbotk]         timestamp_ys runtime_learners warnings errors internal_tuned_values
INFO  [02:30:13.035] [bbotk]  2026-09-10 02:30:12          470.414        0      0    num_iterations=428
INFO  [02:30:13.035] [bbotk]                     worker_id    acq_cb timestamp_surrogate
INFO  [02:30:13.035] [bbotk]  punctilious_hoatzin_bd517b0f -21.84566 2026-09-10 02:22:18
INFO  [02:30:13.035] [bbotk]  timestamp_acq_function timestamp_acq_optimizer      timestamp_loop
INFO  [02:30:13.035] [bbotk]     2026-09-10 02:22:20     2026-09-10 02:22:20 2026-09-10 02:22:21
INFO  [02:30:15.089] [bbotk] Results of 1 configuration(s):
INFO  [02:30:15.096] [bbotk]  classif.ce learning_rate num_leaves min_data_in_leaf feature_fraction
INFO  [02:30:15.096] [bbotk]   0.3234344     -2.416087        232               20        0.4378813
INFO  [02:30:15.096] [bbotk]  extra_trees lambda_l1 lambda_l2 min_gain_to_split        timestamp_xs
INFO  [02:30:15.096] [bbotk]        FALSE -6.907755 -5.489553         -3.659321 2026-09-10 02:26:30
INFO  [02:30:15.096] [bbotk]         timestamp_ys runtime_learners warnings errors internal_tuned_values
INFO  [02:30:15.096] [bbotk]  2026-09-10 02:30:14          223.664        0      0    num_iterations=333
INFO  [02:30:15.096] [bbotk]                  worker_id    acq_cb timestamp_surrogate timestamp_acq_function
INFO  [02:30:15.096] [bbotk]  stony_sakimonkey_8b5e332d -24.26234 2026-09-10 02:26:27    2026-09-10 02:26:28
INFO  [02:30:15.096] [bbotk]  timestamp_acq_optimizer      timestamp_loop
INFO  [02:30:15.096] [bbotk]      2026-09-10 02:26:28 2026-09-10 02:26:30
INFO  [02:30:16.124] [bbotk] Results of 1 configuration(s):
INFO  [02:30:16.132] [bbotk]  classif.ce learning_rate num_leaves min_data_in_leaf feature_fraction
INFO  [02:30:16.132] [bbotk]   0.3235085     -2.524715        219               17        0.4997104
INFO  [02:30:16.132] [bbotk]  extra_trees lambda_l1 lambda_l2 min_gain_to_split        timestamp_xs
INFO  [02:30:16.132] [bbotk]        FALSE -6.907755 -5.445415         -3.929608 2026-09-10 02:26:04
INFO  [02:30:16.132] [bbotk]         timestamp_ys runtime_learners warnings errors internal_tuned_values
INFO  [02:30:16.132] [bbotk]  2026-09-10 02:30:15          250.225        0      0    num_iterations=353
INFO  [02:30:16.132] [bbotk]                         worker_id    acq_cb timestamp_surrogate
INFO  [02:30:16.132] [bbotk]  bactericidal_darwinsfox_d31ed66d -19.42267 2026-09-10 02:26:02
INFO  [02:30:16.132] [bbotk]  timestamp_acq_function timestamp_acq_optimizer      timestamp_loop
INFO  [02:30:16.132] [bbotk]     2026-09-10 02:26:03     2026-09-10 02:26:03 2026-09-10 02:26:04
INFO  [02:30:17.160] [bbotk] Results of 1 configuration(s):
INFO  [02:30:17.167] [bbotk]  classif.ce learning_rate num_leaves min_data_in_leaf feature_fraction
INFO  [02:30:17.167] [bbotk]   0.3255998     -3.585634        107              133        0.4407707
INFO  [02:30:17.167] [bbotk]  extra_trees lambda_l1 lambda_l2 min_gain_to_split        timestamp_xs
INFO  [02:30:17.167] [bbotk]        FALSE  -3.70817  -1.01924         -2.877375 2026-09-10 02:21:53
INFO  [02:30:17.167] [bbotk]         timestamp_ys runtime_learners warnings errors internal_tuned_values
INFO  [02:30:17.167] [bbotk]  2026-09-10 02:30:16          502.433        0      0    num_iterations=799
INFO  [02:30:17.167] [bbotk]                     worker_id    acq_cb timestamp_surrogate
INFO  [02:30:17.167] [bbotk]  thickwitted_hoatzin_a5840f48 -6.042417 2026-09-10 02:21:49
INFO  [02:30:17.167] [bbotk]  timestamp_acq_function timestamp_acq_optimizer      timestamp_loop
INFO  [02:30:17.167] [bbotk]     2026-09-10 02:21:50     2026-09-10 02:21:50 2026-09-10 02:21:53
INFO  [02:30:21.286] [bbotk] Results of 1 configuration(s):
INFO  [02:30:21.294] [bbotk]  classif.ce learning_rate num_leaves min_data_in_leaf feature_fraction
INFO  [02:30:21.294] [bbotk]    0.328086     -2.657683        163              120        0.2630966
INFO  [02:30:21.294] [bbotk]  extra_trees lambda_l1 lambda_l2 min_gain_to_split        timestamp_xs
INFO  [02:30:21.294] [bbotk]        FALSE 0.3010577  3.376981         -6.907755 2026-09-10 02:22:52
INFO  [02:30:21.294] [bbotk]         timestamp_ys runtime_learners warnings errors internal_tuned_values
INFO  [02:30:21.294] [bbotk]  2026-09-10 02:30:20          446.568        0      0    num_iterations=605
INFO  [02:30:21.294] [bbotk]                       worker_id    acq_cb timestamp_surrogate
INFO  [02:30:21.294] [bbotk]  sparkling_thunderbird_50a04d7e -9.685487 2026-09-10 02:22:50
INFO  [02:30:21.294] [bbotk]  timestamp_acq_function timestamp_acq_optimizer      timestamp_loop
INFO  [02:30:21.294] [bbotk]     2026-09-10 02:22:51     2026-09-10 02:22:51 2026-09-10 02:22:52
INFO  [02:30:25.398] [bbotk] Results of 1 configuration(s):
INFO  [02:30:25.406] [bbotk]  classif.ce learning_rate num_leaves min_data_in_leaf feature_fraction
INFO  [02:30:25.406] [bbotk]    0.324239     -3.579459        247               31        0.4255567
INFO  [02:30:25.406] [bbotk]  extra_trees  lambda_l1 lambda_l2 min_gain_to_split        timestamp_xs
INFO  [02:30:25.406] [bbotk]        FALSE -0.6527649  3.492006         -3.384387 2026-09-10 02:20:57
INFO  [02:30:25.406] [bbotk]         timestamp_ys runtime_learners warnings errors internal_tuned_values
INFO  [02:30:25.406] [bbotk]  2026-09-10 02:30:24          566.986        0      0    num_iterations=612
INFO  [02:30:25.406] [bbotk]                  worker_id    acq_cb timestamp_surrogate timestamp_acq_function
INFO  [02:30:25.406] [bbotk]  petulant_dorking_9077d2b5 -25.34482 2026-09-10 02:20:56    2026-09-10 02:20:56
INFO  [02:30:25.406] [bbotk]  timestamp_acq_optimizer      timestamp_loop
INFO  [02:30:25.406] [bbotk]      2026-09-10 02:20:56 2026-09-10 02:20:57
INFO  [02:30:26.436] [bbotk] Results of 1 configuration(s):
INFO  [02:30:26.444] [bbotk]  classif.ce learning_rate num_leaves min_data_in_leaf feature_fraction
INFO  [02:30:26.444] [bbotk]   0.3243799     -2.539806        171              162         0.376289
INFO  [02:30:26.444] [bbotk]  extra_trees lambda_l1 lambda_l2 min_gain_to_split        timestamp_xs
INFO  [02:30:26.444] [bbotk]        FALSE  1.075558 -1.049657         -6.138298 2026-09-10 02:26:06
INFO  [02:30:26.444] [bbotk]         timestamp_ys runtime_learners warnings errors internal_tuned_values
INFO  [02:30:26.444] [bbotk]  2026-09-10 02:30:26          259.038        0      0    num_iterations=344
INFO  [02:30:26.444] [bbotk]            worker_id    acq_cb timestamp_surrogate timestamp_acq_function
INFO  [02:30:26.444] [bbotk]  jaded_dodo_308ef371 -20.77372 2026-09-10 02:26:04    2026-09-10 02:26:05
INFO  [02:30:26.444] [bbotk]  timestamp_acq_optimizer      timestamp_loop
INFO  [02:30:26.444] [bbotk]      2026-09-10 02:26:05 2026-09-10 02:26:06
INFO  [02:30:28.498] [bbotk] Results of 1 configuration(s):
INFO  [02:30:28.506] [bbotk]  classif.ce learning_rate num_leaves min_data_in_leaf feature_fraction
INFO  [02:30:28.506] [bbotk]   0.3253532     -3.789947        117                1        0.4485793
INFO  [02:30:28.506] [bbotk]  extra_trees lambda_l1 lambda_l2 min_gain_to_split        timestamp_xs
INFO  [02:30:28.506] [bbotk]        FALSE -5.767993 -6.628257         -5.473691 2026-09-10 02:21:26
INFO  [02:30:28.506] [bbotk]         timestamp_ys runtime_learners warnings errors internal_tuned_values
INFO  [02:30:28.506] [bbotk]  2026-09-10 02:30:27          540.274        0      0    num_iterations=879
INFO  [02:30:28.506] [bbotk]                   worker_id    acq_cb timestamp_surrogate
INFO  [02:30:28.506] [bbotk]  inaccurate_boubou_e2758984 -6.786304 2026-09-10 02:21:25
INFO  [02:30:28.506] [bbotk]  timestamp_acq_function timestamp_acq_optimizer      timestamp_loop
INFO  [02:30:28.506] [bbotk]     2026-09-10 02:21:25     2026-09-10 02:21:25 2026-09-10 02:21:26
INFO  [02:30:29.535] [bbotk] Results of 3 configuration(s):
INFO  [02:30:29.543] [bbotk]  classif.ce learning_rate num_leaves min_data_in_leaf feature_fraction
INFO  [02:30:29.543] [bbotk]   0.3238756     -2.240981        201               38        0.3628928
INFO  [02:30:29.543] [bbotk]   0.3263562     -3.983962        220               48        0.7860702
INFO  [02:30:29.543] [bbotk]   0.3238589     -2.537842        255               43        0.5519936
INFO  [02:30:29.543] [bbotk]  extra_trees lambda_l1  lambda_l2 min_gain_to_split        timestamp_xs
INFO  [02:30:29.543] [bbotk]        FALSE  1.245976  2.9725259         -6.175490 2026-09-10 02:26:11
INFO  [02:30:29.543] [bbotk]        FALSE -6.770823 -4.0589112         -3.915184 2026-09-10 02:22:21
INFO  [02:30:29.543] [bbotk]        FALSE  1.175777  0.5056203         -5.719526 2026-09-10 02:26:08
INFO  [02:30:29.543] [bbotk]         timestamp_ys runtime_learners warnings errors internal_tuned_values
INFO  [02:30:29.543] [bbotk]  2026-09-10 02:30:28          257.070        0      0    num_iterations=307
INFO  [02:30:29.543] [bbotk]  2026-09-10 02:30:29          487.008        0      0    num_iterations=495
INFO  [02:30:29.543] [bbotk]  2026-09-10 02:30:29          260.098        0      0    num_iterations=283
INFO  [02:30:29.543] [bbotk]                          worker_id    acq_cb timestamp_surrogate
INFO  [02:30:29.543] [bbotk]             next_elkhound_c5b2a08b -20.69236 2026-09-10 02:26:09
INFO  [02:30:29.543] [bbotk]  distinguished_sunbittern_44924c26  -4.70312 2026-09-10 02:22:18
INFO  [02:30:29.543] [bbotk]          parodic_mealworm_7c996a97 -12.48710 2026-09-10 02:26:06
INFO  [02:30:29.543] [bbotk]  timestamp_acq_function timestamp_acq_optimizer      timestamp_loop
INFO  [02:30:29.543] [bbotk]     2026-09-10 02:26:10     2026-09-10 02:26:10 2026-09-10 02:26:11
INFO  [02:30:29.543] [bbotk]     2026-09-10 02:22:20     2026-09-10 02:22:20 2026-09-10 02:22:21
INFO  [02:30:29.543] [bbotk]     2026-09-10 02:26:07     2026-09-10 02:26:07 2026-09-10 02:26:08
INFO  [02:30:33.716] [bbotk] Results of 1 configuration(s):
INFO  [02:30:33.744] [bbotk]  classif.ce learning_rate num_leaves min_data_in_leaf feature_fraction
INFO  [02:30:33.744] [bbotk]   0.3242279     -2.964513        247               26          0.37414
INFO  [02:30:33.744] [bbotk]  extra_trees lambda_l1 lambda_l2 min_gain_to_split        timestamp_xs
INFO  [02:30:33.744] [bbotk]        FALSE -1.684461  4.773896         -5.242097 2026-09-10 02:22:50
INFO  [02:30:33.744] [bbotk]         timestamp_ys runtime_learners warnings errors internal_tuned_values
INFO  [02:30:33.744] [bbotk]  2026-09-10 02:30:33          460.987        0      0    num_iterations=466
INFO  [02:30:33.744] [bbotk]                              worker_id    acq_cb timestamp_surrogate
INFO  [02:30:33.744] [bbotk]  windowy_americanquarterhorse_9ba49e14 -16.96728 2026-09-10 02:22:48
INFO  [02:30:33.744] [bbotk]  timestamp_acq_function timestamp_acq_optimizer      timestamp_loop
INFO  [02:30:33.744] [bbotk]     2026-09-10 02:22:49     2026-09-10 02:22:49 2026-09-10 02:22:50
INFO  [02:30:34.785] [bbotk] Results of 1 configuration(s):
INFO  [02:30:34.794] [bbotk]  classif.ce learning_rate num_leaves min_data_in_leaf feature_fraction
INFO  [02:30:34.794] [bbotk]   0.3243836     -3.295969        234              173        0.4379359
INFO  [02:30:34.794] [bbotk]  extra_trees  lambda_l1 lambda_l2 min_gain_to_split        timestamp_xs
INFO  [02:30:34.794] [bbotk]        FALSE -0.9057489  3.079805         -4.301346 2026-09-10 02:22:58
INFO  [02:30:34.794] [bbotk]         timestamp_ys runtime_learners warnings errors internal_tuned_values
INFO  [02:30:34.794] [bbotk]  2026-09-10 02:30:34          454.799        0      0    num_iterations=493
INFO  [02:30:34.794] [bbotk]              worker_id    acq_cb timestamp_surrogate timestamp_acq_function
INFO  [02:30:34.794] [bbotk]  cellular_elk_1f22ec66 -20.38553 2026-09-10 02:22:57    2026-09-10 02:22:57
INFO  [02:30:34.794] [bbotk]  timestamp_acq_optimizer      timestamp_loop
INFO  [02:30:34.794] [bbotk]      2026-09-10 02:22:57 2026-09-10 02:22:58
INFO  [02:30:35.829] [bbotk] Results of 1 configuration(s):
INFO  [02:30:35.840] [bbotk]  classif.ce learning_rate num_leaves min_data_in_leaf feature_fraction
INFO  [02:30:35.840] [bbotk]   0.3259205     -2.608391         57               58        0.3746311
INFO  [02:30:35.840] [bbotk]  extra_trees lambda_l1 lambda_l2 min_gain_to_split        timestamp_xs
INFO  [02:30:35.840] [bbotk]        FALSE -5.826422  2.973024         -6.239696 2026-09-10 02:25:59
INFO  [02:30:35.840] [bbotk]         timestamp_ys runtime_learners warnings errors internal_tuned_values
INFO  [02:30:35.840] [bbotk]  2026-09-10 02:30:35          275.063        0      0    num_iterations=627
INFO  [02:30:35.840] [bbotk]               worker_id    acq_cb timestamp_surrogate timestamp_acq_function
INFO  [02:30:35.840] [bbotk]  rubber_olingo_009b082f -9.333533 2026-09-10 02:25:56    2026-09-10 02:25:57
INFO  [02:30:35.840] [bbotk]  timestamp_acq_optimizer      timestamp_loop
INFO  [02:30:35.840] [bbotk]      2026-09-10 02:25:57 2026-09-10 02:25:59
INFO  [02:30:37.913] [bbotk] Results of 2 configuration(s):
INFO  [02:30:37.923] [bbotk]  classif.ce learning_rate num_leaves min_data_in_leaf feature_fraction
INFO  [02:30:37.923] [bbotk]   0.3261486     -2.698099        103                3        0.7708179
INFO  [02:30:37.923] [bbotk]   0.3241463     -3.227385        196              140        0.5745409
INFO  [02:30:37.923] [bbotk]  extra_trees  lambda_l1 lambda_l2 min_gain_to_split        timestamp_xs
INFO  [02:30:37.923] [bbotk]        FALSE  0.5041163  1.907038         -3.961111 2026-09-10 02:27:02
INFO  [02:30:37.923] [bbotk]        FALSE -4.2510970  1.843822         -4.218584 2026-09-10 02:23:33
INFO  [02:30:37.923] [bbotk]         timestamp_ys runtime_learners warnings errors internal_tuned_values
INFO  [02:30:37.923] [bbotk]  2026-09-10 02:30:37          214.306        0      0    num_iterations=366
INFO  [02:30:37.923] [bbotk]  2026-09-10 02:30:37          422.423        0      0    num_iterations=512
INFO  [02:30:37.923] [bbotk]                    worker_id    acq_cb timestamp_surrogate
INFO  [02:30:37.923] [bbotk]  deathful_cockatiel_42b37495 -12.92563 2026-09-10 02:26:59
INFO  [02:30:37.923] [bbotk]       endowed_eider_8ae7fbd8 -11.55433 2026-09-10 02:23:30
INFO  [02:30:37.923] [bbotk]  timestamp_acq_function timestamp_acq_optimizer      timestamp_loop
INFO  [02:30:37.923] [bbotk]     2026-09-10 02:27:00     2026-09-10 02:27:00 2026-09-10 02:27:02
INFO  [02:30:37.923] [bbotk]     2026-09-10 02:23:31     2026-09-10 02:23:31 2026-09-10 02:23:33
INFO  [02:30:38.956] [bbotk] Results of 1 configuration(s):
INFO  [02:30:38.965] [bbotk]  classif.ce learning_rate num_leaves min_data_in_leaf feature_fraction
INFO  [02:30:38.965] [bbotk]   0.3241834     -3.399171        130               30        0.4062057
INFO  [02:30:38.965] [bbotk]  extra_trees lambda_l1  lambda_l2 min_gain_to_split        timestamp_xs
INFO  [02:30:38.965] [bbotk]        FALSE -2.942944 -0.9396699         -5.957281 2026-09-10 02:22:50
INFO  [02:30:38.965] [bbotk]         timestamp_ys runtime_learners warnings errors internal_tuned_values
INFO  [02:30:38.965] [bbotk]  2026-09-10 02:30:37          466.775        0      0    num_iterations=752
INFO  [02:30:38.965] [bbotk]              worker_id    acq_cb timestamp_surrogate timestamp_acq_function
INFO  [02:30:38.965] [bbotk]  marble_eider_13eb7144 -17.53717 2026-09-10 02:22:49    2026-09-10 02:22:49
INFO  [02:30:38.965] [bbotk]  timestamp_acq_optimizer      timestamp_loop
INFO  [02:30:38.965] [bbotk]      2026-09-10 02:22:49 2026-09-10 02:22:50
INFO  [02:30:39.998] [bbotk] Results of 1 configuration(s):
INFO  [02:30:40.008] [bbotk]  classif.ce learning_rate num_leaves min_data_in_leaf feature_fraction
INFO  [02:30:40.008] [bbotk]    0.323909     -3.293701        250                8        0.5029036
INFO  [02:30:40.008] [bbotk]  extra_trees lambda_l1 lambda_l2 min_gain_to_split        timestamp_xs
INFO  [02:30:40.008] [bbotk]        FALSE -0.683006  3.470445          -3.36491 2026-09-10 02:23:28
INFO  [02:30:40.008] [bbotk]         timestamp_ys runtime_learners warnings errors internal_tuned_values
INFO  [02:30:40.008] [bbotk]  2026-09-10 02:30:39          429.655        0      0    num_iterations=464
INFO  [02:30:40.008] [bbotk]                  worker_id   acq_cb timestamp_surrogate timestamp_acq_function
INFO  [02:30:40.008] [bbotk]  round_greatargus_7139a1ba -17.8836 2026-09-10 02:23:26    2026-09-10 02:23:27
INFO  [02:30:40.008] [bbotk]  timestamp_acq_optimizer      timestamp_loop
INFO  [02:30:40.008] [bbotk]      2026-09-10 02:23:27 2026-09-10 02:23:28
INFO  [02:30:42.070] [bbotk] Results of 2 configuration(s):
INFO  [02:30:42.079] [bbotk]  classif.ce learning_rate num_leaves min_data_in_leaf feature_fraction
INFO  [02:30:42.079] [bbotk]   0.3235901     -2.522369        255                1        0.5863960
INFO  [02:30:42.079] [bbotk]   0.3243762     -2.214516        140              103        0.3642289
INFO  [02:30:42.079] [bbotk]  extra_trees   lambda_l1 lambda_l2 min_gain_to_split        timestamp_xs
INFO  [02:30:42.079] [bbotk]        FALSE -0.07888598 -4.722780         -5.057396 2026-09-10 02:27:30
INFO  [02:30:42.079] [bbotk]        FALSE  1.21302918  3.007805         -6.680249 2026-09-10 02:26:44
INFO  [02:30:42.079] [bbotk]         timestamp_ys runtime_learners warnings errors internal_tuned_values
INFO  [02:30:42.079] [bbotk]  2026-09-10 02:30:41          190.098        0      0    num_iterations=225
INFO  [02:30:42.079] [bbotk]  2026-09-10 02:30:41          236.321        0      0    num_iterations=315
INFO  [02:30:42.079] [bbotk]                       worker_id    acq_cb timestamp_surrogate
INFO  [02:30:42.079] [bbotk]  involved_komododragon_94bc6c76 -21.24035 2026-09-10 02:27:28
INFO  [02:30:42.079] [bbotk]              fatal_nag_f06b667c -24.24373 2026-09-10 02:26:41
INFO  [02:30:42.079] [bbotk]  timestamp_acq_function timestamp_acq_optimizer      timestamp_loop
INFO  [02:30:42.079] [bbotk]     2026-09-10 02:27:29     2026-09-10 02:27:29 2026-09-10 02:27:30
INFO  [02:30:42.079] [bbotk]     2026-09-10 02:26:42     2026-09-10 02:26:42 2026-09-10 02:26:44
INFO  [02:30:42.129] [bbotk] Finished optimizing after 501 evaluation(s)
INFO  [02:30:42.132] [bbotk] Result:
INFO  [02:30:42.136] [bbotk]  learning_rate num_leaves min_data_in_leaf feature_fraction extra_trees
INFO  [02:30:42.136] [bbotk]      -3.372493        253               22        0.4375361       FALSE
INFO  [02:30:42.136] [bbotk]   lambda_l1  lambda_l2 min_gain_to_split internal_tuned_values
INFO  [02:30:42.136] [bbotk]  -0.7738453 0.04727388         -3.566204    num_iterations=614
INFO  [02:30:42.136] [bbotk]  learner_param_vals  x_domain classif.ce
INFO  [02:30:42.136] [bbotk]          <list[12]> <list[8]>  0.3232731
INFO  [02:30:42.139] [rush] Kill worker 'invincible_polecat_5a7a5f9b'
INFO  [02:30:42.141] [rush] Kill worker 'crispy_xantusmurrelet_3e9f7462'
INFO  [02:30:42.143] [rush] Kill worker 'gustable_xenurusunicinctus_1530003e'
INFO  [02:30:42.146] [rush] Kill worker 'zincic_junco_1dcd9b2a'
INFO  [02:30:42.148] [rush] Kill worker 'nonlegal_alpineroadguidetigerbeetle_d12c7905'
INFO  [02:30:42.150] [rush] Kill worker 'confirmable_motmot_4f74a680'
INFO  [02:30:42.152] [rush] Kill worker 'insensitive_fennecfox_0165dc81'
INFO  [02:30:42.154] [rush] Kill worker 'commonable_americanbadger_c8aea702'
INFO  [02:30:42.156] [rush] Kill worker 'nonzoological_gopher_f355710d'
INFO  [02:30:42.159] [rush] Kill worker 'decisive_fruitbat_547e706b'
INFO  [02:30:42.161] [rush] Kill worker 'theodicean_greatdane_7c5d085a'
INFO  [02:30:42.163] [rush] Kill worker 'federal_eastsiberianlaika_1eae0354'
INFO  [02:30:42.166] [rush] Kill worker 'detonable_koalabear_9ad01fa8'
INFO  [02:30:42.168] [rush] Kill worker 'involved_komododragon_94bc6c76'
INFO  [02:30:42.170] [rush] Kill worker 'exquisite_crane_c0891515'
INFO  [02:30:42.173] [rush] Kill worker 'tidal_englishsetter_a65cc5a1'
INFO  [02:30:42.176] [rush] Kill worker 'earthbound_centipede_291db352'
INFO  [02:30:42.179] [rush] Kill worker 'papery_centipede_61e5c1d7'
INFO  [02:30:42.182] [rush] Kill worker 'discoverable_iridescentshark_0fff239e'
INFO  [02:30:42.185] [rush] Kill worker 'charlatanish_andalusianhorse_a6e3c148'
INFO  [02:30:42.187] [rush] Kill worker 'omnivorous_kinglet_fb219e2f'
INFO  [02:30:42.189] [rush] Kill worker 'quasireligious_bedbug_5fdbfe43'
INFO  [02:30:42.191] [rush] Kill worker 'quartzitic_amphibian_eaa6d99a'
INFO  [02:30:42.193] [rush] Kill worker 'alchemic_moose_0bbd703d'
INFO  [02:30:42.195] [rush] Kill worker 'pedagoguish_germanspitz_4795e3d6'
INFO  [02:30:42.197] [rush] Kill worker 'acidifiable_globefish_dc9598c2'
INFO  [02:30:42.199] [rush] Kill worker 'kinetic_ibisbill_5e1718fb'
INFO  [02:30:42.202] [rush] Kill worker 'gossipy_caribou_1037c65b'
INFO  [02:30:42.204] [rush] Kill worker 'sapphire_kitfox_843d1066'
INFO  [02:30:42.206] [rush] Kill worker 'bossy_treecreeper_f8c34166'
INFO  [02:30:42.208] [rush] Kill worker 'unmedicinal_queenbee_b912ee6f'
INFO  [02:30:42.210] [rush] Kill worker 'irresistible_americanmarten_0fdc5e72'
INFO  [02:30:42.212] [rush] Kill worker 'paleopsychological_hyena_57ec3de2'
INFO  [02:30:42.214] [rush] Kill worker 'symbiotic_worm_daf19390'
INFO  [02:30:42.216] [rush] Kill worker 'shortcircuited_virginiaopossum_02c97603'
INFO  [02:30:42.218] [rush] Kill worker 'unmedical_badger_fd82265e'
INFO  [02:30:42.220] [rush] Kill worker 'regulable_indianpangolin_be68041b'
INFO  [02:30:42.222] [rush] Kill worker 'gross_duiker_20627547'
INFO  [02:30:42.224] [rush] Kill worker 'spherical_australiansilkyterrier_3389f78c'
INFO  [02:30:42.226] [rush] Kill worker 'shapeable_tench_3abe7670'
INFO  [02:30:42.228] [rush] Kill worker 'halffeminine_graywolf_13e313ab'
INFO  [02:30:42.230] [rush] Kill worker 'hairsplitting_cottonmouth_0f98ae61'
INFO  [02:30:42.232] [rush] Kill worker 'psychographic_numbat_02b2749f'
INFO  [02:30:42.234] [rush] Kill worker 'kinetic_antlion_5eb9a459'
INFO  [02:30:42.235] [rush] Kill worker 'beneficial_flatfish_12422c8f'
INFO  [02:30:42.237] [rush] Kill worker 'unarithmetical_douglasfirbarkbeetle_e432ac98'
INFO  [02:30:42.239] [rush] Kill worker 'piscatory_aplomadofalcon_0325a1cc'
INFO  [02:30:42.241] [rush] Kill worker 'priestless_wisent_7283edb8'
INFO  [02:30:42.243] [rush] Kill worker 'petite_blackrhino_0f9b41fd'
INFO  [02:30:42.245] [rush] Kill worker 'raggletaggle_ayeaye_7977668a'
INFO  [02:30:42.247] [rush] Kill worker 'artistic_fishingcat_ba5d2da7'
INFO  [02:30:42.249] [rush] Kill worker 'dihydric_flee_87a8f368'
INFO  [02:30:42.251] [rush] Kill worker 'subsequent_americancurl_7139f11e'
INFO  [02:30:42.252] [rush] Kill worker 'contaminative_camel_e37e8de2'
INFO  [02:30:42.254] [rush] Kill worker 'ugly_lark_2fa21c5c'
INFO  [02:30:42.256] [rush] Kill worker 'sketchy_kob_67759880'
INFO  [02:30:42.258] [rush] Kill worker 'spinulose_tigershark_b08f2ac3'
INFO  [02:30:42.260] [rush] Kill worker 'monogamous_bigmouthbass_019357cc'
INFO  [02:30:42.262] [rush] Kill worker 'hypersthene_atlanticsharpnosepuffer_96649f27'
INFO  [02:30:42.264] [rush] Kill worker 'cozey_waterdogs_e56b5ee2'
INFO  [02:30:42.266] [rush] Kill worker 'distinguished_sunbittern_44924c26'
INFO  [02:30:42.268] [rush] Kill worker 'primary_shrew_456a3c4e'
INFO  [02:30:42.270] [rush] Kill worker 'nonreligious_quoll_0d48c36a'
INFO  [02:30:42.272] [rush] Kill worker 'anorthosite_dragon_7507f5b8'
INFO  [02:30:42.274] [rush] Kill worker 'fickle_xiphosuran_b7e8d920'
INFO  [02:30:42.276] [rush] Kill worker 'moving_oregonsilverspotbutterfly_cb05c342'
INFO  [02:30:42.278] [rush] Kill worker 'waspish_herring_abf9aa70'
INFO  [02:30:42.281] [rush] Kill worker 'overcooked_solitaire_e3dc1e6e'
INFO  [02:30:42.283] [rush] Kill worker 'rival_tick_b76701ae'
INFO  [02:30:42.328] [rush] Kill worker 'lemony_australianshelduck_25c93090'
INFO  [02:30:42.331] [rush] Kill worker 'benighted_herring_611593a2'
INFO  [02:30:42.334] [rush] Kill worker 'dignified_bilby_c35e42c1'
INFO  [02:30:42.338] [rush] Kill worker 'pernicious_jellyfish_5efb0042'
INFO  [02:30:42.341] [rush] Kill worker 'scrawny_cockerspaniel_93b22cd2'
INFO  [02:30:42.344] [rush] Kill worker 'neutered_zopilote_a433e23d'
INFO  [02:30:42.347] [rush] Kill worker 'cerebroid_mountainlion_1c7bfdf4'
INFO  [02:30:42.350] [rush] Kill worker 'washable_zebra_8e10b753'
INFO  [02:30:42.352] [rush] Kill worker 'dorky_kusimanse_78bb0067'
INFO  [02:30:42.355] [rush] Kill worker 'cosmonautic_gander_8bf018b1'
INFO  [02:30:42.358] [rush] Kill worker 'overdry_takin_af601a06'
INFO  [02:30:42.360] [rush] Kill worker 'paleopsychological_graysquirrel_c736c069'
INFO  [02:30:42.363] [rush] Kill worker 'next_elkhound_c5b2a08b'
INFO  [02:30:42.365] [rush] Kill worker 'baboonish_thunderbird_5a7daecf'
INFO  [02:30:42.368] [rush] Kill worker 'depressed_emu_9a65d6fd'
INFO  [02:30:42.370] [rush] Kill worker 'untroublesome_hummingbird_7e27f5dd'
INFO  [02:30:42.373] [rush] Kill worker 'shy_orca_49d64d34'
INFO  [02:30:42.375] [rush] Kill worker 'supermarine_zooplankton_cbfcce98'
INFO  [02:30:42.377] [rush] Kill worker 'organisational_blacklemur_c926fcdb'
INFO  [02:30:42.380] [rush] Kill worker 'stony_sakimonkey_8b5e332d'
INFO  [02:30:42.382] [rush] Kill worker 'distorted_astarte_15461fe6'
INFO  [02:30:42.384] [rush] Kill worker 'asbestoidal_turnstone_d52ce2b1'
INFO  [02:30:42.385] [rush] Kill worker 'terrified_douglasfirbarkbeetle_90fad460'
INFO  [02:30:42.387] [rush] Kill worker 'pseudoconservative_ammonite_0cf50941'
INFO  [02:30:42.389] [rush] Kill worker 'senile_grison_a5cc1b10'
INFO  [02:30:42.391] [rush] Kill worker 'rubber_olingo_009b082f'
INFO  [02:30:42.393] [rush] Kill worker 'grapy_crocodile_bfadf146'
INFO  [02:30:42.395] [rush] Kill worker 'glowing_tahr_9ecd8758'
INFO  [02:30:42.397] [rush] Kill worker 'legible_northernfurseal_4ec4fe2b'
INFO  [02:30:42.399] [rush] Kill worker 'scrummy_moose_5a9a4a04'
INFO  [02:30:42.400] [rush] Kill worker 'charming_echidna_e3f0c197'
INFO  [02:30:42.402] [rush] Kill worker 'lowerclass_iceblueredtopzebra_5e8e874c'
INFO  [02:30:42.404] [rush] Kill worker 'pseudolegal_anole_b6c084dd'
INFO  [02:30:42.406] [rush] Kill worker 'manipulable_kronosaurus_73c6f3f4'
INFO  [02:30:42.408] [rush] Kill worker 'missing_asiaticmouflon_2c997d67'
INFO  [02:30:42.410] [rush] Kill worker 'spiny_montanoceratops_55f36757'
INFO  [02:30:42.412] [rush] Kill worker 'lilylivered_quinquespinosus_870aeb4c'
INFO  [02:30:42.413] [rush] Kill worker 'polyphagous_dromedary_6fa444b2'
INFO  [02:30:42.415] [rush] Kill worker 'parisyllabic_bobcat_9a64eaac'
INFO  [02:30:42.417] [rush] Kill worker 'homebred_alpaca_e6f26c46'
INFO  [02:30:42.419] [rush] Kill worker 'prominent_rainbowlorikeet_1c9a2d2e'
INFO  [02:30:42.421] [rush] Kill worker 'crippling_marmoset_73dbca2c'
INFO  [02:30:42.422] [rush] Kill worker 'unevolved_dalmatian_ed9a701e'
INFO  [02:30:42.424] [rush] Kill worker 'cozy_tsetsefly_8987c3dc'
INFO  [02:30:42.426] [rush] Kill worker 'ophidiophobic_asiaticmouflon_2c74928e'
INFO  [02:30:42.428] [rush] Kill worker 'sublime_anura_8a65bf37'
INFO  [02:30:42.430] [rush] Kill worker 'igniteable_fox_78dbe07d'
INFO  [02:30:42.431] [rush] Kill worker 'bared_iaerismetalmark_c9ace11e'
INFO  [02:30:42.433] [rush] Kill worker 'unmystical_kissingbug_1660df7e'
INFO  [02:30:42.435] [rush] Kill worker 'bactericidal_blueandgoldmackaw_29956d82'
INFO  [02:30:42.437] [rush] Kill worker 'fictional_beaver_d6b9b208'
INFO  [02:30:42.439] [rush] Kill worker 'prickly_labradorretriever_c9727eb4'
INFO  [02:30:42.441] [rush] Kill worker 'lazyish_egret_63e9ece7'
INFO  [02:30:42.442] [rush] Kill worker 'organometallic_alaskajingle_6e54935a'
INFO  [02:30:42.444] [rush] Kill worker 'prideful_halcyon_c964a38d'
INFO  [02:30:42.446] [rush] Kill worker 'varying_indianglassfish_da77a7d3'
INFO  [02:30:42.448] [rush] Kill worker 'stressed_clownanemonefish_ca8d100e'
INFO  [02:30:42.450] [rush] Kill worker 'hornblende_amphibian_756683db'
INFO  [02:30:42.452] [rush] Kill worker 'awake_neonbluehermitcrab_dbdf4488'
INFO  [02:30:42.453] [rush] Kill worker 'lilylivered_karakul_1ac9b2be'
INFO  [02:30:42.455] [rush] Kill worker 'empathic_angelfish_26ced9ac'
INFO  [02:30:42.457] [rush] Kill worker 'corporative_titi_028a5747'
INFO  [02:30:42.459] [rush] Kill worker 'dumbstruck_possum_1971a4c9'
INFO  [02:30:42.460] [rush] Kill worker 'thalassophilic_quelea_0184f0ae'
INFO  [02:30:42.462] [rush] Kill worker 'delicious_africanwildcat_0d15ed02'
INFO  [02:30:42.464] [rush] Kill worker 'foreknowable_albertosaurus_e107f184'
INFO  [02:30:42.466] [rush] Kill worker 'unsuccessful_mandrill_2dde91e6'
INFO  [02:30:42.468] [rush] Kill worker 'subcultural_housefly_e5bd6a7e'
INFO  [02:30:42.469] [rush] Kill worker 'naggish_atlanticbluetang_4663c97f'
INFO  [02:30:42.471] [rush] Kill worker 'chocolate_apatosaur_3c230ed1'
INFO  [02:30:42.473] [rush] Kill worker 'indiscreet_hagfish_e48f4acd'
INFO  [02:30:42.475] [rush] Kill worker 'annoying_spiketail_dfc48963'
INFO  [02:30:42.476] [rush] Kill worker 'rapturous_goosefish_87b81149'
INFO  [02:30:42.478] [rush] Kill worker 'demagnetisable_bufflehead_d6dfe003'
INFO  [02:30:42.480] [rush] Kill worker 'syrupy_primate_0dc5fead'
INFO  [02:30:42.482] [rush] Kill worker 'endowed_eider_8ae7fbd8'
INFO  [02:30:42.484] [rush] Kill worker 'quarrelsome_hornedtoad_ed10883e'
INFO  [02:30:42.485] [rush] Kill worker 'zincy_brontosaurus_8ff75992'
INFO  [02:30:42.487] [rush] Kill worker 'ethnographic_scarab_cafdb721'
INFO  [02:30:42.489] [rush] Kill worker 'unwitty_ankole_be05e614'
INFO  [02:30:42.491] [rush] Kill worker 'bicolor_mullet_dc8d9ee1'
INFO  [02:30:42.493] [rush] Kill worker 'hypodermal_mangabey_fcf05a90'
INFO  [02:30:42.494] [rush] Kill worker 'coldblooded_brocketdeer_01a035dc'
INFO  [02:30:42.496] [rush] Kill worker 'unstable_azurewingedmagpie_e54029e6'
INFO  [02:30:42.498] [rush] Kill worker 'bedridden_scarab_4749333b'
INFO  [02:30:42.500] [rush] Kill worker 'forbidden_arcticfox_dc61bf61'
INFO  [02:30:42.501] [rush] Kill worker 'dentine_argusfish_b472864e'
INFO  [02:30:42.503] [rush] Kill worker 'ambery_nag_90642028'
INFO  [02:30:42.505] [rush] Kill worker 'uppity_galah_f2ea76af'
INFO  [02:30:42.507] [rush] Kill worker 'docile_ivorybackedwoodswallow_d9b5a6e9'
INFO  [02:30:42.509] [rush] Kill worker 'foamy_grayreefshark_3a1f0fb5'
INFO  [02:30:42.510] [rush] Kill worker 'uncontradictious_waterboatman_1725799f'
INFO  [02:30:42.512] [rush] Kill worker 'modern_nakedmolerat_fee662e4'
INFO  [02:30:42.514] [rush] Kill worker 'reviled_ibisbill_40dc04e3'
INFO  [02:30:42.516] [rush] Kill worker 'electrostatic_steer_014deb65'
INFO  [02:30:42.518] [rush] Kill worker 'descendent_snoutbutterfly_85345e9a'
INFO  [02:30:42.519] [rush] Kill worker 'wellmannered_thrush_ebf259a3'
INFO  [02:30:42.521] [rush] Kill worker 'psychometric_guineapig_e430f042'
INFO  [02:30:42.523] [rush] Kill worker 'maladroit_galah_789d6085'
INFO  [02:30:42.525] [rush] Kill worker 'hormonal_mealworm_73601596'
INFO  [02:30:42.526] [rush] Kill worker 'nonskeptical_loggerheadturtle_6aec9d49'
INFO  [02:30:42.528] [rush] Kill worker 'untidy_ulyssesbutterfly_78974ea7'
INFO  [02:30:42.530] [rush] Kill worker 'parodic_mealworm_7c996a97'
INFO  [02:30:42.532] [rush] Kill worker 'impulsive_spider_1106275c'
INFO  [02:30:42.534] [rush] Kill worker 'overhostile_mosasaur_91fa0391'
INFO  [02:30:42.535] [rush] Kill worker 'antipestilence_phoebe_2d36eb7d'
INFO  [02:30:42.537] [rush] Kill worker 'satisfactory_goral_de911b34'
INFO  [02:30:42.539] [rush] Kill worker 'compatible_quail_f68f44e9'
INFO  [02:30:42.541] [rush] Kill worker 'woody_murrelet_8a8ec854'
INFO  [02:30:42.542] [rush] Kill worker 'homebred_affenpinscher_1a819fb5'
INFO  [02:30:42.544] [rush] Kill worker 'uncivil_bluemorphobutterfly_80ec364b'
INFO  [02:30:42.546] [rush] Kill worker 'spinal_amphiuma_70b89e2b'
INFO  [02:30:42.548] [rush] Kill worker 'nearby_manxcat_22c140f4'
INFO  [02:30:42.550] [rush] Kill worker 'thorium_grunion_d89a713d'
INFO  [02:30:42.551] [rush] Kill worker 'insectivorous_grackle_b755479f'
INFO  [02:30:42.553] [rush] Kill worker 'chondrite_hairstreak_cb6b5bd0'
INFO  [02:30:42.555] [rush] Kill worker 'incorporated_bangeltiger_1c50836f'
INFO  [02:30:42.557] [rush] Kill worker 'exploitive_germanspitz_a6e6b5bb'
INFO  [02:30:42.558] [rush] Kill worker 'enchanted_blackbird_dca3c69f'
INFO  [02:30:42.560] [rush] Kill worker 'quarrelsome_cockerspaniel_1e9d91fd'
INFO  [02:30:42.562] [rush] Kill worker 'carbonic_antbear_a365730b'
INFO  [02:30:42.564] [rush] Kill worker 'complementary_xenops_a2901ef1'
INFO  [02:30:42.566] [rush] Kill worker 'sparkling_thunderbird_50a04d7e'
INFO  [02:30:42.567] [rush] Kill worker 'uncleansed_asiansmallclawedotter_b76b7c40'
INFO  [02:30:42.569] [rush] Kill worker 'honorary_diplodocus_e05918ff'
INFO  [02:30:42.571] [rush] Kill worker 'dewy_wisent_3d2ebbc4'
INFO  [02:30:42.573] [rush] Kill worker 'giddied_harlequinbug_0ac6877c'
INFO  [02:30:42.575] [rush] Kill worker 'nutty_widowspider_8c570ae6'
INFO  [02:30:42.576] [rush] Kill worker 'cozey_manxcat_994e81a5'
INFO  [02:30:42.578] [rush] Kill worker 'dorky_tick_067e084f'
INFO  [02:30:42.580] [rush] Kill worker 'habitual_squid_9d5eee3d'
INFO  [02:30:42.582] [rush] Kill worker 'limpid_dromedary_37a9603f'
INFO  [02:30:42.584] [rush] Kill worker 'discrete_neonblueguppy_9b60ee7c'
INFO  [02:30:42.585] [rush] Kill worker 'bizarre_irishsetter_d062a3a9'
INFO  [02:30:42.587] [rush] Kill worker 'fixable_marbledmurrelet_df13c589'
INFO  [02:30:42.589] [rush] Kill worker 'postlegal_leveret_d41796bc'
INFO  [02:30:42.591] [rush] Kill worker 'invigorative_dalmatian_8a9ee047'
INFO  [02:30:42.592] [rush] Kill worker 'countrywide_goldenretriever_0260c40e'
INFO  [02:30:42.594] [rush] Kill worker 'sombre_wren_2104fdf0'
INFO  [02:30:42.596] [rush] Kill worker 'subgeometrical_admiralbutterfly_9c5ed86d'
INFO  [02:30:42.598] [rush] Kill worker 'windowy_americanquarterhorse_9ba49e14'
INFO  [02:30:42.600] [rush] Kill worker 'displaceable_alligatorsnappingturtle_a87870ec'
INFO  [02:30:42.601] [rush] Kill worker 'applicable_norwayrat_07555d46'
INFO  [02:30:42.603] [rush] Kill worker 'comminative_blacknorwegianelkhound_1feeb3e6'
INFO  [02:30:42.605] [rush] Kill worker 'supernaturalistic_trex_5fa4c043'
INFO  [02:30:42.607] [rush] Kill worker 'rebellious_stallion_a70d8a74'
INFO  [02:30:42.609] [rush] Kill worker 'shortcircuited_buzzard_b9ca9ac6'
INFO  [02:30:42.610] [rush] Kill worker 'microphysical_americangoldfinch_ed04b562'
INFO  [02:30:42.612] [rush] Kill worker 'superficial_zonetailedpigeon_fb0a5994'
INFO  [02:30:42.614] [rush] Kill worker 'astral_tarantula_a87605fd'
INFO  [02:30:42.616] [rush] Kill worker 'ulcerative_halcyon_21c6284f'
INFO  [02:30:42.618] [rush] Kill worker 'obedient_madagascarhissingroach_e410863a'
INFO  [02:30:42.619] [rush] Kill worker 'hemispheroidal_cheetah_c96e89d8'
INFO  [02:30:42.621] [rush] Kill worker 'woollen_mountainlion_6653f88c'
INFO  [02:30:42.623] [rush] Kill worker 'beamy_gilamonster_90441020'
INFO  [02:30:42.625] [rush] Kill worker 'goodlooking_armedcrab_0d92fc05'
INFO  [02:30:42.627] [rush] Kill worker 'aviaphobic_cottonmouth_493e77c3'
INFO  [02:30:42.629] [rush] Kill worker 'uncontradictious_ivorybackedwoodswallow_6e9f6b9f'
INFO  [02:30:42.630] [rush] Kill worker 'ready_gnu_fa3423be'
INFO  [02:30:42.632] [rush] Kill worker 'mini_kouprey_ca59e9de'
INFO  [02:30:42.634] [rush] Kill worker 'genuine_puppy_60ebd46b'
INFO  [02:30:42.636] [rush] Kill worker 'tactical_cheetah_194e64b0'
INFO  [02:30:42.638] [rush] Kill worker 'wellunderstood_mastodon_d25864f6'
INFO  [02:30:42.640] [rush] Kill worker 'indecipherable_backswimmer_1f980e68'
INFO  [02:30:42.641] [rush] Kill worker 'numeric_galapagoshawk_eadb68a1'
INFO  [02:30:42.643] [rush] Kill worker 'infatuated_loon_d7f7022f'
INFO  [02:30:42.645] [rush] Kill worker 'nonspheric_eft_34977eba'
INFO  [02:30:42.647] [rush] Kill worker 'unrelaxing_italiangreyhound_7ebae327'
INFO  [02:30:42.649] [rush] Kill worker 'hopeful_grackle_74c2ce6c'
INFO  [02:30:42.651] [rush] Kill worker 'irrationalist_crocodileskink_12cc8d69'
INFO  [02:30:42.653] [rush] Kill worker 'foxy_scallop_b3ea33e6'
INFO  [02:30:42.654] [rush] Kill worker 'thorough_amurminnow_59fb32a4'
INFO  [02:30:42.656] [rush] Kill worker 'paralyzing_junebug_123379bd'
INFO  [02:30:42.658] [rush] Kill worker 'briny_numbat_658818a0'
INFO  [02:30:42.660] [rush] Kill worker 'warmthless_leafwing_cc029918'
INFO  [02:30:42.662] [rush] Kill worker 'waterresistant_towhee_6a1d1f06'
INFO  [02:30:42.664] [rush] Kill worker 'wearable_bat_5c770734'
INFO  [02:30:42.666] [rush] Kill worker 'dazzling_bunny_7483c892'
INFO  [02:30:42.667] [rush] Kill worker 'carryable_pinniped_70602f93'
INFO  [02:30:42.669] [rush] Kill worker 'idling_partridge_f7f9b2f1'
INFO  [02:30:42.681] [rush] Kill worker 'nondemocratic_hogget_47257175'
INFO  [02:30:42.684] [rush] Kill worker 'tasty_finnishspitz_c8e0eaf7'
INFO  [02:30:42.686] [rush] Kill worker 'engaging_kangaroo_d5a2dfd9'
INFO  [02:30:42.689] [rush] Kill worker 'creepy_horse_be95edeb'
INFO  [02:30:42.691] [rush] Kill worker 'fleshcolored_esok_329c7d1f'
INFO  [02:30:42.694] [rush] Kill worker 'hidden_poodle_8e968290'
INFO  [02:30:42.696] [rush] Kill worker 'scientific_cur_23dd9641'
INFO  [02:30:42.699] [rush] Kill worker 'bland_warthog_1a98fd23'
INFO  [02:30:42.701] [rush] Kill worker 'klutzy_zigzagsalamander_b0b79746'
INFO  [02:30:42.703] [rush] Kill worker 'semiphilosophical_xanthareel_5eb4fad2'
INFO  [02:30:42.706] [rush] Kill worker 'phantasmagorical_penguin_23d964e5'
INFO  [02:30:42.708] [rush] Kill worker 'reversible_eskimodog_974d3149'
INFO  [02:30:42.710] [rush] Kill worker 'hypoallergenic_urus_475e69b2'
INFO  [02:30:42.713] [rush] Kill worker 'tortoiseshell_slothbear_65757c30'
INFO  [02:30:42.715] [rush] Kill worker 'misandrous_uakari_14a70b88'
INFO  [02:30:42.718] [rush] Kill worker 'soot_silverfish_d8953a89'
INFO  [02:30:42.720] [rush] Kill worker 'metamorphous_izuthrush_627e41d4'
INFO  [02:30:42.722] [rush] Kill worker 'ripe_cur_88c5ad75'
INFO  [02:30:42.725] [rush] Kill worker 'mononuclear_asiaticmouflon_2be12587'
INFO  [02:30:42.727] [rush] Kill worker 'exaggerated_cooter_faa12317'
INFO  [02:30:42.728] [rush] Kill worker 'huge_dachshund_b84566c7'
INFO  [02:30:42.730] [rush] Kill worker 'vapourescent_galapagossealion_5b4a3548'
INFO  [02:30:42.732] [rush] Kill worker 'herbivorous_koala_489d5409'
INFO  [02:30:42.734] [rush] Kill worker 'demographic_iraniangroundjay_243b25af'
INFO  [02:30:42.736] [rush] Kill worker 'anachronous_easteuropeanshepherd_64fc24a3'
INFO  [02:30:42.738] [rush] Kill worker 'whitish_mole_c2efc0db'
INFO  [02:30:42.740] [rush] Kill worker 'bloated_irishsetter_122f3e38'
INFO  [02:30:42.741] [rush] Kill worker 'chargeless_ibex_d1fbaa4c'
INFO  [02:30:42.743] [rush] Kill worker 'costless_ibisbill_206330c7'
INFO  [02:30:42.745] [rush] Kill worker 'charismatic_zebradove_b8770713'
INFO  [02:30:42.747] [rush] Kill worker 'severe_nudibranch_de237fb9'
INFO  [02:30:42.749] [rush] Kill worker 'skeptical_mudpuppy_82ec19d7'
INFO  [02:30:42.751] [rush] Kill worker 'constringent_dassierat_44f956a0'
INFO  [02:30:42.753] [rush] Kill worker 'cellular_elk_1f22ec66'
INFO  [02:30:42.754] [rush] Kill worker 'eliminable_slug_7280d998'
INFO  [02:30:42.756] [rush] Kill worker 'deodorizing_bluefish_a05bab1e'
INFO  [02:30:42.758] [rush] Kill worker 'genuine_umbrette_6e95ba6d'
INFO  [02:30:42.760] [rush] Kill worker 'vampiric_echidna_fb565f3f'
INFO  [02:30:42.762] [rush] Kill worker 'oversolemn_hornedtoad_ce45f559'
INFO  [02:30:42.763] [rush] Kill worker 'preroyal_ermine_3fd46c73'
INFO  [02:30:42.765] [rush] Kill worker 'terracotta_blacknorwegianelkhound_54d0b6af'
INFO  [02:30:42.767] [rush] Kill worker 'unhuman_kagu_5b512460'
INFO  [02:30:42.769] [rush] Kill worker 'eolithic_stinkpot_6f6de595'
INFO  [02:30:42.771] [rush] Kill worker 'semirebellious_hammerheadshark_a089de6b'
INFO  [02:30:42.773] [rush] Kill worker 'untouchable_marabou_bfc7cb1c'
INFO  [02:30:42.775] [rush] Kill worker 'combative_axolotl_16d3e6a5'
INFO  [02:30:42.776] [rush] Kill worker 'unidentifiable_backswimmer_8c17a32c'
INFO  [02:30:42.778] [rush] Kill worker 'ferric_buzzard_04619722'
INFO  [02:30:42.780] [rush] Kill worker 'nosophobic_megalosaurus_37c11577'
INFO  [02:30:42.782] [rush] Kill worker 'pygmy_gander_5b0f0bd5'
INFO  [02:30:42.784] [rush] Kill worker 'frowsy_grayling_21bd3497'
INFO  [02:30:42.786] [rush] Kill worker 'noncorporative_muntjac_25ba17df'
INFO  [02:30:42.787] [rush] Kill worker 'malophilic_egg_ad3d177f'
INFO  [02:30:42.789] [rush] Kill worker 'acid_wrenchbird_3af458c9'
INFO  [02:30:42.791] [rush] Kill worker 'bacteroid_elephant_8452e40e'
INFO  [02:30:42.793] [rush] Kill worker 'sweated_fox_f5b2dd9f'
INFO  [02:30:42.795] [rush] Kill worker 'yogic_planthopper_1385b55c'
INFO  [02:30:42.797] [rush] Kill worker 'uniform_germanpinscher_bbf54f59'
INFO  [02:30:42.798] [rush] Kill worker 'depleted_baboon_471772d9'
INFO  [02:30:42.800] [rush] Kill worker 'marble_eider_13eb7144'
INFO  [02:30:42.802] [rush] Kill worker 'brutal_lacewing_0cfabc91'
INFO  [02:30:42.804] [rush] Kill worker 'demotic_kinglet_36689a6a'
INFO  [02:30:42.806] [rush] Kill worker 'eliminable_africanpiedkingfisher_3c6bdd07'
INFO  [02:30:42.807] [rush] Kill worker 'inaccurate_boubou_e2758984'
INFO  [02:30:42.809] [rush] Kill worker 'unsentient_planthopper_52b81320'
INFO  [02:30:42.811] [rush] Kill worker 'microbiophobic_ibizanhound_26dc35ec'
INFO  [02:30:42.813] [rush] Kill worker 'selfexistent_quillback_b06d134a'
INFO  [02:30:42.815] [rush] Kill worker 'scornful_alpineroadguidetigerbeetle_f749f67c'
INFO  [02:30:42.816] [rush] Kill worker 'quasidemocratic_limpet_17575538'
INFO  [02:30:42.818] [rush] Kill worker 'friendless_cur_9279ccc6'
INFO  [02:30:42.820] [rush] Kill worker 'paranoid_germanpinscher_b0dbbbbd'
INFO  [02:30:42.822] [rush] Kill worker 'uncolourable_harborporpoise_c2f79196'
INFO  [02:30:42.824] [rush] Kill worker 'unentertaining_viper_5284f1e9'
INFO  [02:30:42.825] [rush] Kill worker 'manic_howlermonkey_4eb24cc1'
INFO  [02:30:42.827] [rush] Kill worker 'sketchy_loon_d5114155'
INFO  [02:30:42.829] [rush] Kill worker 'seaisland_naga_8e1a81b9'
INFO  [02:30:42.831] [rush] Kill worker 'declared_brahmanbull_4fbc5d4a'
INFO  [02:30:42.833] [rush] Kill worker 'lovesome_mantaray_c0117cbf'
INFO  [02:30:42.834] [rush] Kill worker 'seismoscopic_tsetsefly_7d9b306b'
INFO  [02:30:42.836] [rush] Kill worker 'parliamentary_labradorretriever_356ce24f'
INFO  [02:30:42.838] [rush] Kill worker 'usurious_megaraptor_f79ce227'
INFO  [02:30:42.840] [rush] Kill worker 'zebrine_kronosaurus_c875877a'
INFO  [02:30:42.842] [rush] Kill worker 'nonspirited_pterosaurs_d666fe5c'
INFO  [02:30:42.843] [rush] Kill worker 'jaded_dodo_308ef371'
INFO  [02:30:42.845] [rush] Kill worker 'tautological_germanspaniel_2dddca3e'
INFO  [02:30:42.847] [rush] Kill worker 'unpsychic_moose_947bec2c'
INFO  [02:30:42.849] [rush] Kill worker 'daughterly_katydid_313d3546'
INFO  [02:30:42.851] [rush] Kill worker 'gasolinic_purplemarten_10d21674'
INFO  [02:30:42.852] [rush] Kill worker 'unkempt_albertosaurus_f8eeca4a'
INFO  [02:30:42.854] [rush] Kill worker 'ungeometrical_pussycat_20aa7ae7'
INFO  [02:30:42.856] [rush] Kill worker 'waiting_blueshark_2e681ff5'
INFO  [02:30:42.858] [rush] Kill worker 'bactericidal_darwinsfox_d31ed66d'
INFO  [02:30:42.860] [rush] Kill worker 'recidivistic_blesbok_ea372a15'
INFO  [02:30:42.861] [rush] Kill worker 'dispellable_senegalpython_0dfe0c96'
INFO  [02:30:42.863] [rush] Kill worker 'citied_stagbeetle_481b4c14'
INFO  [02:30:42.865] [rush] Kill worker 'archetypic_bubblefish_cd0b46b0'
INFO  [02:30:42.867] [rush] Kill worker 'rebel_gull_93e58105'
INFO  [02:30:42.869] [rush] Kill worker 'faintish_crossbill_b61a81f4'
INFO  [02:30:42.870] [rush] Kill worker 'ethical_kakarikis_2f7287e3'
INFO  [02:30:42.872] [rush] Kill worker 'testy_duck_95a7a8ff'
INFO  [02:30:42.874] [rush] Kill worker 'indecisive_quadrisectus_e7c89af9'
INFO  [02:30:42.876] [rush] Kill worker 'chanceful_hedgehog_26a0a968'
INFO  [02:30:42.878] [rush] Kill worker 'batiste_whimbrel_999f9157'
INFO  [02:30:42.879] [rush] Kill worker 'kyanite_africanclawedfrog_b4f95c6c'
INFO  [02:30:42.881] [rush] Kill worker 'irksome_douglasfirbarkbeetle_2f47e707'
INFO  [02:30:42.883] [rush] Kill worker 'deformed_easternglasslizard_83f70aae'
INFO  [02:30:42.885] [rush] Kill worker 'ketogenic_milkweedbug_0275d3f7'
INFO  [02:30:42.886] [rush] Kill worker 'auspicial_husky_02fd2474'
INFO  [02:30:42.888] [rush] Kill worker 'mercenary_yellowlegs_49852ab4'
INFO  [02:30:42.890] [rush] Kill worker 'precarnival_mockingbird_b48bd74f'
INFO  [02:30:42.892] [rush] Kill worker 'endocrinopathic_stegosaurus_edb822bb'
INFO  [02:30:42.894] [rush] Kill worker 'pseudohexagonal_boutu_fbc78c77'
INFO  [02:30:42.895] [rush] Kill worker 'bloated_gopher_4948cd43'
INFO  [02:30:42.897] [rush] Kill worker 'agreed_mallard_ad19aeb7'
INFO  [02:30:42.899] [rush] Kill worker 'dominant_asianporcupine_b571e9c9'
INFO  [02:30:42.901] [rush] Kill worker 'celebratory_xantusmurrelet_cf34a758'
INFO  [02:30:42.903] [rush] Kill worker 'subsonic_bunting_56c443bc'
INFO  [02:30:42.905] [rush] Kill worker 'unsolicitated_queensnake_1c1658f1'
INFO  [02:30:42.907] [rush] Kill worker 'evileyed_dodo_38d09173'
INFO  [02:30:42.908] [rush] Kill worker 'deathful_cockatiel_42b37495'
INFO  [02:30:42.910] [rush] Kill worker 'pseudonoble_wrenchbird_915acf2b'
INFO  [02:30:42.912] [rush] Kill worker 'gunmetal_copepod_621026c0'
INFO  [02:30:42.914] [rush] Kill worker 'lapis_spittlebug_fa8b9b04'
INFO  [02:30:42.916] [rush] Kill worker 'ectoplasmic_whiterhino_51a41c83'
INFO  [02:30:42.918] [rush] Kill worker 'clumpish_blackbird_f5c90647'
INFO  [02:30:42.919] [rush] Kill worker 'exuberant_anemoneshrimp_aed32ed3'
INFO  [02:30:42.921] [rush] Kill worker 'kitschy_silverfox_28836c15'
INFO  [02:30:42.923] [rush] Kill worker 'dreamy_milksnake_28f303e5'
INFO  [02:30:42.925] [rush] Kill worker 'repressive_bellsnake_28e209dc'
INFO  [02:30:42.927] [rush] Kill worker 'ammophilic_dungenesscrab_558c7b02'
INFO  [02:30:42.929] [rush] Kill worker 'deformable_alligatorsnappingturtle_b5f458bb'
INFO  [02:30:42.931] [rush] Kill worker 'hexangular_hawk_694cdfc5'
INFO  [02:30:42.933] [rush] Kill worker 'verminous_eidolonhelvum_fd97e393'
INFO  [02:30:42.935] [rush] Kill worker 'thickwitted_hoatzin_a5840f48'
INFO  [02:30:42.936] [rush] Kill worker 'respirable_cowbird_d8119261'
INFO  [02:30:42.938] [rush] Kill worker 'shy_kid_3525a8a0'
INFO  [02:30:42.940] [rush] Kill worker 'fatal_nag_f06b667c'
INFO  [02:30:42.942] [rush] Kill worker 'boneheaded_toucan_56178a71'
INFO  [02:30:42.944] [rush] Kill worker 'unequal_northernflyingsquirrel_9bd83573'
INFO  [02:30:42.946] [rush] Kill worker 'unrationalised_anaconda_3caedcfc'
INFO  [02:30:42.947] [rush] Kill worker 'fogbound_polliwog_8c50e02a'
INFO  [02:30:42.949] [rush] Kill worker 'rejoiceful_xuanhuasaurus_42c773e2'
INFO  [02:30:42.951] [rush] Kill worker 'frisky_cougar_7ba1ce01'
INFO  [02:30:42.953] [rush] Kill worker 'charismatic_mangabey_055fdd88'
INFO  [02:30:42.955] [rush] Kill worker 'absurd_lunamoth_87f84972'
INFO  [02:30:42.957] [rush] Kill worker 'distortional_mastodon_126db977'
INFO  [02:30:42.959] [rush] Kill worker 'brokenhearted_heifer_82fc468b'
INFO  [02:30:42.960] [rush] Kill worker 'ghastful_americanlobster_a01e9e02'
INFO  [02:30:42.962] [rush] Kill worker 'abominable_tigerbeetle_73cbd5ed'
INFO  [02:30:42.964] [rush] Kill worker 'microclimatologic_basil_af77781a'
INFO  [02:30:42.966] [rush] Kill worker 'smelly_rabbit_c230ad22'
INFO  [02:30:42.968] [rush] Kill worker 'southernmost_pupa_3d90bdad'
INFO  [02:30:42.970] [rush] Kill worker 'entodermal_plover_10f3e208'
INFO  [02:30:42.971] [rush] Kill worker 'unhealthy_newtnutria_bee2e28b'
INFO  [02:30:42.973] [rush] Kill worker 'despairing_aplomadofalcon_a196435c'
INFO  [02:30:42.975] [rush] Kill worker 'psychotropic_africanwilddog_a119bc44'
INFO  [02:30:42.977] [rush] Kill worker 'rubied_bernesemountaindog_d53d5276'
INFO  [02:30:42.979] [rush] Kill worker 'metaphysical_panther_87ccc385'
INFO  [02:30:42.981] [rush] Kill worker 'allstar_treecreeper_f539c580'
INFO  [02:30:42.982] [rush] Kill worker 'omphacite_flyinglemur_8e56bf38'
INFO  [02:30:42.984] [rush] Kill worker 'infantine_oropendula_87126630'
INFO  [02:30:42.986] [rush] Kill worker 'captious_swift_8975c487'
INFO  [02:30:42.988] [rush] Kill worker 'gabardine_fowl_deb081f0'
INFO  [02:30:42.990] [rush] Kill worker 'little_cavy_5e9f01d3'
INFO  [02:30:42.992] [rush] Kill worker 'nonblack_nerka_83aca120'
INFO  [02:30:42.994] [rush] Kill worker 'disquieted_eft_f577ea4b'
INFO  [02:30:42.995] [rush] Kill worker 'round_greatargus_7139a1ba'
INFO  [02:30:42.997] [rush] Kill worker 'proper_rhea_4bb66298'
INFO  [02:30:42.999] [rush] Kill worker 'imprudent_angora_86fd0b2f'
INFO  [02:30:43.001] [rush] Kill worker 'turtleshelled_kestrel_6c600af3'
INFO  [02:30:43.003] [rush] Kill worker 'confusing_sunbear_d3f8f8b2'
INFO  [02:30:43.005] [rush] Kill worker 'thistly_flatcoatretriever_90724602'
INFO  [02:30:43.007] [rush] Kill worker 'nonmagnetic_springpeeper_0f9ea0cf'
INFO  [02:30:43.008] [rush] Kill worker 'entitled_xantus_82c981c8'
INFO  [02:30:43.010] [rush] Kill worker 'inconsequent_phalarope_5045c258'
INFO  [02:30:43.012] [rush] Kill worker 'equivalent_islandcanary_4c8e0b49'
INFO  [02:30:43.014] [rush] Kill worker 'vanitied_pseudodynerusquadrisectus_0cf2aacb'
INFO  [02:30:43.016] [rush] Kill worker 'unmelodramatic_armednylonshrimp_dddc0880'
INFO  [02:30:43.018] [rush] Kill worker 'respirable_volvox_030d0a99'
INFO  [02:30:43.030] [rush] Kill worker 'punctilious_hoatzin_bd517b0f'
INFO  [02:30:43.032] [rush] Kill worker 'detainable_americanquarterhorse_a904e32e'
INFO  [02:30:43.035] [rush] Kill worker 'leery_cuttlefish_8e1170b1'
INFO  [02:30:43.037] [rush] Kill worker 'computative_irishterrier_61acfaca'
INFO  [02:30:43.040] [rush] Kill worker 'supersolemn_fowl_0868ab94'
INFO  [02:30:43.042] [rush] Kill worker 'uncheered_mare_ccb44dc5'
INFO  [02:30:43.045] [rush] Kill worker 'intolerable_urson_4b22e004'
INFO  [02:30:43.047] [rush] Kill worker 'chaste_ragfish_8c793e37'
INFO  [02:30:43.049] [rush] Kill worker 'exploitatory_iberiannase_9b777bf6'
INFO  [02:30:43.052] [rush] Kill worker 'dorsispinal_tayra_b295f515'
INFO  [02:30:43.054] [rush] Kill worker 'petulant_dorking_9077d2b5'
INFO  [02:30:43.057] [rush] Kill worker 'firstgeneration_grison_edc73a8e'
INFO  [02:30:43.059] [rush] Kill worker 'falconnoid_cony_302d0d8f'
INFO  [02:30:43.062] [rush] Kill worker 'presolar_snowmonkey_515707d8'
INFO  [02:30:43.064] [rush] Kill worker 'rubber_rainbowlorikeet_b25a4830'
INFO  [02:30:43.066] [rush] Kill worker 'psychoactive_peccary_f3e3abff'
INFO  [02:30:43.069] [rush] Kill worker 'diversifiable_xantus_e53924fa'
INFO  [02:30:43.071] [rush] Kill worker 'edacious_falcon_e317b9da'
INFO  [02:30:43.074] [rush] Kill worker 'inferior_macaque_9c851eba'
INFO  [02:30:43.076] [rush] Kill worker 'goosepimply_ladybird_333a1934'
ERROR [02:30:43.148] [rush] Lost 446 task(s): ccd81959-ed0a-47c2-ad33-757050285751, 745e2d5d-c010-47b1-b1a0-35a71401c4b1, 78bad7ed-326c-43be-a86a-e4a677b01a2c, 6919b65b-a1e6-48fc-96fd-366f0a7d3884, 1e5e49a6-9495-4b45-96a3-f393449c8023, 4db76fe3-0d42-4e47-bbaa-97ad2a200dd9, 468bb646-dbac-41a6-8c48-44360bfb87c6, b4ba019e-e733-4051-8405-ce74cde2df85, 6df48baf-79c7-45ac-ae76-3b4e85b14007, 1c5a4585-c434-49c5-bb3f-393f53924960, 475ab17f-841a-4bc9-8b9c-de2ece664f25, b0945380-fc3e-4064-be6c-d28223071eda, 1e7560f0-4269-472e-8cfb-ee137161dc25, 4b21f043-b689-4521-8f2d-faabf2337023, 311cbd9a-fed4-4e21-b08f-44d918209208, f35611fd-c949-4688-a656-59ebce15c65a, f58cf488-0062-4bd4-ad73-88eb143df784, 96409778-73fb-4854-8bec-974f5dfc5dee, e7754f24-b771-4272-9963-2f0d163111ba, 129ce3fd-3b54-432e-935e-2058013bcad7, bcb2ba31-afff-4a30-9649-1d61235029da, 2db103e7-fb62-4885-844b-f9b544956723, c7937454-e65b-451b-a100-46e052567303, e8b6ff2e-b814-4195-8ef5-f080de3162b0, 4fd9cc6b-ba6b-4f19-a5ed-527c68121cf3, a40447a1-0d28-43a0-b722-3a31ebbb2f82, 0b129248-4cba-46ae-87f7-f98fb402321f, 94138b32-c3a9-48f7-886e-faec7b372901, 063eee71-0124-4835-abd6-453464d9acfc, dfdb4f31-8a36-4fa0-b8c7-4f3263f0acbb, cc473a07-deb9-4bad-a6d7-e62b6a31c7e3, 7c534dcc-0d91-4e92-a206-0e38f8ec8101, 4952abed-6cac-4827-9e39-e71183378f8c, 8e4a3cd0-dbb8-4a43-855e-6f2ac5b6d419, 32c73b1d-e86a-4b11-afc4-0cc8802cff9f, b4898b48-f6e2-4d6e-8b57-a0bd94fa6882, 9c29ef52-5462-4bb1-964a-93a571ffef50, 22388b23-b6b7-4241-b28c-8bcb99741110, 1bcd0776-4a5a-47a5-8148-cb896667475d, 5720d418-ff6b-4252-8e6e-9f55b2a26558, d14a062d-895a-4866-9b6a-2c9a82d6abd7, 4a113192-d658-4bb5-906e-ffc6a69a205f, c68f7dc7-2376-4220-abcc-f812df52980d, 0878c735-47d6-4b84-b9e4-203f5e152238, 7d5aa7ce-05b7-4050-9f4a-1eded4cdb0c5, 61b30c37-ed22-4477-aaa2-3d6d5abadc86, e7739a65-48ce-427f-a27e-9cdbaae63f9f, b30709cf-9a96-4076-8bc3-b83b1fc5efcb, 494bfb07-a8e9-48ec-8cce-2fe6161329ac, ac3ca284-591f-4440-ae38-72e489d65ee0, c022c1d8-7c11-42d8-aee3-f0983831f86a, e5cbb6c9-2419-466a-92bb-ca38d1ae0197, 5289fd81-2671-4230-aaa8-93d954aa0fb7, 27a5b5e2-5adc-4f1d-ac51-be14032fcd0c, d45419f9-3a9a-48a8-b0d7-c83ea6839616, 78c7f8ce-4b6d-4baa-be76-fdc64ada4801, 47cdbd55-b896-4b0f-b9f2-4993993e14b3, 800b4723-a6fd-4272-882e-5e20a56be8e3, 03fd3633-a58b-458f-9104-a1e1f60b7d34, d9736836-41c6-4b4f-8975-36ba0e5c55b5, 2cc4b25e-c87d-416f-95d5-84dea6b7d3e8, aa66b236-fbe3-425d-9f96-1f7e208fc428, bafabb16-ea15-423d-b579-b6ec4fd5c114, 0680a644-03c1-4e8f-8990-30f6396d72df, 51939a04-f43c-49c7-bbfb-2ad47b2e385c, 1fb5fd8e-0ccb-4203-8c9b-cc4018e2e6b8, e1dbbd8d-85d6-4a00-8509-30a5040ffe32, 39c625ac-0a48-4dc2-88d8-8043dc76ff6c, 2efa8b35-b328-4524-acc3-d4e310c93547, e28d6fe1-3a88-4e3b-aa99-5ed5f2073ed3, 4873f236-4b90-449c-9bdf-13bd89889919, bf6bfe74-5594-4e8d-ab80-f7c06cc45681, 2f105294-338a-47b9-bb49-3298824ab32a, 7ff956f5-c260-43f7-9259-f9aca64b72c8, 0cc9bf85-4bd0-44be-9704-f6b854be6ae7, 1ead47e6-9f60-4b40-baae-463e9e8b10d1, b78b6e79-312e-4143-bd10-4627476514a8, 277ebd7f-bad2-4153-9b10-2449381fc1be, 9e5f19d7-b0f5-49ea-b8fe-923ab01e8cfc, 955506ae-e2dc-4c10-9680-d177cbfad2db, 47396694-2aa3-45b4-aacc-5ec15832793d, f1c34696-fbc7-480d-bd1b-927016926213, fd020111-636e-45d9-be51-0e6e202c9f13, f3a77a71-88db-4f4f-ab89-6731971dafd8, 48c4d67e-607a-4af0-b2bc-14d7f24792f6, e15a5a9a-86ac-4745-b5ca-f5eed5969f89, bfeb79f5-d2c5-4581-9068-71daf4531431, 17a0a016-f71b-4973-ab4d-a3c430ba92bb, 5390b6c4-f05c-4f02-ab78-923001b7e977, a93e00d5-fecc-477f-a750-c2cecb46f8ed, b4b6e9d0-48ce-4b9c-bb1c-6bdbdf357308, 14a34774-cb9b-4915-b548-a0a2c7051b79, b084bc42-eee1-49d0-8f20-4999773ec1d9, d14c96a1-addd-4a22-a950-a6277828b3d1, a23d7dc4-4142-431a-83a9-ab5b4ef80856, 0b1248e2-86d8-43a6-be52-82ae5051a5e5, 530213b7-ae9b-43c1-8347-452c546c9012, 27ce20fd-b461-4b67-8351-00483853bcca, 06c67362-d282-4c60-8f65-17ecffaf9d58, 8eda5a26-e091-4a45-b6a0-79ee2c254b43, 7fd9bf28-f4e3-4fdb-bc60-db36c25ebcd2, 76024064-60d4-4a6a-885d-1135615fbe4f, 59565a7c-06f3-47b0-ba7d-8b8e37449a65, 72faa7c2-84dd-4243-9284-6344d310bcb0, fa3d6aef-8ff9-4797-bb89-480ece8c3757, f704c267-2c02-4a4a-ba16-cc549d95b266, d21c1649-8e85-47e1-bf3a-c608d7d72134, 4a22948e-17b7-40df-a80a-8647e15b7847, 158c4553-b8a2-48dd-864d-36922b1251e0, 1fc50409-9a49-4649-922b-fccb531e47ee, b476d854-4ed3-4f01-a9c1-f5317ca1f1ef, f56bbb24-3a76-4594-b773-d6a80065273a, 50b901b3-08a9-47de-a6d6-9dc2efb75153, 2f28a3ac-66c5-42c7-9d71-f1f07b4f8fac, 100460c6-5035-4b02-99d3-a7b162fe33d7, c9f6c29e-b0ee-42c3-b27b-565e7764abda, 1ea6f99d-64ef-40b8-ac25-4534d1478075, 548800a3-c3d8-4aa2-8b37-346bcbd101c3, b94620b0-7285-464d-85c5-a94eb93025a3, 05683e6f-ce2d-4c78-8996-a299a73fb0d6, 9c8e62cc-3d7d-4016-9516-5550a2b8152c, 916e58d2-987d-49ff-9f9f-b26e83a9f8a5, 6785da68-346d-45c8-b547-36b3b837c846, f610dba5-b017-413f-b9cf-ede58613e761, 0d5b54fb-22be-438a-91f9-f4f56070f462, e1d05c95-8dd3-4869-95af-9ee1504aaacd, f118a237-d57f-4f5e-b37e-2cfcbd4aa2a3, 807f448f-e1cc-4381-a84b-00008095915f, f930e095-b196-41cf-8170-0aac7fdd746b, 5aec1268-f090-4362-8a86-b6fc95276e39, 8824b08c-3ee6-40b5-be67-d79853d28225, 40060ed5-388a-49c2-a25d-268510ee1ff4, 49ce3dee-9752-4c3f-9930-8f823606337c, c9db46f7-6721-485b-ae13-90308b660e10, e5f4b4fb-990b-4419-a707-d317447577cb, eada919c-af63-4f1b-bd5d-b84e3513b7e5, 75ba6ab3-395a-410b-89be-2f24716c0a30, 50010cf8-b49a-408c-a277-0a5f65fad122, e7b2f030-fa68-4872-bab2-9b75766ecae4, 50c961b4-70ef-4087-8b12-87235cbe1053, 78f12139-3f83-4362-8f39-9a01aaab5e00, eccc9ebc-6af1-4a7b-b9e9-6847c84b70c9, bacf3ef8-a165-4dac-9d75-955abce4dd78, e659bf5d-8d29-436a-90f8-c38f3594f654, 439f4172-1c1b-4c90-a111-ed5ca4cf9dbc, e3cb5712-2118-4b2d-b9be-4d8af313c154, cdbafd0c-691c-439f-9267-254bf3b2bb6d, d0a67fb3-7b8a-43df-9cd3-b9ec7839be18, f968c831-7a51-4ab5-a0f0-84d032fb2dab, e80231ba-eab7-4e84-91cb-50703b2ad3d9, bdd458f2-96e2-452c-b892-e941756787ae, 6eef4e19-07c0-4077-a5d0-df63cd199b07, 3629d867-3e38-461c-8261-5c1af753d64b, 26214770-69bc-4a5c-b448-0095d150d340, 4479c1bd-6e65-42f6-93a3-3b97a82c8b6c, 096d9b5f-21dc-4e1f-839c-bfab9b472eaf, 6cef69e3-a694-4fe6-83f5-5e84f6145d1e, 5b054bc4-1b8d-4823-80ce-88a2d0888f18, e71b724e-1867-47c3-9bb2-1db020776e85, 1474f6ac-64ee-4797-9113-67a14e82df20, d7bfba22-2a80-4f64-843a-3877785d71dd, b3314f90-f0fb-4196-8098-31ffa3fe71cd, 0cb6c25a-b4a3-45d9-b769-526dee6eedb3, d67c60a8-1e51-464f-b6fc-05ae525e6394, c0edfcf5-31eb-485e-b7ca-55c16432da99, 9a7545a8-20aa-402f-9ba4-d9438d1192c2, de9716e1-e3c7-4c78-ae53-046b5fdbe019, e9036420-8784-4e3d-a0bc-676c7b26c99d, db044e32-2723-4011-9ad5-4436e0c4df61, 91f91666-61e5-44d1-95c7-725276729f10, 88c694bf-c5a6-450e-9adf-e768c028b787, b816e624-7518-4393-8f44-fcf6d2b5e538, acfa2deb-115d-40b3-ae0c-a93ff4d7900f, 1d2cfb7b-ba5c-45fa-aa0a-63a053b190df, 3aa0f07e-afd4-4fdd-a6f2-709484259112, 45729759-a0ca-4845-8f6d-81f0e0611be2, cd833568-89c5-41b9-b034-20cb543254b2, 7be5b18a-3787-438f-8dfb-1678e8442c5b, 9a86a42a-5012-4f3d-9546-721743eaa788, 4fe7f730-8b93-445a-a3e4-df859847e19f, ecb6d395-39c2-4a20-b6f9-3cc4063b880a, cb5e18c4-8646-4ae8-a921-66bb9fa114d4, 42a0f85b-3d8d-47b8-a272-c814aa8f5943, 07a96918-0619-4288-af0d-eb6ba319d0b1, dbfcf2dc-a3a6-41fa-bcae-d7544b9aec72, 0afc337e-456d-4b8b-979e-94e058d3000c, 275da40d-faa5-4323-8c38-08e5a5279cfe, 4d4b0508-dcb7-4e3e-becf-e71ab90865ef, 0276abc2-cdb1-41da-9a03-7b6e17453aa3, 636feeec-fc9e-46f6-b946-cd57bbb2dc30, 9ae835c1-c09b-4bbd-8a06-66b91efdb96e, 08966002-d2ce-479c-8a7d-fdd7c3d6809e, 2e6c6113-ec9c-4f1e-a9c6-e9b96ceb8554, 869e09ce-9488-4d59-946c-407c1012312e, 55873baf-ed1e-48cb-abae-bc001043024e, a5cbbf53-3d03-4813-b3cc-e961721e80b7, edaf3eb9-1b70-4485-b873-a1e8c6346397, 7fb4b205-a14a-4b76-89db-e5f6c7356cf5, ca33c0c7-2991-4d12-8c49-e7c78b32b193, ed25bb46-4737-4d8a-b2e5-22282772bd2c, cf566f72-4561-42c0-8a1d-644b953fcf46, e18ccdee-f69e-47ca-bfef-67f3e5ed780b, ba44722d-edb2-449b-9f07-e5a5cff12702, 0038fb4d-8bda-45a3-b7d2-baf5ddb9c118, 014493c5-04a9-4fe5-a2a5-7c4a2a5efa4a, 2b73285c-a6c0-4d60-95d2-1d8c42457e27, 4277a63e-4a10-4866-9482-99aa13a0fde6, a9ba88fd-29f7-4893-a175-ea1cf9798c6e, 8239e37f-ce0a-4061-a39d-6eb18e063481, 61216140-0278-4b7a-81c6-6d9829ca013e, 9c04f369-4ffa-4af1-998b-4346ed2af28a, 0b9ac588-1483-40ad-bab7-4280ae1e0474, 8e5448fe-1838-4175-80ed-6931cccb0b2c, c19c4c8f-ff9e-409f-946e-de40c3a74a4d, 120c6fed-baa9-48a5-b2b7-826d36f14891, 2f8b6ae3-effc-411e-9f25-4d6933dbae1d, 73a3ff78-8152-48e9-9f2d-05cdd82246a1, e584ce50-d21e-43f1-8433-ef73afb4464e, 42b47601-b877-4fcb-85e8-960bef7ae55f, 4c0e2def-f395-448b-9031-37a613f5b696, ff1cc7ea-664c-4e27-a103-be21fede0d15, 809364f7-488a-4011-ab3b-8ca92a7a7df4, 27e7a7e3-291a-4469-8454-f999da39f6f0, 0c16729f-b18d-4fb0-9d02-c1a9eb24ccea, 4c2383bf-97a1-4a70-88cd-e81def684357, 54fc814a-797a-4770-9132-530dd9fe416f, 1625b934-6c66-4274-8b6b-bc08f4bcc63d, 042643df-0cb6-4057-b58e-0e04d0dacdf5, edc67fee-d9f0-47fe-a7e9-955b300d86fe, 971744c1-36ec-4b2a-acf9-4df117013ba9, bcfffe39-0756-41df-901d-f73a6d7fc29b, a06beeeb-44a9-4abc-a2ea-1fe000cd889e, 3daced8d-5ff5-42bd-be6d-979a71b0057d, ac44cd89-494a-472f-8ad8-e3ec9c7f37e6, 90294fcc-8c53-49f8-a8eb-9b85cb236eef, d019cc55-d05d-47c3-bee8-9ec4d3ea0687, e5a3a78a-35cb-408b-b7be-67728988dbb7, c0de2020-f3a5-46b4-9350-7a4bdb9528e6, 255b6ff1-9635-4e1b-ba7f-9279e5e47369, 0b1a6606-312d-4406-b07e-02c17ff0a1ba, 8e16b4aa-5813-4329-961d-50833b7d5b74, be7f3cd6-e486-4e14-b93b-4ebd7a5d0f2b, b013664d-d600-4f22-bfb3-0aa22fc51c9d, 9263b9b0-0cd1-49f1-b1a6-cbf05cb2a743, 9e1d54ab-e306-4a70-a0a0-15c9c960cae3, 9169a09d-a11d-46e3-9cca-12fdb65417fb, 639548a6-993f-4aeb-b7f0-7809279a6587, 5203fda4-861c-427c-9cb1-a2f4118489bb, aafe19bf-dff2-4e5e-8a0b-a8a4b5053830, 4b854473-9048-4deb-a62c-4476f3082c90, 63f3de68-f7d4-42fd-911c-f68971a672a8, d5a016bc-7090-45ea-b07a-244b05acd732, 4022f911-7588-4f3a-96c9-a9422b626c85, bb8ee529-4c28-4854-ab6f-36a959269137, 1ad58cee-6974-4966-9fed-34ae86c076a7, 9953a173-c1e7-45f8-8343-5672f9eb221a, ed4f8aed-4392-4aae-812d-c6362631adad, bdf369bc-bc75-4b3d-a13d-d63b19577935, cf114544-238b-45d7-b2cd-5d830455dc07, 37bc4abc-3ca7-451b-9336-e89c365bdb97, 2995a9d7-a32c-47bd-920f-38151ccd69cc, ce16522c-5c07-4b9d-aaf5-ecc9f4ee8959, ccaadfe8-ab18-487c-bf26-bb194d566056, 7ca099dd-dc59-46e3-9169-d9f0e83057f8, 545a8c3b-2ffc-40c8-a380-ff9058fdffc0, d6dacb2f-e9e2-4035-b0c4-04995c4ad72a, 9a787bd7-b43e-4d2c-aa35-e8c7074c30b7, 26e7994f-2968-4ff3-a48a-e27026280029, 2704391f-b940-4970-b2df-381868c53a6e, f8eb5629-ca35-4886-a37c-33415c7bf9bc, 45ccdcec-c098-420b-a5ce-76ea8124a45b, f66a1213-d20d-456b-9010-9722393f7210, 87e609c6-b012-4d7a-a511-34953cb287f0, 09e294d3-6b10-48d8-bc93-05892d8e85d5, 570fb692-24c4-48f9-808c-0a892085ffd7, 2f549e58-eda4-4ff5-adb2-46e97f665d87, 7e8d2342-8082-4e17-afbf-b44a94e465d7, b4537017-661f-4b2a-8285-ed5f19c3b97d, 37e1ad95-3329-4d6e-bcd9-ab17e4cdd231, 06a400a2-a518-4d90-a8c6-b0171400a780, 01a5b10b-1d07-4ecd-b486-917140cbae43, 92cd9471-d74e-4e47-af1e-b33f712920f3, 285889bd-4cf5-47dd-b7f0-37ab7875a377, 26852f27-792e-42c7-b63f-c8609f41e69b, 12fbc68c-51d5-475c-b59d-bcd780faea80, 1d25ff35-b868-43a6-aaa7-3df966bb3248, f7a4af21-7888-4230-9c98-e5dca7a680df, dca46701-e0fb-400f-951a-2b576fb57762, 69786404-9fab-46c2-9c67-5b0bd314955f, 2e9fac8f-278e-4518-96d6-2ae0697b6d6f, 9eca24f2-c535-47fa-8ff2-834d28c75bf5, ef070485-2438-422b-905a-22736afe35d4, 8cc2fc1e-ab00-40b4-8d83-72f8a7f5f959, 391c9822-89d3-4e8d-ba05-38b8f407ef07, 9b656de5-4c8b-412e-a003-59e13995d4ae, 22332d22-e0ae-4f43-b041-ef52ab3ae8a6, c192bdf3-c426-4d5a-91cc-cbd172ee484a, f5ecafd5-0bc9-4c1d-8476-5d3a44cad5da, 4c11121a-95e7-412e-8159-8b1ce27806bc, f9a891ea-c3b7-49b7-8085-76c234e2d9af, 86b7f51b-6469-41d4-9f87-bf8d65f3710e, 87b34c74-f1dc-4bad-b304-0f6bf065328c, 27b72cb5-1cc8-465f-ac99-e4d24d50ba09, f09afd89-5f1c-434e-b10a-0335d1fb399c, 60f1bb54-e9c6-4513-b711-1cba85223716, 2fd98fa0-ea36-4c54-a075-df8ad4a8be24, 7561165f-0ac0-4716-a822-5a61f6409508, 56791b3e-3d5a-4860-bdec-5afff6bb0d75, f567afd7-c3d6-4078-a96b-b155ee24e26f, 3e755e12-c239-49a8-92b5-355afbe2defb, 9fe9a4e6-6d37-42cb-8e5e-a7e37cf300d0, db0236b0-5fa1-4e69-a8cf-39f8a04026af, b18acd3a-f644-4538-9aeb-6ee36f912082, 297bb60e-fa52-4f70-91ca-670e5171e9bb, 9b73f9bd-9a49-41c3-80b4-0e83d54ca78a, ef990058-6f09-4273-b67f-599160421ff2, 6ee87666-f190-4db4-825f-2fbe09fc414c, 254c07cc-326f-4181-8df0-0ed7cdf039a6, 6ae0ef35-fa28-453e-ae16-09d73ffeb41e, 4169c6c8-5451-4ecf-ba1a-8585f1f89f4b, 79f99f04-435b-467a-9026-deb2949cfe74, 8a37534c-f226-432d-ae47-ebea0721e008, b0f27c0d-4f29-4877-ba06-84dd7f4e33cf, 922f04da-a357-4d58-8478-f7ff44e5afa0, 15655077-413b-4f99-bb44-698d27c0444b, 7b00e9b2-0217-4a28-bc93-46119444d5d2, 7fcda57e-689e-4575-b1e5-443ad5002228, 95ec1ba8-8525-4856-a1de-cfccaf0dc7bb, 4bd1b794-1af8-4919-91ad-fd9090d3ee14, 15745070-ee81-4d04-bbbd-84400ea9b489, 6bc61249-a807-4f8b-9e2b-75214b4e06e5, f9ed0d56-fcbc-49c0-9951-a4787e7513cb, 2fe98ddd-0dbd-4ab2-ba0c-0b70e45aeaea, 6ff523b9-7920-47a0-8a16-7881d35cfd95, 00ca0524-1394-48a6-a85c-37ba24195dfb, 78e51f47-0924-458d-8b18-56d1d996df11, 8d83fc65-48aa-40af-a096-cd3d118d5a91, 8f1f54e1-4b7e-4375-90c6-8c3aafaf603a, b5af096c-512d-4ebb-94d2-3609b4d65801, b2df4237-3d53-43e6-9eaa-5e42e5dac0e3, 3fae5ed9-443f-4e02-b4f8-f4c6f18488ca, 6918eeb3-3fd0-4f1b-8c6b-4953915364c1, f241f4a4-76ec-495d-9808-2fc0fa2a479e, 347db210-0f6b-43e1-9d0b-88f86f18772b, 0c055c08-62a1-403a-b75d-fcab6c6fe2d1, 5c39f463-8bb7-48e9-a323-5e2f3a63aecd, 877a1231-98f2-4d23-a301-5b03b050964a, 8d97db8a-ff87-4888-b920-1e948e2154ff, b799af5f-78d3-47d4-9b69-e52e2bac75a5, cc515f65-f1cc-4a1d-83c3-a26540bc38be, ed134237-7345-4c68-8e41-e1ed23d2a575, 8fb1e61a-2c55-4fae-8784-834c1268796d, 52304e16-b886-4ce8-b2d9-c86d1207090f, 1cf45894-e072-4dc1-b2a6-1572c55d0751, 6fa30bf3-c5d0-4981-b6be-17a30f32968b, 0896864a-8090-4ee4-b161-7fb2afd9f831, 629d5b36-6042-4680-b53f-c13dc5d6cdce, dc509018-6a85-463d-9920-ea240e78e21f, acc6d41c-2f38-4c30-95d4-846dc65f62a5, 53cef954-e30e-49cb-b7bc-6a98304e3a68, 6b3ad718-32cb-4e16-88a0-3e40b5c6a556, c56f6ab7-f347-4ab0-ad28-8a6fe55a46ff, 31c294e5-706e-460b-9130-9edbc1e2b324, 7676da56-228c-4b65-849d-2f96a9de112e, 849b37be-b837-47ad-aad3-26716b5f9aa1, 9db83ca2-3ec0-4e22-b1f5-f5b75110b669, 87be26f3-e141-4f14-a76e-bb736a8fdbdb, 1762fe0c-de11-44fb-a5db-84dcbc68be2c, ab7ab8b9-b422-4054-bbe8-e39f525d4c5b, 68d60fdf-a645-4715-a564-b19f159c3c87, 90b7dbd3-7b0f-4678-8c3b-9c44b676bd6e, 8b9ef98e-f8e2-4d0b-ae0c-2654b024f7ba, 044139ac-cc3f-403f-91a8-8acb51e24465, 3013f42d-f4d7-46a4-9893-b5674e85c43c, 8b8c2af2-94aa-481e-83eb-e7f81035efa9, 5b885fd5-25e2-4337-906b-92501c25bbec, 9d900954-1a59-43bf-8c0a-de0c1051ac52, 428fd911-ffb1-40ff-9d64-cf11c957b2b4, 98acfb5d-c46a-4293-8bac-a42b441f60cb, ba7a7ebc-9daa-4dd7-88d7-967ffe027759, 86b97416-d791-4771-8490-1da764294fe3, 4834f004-1bbf-45c9-aab7-8de7a8dd0137, 66efac59-6572-43bd-9f2d-53708fd7d9a6, 1cb24949-0a64-4953-bbff-91884d24b99f, 483318fa-d5e4-4340-8b20-e36a4c9566f0, ab98cc38-89c0-4dc8-a1bb-5a2a0cef8eb5, f0edddf5-2980-4ad6-84ec-10abeb510082, 3cee1024-64fa-4570-a935-7fe786e45615, c02823c1-1043-404a-b0bf-114083ac6384, f1ccaf81-175f-4240-a567-7210f0d8fd0c, f18b89d6-810a-4764-8a62-c150e6b0d4bc, 04aead4d-3021-4a51-98d6-9cb09e6de1d9, 8ea2a5b4-4991-4acb-a4cc-793185becfff, 9a0e96ce-a76b-4a83-b0d3-9e7a6296d831, f56e6aa0-066d-447c-b8fe-21310cf5d7db, e46bd74e-54b9-4b98-b54a-2dd7d81c0d52, f96290ca-b880-434c-91a3-d6432f980187, d231a4c1-1cc2-4c42-8acb-a277b6031e66, 697d22c7-bc07-4438-8314-7d85342b55ab, 3599e902-e0eb-416a-bf68-507f69f14c4f, 64bd4b53-ae65-4a8d-823f-d99448811a1a, 5ed64a65-d5bd-4bbe-8634-a1595193808f, 15fb133f-4728-44dc-8291-4db6ad67789e, e29f4035-81d1-460c-8deb-100d9641f7ba, 3a245059-dcec-45e6-bec0-59cd9333c080, 58f55040-b48a-4eff-9bd6-cdb2714f4371, 800a4e04-b238-49b9-8836-8a8c9378d2af, 028a5612-cd81-480a-8c17-9ae2a485bed2, b28737be-4ef1-4c29-82f6-2943de596ad6, fef5286a-b25d-4f56-8a27-86bf8760e0f4, 54dee52d-246c-4a2e-9cd7-c625160cd539, 3039aacc-91d0-4028-ab88-2f9cb24dabd8, 238eba92-5dfc-4a54-9d90-15f72eb0dd39, 4eda4dff-fdf6-49c6-b2db-8aeaf79a8a5d, 951b1f8b-37e3-4f28-9ba1-713d65075637, 80573b14-6c15-42f0-bb71-818bed37d1b1, e32951ee-59c4-445d-93cc-c6f67f4ab119, c984737d-213e-4eec-a4c1-c1f6212dcca0, d7d04334-003a-4961-bbea-74da8a605871, 5e43318b-b287-49b6-bfdb-d17e49893de8, b87edd88-12ba-48e1-86db-40ce3bdf0b86, 8305df9b-0477-40c8-8db1-75e4d07dc1e2, f62bf0e0-d8dd-4074-bc15-c517900ef134, 50f1b720-bd83-45e1-b321-c993d23abdb8, 3a2cc946-38fa-4f11-85b5-0908ba07a686, fc7032a6-5b14-4300-a56e-3b8a703e0d6f, 397bc296-e7fe-4e4a-9d51-ae260690cd23, 9b9cbd60-90b0-4a13-9519-900409e6a5c7, cd500866-a0c0-4c5c-8394-898399f6149e, a1c1bc5e-64b2-464a-91f7-912642e4329e, 4baeb189-1df4-4b4a-aae6-302584278d87, 860ff0bb-6962-4c4c-baa2-49bc953e5e2b, 4fe65bfe-b6d1-4f76-9ed9-c642c09ffac1, 287b2ace-a2f0-4a62-979a-aec357aa0a35, 37d6f50f-d421-43a3-b56a-1b3246005941, 631e06c2-dcf2-4cb4-828a-ac3752ea2b36, 6e365f78-6fb2-41ea-89e7-3594ba820ab3, 640ba09d-a1d1-42e6-bdb2-a2bb764e2e68, 34799201-9239-4edc-ab19-2187b7494662, c410dbe2-616a-471c-bf7a-36151699803b, 6db3d84d-f726-4267-9840-c19af2621ef0, 677316d5-8c72-4ad9-852d-e00a41102687, 179ce102-fd3a-482e-94c8-e042161d76f3, 2d2c374b-c3d5-4211-9cf4-1c97ff30aeb4, b489be47-2e3c-4e73-b03b-834298e52d50, 79f8c57c-3322-42d6-bec6-11ec0786d4e1
