Waiting for workers to connect... 38/448
Waiting for workers to connect... 57/448
Waiting for workers to connect... 76/448
Waiting for workers to connect... 97/448
Waiting for workers to connect... 118/448
Waiting for workers to connect... 135/448
Waiting for workers to connect... 153/448
Waiting for workers to connect... 171/448
Waiting for workers to connect... 190/448
Waiting for workers to connect... 210/448
Waiting for workers to connect... 232/448
Waiting for workers to connect... 249/448
Waiting for workers to connect... 266/448
Waiting for workers to connect... 283/448
Waiting for workers to connect... 300/448
Waiting for workers to connect... 318/448
Waiting for workers to connect... 342/448
Waiting for workers to connect... 357/448
Waiting for workers to connect... 372/448
Waiting for workers to connect... 387/448
Waiting for workers to connect... 402/448
Waiting for workers to connect... 421/448
Waiting for workers to connect... 448/448
INFO  [01:23:40.392] [rush] Starting 448 worker(s)
INFO  [01:23:47.650] [rush] 1 worker(s) registered
INFO  [01:23:47.658] Starting to optimize 8 parameter(s) with '<OptimizerAsyncMboCentral>' and '<TerminatorRunTime> [secs=600]' on 448 mirai worker(s)
INFO  [01:23:48.662] 12 worker(s) running
INFO  [01:23:48.679] Results of 100 configuration(s):
INFO  [01:23:48.689]  classif.ce learning_rate num_leaves min_data_in_leaf feature_fraction
INFO  [01:23:48.689]   0.2392818   -6.31100795        176              113        0.9402828
INFO  [01:23:48.689]   0.1325090   -0.14684447        172               34        0.5990164
INFO  [01:23:48.689]   0.2392818   -5.15774826        176               38        0.3103483
INFO  [01:23:48.689]   0.1323042   -2.80660717        157               72        0.7989853
INFO  [01:23:48.689]   0.1278613   -4.83752166        183               87        0.7465228
INFO  [01:23:48.689]   0.1319971   -2.75685061         14               88        0.9378790
INFO  [01:23:48.689]   0.1392860   -1.50496701        165              198        0.8917225
INFO  [01:23:48.689]   0.1276770   -3.25619592        245               57        0.3118902
INFO  [01:23:48.689]   0.1274314   -0.67516385         74              119        0.2181395
INFO  [01:23:48.689]   0.1252611   -2.43149120         65              144        0.7484257
INFO  [01:23:48.689]   0.1254044   -3.35683060        142               48        0.4182633
INFO  [01:23:48.689]   0.1273700   -0.82628059        169              126        0.5509622
INFO  [01:23:48.689]   0.1309734   -1.77931715        173               53        0.9609735
INFO  [01:23:48.689]   0.1358463   -0.09123980         51              192        0.6525868
INFO  [01:23:48.689]   0.2392818   -6.76559766        111                4        0.2664345
INFO  [01:23:48.689]   0.1264896   -3.37036181        135              130        0.4370186
INFO  [01:23:48.689]   0.1277589   -1.94013845        248              103        0.9415949
INFO  [01:23:48.689]   0.1341674   -2.70040031         40              186        0.7574919
INFO  [01:23:48.689]   0.1288031   -0.78967405        150              185        0.6601508
INFO  [01:23:48.689]   0.2392818   -6.75639838         61              122        0.4783399
INFO  [01:23:48.689]   0.2392818   -6.82435372         56               17        0.5757516
INFO  [01:23:48.689]   0.2392818   -5.81311188         85              190        0.9953561
INFO  [01:23:48.689]   0.1334303   -1.01351595        237               30        0.9104780
INFO  [01:23:48.689]   0.1259777   -2.71119368         94               81        0.6463332
INFO  [01:23:48.689]   0.1248107   -1.14956857         55               48        0.4173611
INFO  [01:23:48.689]   0.2392818   -6.70761103        151              106        0.6641568
INFO  [01:23:48.689]   0.2392818   -6.59747516        123               54        0.5253845
INFO  [01:23:48.689]   0.1321814   -1.58109672        151              136        0.5498189
INFO  [01:23:48.689]   0.1338808   -2.39976048        162               63        0.2339039
INFO  [01:23:48.689]   0.2392818   -6.80059693        155              117        0.9254127
INFO  [01:23:48.689]   0.1523689   -3.00365623         90               73        0.1107917
INFO  [01:23:48.689]   0.1345768   -4.09996478        150              103        0.7337998
INFO  [01:23:48.689]   0.2392818   -5.79704747        183                3        0.4356312
INFO  [01:23:48.689]   0.2392818   -4.66020370         25               84        0.2093241
INFO  [01:23:48.689]   0.2392818   -4.97071011        100               53        0.4342995
INFO  [01:23:48.689]   0.1272266   -1.20952038        244              173        0.8017109
INFO  [01:23:48.689]   0.1266738   -0.63097689         59              103        0.8982355
INFO  [01:23:48.689]   0.1333688   -3.61623265        105               24        0.5871945
INFO  [01:23:48.689]   0.1239507   -1.98326818         33                5        0.9330872
INFO  [01:23:48.689]   0.1309324   -0.81017379         54               57        0.2311171
INFO  [01:23:48.689]   0.1386308   -3.84086599        112              138        0.3210175
INFO  [01:23:48.689]   0.1267967   -0.73987545        203               17        0.3312743
INFO  [01:23:48.689]   0.1403506   -5.33960904         14              150        0.7017125
INFO  [01:23:48.689]   0.1292534   -4.82656313        129               67        0.4165104
INFO  [01:23:48.689]   0.1339013   -0.06369079        235              143        0.6636281
INFO  [01:23:48.689]   0.1388151   -0.56666706        135              158        0.6964917
INFO  [01:23:48.689]   0.1272881   -2.57280033        184               55        0.2847112
INFO  [01:23:48.689]   0.2392818   -6.53455568        254              142        0.6523088
INFO  [01:23:48.689]   0.1299702   -0.31196734         75              175        0.6784045
INFO  [01:23:48.689]   0.2392818   -4.88931260        195              130        0.2327277
INFO  [01:23:48.689]   0.1269809   -3.13307210        188              182        0.5628275
INFO  [01:23:48.689]   0.1254248   -2.91776848         66              159        0.5140928
INFO  [01:23:48.689]   0.2392818   -5.40972264        232              168        0.2181546
INFO  [01:23:48.689]   0.1390812   -4.98277117        245              136        0.4407893
INFO  [01:23:48.689]   0.2392818   -5.34437172        255              135        0.8321315
INFO  [01:23:48.689]   0.1445273   -1.81686960         36              106        0.3576114
INFO  [01:23:48.689]   0.1373205   -2.12987477        181              117        0.2751899
INFO  [01:23:48.689]   0.1652881   -2.08402935        104              104        0.8361763
INFO  [01:23:48.689]   0.1288440   -2.02615901         16              155        0.6079509
INFO  [01:23:48.689]   0.1503623   -3.53511107        227              149        0.1003969
INFO  [01:23:48.689]   0.1365424   -4.34227239         28                7        0.2343755
INFO  [01:23:48.689]   0.1281889   -3.14097659        184              160        0.2697123
INFO  [01:23:48.689]   0.1444045   -3.51541458         40              122        0.4593009
INFO  [01:23:48.689]   0.1332051   -0.14234036        130               78        0.4422215
INFO  [01:23:48.689]   0.1336965   -3.06680134        143              200        0.6577473
INFO  [01:23:48.689]   0.1539863   -1.15984730        199               65        0.2113534
INFO  [01:23:48.689]   0.1289260   -3.33182912        105               46        0.1390196
INFO  [01:23:48.689]   0.1400639   -0.81073289        127               54        0.5017866
INFO  [01:23:48.689]   0.1317104   -1.66814211         70               53        0.9450033
INFO  [01:23:48.689]   0.1356825   -4.34298731        108               71        0.5475135
INFO  [01:23:48.689]   0.1344130   -4.63854963        176              106        0.9038465
INFO  [01:23:48.689]   0.1284346   -4.36863786        255              186        0.7044480
INFO  [01:23:48.689]   0.1569960   -2.15374854         42              181        0.9649881
INFO  [01:23:48.689]   0.1279227   -1.01591723        132              133        0.4643879
INFO  [01:23:48.689]   0.1329799   -1.93135079        245               84        0.3308084
INFO  [01:23:48.689]   0.1255887   -2.91908303        111              105        0.5868111
INFO  [01:23:48.689]   0.1335122   -5.19004923         94              189        0.5825091
INFO  [01:23:48.689]   0.1270833   -0.77050709        191               99        0.8474705
INFO  [01:23:48.689]   0.1328366   -0.85577749         75               43        0.8873452
INFO  [01:23:48.689]   0.2392818   -6.20798556        237               34        0.6127115
INFO  [01:23:48.689]   0.2392818   -4.72302229        201               68        0.1064517
INFO  [01:23:48.689]   0.2392818   -6.17693687        186              174        0.1674637
INFO  [01:23:48.689]   0.2392818   -5.87184123         63               85        0.9302019
INFO  [01:23:48.689]   0.2392818   -5.51204669        157              181        0.6779489
INFO  [01:23:48.689]   0.1257730   -3.31764867        210               61        0.5969334
INFO  [01:23:48.689]   0.1291717   -0.72447942        175               30        0.2811321
INFO  [01:23:48.689]   0.1382213   -3.69917073         74              172        0.3700724
INFO  [01:23:48.689]   0.1310759   -1.71997776         12               78        0.3595413
INFO  [01:23:48.689]   0.2392818   -6.31754700         86              109        0.3513665
INFO  [01:23:48.689]   0.1335327   -3.11493573         29               85        0.4350092
INFO  [01:23:48.689]   0.1261415   -3.35468210         81               44        0.8081825
INFO  [01:23:48.689]   0.2392818   -6.25349941        158               12        0.8530346
INFO  [01:23:48.689]   0.1419068   -3.17751721         42              118        0.3213564
INFO  [01:23:48.689]   0.1524303   -2.01699107        185              168        0.1259891
INFO  [01:23:48.689]   0.1246469   -3.35145954         48               54        0.7557876
INFO  [01:23:48.689]   0.2392818   -5.47911755         73               70        0.6790178
INFO  [01:23:48.689]   0.1295607   -1.54223453        188              181        0.2618425
INFO  [01:23:48.689]   0.1289670   -2.54029949        225              133        0.1018421
INFO  [01:23:48.689]   0.1269400   -3.60759214        138              175        0.8227729
INFO  [01:23:48.689]   0.1368087   -1.53835378        198               66        0.3118543
INFO  [01:23:48.689]  classif.ce learning_rate num_leaves min_data_in_leaf feature_fraction
INFO  [01:23:48.689]  extra_trees  lambda_l1  lambda_l2 min_gain_to_split        timestamp_xs
INFO  [01:23:48.689]        FALSE -1.2719513 -5.7811604         -4.094855 2026-09-10 01:23:40
INFO  [01:23:48.689]         TRUE  2.1958964  1.1895958         -4.746387 2026-09-10 01:23:40
INFO  [01:23:48.689]         TRUE -6.2084396  6.7908440         -2.672269 2026-09-10 01:23:40
INFO  [01:23:48.689]         TRUE  0.7355705  0.5241423         -3.102366 2026-09-10 01:23:40
INFO  [01:23:48.689]        FALSE  1.4594543  1.5866938         -3.707074 2026-09-10 01:23:40
INFO  [01:23:48.689]         TRUE  1.2657492  2.4257008         -4.322728 2026-09-10 01:23:40
INFO  [01:23:48.689]         TRUE  3.3890647  6.8369227         -4.077783 2026-09-10 01:23:40
INFO  [01:23:48.689]        FALSE  2.6174673  0.6068324         -6.161938 2026-09-10 01:23:40
INFO  [01:23:48.689]        FALSE -0.5257474 -1.7816213         -5.465038 2026-09-10 01:23:40
INFO  [01:23:48.689]        FALSE -4.3441698  1.0655735         -4.739084 2026-09-10 01:23:40
INFO  [01:23:48.689]        FALSE -4.2612820  0.5483555         -6.448037 2026-09-10 01:23:40
INFO  [01:23:48.689]        FALSE  2.7154382  3.4104567         -4.587192 2026-09-10 01:23:40
INFO  [01:23:48.689]        FALSE  3.5251436 -0.5524812         -2.770974 2026-09-10 01:23:40
INFO  [01:23:48.689]         TRUE  2.2813368  5.4247119         -5.013024 2026-09-10 01:23:40
INFO  [01:23:48.689]         TRUE -4.1129653  4.3095416         -4.658424 2026-09-10 01:23:40
INFO  [01:23:48.689]        FALSE  1.7974867 -3.0905111         -6.728094 2026-09-10 01:23:40
INFO  [01:23:48.689]        FALSE -5.1016912 -1.5049748         -5.492638 2026-09-10 01:23:40
INFO  [01:23:48.689]         TRUE -3.9068434  3.7392382         -2.643278 2026-09-10 01:23:40
INFO  [01:23:48.689]        FALSE  0.4034736 -5.6346985         -3.152843 2026-09-10 01:23:40
INFO  [01:23:48.689]        FALSE -3.1175872  5.8796894         -4.774290 2026-09-10 01:23:40
INFO  [01:23:48.689]         TRUE  4.7960027  6.8787806         -5.123066 2026-09-10 01:23:40
INFO  [01:23:48.689]         TRUE  3.6090767  1.5662039         -3.413569 2026-09-10 01:23:40
INFO  [01:23:48.689]         TRUE -1.5278872  6.3708682         -3.837388 2026-09-10 01:23:40
INFO  [01:23:48.689]        FALSE  1.0534867  3.8535112         -4.990966 2026-09-10 01:23:40
INFO  [01:23:48.689]        FALSE -2.2092421  1.6337722         -4.940647 2026-09-10 01:23:40
INFO  [01:23:48.689]        FALSE  1.6765189  2.8696968         -4.719697 2026-09-10 01:23:40
INFO  [01:23:48.689]        FALSE  6.7907451  4.4142822         -5.628804 2026-09-10 01:23:40
INFO  [01:23:48.689]         TRUE  1.3786904 -4.8052446         -5.068100 2026-09-10 01:23:40
INFO  [01:23:48.689]         TRUE -5.2577211 -3.9582239         -3.891485 2026-09-10 01:23:40
INFO  [01:23:48.689]        FALSE  3.1926607  0.6154483         -3.275343 2026-09-10 01:23:40
INFO  [01:23:48.689]         TRUE  5.7686535  1.7650196         -5.693880 2026-09-10 01:23:40
INFO  [01:23:48.689]         TRUE -6.8151820 -0.8501508         -6.525177 2026-09-10 01:23:40
INFO  [01:23:48.689]        FALSE  5.7488166 -4.9075395         -2.432945 2026-09-10 01:23:40
INFO  [01:23:48.689]         TRUE  6.3468561  0.2661222         -5.848855 2026-09-10 01:23:40
INFO  [01:23:48.689]        FALSE -3.5006393  6.6897119         -4.587131 2026-09-10 01:23:40
INFO  [01:23:48.689]        FALSE  2.1884918  6.1659690         -5.262926 2026-09-10 01:23:40
INFO  [01:23:48.689]        FALSE -5.3929283  2.2205807         -4.085097 2026-09-10 01:23:40
INFO  [01:23:48.689]         TRUE -2.3932772 -0.5128284         -2.750346 2026-09-10 01:23:40
INFO  [01:23:48.689]        FALSE  0.2470003 -4.4427410         -5.571664 2026-09-10 01:23:40
INFO  [01:23:48.689]         TRUE -1.6490433  1.8540312         -5.830899 2026-09-10 01:23:40
INFO  [01:23:48.689]        FALSE  4.0296892  5.8734828         -6.336745 2026-09-10 01:23:40
INFO  [01:23:48.689]        FALSE  0.2232146  5.6783835         -5.509168 2026-09-10 01:23:40
INFO  [01:23:48.689]         TRUE -0.5050659 -4.7769013         -4.385813 2026-09-10 01:23:40
INFO  [01:23:48.689]        FALSE  0.7345781  3.4719023         -2.848719 2026-09-10 01:23:40
INFO  [01:23:48.689]        FALSE  3.8607868 -0.2356353         -6.289736 2026-09-10 01:23:40
INFO  [01:23:48.689]         TRUE  3.5558269 -6.3118226         -2.667847 2026-09-10 01:23:40
INFO  [01:23:48.689]        FALSE  1.9242852  3.7991866         -2.837888 2026-09-10 01:23:40
INFO  [01:23:48.689]         TRUE  0.1900405  5.0282595         -5.735246 2026-09-10 01:23:40
INFO  [01:23:48.689]        FALSE -6.6800148 -6.1167539         -6.858720 2026-09-10 01:23:40
INFO  [01:23:48.689]         TRUE -0.3973314  5.3601041         -3.691856 2026-09-10 01:23:40
INFO  [01:23:48.689]        FALSE -1.3643695 -4.1513582         -5.388292 2026-09-10 01:23:40
INFO  [01:23:48.689]        FALSE -0.5143846  0.5023814         -6.376841 2026-09-10 01:23:40
INFO  [01:23:48.689]         TRUE -1.7076717 -4.3354816         -3.789641 2026-09-10 01:23:40
INFO  [01:23:48.689]         TRUE  0.7129333 -3.3860815         -4.245740 2026-09-10 01:23:40
INFO  [01:23:48.689]         TRUE  3.9302959  3.1352798         -6.249911 2026-09-10 01:23:40
INFO  [01:23:48.689]        FALSE  5.7435933  1.3554650         -4.660754 2026-09-10 01:23:40
INFO  [01:23:48.689]         TRUE -4.8354578  5.1377599         -4.560364 2026-09-10 01:23:40
INFO  [01:23:48.689]         TRUE  6.7854623  3.1928228         -3.699749 2026-09-10 01:23:40
INFO  [01:23:48.689]         TRUE -2.8961548 -4.3312360         -5.711110 2026-09-10 01:23:40
INFO  [01:23:48.689]        FALSE  5.6277771  3.5218640         -4.294810 2026-09-10 01:23:40
INFO  [01:23:48.689]        FALSE  0.3816329  5.2751904         -5.589392 2026-09-10 01:23:40
INFO  [01:23:48.689]        FALSE -0.7325258 -0.9359337         -5.827989 2026-09-10 01:23:40
INFO  [01:23:48.689]         TRUE  4.9629826  1.2867777         -6.253658 2026-09-10 01:23:40
INFO  [01:23:48.689]         TRUE -5.8855920 -1.2470445         -3.746339 2026-09-10 01:23:40
INFO  [01:23:48.689]         TRUE -1.2091317 -0.1508141         -2.360434 2026-09-10 01:23:40
INFO  [01:23:48.689]        FALSE  6.3104921 -4.7568608         -2.590208 2026-09-10 01:23:40
INFO  [01:23:48.689]        FALSE -4.4038607  0.8516671         -4.586873 2026-09-10 01:23:40
INFO  [01:23:48.689]         TRUE  4.1378733 -4.5028519         -2.896645 2026-09-10 01:23:40
INFO  [01:23:48.689]         TRUE -4.8437426  2.5974403         -5.407054 2026-09-10 01:23:40
INFO  [01:23:48.689]         TRUE -1.5092140 -5.8252930         -4.411210 2026-09-10 01:23:40
INFO  [01:23:48.689]        FALSE  4.1003734  1.4848476         -6.623577 2026-09-10 01:23:40
INFO  [01:23:48.689]        FALSE -5.0945283  3.6762985         -3.469454 2026-09-10 01:23:40
INFO  [01:23:48.689]        FALSE  6.5320047 -5.4236545         -5.727885 2026-09-10 01:23:40
INFO  [01:23:48.689]        FALSE -2.5137846 -5.0472015         -3.061158 2026-09-10 01:23:40
INFO  [01:23:48.689]         TRUE  0.1342562 -4.6770488         -2.394338 2026-09-10 01:23:40
INFO  [01:23:48.689]        FALSE  1.6628079 -3.4395140         -3.716873 2026-09-10 01:23:40
INFO  [01:23:48.689]        FALSE  3.1721237 -3.2221301         -5.516666 2026-09-10 01:23:40
INFO  [01:23:48.689]        FALSE  2.8694511  2.2453264         -6.251326 2026-09-10 01:23:40
INFO  [01:23:48.689]        FALSE  3.5929861  5.5821388         -4.727779 2026-09-10 01:23:40
INFO  [01:23:48.689]        FALSE  2.0502222 -0.4879792         -6.785011 2026-09-10 01:23:40
INFO  [01:23:48.689]         TRUE -3.7991322 -1.0287058         -5.133802 2026-09-10 01:23:40
INFO  [01:23:48.689]         TRUE  1.6110113 -4.0829008         -3.621243 2026-09-10 01:23:40
INFO  [01:23:48.689]         TRUE  4.7812580 -0.3875100         -5.370561 2026-09-10 01:23:40
INFO  [01:23:48.689]         TRUE  4.9424172  3.1896351         -4.295257 2026-09-10 01:23:40
INFO  [01:23:48.689]        FALSE  1.8225543  1.4979557         -5.519884 2026-09-10 01:23:40
INFO  [01:23:48.689]        FALSE  3.0128755 -1.9763404         -3.178961 2026-09-10 01:23:40
INFO  [01:23:48.689]         TRUE -6.6617904  4.5811933         -6.093013 2026-09-10 01:23:40
INFO  [01:23:48.689]         TRUE -3.2326162  1.2826896         -6.621694 2026-09-10 01:23:40
INFO  [01:23:48.689]         TRUE  4.9887627  1.1027123         -5.503406 2026-09-10 01:23:40
INFO  [01:23:48.689]         TRUE  0.7518602 -2.7897629         -4.658774 2026-09-10 01:23:40
INFO  [01:23:48.689]        FALSE  1.8605321  4.5132105         -4.855018 2026-09-10 01:23:40
INFO  [01:23:48.689]         TRUE  5.4168726  2.6363740         -2.404417 2026-09-10 01:23:40
INFO  [01:23:48.689]         TRUE -5.0232163  6.6995161         -2.416951 2026-09-10 01:23:40
INFO  [01:23:48.689]        FALSE  6.3044177 -5.6633745         -6.759295 2026-09-10 01:23:40
INFO  [01:23:48.689]        FALSE -0.1149311 -1.1439819         -2.445286 2026-09-10 01:23:40
INFO  [01:23:48.689]         TRUE  4.0361085  4.6376033         -4.621152 2026-09-10 01:23:40
INFO  [01:23:48.689]        FALSE  0.2659398  5.9855633         -3.975448 2026-09-10 01:23:40
INFO  [01:23:48.689]        FALSE -1.7233571 -3.0627761         -2.597455 2026-09-10 01:23:40
INFO  [01:23:48.689]        FALSE  0.3950061 -3.3673097         -4.613367 2026-09-10 01:23:40
INFO  [01:23:48.689]         TRUE  3.0828990 -3.4928826         -5.422263 2026-09-10 01:23:40
INFO  [01:23:48.689]  extra_trees  lambda_l1  lambda_l2 min_gain_to_split        timestamp_xs
INFO  [01:23:48.689]         timestamp_ys
INFO  [01:23:48.689]  2026-09-10 01:23:40
INFO  [01:23:48.689]  2026-09-10 01:23:40
INFO  [01:23:48.689]  2026-09-10 01:23:40
INFO  [01:23:48.689]  2026-09-10 01:23:40
INFO  [01:23:48.689]  2026-09-10 01:23:40
INFO  [01:23:48.689]  2026-09-10 01:23:40
INFO  [01:23:48.689]  2026-09-10 01:23:40
INFO  [01:23:48.689]  2026-09-10 01:23:40
INFO  [01:23:48.689]  2026-09-10 01:23:40
INFO  [01:23:48.689]  2026-09-10 01:23:40
INFO  [01:23:48.689]  2026-09-10 01:23:40
INFO  [01:23:48.689]  2026-09-10 01:23:40
INFO  [01:23:48.689]  2026-09-10 01:23:40
INFO  [01:23:48.689]  2026-09-10 01:23:40
INFO  [01:23:48.689]  2026-09-10 01:23:40
INFO  [01:23:48.689]  2026-09-10 01:23:40
INFO  [01:23:48.689]  2026-09-10 01:23:40
INFO  [01:23:48.689]  2026-09-10 01:23:40
INFO  [01:23:48.689]  2026-09-10 01:23:40
INFO  [01:23:48.689]  2026-09-10 01:23:40
INFO  [01:23:48.689]  2026-09-10 01:23:40
INFO  [01:23:48.689]  2026-09-10 01:23:40
INFO  [01:23:48.689]  2026-09-10 01:23:40
INFO  [01:23:48.689]  2026-09-10 01:23:40
INFO  [01:23:48.689]  2026-09-10 01:23:40
INFO  [01:23:48.689]  2026-09-10 01:23:40
INFO  [01:23:48.689]  2026-09-10 01:23:40
INFO  [01:23:48.689]  2026-09-10 01:23:40
INFO  [01:23:48.689]  2026-09-10 01:23:40
INFO  [01:23:48.689]  2026-09-10 01:23:40
INFO  [01:23:48.689]  2026-09-10 01:23:40
INFO  [01:23:48.689]  2026-09-10 01:23:40
INFO  [01:23:48.689]  2026-09-10 01:23:40
INFO  [01:23:48.689]  2026-09-10 01:23:40
INFO  [01:23:48.689]  2026-09-10 01:23:40
INFO  [01:23:48.689]  2026-09-10 01:23:40
INFO  [01:23:48.689]  2026-09-10 01:23:40
INFO  [01:23:48.689]  2026-09-10 01:23:40
INFO  [01:23:48.689]  2026-09-10 01:23:40
INFO  [01:23:48.689]  2026-09-10 01:23:40
INFO  [01:23:48.689]  2026-09-10 01:23:40
INFO  [01:23:48.689]  2026-09-10 01:23:40
INFO  [01:23:48.689]  2026-09-10 01:23:40
INFO  [01:23:48.689]  2026-09-10 01:23:40
INFO  [01:23:48.689]  2026-09-10 01:23:40
INFO  [01:23:48.689]  2026-09-10 01:23:40
INFO  [01:23:48.689]  2026-09-10 01:23:40
INFO  [01:23:48.689]  2026-09-10 01:23:40
INFO  [01:23:48.689]  2026-09-10 01:23:40
INFO  [01:23:48.689]  2026-09-10 01:23:40
INFO  [01:23:48.689]  2026-09-10 01:23:40
INFO  [01:23:48.689]  2026-09-10 01:23:40
INFO  [01:23:48.689]  2026-09-10 01:23:40
INFO  [01:23:48.689]  2026-09-10 01:23:40
INFO  [01:23:48.689]  2026-09-10 01:23:40
INFO  [01:23:48.689]  2026-09-10 01:23:40
INFO  [01:23:48.689]  2026-09-10 01:23:40
INFO  [01:23:48.689]  2026-09-10 01:23:40
INFO  [01:23:48.689]  2026-09-10 01:23:40
INFO  [01:23:48.689]  2026-09-10 01:23:40
INFO  [01:23:48.689]  2026-09-10 01:23:40
INFO  [01:23:48.689]  2026-09-10 01:23:40
INFO  [01:23:48.689]  2026-09-10 01:23:40
INFO  [01:23:48.689]  2026-09-10 01:23:40
INFO  [01:23:48.689]  2026-09-10 01:23:40
INFO  [01:23:48.689]  2026-09-10 01:23:40
INFO  [01:23:48.689]  2026-09-10 01:23:40
INFO  [01:23:48.689]  2026-09-10 01:23:40
INFO  [01:23:48.689]  2026-09-10 01:23:40
INFO  [01:23:48.689]  2026-09-10 01:23:40
INFO  [01:23:48.689]  2026-09-10 01:23:40
INFO  [01:23:48.689]  2026-09-10 01:23:40
INFO  [01:23:48.689]  2026-09-10 01:23:40
INFO  [01:23:48.689]  2026-09-10 01:23:40
INFO  [01:23:48.689]  2026-09-10 01:23:40
INFO  [01:23:48.689]  2026-09-10 01:23:40
INFO  [01:23:48.689]  2026-09-10 01:23:40
INFO  [01:23:48.689]  2026-09-10 01:23:40
INFO  [01:23:48.689]  2026-09-10 01:23:40
INFO  [01:23:48.689]  2026-09-10 01:23:40
INFO  [01:23:48.689]  2026-09-10 01:23:40
INFO  [01:23:48.689]  2026-09-10 01:23:40
INFO  [01:23:48.689]  2026-09-10 01:23:40
INFO  [01:23:48.689]  2026-09-10 01:23:40
INFO  [01:23:48.689]  2026-09-10 01:23:40
INFO  [01:23:48.689]  2026-09-10 01:23:40
INFO  [01:23:48.689]  2026-09-10 01:23:40
INFO  [01:23:48.689]  2026-09-10 01:23:40
INFO  [01:23:48.689]  2026-09-10 01:23:40
INFO  [01:23:48.689]  2026-09-10 01:23:40
INFO  [01:23:48.689]  2026-09-10 01:23:40
INFO  [01:23:48.689]  2026-09-10 01:23:40
INFO  [01:23:48.689]  2026-09-10 01:23:40
INFO  [01:23:48.689]  2026-09-10 01:23:40
INFO  [01:23:48.689]  2026-09-10 01:23:40
INFO  [01:23:48.689]  2026-09-10 01:23:40
INFO  [01:23:48.689]  2026-09-10 01:23:40
INFO  [01:23:48.689]  2026-09-10 01:23:40
INFO  [01:23:48.689]  2026-09-10 01:23:40
INFO  [01:23:48.689]  2026-09-10 01:23:40
INFO  [01:23:48.689]         timestamp_ys
INFO  [01:23:48.851] [mlr3] Calling train method of fallback 'regr.ranger' on task 'surrogate_task' with 100 observations {learner: <LearnerRegrRanger/LearnerRegr/Learner/R6>}
INFO  [01:23:49.622] [mlr3] Calling train method of fallback 'regr.ranger' on task 'surrogate_task' with 101 observations {learner: <LearnerRegrRanger/LearnerRegr/Learner/R6>}
INFO  [01:23:50.365] [mlr3] Calling train method of fallback 'regr.ranger' on task 'surrogate_task' with 102 observations {learner: <LearnerRegrRanger/LearnerRegr/Learner/R6>}
INFO  [01:23:51.067] [mlr3] Calling train method of fallback 'regr.ranger' on task 'surrogate_task' with 103 observations {learner: <LearnerRegrRanger/LearnerRegr/Learner/R6>}
INFO  [01:23:51.758] [mlr3] Calling train method of fallback 'regr.ranger' on task 'surrogate_task' with 103 observations {learner: <LearnerRegrRanger/LearnerRegr/Learner/R6>}
INFO  [01:23:52.480] [mlr3] Calling train method of fallback 'regr.ranger' on task 'surrogate_task' with 105 observations {learner: <LearnerRegrRanger/LearnerRegr/Learner/R6>}
INFO  [01:23:53.281] [mlr3] Calling train method of fallback 'regr.ranger' on task 'surrogate_task' with 105 observations {learner: <LearnerRegrRanger/LearnerRegr/Learner/R6>}
INFO  [01:23:54.012] [mlr3] Calling train method of fallback 'regr.ranger' on task 'surrogate_task' with 106 observations {learner: <LearnerRegrRanger/LearnerRegr/Learner/R6>}
INFO  [01:23:54.778] [mlr3] Calling train method of fallback 'regr.ranger' on task 'surrogate_task' with 108 observations {learner: <LearnerRegrRanger/LearnerRegr/Learner/R6>}
INFO  [01:23:55.554] [mlr3] Calling train method of fallback 'regr.ranger' on task 'surrogate_task' with 108 observations {learner: <LearnerRegrRanger/LearnerRegr/Learner/R6>}
INFO  [01:23:56.296] [mlr3] Calling train method of fallback 'regr.ranger' on task 'surrogate_task' with 109 observations {learner: <LearnerRegrRanger/LearnerRegr/Learner/R6>}
INFO  [01:23:57.013] [mlr3] Calling train method of fallback 'regr.ranger' on task 'surrogate_task' with 110 observations {learner: <LearnerRegrRanger/LearnerRegr/Learner/R6>}
INFO  [01:23:57.814] [mlr3] Calling train method of fallback 'regr.ranger' on task 'surrogate_task' with 112 observations {learner: <LearnerRegrRanger/LearnerRegr/Learner/R6>}
INFO  [01:23:58.627] [mlr3] Calling train method of fallback 'regr.ranger' on task 'surrogate_task' with 113 observations {learner: <LearnerRegrRanger/LearnerRegr/Learner/R6>}
INFO  [01:23:59.375] [mlr3] Calling train method of fallback 'regr.ranger' on task 'surrogate_task' with 114 observations {learner: <LearnerRegrRanger/LearnerRegr/Learner/R6>}
INFO  [01:24:01.032] 201 worker(s) running
INFO  [01:24:01.051] Results of 1 configuration(s):
INFO  [01:24:01.060]  classif.ce learning_rate num_leaves min_data_in_leaf feature_fraction
INFO  [01:24:01.060]   0.1239917     -2.085203         32                7        0.9151554
INFO  [01:24:01.060]  extra_trees lambda_l1 lambda_l2 min_gain_to_split        timestamp_xs
INFO  [01:24:01.060]        FALSE -0.190226 -4.355907         -2.302585 2026-09-10 01:23:50
INFO  [01:24:01.060]         timestamp_ys                        worker_id runtime_learners warnings
INFO  [01:24:01.060]  2026-09-10 01:23:58 shagreen_xantusmurrelet_74ef8c04            7.797        0
INFO  [01:24:01.060]  errors internal_tuned_values    acq_cb timestamp_surrogate
INFO  [01:24:01.060]       0    num_iterations=108 -5.432295 2026-09-10 01:23:49
INFO  [01:24:01.060]  timestamp_acq_function timestamp_acq_optimizer      timestamp_loop
INFO  [01:24:01.060]     2026-09-10 01:23:49     2026-09-10 01:23:49 2026-09-10 01:23:50
INFO  [01:24:01.207] [mlr3] Calling train method of fallback 'regr.ranger' on task 'surrogate_task' with 115 observations {learner: <LearnerRegrRanger/LearnerRegr/Learner/R6>}
INFO  [01:24:02.077] [mlr3] Calling train method of fallback 'regr.ranger' on task 'surrogate_task' with 116 observations {learner: <LearnerRegrRanger/LearnerRegr/Learner/R6>}
INFO  [01:24:02.814] [mlr3] Calling train method of fallback 'regr.ranger' on task 'surrogate_task' with 117 observations {learner: <LearnerRegrRanger/LearnerRegr/Learner/R6>}
INFO  [01:24:03.513] [mlr3] Calling train method of fallback 'regr.ranger' on task 'surrogate_task' with 118 observations {learner: <LearnerRegrRanger/LearnerRegr/Learner/R6>}
INFO  [01:24:04.331] [mlr3] Calling train method of fallback 'regr.ranger' on task 'surrogate_task' with 119 observations {learner: <LearnerRegrRanger/LearnerRegr/Learner/R6>}
INFO  [01:24:05.134] [mlr3] Calling train method of fallback 'regr.ranger' on task 'surrogate_task' with 119 observations {learner: <LearnerRegrRanger/LearnerRegr/Learner/R6>}
INFO  [01:24:05.928] [mlr3] Calling train method of fallback 'regr.ranger' on task 'surrogate_task' with 120 observations {learner: <LearnerRegrRanger/LearnerRegr/Learner/R6>}
INFO  [01:24:06.744] [mlr3] Calling train method of fallback 'regr.ranger' on task 'surrogate_task' with 122 observations {learner: <LearnerRegrRanger/LearnerRegr/Learner/R6>}
INFO  [01:24:07.474] [mlr3] Calling train method of fallback 'regr.ranger' on task 'surrogate_task' with 123 observations {learner: <LearnerRegrRanger/LearnerRegr/Learner/R6>}
INFO  [01:24:08.302] [mlr3] Calling train method of fallback 'regr.ranger' on task 'surrogate_task' with 124 observations {learner: <LearnerRegrRanger/LearnerRegr/Learner/R6>}
INFO  [01:24:09.122] [mlr3] Calling train method of fallback 'regr.ranger' on task 'surrogate_task' with 125 observations {learner: <LearnerRegrRanger/LearnerRegr/Learner/R6>}
INFO  [01:24:09.895] [mlr3] Calling train method of fallback 'regr.ranger' on task 'surrogate_task' with 126 observations {learner: <LearnerRegrRanger/LearnerRegr/Learner/R6>}
INFO  [01:24:10.642] [mlr3] Calling train method of fallback 'regr.ranger' on task 'surrogate_task' with 127 observations {learner: <LearnerRegrRanger/LearnerRegr/Learner/R6>}
INFO  [01:24:11.401] [mlr3] Calling train method of fallback 'regr.ranger' on task 'surrogate_task' with 128 observations {learner: <LearnerRegrRanger/LearnerRegr/Learner/R6>}
INFO  [01:24:12.180] [mlr3] Calling train method of fallback 'regr.ranger' on task 'surrogate_task' with 129 observations {learner: <LearnerRegrRanger/LearnerRegr/Learner/R6>}
INFO  [01:24:12.910] [mlr3] Calling train method of fallback 'regr.ranger' on task 'surrogate_task' with 130 observations {learner: <LearnerRegrRanger/LearnerRegr/Learner/R6>}
INFO  [01:24:13.682] [mlr3] Calling train method of fallback 'regr.ranger' on task 'surrogate_task' with 131 observations {learner: <LearnerRegrRanger/LearnerRegr/Learner/R6>}
INFO  [01:24:14.452] [mlr3] Calling train method of fallback 'regr.ranger' on task 'surrogate_task' with 132 observations {learner: <LearnerRegrRanger/LearnerRegr/Learner/R6>}
INFO  [01:24:15.218] [mlr3] Calling train method of fallback 'regr.ranger' on task 'surrogate_task' with 133 observations {learner: <LearnerRegrRanger/LearnerRegr/Learner/R6>}
INFO  [01:24:16.042] [mlr3] Calling train method of fallback 'regr.ranger' on task 'surrogate_task' with 134 observations {learner: <LearnerRegrRanger/LearnerRegr/Learner/R6>}
INFO  [01:24:16.852] [mlr3] Calling train method of fallback 'regr.ranger' on task 'surrogate_task' with 135 observations {learner: <LearnerRegrRanger/LearnerRegr/Learner/R6>}
INFO  [01:24:18.042] [mlr3] Calling train method of fallback 'regr.ranger' on task 'surrogate_task' with 136 observations {learner: <LearnerRegrRanger/LearnerRegr/Learner/R6>}
INFO  [01:24:18.843] [mlr3] Calling train method of fallback 'regr.ranger' on task 'surrogate_task' with 137 observations {learner: <LearnerRegrRanger/LearnerRegr/Learner/R6>}
INFO  [01:24:19.589] [mlr3] Calling train method of fallback 'regr.ranger' on task 'surrogate_task' with 138 observations {learner: <LearnerRegrRanger/LearnerRegr/Learner/R6>}
INFO  [01:24:20.376] [mlr3] Calling train method of fallback 'regr.ranger' on task 'surrogate_task' with 139 observations {learner: <LearnerRegrRanger/LearnerRegr/Learner/R6>}
INFO  [01:24:21.161] [mlr3] Calling train method of fallback 'regr.ranger' on task 'surrogate_task' with 140 observations {learner: <LearnerRegrRanger/LearnerRegr/Learner/R6>}
INFO  [01:24:22.005] [mlr3] Calling train method of fallback 'regr.ranger' on task 'surrogate_task' with 141 observations {learner: <LearnerRegrRanger/LearnerRegr/Learner/R6>}
INFO  [01:24:22.804] [mlr3] Calling train method of fallback 'regr.ranger' on task 'surrogate_task' with 142 observations {learner: <LearnerRegrRanger/LearnerRegr/Learner/R6>}
INFO  [01:24:23.589] [mlr3] Calling train method of fallback 'regr.ranger' on task 'surrogate_task' with 143 observations {learner: <LearnerRegrRanger/LearnerRegr/Learner/R6>}
INFO  [01:24:24.365] [mlr3] Calling train method of fallback 'regr.ranger' on task 'surrogate_task' with 144 observations {learner: <LearnerRegrRanger/LearnerRegr/Learner/R6>}
INFO  [01:24:25.112] [mlr3] Calling train method of fallback 'regr.ranger' on task 'surrogate_task' with 144 observations {learner: <LearnerRegrRanger/LearnerRegr/Learner/R6>}
INFO  [01:24:25.883] [mlr3] Calling train method of fallback 'regr.ranger' on task 'surrogate_task' with 146 observations {learner: <LearnerRegrRanger/LearnerRegr/Learner/R6>}
INFO  [01:24:26.656] [mlr3] Calling train method of fallback 'regr.ranger' on task 'surrogate_task' with 147 observations {learner: <LearnerRegrRanger/LearnerRegr/Learner/R6>}
INFO  [01:24:27.415] [mlr3] Calling train method of fallback 'regr.ranger' on task 'surrogate_task' with 148 observations {learner: <LearnerRegrRanger/LearnerRegr/Learner/R6>}
INFO  [01:24:28.188] [mlr3] Calling train method of fallback 'regr.ranger' on task 'surrogate_task' with 149 observations {learner: <LearnerRegrRanger/LearnerRegr/Learner/R6>}
INFO  [01:24:28.934] [mlr3] Calling train method of fallback 'regr.ranger' on task 'surrogate_task' with 150 observations {learner: <LearnerRegrRanger/LearnerRegr/Learner/R6>}
INFO  [01:24:29.692] [mlr3] Calling train method of fallback 'regr.ranger' on task 'surrogate_task' with 151 observations {learner: <LearnerRegrRanger/LearnerRegr/Learner/R6>}
INFO  [01:24:30.481] [mlr3] Calling train method of fallback 'regr.ranger' on task 'surrogate_task' with 152 observations {learner: <LearnerRegrRanger/LearnerRegr/Learner/R6>}
INFO  [01:24:31.244] [mlr3] Calling train method of fallback 'regr.ranger' on task 'surrogate_task' with 153 observations {learner: <LearnerRegrRanger/LearnerRegr/Learner/R6>}
INFO  [01:24:32.026] [mlr3] Calling train method of fallback 'regr.ranger' on task 'surrogate_task' with 154 observations {learner: <LearnerRegrRanger/LearnerRegr/Learner/R6>}
INFO  [01:24:32.829] [mlr3] Calling train method of fallback 'regr.ranger' on task 'surrogate_task' with 155 observations {learner: <LearnerRegrRanger/LearnerRegr/Learner/R6>}
INFO  [01:24:33.656] [mlr3] Calling train method of fallback 'regr.ranger' on task 'surrogate_task' with 156 observations {learner: <LearnerRegrRanger/LearnerRegr/Learner/R6>}
INFO  [01:24:34.458] [mlr3] Calling train method of fallback 'regr.ranger' on task 'surrogate_task' with 157 observations {learner: <LearnerRegrRanger/LearnerRegr/Learner/R6>}
INFO  [01:24:35.222] [mlr3] Calling train method of fallback 'regr.ranger' on task 'surrogate_task' with 158 observations {learner: <LearnerRegrRanger/LearnerRegr/Learner/R6>}
INFO  [01:24:36.023] [mlr3] Calling train method of fallback 'regr.ranger' on task 'surrogate_task' with 159 observations {learner: <LearnerRegrRanger/LearnerRegr/Learner/R6>}
INFO  [01:24:36.879] [mlr3] Calling train method of fallback 'regr.ranger' on task 'surrogate_task' with 159 observations {learner: <LearnerRegrRanger/LearnerRegr/Learner/R6>}
INFO  [01:24:37.702] [mlr3] Calling train method of fallback 'regr.ranger' on task 'surrogate_task' with 161 observations {learner: <LearnerRegrRanger/LearnerRegr/Learner/R6>}
INFO  [01:24:38.505] [mlr3] Calling train method of fallback 'regr.ranger' on task 'surrogate_task' with 162 observations {learner: <LearnerRegrRanger/LearnerRegr/Learner/R6>}
INFO  [01:24:39.295] [mlr3] Calling train method of fallback 'regr.ranger' on task 'surrogate_task' with 163 observations {learner: <LearnerRegrRanger/LearnerRegr/Learner/R6>}
INFO  [01:24:40.146] [mlr3] Calling train method of fallback 'regr.ranger' on task 'surrogate_task' with 163 observations {learner: <LearnerRegrRanger/LearnerRegr/Learner/R6>}
INFO  [01:24:40.968] [mlr3] Calling train method of fallback 'regr.ranger' on task 'surrogate_task' with 165 observations {learner: <LearnerRegrRanger/LearnerRegr/Learner/R6>}
INFO  [01:24:41.861] [mlr3] Calling train method of fallback 'regr.ranger' on task 'surrogate_task' with 166 observations {learner: <LearnerRegrRanger/LearnerRegr/Learner/R6>}
INFO  [01:24:42.716] [mlr3] Calling train method of fallback 'regr.ranger' on task 'surrogate_task' with 167 observations {learner: <LearnerRegrRanger/LearnerRegr/Learner/R6>}
INFO  [01:24:43.552] [mlr3] Calling train method of fallback 'regr.ranger' on task 'surrogate_task' with 168 observations {learner: <LearnerRegrRanger/LearnerRegr/Learner/R6>}
INFO  [01:24:44.380] [mlr3] Calling train method of fallback 'regr.ranger' on task 'surrogate_task' with 169 observations {learner: <LearnerRegrRanger/LearnerRegr/Learner/R6>}
INFO  [01:24:45.236] [mlr3] Calling train method of fallback 'regr.ranger' on task 'surrogate_task' with 170 observations {learner: <LearnerRegrRanger/LearnerRegr/Learner/R6>}
INFO  [01:24:46.079] [mlr3] Calling train method of fallback 'regr.ranger' on task 'surrogate_task' with 171 observations {learner: <LearnerRegrRanger/LearnerRegr/Learner/R6>}
INFO  [01:24:46.890] [mlr3] Calling train method of fallback 'regr.ranger' on task 'surrogate_task' with 172 observations {learner: <LearnerRegrRanger/LearnerRegr/Learner/R6>}
INFO  [01:24:47.705] [mlr3] Calling train method of fallback 'regr.ranger' on task 'surrogate_task' with 173 observations {learner: <LearnerRegrRanger/LearnerRegr/Learner/R6>}
INFO  [01:24:48.519] [mlr3] Calling train method of fallback 'regr.ranger' on task 'surrogate_task' with 174 observations {learner: <LearnerRegrRanger/LearnerRegr/Learner/R6>}
INFO  [01:24:49.428] [mlr3] Calling train method of fallback 'regr.ranger' on task 'surrogate_task' with 175 observations {learner: <LearnerRegrRanger/LearnerRegr/Learner/R6>}
INFO  [01:24:50.245] [mlr3] Calling train method of fallback 'regr.ranger' on task 'surrogate_task' with 176 observations {learner: <LearnerRegrRanger/LearnerRegr/Learner/R6>}
INFO  [01:24:51.080] [mlr3] Calling train method of fallback 'regr.ranger' on task 'surrogate_task' with 177 observations {learner: <LearnerRegrRanger/LearnerRegr/Learner/R6>}
INFO  [01:24:51.906] [mlr3] Calling train method of fallback 'regr.ranger' on task 'surrogate_task' with 178 observations {learner: <LearnerRegrRanger/LearnerRegr/Learner/R6>}
INFO  [01:24:52.756] [mlr3] Calling train method of fallback 'regr.ranger' on task 'surrogate_task' with 179 observations {learner: <LearnerRegrRanger/LearnerRegr/Learner/R6>}
INFO  [01:24:53.577] [mlr3] Calling train method of fallback 'regr.ranger' on task 'surrogate_task' with 180 observations {learner: <LearnerRegrRanger/LearnerRegr/Learner/R6>}
INFO  [01:24:54.444] [mlr3] Calling train method of fallback 'regr.ranger' on task 'surrogate_task' with 181 observations {learner: <LearnerRegrRanger/LearnerRegr/Learner/R6>}
INFO  [01:24:55.285] [mlr3] Calling train method of fallback 'regr.ranger' on task 'surrogate_task' with 182 observations {learner: <LearnerRegrRanger/LearnerRegr/Learner/R6>}
INFO  [01:24:56.084] [mlr3] Calling train method of fallback 'regr.ranger' on task 'surrogate_task' with 183 observations {learner: <LearnerRegrRanger/LearnerRegr/Learner/R6>}
INFO  [01:24:56.982] [mlr3] Calling train method of fallback 'regr.ranger' on task 'surrogate_task' with 184 observations {learner: <LearnerRegrRanger/LearnerRegr/Learner/R6>}
INFO  [01:24:57.891] [mlr3] Calling train method of fallback 'regr.ranger' on task 'surrogate_task' with 185 observations {learner: <LearnerRegrRanger/LearnerRegr/Learner/R6>}
INFO  [01:24:58.760] [mlr3] Calling train method of fallback 'regr.ranger' on task 'surrogate_task' with 186 observations {learner: <LearnerRegrRanger/LearnerRegr/Learner/R6>}
INFO  [01:24:59.609] [mlr3] Calling train method of fallback 'regr.ranger' on task 'surrogate_task' with 187 observations {learner: <LearnerRegrRanger/LearnerRegr/Learner/R6>}
INFO  [01:25:00.543] [mlr3] Calling train method of fallback 'regr.ranger' on task 'surrogate_task' with 188 observations {learner: <LearnerRegrRanger/LearnerRegr/Learner/R6>}
INFO  [01:25:01.460] [mlr3] Calling train method of fallback 'regr.ranger' on task 'surrogate_task' with 189 observations {learner: <LearnerRegrRanger/LearnerRegr/Learner/R6>}
INFO  [01:25:02.335] [mlr3] Calling train method of fallback 'regr.ranger' on task 'surrogate_task' with 190 observations {learner: <LearnerRegrRanger/LearnerRegr/Learner/R6>}
INFO  [01:25:03.185] [mlr3] Calling train method of fallback 'regr.ranger' on task 'surrogate_task' with 191 observations {learner: <LearnerRegrRanger/LearnerRegr/Learner/R6>}
INFO  [01:25:04.097] [mlr3] Calling train method of fallback 'regr.ranger' on task 'surrogate_task' with 192 observations {learner: <LearnerRegrRanger/LearnerRegr/Learner/R6>}
INFO  [01:25:05.025] [mlr3] Calling train method of fallback 'regr.ranger' on task 'surrogate_task' with 193 observations {learner: <LearnerRegrRanger/LearnerRegr/Learner/R6>}
INFO  [01:25:05.925] [mlr3] Calling train method of fallback 'regr.ranger' on task 'surrogate_task' with 194 observations {learner: <LearnerRegrRanger/LearnerRegr/Learner/R6>}
INFO  [01:25:06.865] [mlr3] Calling train method of fallback 'regr.ranger' on task 'surrogate_task' with 195 observations {learner: <LearnerRegrRanger/LearnerRegr/Learner/R6>}
INFO  [01:25:07.779] [mlr3] Calling train method of fallback 'regr.ranger' on task 'surrogate_task' with 196 observations {learner: <LearnerRegrRanger/LearnerRegr/Learner/R6>}
INFO  [01:25:08.640] [mlr3] Calling train method of fallback 'regr.ranger' on task 'surrogate_task' with 197 observations {learner: <LearnerRegrRanger/LearnerRegr/Learner/R6>}
INFO  [01:25:09.517] [mlr3] Calling train method of fallback 'regr.ranger' on task 'surrogate_task' with 198 observations {learner: <LearnerRegrRanger/LearnerRegr/Learner/R6>}
INFO  [01:25:10.437] [mlr3] Calling train method of fallback 'regr.ranger' on task 'surrogate_task' with 199 observations {learner: <LearnerRegrRanger/LearnerRegr/Learner/R6>}
INFO  [01:25:11.344] [mlr3] Calling train method of fallback 'regr.ranger' on task 'surrogate_task' with 200 observations {learner: <LearnerRegrRanger/LearnerRegr/Learner/R6>}
INFO  [01:25:12.266] [mlr3] Calling train method of fallback 'regr.ranger' on task 'surrogate_task' with 201 observations {learner: <LearnerRegrRanger/LearnerRegr/Learner/R6>}
INFO  [01:25:13.212] [mlr3] Calling train method of fallback 'regr.ranger' on task 'surrogate_task' with 202 observations {learner: <LearnerRegrRanger/LearnerRegr/Learner/R6>}
INFO  [01:25:14.088] [mlr3] Calling train method of fallback 'regr.ranger' on task 'surrogate_task' with 203 observations {learner: <LearnerRegrRanger/LearnerRegr/Learner/R6>}
INFO  [01:25:15.066] [mlr3] Calling train method of fallback 'regr.ranger' on task 'surrogate_task' with 204 observations {learner: <LearnerRegrRanger/LearnerRegr/Learner/R6>}
INFO  [01:25:16.019] [mlr3] Calling train method of fallback 'regr.ranger' on task 'surrogate_task' with 205 observations {learner: <LearnerRegrRanger/LearnerRegr/Learner/R6>}
INFO  [01:25:16.932] [mlr3] Calling train method of fallback 'regr.ranger' on task 'surrogate_task' with 206 observations {learner: <LearnerRegrRanger/LearnerRegr/Learner/R6>}
INFO  [01:25:17.806] [mlr3] Calling train method of fallback 'regr.ranger' on task 'surrogate_task' with 207 observations {learner: <LearnerRegrRanger/LearnerRegr/Learner/R6>}
INFO  [01:25:18.806] [mlr3] Calling train method of fallback 'regr.ranger' on task 'surrogate_task' with 208 observations {learner: <LearnerRegrRanger/LearnerRegr/Learner/R6>}
INFO  [01:25:19.713] [mlr3] Calling train method of fallback 'regr.ranger' on task 'surrogate_task' with 209 observations {learner: <LearnerRegrRanger/LearnerRegr/Learner/R6>}
INFO  [01:25:20.602] [mlr3] Calling train method of fallback 'regr.ranger' on task 'surrogate_task' with 210 observations {learner: <LearnerRegrRanger/LearnerRegr/Learner/R6>}
INFO  [01:25:21.570] [mlr3] Calling train method of fallback 'regr.ranger' on task 'surrogate_task' with 211 observations {learner: <LearnerRegrRanger/LearnerRegr/Learner/R6>}
INFO  [01:25:22.470] [mlr3] Calling train method of fallback 'regr.ranger' on task 'surrogate_task' with 212 observations {learner: <LearnerRegrRanger/LearnerRegr/Learner/R6>}
INFO  [01:25:23.373] [mlr3] Calling train method of fallback 'regr.ranger' on task 'surrogate_task' with 213 observations {learner: <LearnerRegrRanger/LearnerRegr/Learner/R6>}
INFO  [01:25:24.245] [mlr3] Calling train method of fallback 'regr.ranger' on task 'surrogate_task' with 214 observations {learner: <LearnerRegrRanger/LearnerRegr/Learner/R6>}
INFO  [01:25:25.147] [mlr3] Calling train method of fallback 'regr.ranger' on task 'surrogate_task' with 215 observations {learner: <LearnerRegrRanger/LearnerRegr/Learner/R6>}
INFO  [01:25:26.055] [mlr3] Calling train method of fallback 'regr.ranger' on task 'surrogate_task' with 216 observations {learner: <LearnerRegrRanger/LearnerRegr/Learner/R6>}
INFO  [01:25:26.985] [mlr3] Calling train method of fallback 'regr.ranger' on task 'surrogate_task' with 217 observations {learner: <LearnerRegrRanger/LearnerRegr/Learner/R6>}
INFO  [01:25:27.892] [mlr3] Calling train method of fallback 'regr.ranger' on task 'surrogate_task' with 218 observations {learner: <LearnerRegrRanger/LearnerRegr/Learner/R6>}
INFO  [01:25:28.784] [mlr3] Calling train method of fallback 'regr.ranger' on task 'surrogate_task' with 218 observations {learner: <LearnerRegrRanger/LearnerRegr/Learner/R6>}
INFO  [01:25:29.663] [mlr3] Calling train method of fallback 'regr.ranger' on task 'surrogate_task' with 220 observations {learner: <LearnerRegrRanger/LearnerRegr/Learner/R6>}
INFO  [01:25:30.575] [mlr3] Calling train method of fallback 'regr.ranger' on task 'surrogate_task' with 221 observations {learner: <LearnerRegrRanger/LearnerRegr/Learner/R6>}
INFO  [01:25:31.468] [mlr3] Calling train method of fallback 'regr.ranger' on task 'surrogate_task' with 222 observations {learner: <LearnerRegrRanger/LearnerRegr/Learner/R6>}
INFO  [01:25:32.379] [mlr3] Calling train method of fallback 'regr.ranger' on task 'surrogate_task' with 223 observations {learner: <LearnerRegrRanger/LearnerRegr/Learner/R6>}
INFO  [01:25:33.318] [mlr3] Calling train method of fallback 'regr.ranger' on task 'surrogate_task' with 224 observations {learner: <LearnerRegrRanger/LearnerRegr/Learner/R6>}
INFO  [01:25:34.178] [mlr3] Calling train method of fallback 'regr.ranger' on task 'surrogate_task' with 225 observations {learner: <LearnerRegrRanger/LearnerRegr/Learner/R6>}
INFO  [01:25:35.074] [mlr3] Calling train method of fallback 'regr.ranger' on task 'surrogate_task' with 226 observations {learner: <LearnerRegrRanger/LearnerRegr/Learner/R6>}
INFO  [01:25:35.990] [mlr3] Calling train method of fallback 'regr.ranger' on task 'surrogate_task' with 227 observations {learner: <LearnerRegrRanger/LearnerRegr/Learner/R6>}
INFO  [01:25:36.973] [mlr3] Calling train method of fallback 'regr.ranger' on task 'surrogate_task' with 228 observations {learner: <LearnerRegrRanger/LearnerRegr/Learner/R6>}
INFO  [01:25:37.893] [mlr3] Calling train method of fallback 'regr.ranger' on task 'surrogate_task' with 229 observations {learner: <LearnerRegrRanger/LearnerRegr/Learner/R6>}
INFO  [01:25:38.868] [mlr3] Calling train method of fallback 'regr.ranger' on task 'surrogate_task' with 230 observations {learner: <LearnerRegrRanger/LearnerRegr/Learner/R6>}
INFO  [01:25:39.803] [mlr3] Calling train method of fallback 'regr.ranger' on task 'surrogate_task' with 231 observations {learner: <LearnerRegrRanger/LearnerRegr/Learner/R6>}
INFO  [01:25:40.719] [mlr3] Calling train method of fallback 'regr.ranger' on task 'surrogate_task' with 232 observations {learner: <LearnerRegrRanger/LearnerRegr/Learner/R6>}
INFO  [01:25:41.663] [mlr3] Calling train method of fallback 'regr.ranger' on task 'surrogate_task' with 233 observations {learner: <LearnerRegrRanger/LearnerRegr/Learner/R6>}
INFO  [01:25:42.619] [mlr3] Calling train method of fallback 'regr.ranger' on task 'surrogate_task' with 234 observations {learner: <LearnerRegrRanger/LearnerRegr/Learner/R6>}
INFO  [01:25:43.549] [mlr3] Calling train method of fallback 'regr.ranger' on task 'surrogate_task' with 235 observations {learner: <LearnerRegrRanger/LearnerRegr/Learner/R6>}
INFO  [01:25:44.566] [mlr3] Calling train method of fallback 'regr.ranger' on task 'surrogate_task' with 236 observations {learner: <LearnerRegrRanger/LearnerRegr/Learner/R6>}
INFO  [01:25:45.513] [mlr3] Calling train method of fallback 'regr.ranger' on task 'surrogate_task' with 237 observations {learner: <LearnerRegrRanger/LearnerRegr/Learner/R6>}
INFO  [01:25:46.492] [mlr3] Calling train method of fallback 'regr.ranger' on task 'surrogate_task' with 238 observations {learner: <LearnerRegrRanger/LearnerRegr/Learner/R6>}
INFO  [01:25:47.490] [mlr3] Calling train method of fallback 'regr.ranger' on task 'surrogate_task' with 239 observations {learner: <LearnerRegrRanger/LearnerRegr/Learner/R6>}
INFO  [01:25:48.465] [mlr3] Calling train method of fallback 'regr.ranger' on task 'surrogate_task' with 240 observations {learner: <LearnerRegrRanger/LearnerRegr/Learner/R6>}
INFO  [01:25:49.414] [mlr3] Calling train method of fallback 'regr.ranger' on task 'surrogate_task' with 240 observations {learner: <LearnerRegrRanger/LearnerRegr/Learner/R6>}
INFO  [01:25:50.397] [mlr3] Calling train method of fallback 'regr.ranger' on task 'surrogate_task' with 242 observations {learner: <LearnerRegrRanger/LearnerRegr/Learner/R6>}
INFO  [01:25:51.339] [mlr3] Calling train method of fallback 'regr.ranger' on task 'surrogate_task' with 243 observations {learner: <LearnerRegrRanger/LearnerRegr/Learner/R6>}
INFO  [01:25:52.348] [mlr3] Calling train method of fallback 'regr.ranger' on task 'surrogate_task' with 244 observations {learner: <LearnerRegrRanger/LearnerRegr/Learner/R6>}
INFO  [01:25:53.323] [mlr3] Calling train method of fallback 'regr.ranger' on task 'surrogate_task' with 245 observations {learner: <LearnerRegrRanger/LearnerRegr/Learner/R6>}
INFO  [01:25:54.283] [mlr3] Calling train method of fallback 'regr.ranger' on task 'surrogate_task' with 246 observations {learner: <LearnerRegrRanger/LearnerRegr/Learner/R6>}
INFO  [01:25:55.187] [mlr3] Calling train method of fallback 'regr.ranger' on task 'surrogate_task' with 247 observations {learner: <LearnerRegrRanger/LearnerRegr/Learner/R6>}
INFO  [01:25:56.143] [mlr3] Calling train method of fallback 'regr.ranger' on task 'surrogate_task' with 248 observations {learner: <LearnerRegrRanger/LearnerRegr/Learner/R6>}
INFO  [01:25:57.081] [mlr3] Calling train method of fallback 'regr.ranger' on task 'surrogate_task' with 249 observations {learner: <LearnerRegrRanger/LearnerRegr/Learner/R6>}
INFO  [01:25:58.006] [mlr3] Calling train method of fallback 'regr.ranger' on task 'surrogate_task' with 250 observations {learner: <LearnerRegrRanger/LearnerRegr/Learner/R6>}
INFO  [01:25:58.950] [mlr3] Calling train method of fallback 'regr.ranger' on task 'surrogate_task' with 251 observations {learner: <LearnerRegrRanger/LearnerRegr/Learner/R6>}
INFO  [01:25:59.868] [mlr3] Calling train method of fallback 'regr.ranger' on task 'surrogate_task' with 252 observations {learner: <LearnerRegrRanger/LearnerRegr/Learner/R6>}
INFO  [01:26:00.775] [mlr3] Calling train method of fallback 'regr.ranger' on task 'surrogate_task' with 253 observations {learner: <LearnerRegrRanger/LearnerRegr/Learner/R6>}
INFO  [01:26:01.697] [mlr3] Calling train method of fallback 'regr.ranger' on task 'surrogate_task' with 253 observations {learner: <LearnerRegrRanger/LearnerRegr/Learner/R6>}
INFO  [01:26:02.673] [mlr3] Calling train method of fallback 'regr.ranger' on task 'surrogate_task' with 255 observations {learner: <LearnerRegrRanger/LearnerRegr/Learner/R6>}
INFO  [01:26:03.632] [mlr3] Calling train method of fallback 'regr.ranger' on task 'surrogate_task' with 256 observations {learner: <LearnerRegrRanger/LearnerRegr/Learner/R6>}
INFO  [01:26:04.594] [mlr3] Calling train method of fallback 'regr.ranger' on task 'surrogate_task' with 257 observations {learner: <LearnerRegrRanger/LearnerRegr/Learner/R6>}
INFO  [01:26:05.560] [mlr3] Calling train method of fallback 'regr.ranger' on task 'surrogate_task' with 258 observations {learner: <LearnerRegrRanger/LearnerRegr/Learner/R6>}
INFO  [01:26:06.503] [mlr3] Calling train method of fallback 'regr.ranger' on task 'surrogate_task' with 259 observations {learner: <LearnerRegrRanger/LearnerRegr/Learner/R6>}
INFO  [01:26:07.469] [mlr3] Calling train method of fallback 'regr.ranger' on task 'surrogate_task' with 260 observations {learner: <LearnerRegrRanger/LearnerRegr/Learner/R6>}
INFO  [01:26:08.400] [mlr3] Calling train method of fallback 'regr.ranger' on task 'surrogate_task' with 261 observations {learner: <LearnerRegrRanger/LearnerRegr/Learner/R6>}
INFO  [01:26:09.368] [mlr3] Calling train method of fallback 'regr.ranger' on task 'surrogate_task' with 262 observations {learner: <LearnerRegrRanger/LearnerRegr/Learner/R6>}
INFO  [01:26:10.624] [mlr3] Calling train method of fallback 'regr.ranger' on task 'surrogate_task' with 263 observations {learner: <LearnerRegrRanger/LearnerRegr/Learner/R6>}
INFO  [01:26:11.560] [mlr3] Calling train method of fallback 'regr.ranger' on task 'surrogate_task' with 264 observations {learner: <LearnerRegrRanger/LearnerRegr/Learner/R6>}
INFO  [01:26:12.546] [mlr3] Calling train method of fallback 'regr.ranger' on task 'surrogate_task' with 265 observations {learner: <LearnerRegrRanger/LearnerRegr/Learner/R6>}
INFO  [01:26:13.501] [mlr3] Calling train method of fallback 'regr.ranger' on task 'surrogate_task' with 266 observations {learner: <LearnerRegrRanger/LearnerRegr/Learner/R6>}
INFO  [01:26:14.473] [mlr3] Calling train method of fallback 'regr.ranger' on task 'surrogate_task' with 267 observations {learner: <LearnerRegrRanger/LearnerRegr/Learner/R6>}
INFO  [01:26:15.418] [mlr3] Calling train method of fallback 'regr.ranger' on task 'surrogate_task' with 268 observations {learner: <LearnerRegrRanger/LearnerRegr/Learner/R6>}
INFO  [01:26:16.365] [mlr3] Calling train method of fallback 'regr.ranger' on task 'surrogate_task' with 269 observations {learner: <LearnerRegrRanger/LearnerRegr/Learner/R6>}
INFO  [01:26:17.290] [mlr3] Calling train method of fallback 'regr.ranger' on task 'surrogate_task' with 270 observations {learner: <LearnerRegrRanger/LearnerRegr/Learner/R6>}
INFO  [01:26:18.229] [mlr3] Calling train method of fallback 'regr.ranger' on task 'surrogate_task' with 271 observations {learner: <LearnerRegrRanger/LearnerRegr/Learner/R6>}
INFO  [01:26:19.189] [mlr3] Calling train method of fallback 'regr.ranger' on task 'surrogate_task' with 272 observations {learner: <LearnerRegrRanger/LearnerRegr/Learner/R6>}
INFO  [01:26:20.142] [mlr3] Calling train method of fallback 'regr.ranger' on task 'surrogate_task' with 273 observations {learner: <LearnerRegrRanger/LearnerRegr/Learner/R6>}
INFO  [01:26:21.086] [mlr3] Calling train method of fallback 'regr.ranger' on task 'surrogate_task' with 274 observations {learner: <LearnerRegrRanger/LearnerRegr/Learner/R6>}
INFO  [01:26:22.028] [mlr3] Calling train method of fallback 'regr.ranger' on task 'surrogate_task' with 275 observations {learner: <LearnerRegrRanger/LearnerRegr/Learner/R6>}
INFO  [01:26:22.969] [mlr3] Calling train method of fallback 'regr.ranger' on task 'surrogate_task' with 276 observations {learner: <LearnerRegrRanger/LearnerRegr/Learner/R6>}
INFO  [01:26:23.925] [mlr3] Calling train method of fallback 'regr.ranger' on task 'surrogate_task' with 277 observations {learner: <LearnerRegrRanger/LearnerRegr/Learner/R6>}
INFO  [01:26:24.875] [mlr3] Calling train method of fallback 'regr.ranger' on task 'surrogate_task' with 278 observations {learner: <LearnerRegrRanger/LearnerRegr/Learner/R6>}
INFO  [01:26:25.861] [mlr3] Calling train method of fallback 'regr.ranger' on task 'surrogate_task' with 279 observations {learner: <LearnerRegrRanger/LearnerRegr/Learner/R6>}
INFO  [01:26:26.813] [mlr3] Calling train method of fallback 'regr.ranger' on task 'surrogate_task' with 279 observations {learner: <LearnerRegrRanger/LearnerRegr/Learner/R6>}
INFO  [01:26:27.829] [mlr3] Calling train method of fallback 'regr.ranger' on task 'surrogate_task' with 281 observations {learner: <LearnerRegrRanger/LearnerRegr/Learner/R6>}
INFO  [01:26:28.837] [mlr3] Calling train method of fallback 'regr.ranger' on task 'surrogate_task' with 282 observations {learner: <LearnerRegrRanger/LearnerRegr/Learner/R6>}
INFO  [01:26:29.817] [mlr3] Calling train method of fallback 'regr.ranger' on task 'surrogate_task' with 283 observations {learner: <LearnerRegrRanger/LearnerRegr/Learner/R6>}
INFO  [01:26:30.796] [mlr3] Calling train method of fallback 'regr.ranger' on task 'surrogate_task' with 284 observations {learner: <LearnerRegrRanger/LearnerRegr/Learner/R6>}
INFO  [01:26:31.760] [mlr3] Calling train method of fallback 'regr.ranger' on task 'surrogate_task' with 285 observations {learner: <LearnerRegrRanger/LearnerRegr/Learner/R6>}
INFO  [01:26:32.702] [mlr3] Calling train method of fallback 'regr.ranger' on task 'surrogate_task' with 286 observations {learner: <LearnerRegrRanger/LearnerRegr/Learner/R6>}
INFO  [01:26:33.665] [mlr3] Calling train method of fallback 'regr.ranger' on task 'surrogate_task' with 287 observations {learner: <LearnerRegrRanger/LearnerRegr/Learner/R6>}
INFO  [01:26:34.653] [mlr3] Calling train method of fallback 'regr.ranger' on task 'surrogate_task' with 288 observations {learner: <LearnerRegrRanger/LearnerRegr/Learner/R6>}
INFO  [01:26:35.642] [mlr3] Calling train method of fallback 'regr.ranger' on task 'surrogate_task' with 289 observations {learner: <LearnerRegrRanger/LearnerRegr/Learner/R6>}
INFO  [01:26:36.596] [mlr3] Calling train method of fallback 'regr.ranger' on task 'surrogate_task' with 289 observations {learner: <LearnerRegrRanger/LearnerRegr/Learner/R6>}
INFO  [01:26:37.565] [mlr3] Calling train method of fallback 'regr.ranger' on task 'surrogate_task' with 290 observations {learner: <LearnerRegrRanger/LearnerRegr/Learner/R6>}
INFO  [01:26:38.542] [mlr3] Calling train method of fallback 'regr.ranger' on task 'surrogate_task' with 292 observations {learner: <LearnerRegrRanger/LearnerRegr/Learner/R6>}
INFO  [01:26:39.537] [mlr3] Calling train method of fallback 'regr.ranger' on task 'surrogate_task' with 293 observations {learner: <LearnerRegrRanger/LearnerRegr/Learner/R6>}
INFO  [01:26:40.518] [mlr3] Calling train method of fallback 'regr.ranger' on task 'surrogate_task' with 294 observations {learner: <LearnerRegrRanger/LearnerRegr/Learner/R6>}
INFO  [01:26:41.511] [mlr3] Calling train method of fallback 'regr.ranger' on task 'surrogate_task' with 295 observations {learner: <LearnerRegrRanger/LearnerRegr/Learner/R6>}
INFO  [01:26:42.479] [mlr3] Calling train method of fallback 'regr.ranger' on task 'surrogate_task' with 296 observations {learner: <LearnerRegrRanger/LearnerRegr/Learner/R6>}
INFO  [01:26:43.465] [mlr3] Calling train method of fallback 'regr.ranger' on task 'surrogate_task' with 297 observations {learner: <LearnerRegrRanger/LearnerRegr/Learner/R6>}
INFO  [01:26:44.485] [mlr3] Calling train method of fallback 'regr.ranger' on task 'surrogate_task' with 298 observations {learner: <LearnerRegrRanger/LearnerRegr/Learner/R6>}
INFO  [01:26:45.568] [mlr3] Calling train method of fallback 'regr.ranger' on task 'surrogate_task' with 299 observations {learner: <LearnerRegrRanger/LearnerRegr/Learner/R6>}
INFO  [01:26:46.599] [mlr3] Calling train method of fallback 'regr.ranger' on task 'surrogate_task' with 300 observations {learner: <LearnerRegrRanger/LearnerRegr/Learner/R6>}
INFO  [01:26:47.631] [mlr3] Calling train method of fallback 'regr.ranger' on task 'surrogate_task' with 301 observations {learner: <LearnerRegrRanger/LearnerRegr/Learner/R6>}
INFO  [01:26:49.395] 448 worker(s) running
INFO  [01:26:49.419] Results of 193 configuration(s):
INFO  [01:26:49.449]  classif.ce learning_rate num_leaves min_data_in_leaf feature_fraction
INFO  [01:26:49.449]   0.1238484 -1.2966844090         31                6        0.8893374
INFO  [01:26:49.449]   0.1248106 -2.4678490543         57               46        0.7562993
INFO  [01:26:49.449]   0.1261620 -1.9396730865         48                1        0.9387542
INFO  [01:26:49.449]   0.1293354 -0.7757751290        192                5        0.9746513
INFO  [01:26:49.449]   0.1242374 -2.4583419172         59               54        0.6199556
INFO  [01:26:49.449]   0.1239098 -1.9283800419         33                1        0.9800745
INFO  [01:26:49.449]   0.1255273 -2.9290306279         52              150        0.8729185
INFO  [01:26:49.449]   0.1243602 -1.2243987398         12               11        0.8981601
INFO  [01:26:49.449]   0.1245240 -2.0350432000         33              112        0.9190846
INFO  [01:26:49.449]   0.1255477 -2.3978414894         69              133        0.9312384
INFO  [01:26:49.449]   0.1249745 -3.3060775312         34              150        0.6695846
INFO  [01:26:49.449]   0.1240531 -1.6209954866         56                5        0.4249823
INFO  [01:26:49.449]   0.1262643 -2.0347457255        108               90        0.7590716
INFO  [01:26:49.449]   0.1256091 -3.3392665609        193                6        0.4903659
INFO  [01:26:49.449]   0.1268991 -0.4080135886         21                1        1.0000000
INFO  [01:26:49.449]   0.1256296 -2.8680730278         88               80        0.5919496
INFO  [01:26:49.449]   0.1254249 -0.6259312653         28                7        0.9212378
INFO  [01:26:49.449]   0.1263053 -2.0585385629        180                1        0.8113154
INFO  [01:26:49.449]   0.1242783 -2.4763924457         60               47        0.7561711
INFO  [01:26:49.449]   0.1237665 -2.5836924932         32                8        0.2839548
INFO  [01:26:49.449]   0.1251178 -1.5505657358         32               50        0.9078162
INFO  [01:26:49.449]   0.1235003 -1.9497469911         33                6        0.9200903
INFO  [01:26:49.449]   0.1237051 -2.4481297815         56               52        0.6231833
INFO  [01:26:49.449]   0.1277180 -0.3218832379         33              166        0.7605204
INFO  [01:26:49.449]   0.1252611 -2.8612315656        125                1        0.8848874
INFO  [01:26:49.449]   0.1237051 -1.5765119596         60                1        0.5449741
INFO  [01:26:49.449]   0.1249745 -2.2140855588         34              191        0.9970366
INFO  [01:26:49.449]   0.1272470 -1.7361040027        195                4        0.8903989
INFO  [01:26:49.449]   0.1244012 -1.1904144041         30                6        0.8901435
INFO  [01:26:49.449]   0.1246878 -2.9528658578         49               60        0.7507639
INFO  [01:26:49.449]   0.1246264 -2.3347392681         30              110        0.9732686
INFO  [01:26:49.449]   0.1311987 -3.3357129682         65               50        0.5411498
INFO  [01:26:49.449]   0.1269400 -2.2870120789        181                1        0.9352338
INFO  [01:26:49.449]   0.1246469 -1.5029491687         40                6        0.9239948
INFO  [01:26:49.449]   0.1270424 -3.6628259787        255               44        0.7836703
INFO  [01:26:49.449]   0.1238279 -1.9723666606         32                4        0.1337135
INFO  [01:26:49.449]   0.1233160 -1.9423733436         32               35        0.4248797
INFO  [01:26:49.449]   0.1246059 -3.2872676881         58                7        0.8118456
INFO  [01:26:49.449]   0.1250359 -1.9694569637         61               48        0.6343956
INFO  [01:26:49.449]   0.1237460 -2.1012821445         55               53        0.4272929
INFO  [01:26:49.449]   0.1238279 -1.6692074586         60                1        0.5412398
INFO  [01:26:49.449]   0.1232956 -2.5044310256         33                8        0.3871092
INFO  [01:26:49.449]   0.1241760 -1.8769205116         30                1        0.9114928
INFO  [01:26:49.449]   0.1335736 -3.3566588465         65               49        0.5519470
INFO  [01:26:49.449]   0.1235208 -2.6504213173         32                5        0.4169978
INFO  [01:26:49.449]   0.1242988 -2.4124109872         57               52        0.6214332
INFO  [01:26:49.449]   0.1240941 -2.0902111564         32               47        0.9215505
INFO  [01:26:49.449]   0.1247697 -2.0405108612         32              118        0.8603670
INFO  [01:26:49.449]   0.1237869 -2.7691678530         36                4        0.9482170
INFO  [01:26:49.449]   0.1288032 -0.0277599644         54                1        0.5447204
INFO  [01:26:49.449]   0.1240736 -1.9222770501         28               19        0.9149309
INFO  [01:26:49.449]   0.1240737 -2.4573615757         56               48        0.7473365
INFO  [01:26:49.449]   0.1245035 -1.4650992814         31               12        0.5730151
INFO  [01:26:49.449]   0.1240736 -2.3610118365         33                6        0.9190422
INFO  [01:26:49.449]   0.1239098 -1.5597134098         35                3        0.2411966
INFO  [01:26:49.449]   0.1231318 -1.9307833938         24               37        0.4088777
INFO  [01:26:49.449]   0.1244831 -2.5278073780         46               26        0.7917547
INFO  [01:26:49.449]   0.1236232 -2.0955643966         58                8        0.3916778
INFO  [01:26:49.449]   0.1235208 -1.5698664040         57                1        0.4245700
INFO  [01:26:49.449]   0.1236231 -2.0438436495         55               53        0.4280740
INFO  [01:26:49.449]   0.1243193 -1.9730389308         46              146        0.4224324
INFO  [01:26:49.449]   0.1250769 -2.4339228263         32                1        0.6036231
INFO  [01:26:49.449]   0.1235413 -2.1190359321         33                6        0.9556861
INFO  [01:26:49.449]   0.1238279 -1.9500033673         35               19        0.6272527
INFO  [01:26:49.449]   0.1237665 -2.6168715896         36                6        0.8563200
INFO  [01:26:49.449]   0.1246060 -1.7163394822         33                6        0.1708600
INFO  [01:26:49.449]   0.1241145 -2.0615453986         19                1        0.8979365
INFO  [01:26:49.449]   0.1238689 -2.8960242636         31                7        0.3870361
INFO  [01:26:49.449]   0.1238075 -1.6598200751         10               31        0.4080091
INFO  [01:26:49.449]   0.1237460 -1.9077385963         26               33        0.4526135
INFO  [01:26:49.449]   0.1241555 -3.2979868491         29                1        0.4873203
INFO  [01:26:49.449]   0.1233980 -1.9234926800         23               36        0.4277887
INFO  [01:26:49.449]   0.1246878 -1.7412537429         57                1        0.4276482
INFO  [01:26:49.449]   0.1243192 -2.1753246907         51               36        0.4109880
INFO  [01:26:49.449]   0.1238893 -2.2595774504         52                9        0.4088223
INFO  [01:26:49.449]   0.1251383 -2.2513766918         30               37        0.1155357
INFO  [01:26:49.449]   0.1239508 -2.5387974431         37                1        0.8107280
INFO  [01:26:49.449]   0.1232137 -1.9439497137         34               33        0.6112395
INFO  [01:26:49.449]   0.1237050 -1.9306169529         59                1        0.4397431
INFO  [01:26:49.449]   0.1240531 -2.0998869859         32                7        0.4128256
INFO  [01:26:49.449]   0.1246878 -1.7149245028         31                6        1.0000000
INFO  [01:26:49.449]   0.1248516 -2.4494932538         57              150        0.4302972
INFO  [01:26:49.449]   0.1229680 -1.9342412093         23                8        0.3558145
INFO  [01:26:49.449]   0.1229680 -1.9117832298         24               35        0.4239368
INFO  [01:26:49.449]   0.1236231 -2.6607443853         27               23        0.4307792
INFO  [01:26:49.449]   0.1240940 -1.9623531791         45               36        0.4199917
INFO  [01:26:49.449]   0.1231522 -2.2193215316         33                7        0.4075611
INFO  [01:26:49.449]   0.1244627 -1.9022779766         10              109        0.8630419
INFO  [01:26:49.449]   0.1238075 -1.9159907645         42               29        0.5177907
INFO  [01:26:49.449]   0.1228861 -1.9418061138         21               37        0.4263804
INFO  [01:26:49.449]   0.1240122 -1.9856322261         41                1        0.4003704
INFO  [01:26:49.449]   0.1242784 -2.3215618723         34               32        0.9203748
INFO  [01:26:49.449]   0.1246060 -3.2134575636         31               38        0.9580517
INFO  [01:26:49.449]   0.1237869 -1.7892975851         23               10        0.3404956
INFO  [01:26:49.449]   0.1238688 -1.9703144874         23               35        0.7685827
INFO  [01:26:49.449]   0.1240122 -1.9331295249         25                1        0.9094057
INFO  [01:26:49.449]   0.1239098 -2.6310779011         36                4        0.4467530
INFO  [01:26:49.449]   0.1232751 -1.7032522407         24               68        0.4242461
INFO  [01:26:49.449]   0.1234389 -2.1348816562         28               15        0.4081038
INFO  [01:26:49.449]   0.1238279 -2.6741241915         25               14        0.3515827
INFO  [01:26:49.449]   0.1233161 -1.9299600240         18               35        0.4349175
INFO  [01:26:49.449]   0.1238074 -1.8915558058         22               37        0.4240237
INFO  [01:26:49.449]   0.1230909 -2.2344875729         34                6        0.4018457
INFO  [01:26:49.449]   0.1234389 -2.4131248577         56                1        0.3778279
INFO  [01:26:49.449]   0.1243602 -1.5907774095         57               48        0.4263094
INFO  [01:26:49.449]   0.1233366 -2.0824337113         11               36        0.4160571
INFO  [01:26:49.449]   0.1240531 -2.1251643061         24                9        0.3882371
INFO  [01:26:49.449]   0.1232342 -1.8988398196         24               44        0.4433511
INFO  [01:26:49.449]   0.1235413 -1.9386055566         20               22        0.4346283
INFO  [01:26:49.449]   0.1238279 -1.9736930640         27               21        0.6658251
INFO  [01:26:49.449]   0.1230499 -1.9511654138         45                6        0.3853259
INFO  [01:26:49.449]   0.1244217 -1.4240468823         25                1        0.3951375
INFO  [01:26:49.449]   0.1304411 -0.0009350422         24               25        0.2667978
INFO  [01:26:49.449]   0.1235003 -2.0433783502         22               35        0.4187456
INFO  [01:26:49.449]   0.1235413 -2.5385009838         24               32        0.5262080
INFO  [01:26:49.449]   0.1241350 -1.9396747493         10               37        0.3112329
INFO  [01:26:49.449]   0.1231318 -2.2340640598         34                6        0.4026487
INFO  [01:26:49.449]   0.1239508 -1.9111318283         13               37        0.4228218
INFO  [01:26:49.449]   0.1233979 -1.9607137939         22                6        0.4252459
INFO  [01:26:49.449]   0.1239302 -1.9246679998         23               35        0.4054451
INFO  [01:26:49.449]   0.1242579 -1.9806295804         19              199        0.4043846
INFO  [01:26:49.449]   0.1235822 -2.3515726399         39                4        0.3964881
INFO  [01:26:49.449]   0.1235003 -1.9431820822         21               45        0.4523853
INFO  [01:26:49.449]   0.1239303 -1.8952257202         26               48        0.4152646
INFO  [01:26:49.449]   0.1238689 -2.7257529213         33                1        0.4244088
INFO  [01:26:49.449]   0.1228656 -1.9518150410         37                7        0.3773391
INFO  [01:26:49.449]   0.1237665 -1.8769226440         21               33        0.5881019
INFO  [01:26:49.449]   0.1228042 -1.9956132640         25               32        0.4299233
INFO  [01:26:49.449]   0.1250154 -2.6337387822         10               37        0.4168006
INFO  [01:26:49.449]   0.1238893 -2.2274479828         18                9        0.4043233
INFO  [01:26:49.449]   0.1243398 -2.5059966402         12               28        0.4275720
INFO  [01:26:49.449]   0.1239303 -2.6863719920         23               38        0.4331642
INFO  [01:26:49.449]   0.1235003 -2.0335806647         28               14        0.3834958
INFO  [01:26:49.449]   0.1236641 -2.0565385387         22               33        0.4192810
INFO  [01:26:49.449]   0.1245649 -1.3950553697         41                8        0.3546606
INFO  [01:26:49.449]   0.1239712 -2.2937470996         41                1        0.3812669
INFO  [01:26:49.449]   0.1229270 -2.2868529198         35                7        0.4027919
INFO  [01:26:49.449]   0.1245240 -1.9490888353         32               26        0.4745713
INFO  [01:26:49.449]   0.1229475 -1.8604061313         24               41        0.4251979
INFO  [01:26:49.449]   0.1236846 -1.9241322609         22               37        0.4208862
INFO  [01:26:49.449]   0.1240326 -2.1024550063         59                4        0.3736467
INFO  [01:26:49.449]   0.1232956 -1.9304270765         25                9        0.3709485
INFO  [01:26:49.449]   0.1233160 -1.9918111984         22               34        0.4354651
INFO  [01:26:49.449]   0.1231932 -2.1941310852         25               32        0.4233127
INFO  [01:26:49.449]   0.1239098 -1.9039667257         10               68        0.4249201
INFO  [01:26:49.449]   0.1235618 -2.2204701557         21               10        0.5916261
INFO  [01:26:49.449]   0.1238279 -1.9343198840         25                8        0.3681897
INFO  [01:26:49.449]   0.1239097 -1.8995142341         25               30        0.3758145
INFO  [01:26:49.449]   0.1239917 -1.9594774275         32                5        0.4285568
INFO  [01:26:49.449]   0.1238893 -1.9334837200         35                8        0.4029512
INFO  [01:26:49.449]   0.1237870 -2.5560390312         34                5        0.5042159
INFO  [01:26:49.449]   0.1229065 -1.9468383918         32               34        0.4016225
INFO  [01:26:49.449]   0.1239712 -1.9158301184         24               38        0.4281678
INFO  [01:26:49.449]   0.1235618 -1.9444121876         10               41        0.4140602
INFO  [01:26:49.449]   0.1231318 -1.9914071571         25               32        0.4241811
INFO  [01:26:49.449]   0.1235617 -2.2430957213         34               15        0.4023359
INFO  [01:26:49.449]   0.1238893 -2.1454347664         24               34        0.8388890
INFO  [01:26:49.449]   0.1228862 -2.1960145205         13                9        0.4077179
INFO  [01:26:49.449]   0.1235003 -2.1122307781         54               14        0.3716037
INFO  [01:26:49.449]   0.1238279 -2.1397501531         16               34        0.4276493
INFO  [01:26:49.449]   0.1231318 -1.8584486177         22               34        0.4110041
INFO  [01:26:49.449]   0.1237050 -2.7059693244         57                7        0.3868046
INFO  [01:26:49.449]   0.1236641 -2.5106039765         32                7        0.4026479
INFO  [01:26:49.449]   0.1234798 -2.1782701716         27               51        0.4409400
INFO  [01:26:49.449]   0.1230499 -1.9468149447         37               11        0.3847247
INFO  [01:26:49.449]   0.1240122 -2.0080722637         14                6        0.6084540
INFO  [01:26:49.449]   0.1241350 -1.9473178109         34               34        0.3964856
INFO  [01:26:49.449]   0.1236232 -2.0617504759         26               41        0.4227681
INFO  [01:26:49.449]   0.1239712 -1.9503852468         37               33        0.4093089
INFO  [01:26:49.449]   0.1233980 -2.0670727526         22                9        0.4097612
INFO  [01:26:49.449]   0.1233366 -2.2030670639         25               22        0.3999072
INFO  [01:26:49.449]   0.1240531 -3.2092039529         22                1        0.3882816
INFO  [01:26:49.449]   0.1233571 -2.0629211470         10                9        0.4436517
INFO  [01:26:49.449]   0.1235617 -1.9488406830         23               43        0.5279565
INFO  [01:26:49.449]   0.1230703 -1.7887108263         25               41        0.4090509
INFO  [01:26:49.449]   0.1247697 -2.4098879989         56                6        0.3903612
INFO  [01:26:49.449]   0.1234389 -2.0605274688         38               13        0.4148498
INFO  [01:26:49.449]   0.1248721 -2.0008881823         38               11        0.1380155
INFO  [01:26:49.449]   0.1235617 -1.9724492987         23                5        0.3768949
INFO  [01:26:49.449]   0.1233161 -2.0106834012         21               34        0.3880643
INFO  [01:26:49.449]   0.1229475 -1.8884923930         37                7        0.3677559
INFO  [01:26:49.449]   0.1230499 -2.0016175731         25                2        0.4203519
INFO  [01:26:49.449]   0.1238484 -1.8365948375         25               31        0.7316568
INFO  [01:26:49.449]   0.1237256 -2.5199918394         30               23        0.5083767
INFO  [01:26:49.449]   0.1232751 -1.9815296230         27               50        0.4377554
INFO  [01:26:49.449]   0.1236436 -2.2218808381         60               21        0.4086641
INFO  [01:26:49.449]   0.1236846 -2.0259264210         24               24        0.4512624
INFO  [01:26:49.449]   0.1235618 -2.2420720555         11                6        0.4125081
INFO  [01:26:49.449]   0.1239508 -2.0104883396         22               24        0.4284285
INFO  [01:26:49.449]   0.1233980 -2.0171036282         21               10        0.4361773
INFO  [01:26:49.449]   0.1227632 -1.7775297453         21               67        0.3969289
INFO  [01:26:49.449]   0.1236641 -1.9783729890         25                1        0.4247124
INFO  [01:26:49.449]   0.1233980 -1.8588834063         25                7        0.4227155
INFO  [01:26:49.449]  classif.ce learning_rate num_leaves min_data_in_leaf feature_fraction
INFO  [01:26:49.449]  extra_trees    lambda_l1    lambda_l2 min_gain_to_split        timestamp_xs
INFO  [01:26:49.449]        FALSE  0.376647324 -4.903113367         -5.310577 2026-09-10 01:23:54
INFO  [01:26:49.449]        FALSE  0.216904939 -3.764051216         -5.791212 2026-09-10 01:23:50
INFO  [01:26:49.449]        FALSE -1.146571561  5.472707999         -5.527149 2026-09-10 01:23:49
INFO  [01:26:49.449]        FALSE  0.332997081 -5.023112950         -6.907755 2026-09-10 01:23:56
INFO  [01:26:49.449]        FALSE -2.415521614  1.119096295         -4.969214 2026-09-10 01:23:53
INFO  [01:26:49.449]        FALSE  0.184929886 -4.180091176         -5.660842 2026-09-10 01:23:56
INFO  [01:26:49.449]        FALSE  1.623379894 -0.428318620         -4.802474 2026-09-10 01:23:51
INFO  [01:26:49.449]        FALSE  0.304875448 -4.887025073         -5.305893 2026-09-10 01:24:02
INFO  [01:26:49.449]        FALSE -0.358169949 -4.589434554         -2.302585 2026-09-10 01:24:00
INFO  [01:26:49.449]        FALSE -4.200857503 -3.402272041         -4.573875 2026-09-10 01:23:58
INFO  [01:26:49.449]        FALSE  0.018572538 -0.377804285         -4.893825 2026-09-10 01:23:52
INFO  [01:26:49.449]        FALSE -0.914486070 -4.481574384         -6.159044 2026-09-10 01:24:03
INFO  [01:26:49.449]        FALSE  0.900345130  3.529247139         -4.869550 2026-09-10 01:23:59
INFO  [01:26:49.449]        FALSE -3.052365470  1.349161650         -5.119618 2026-09-10 01:23:53
INFO  [01:26:49.449]        FALSE -0.009684434 -4.136393233         -5.661019 2026-09-10 01:24:08
INFO  [01:26:49.449]        FALSE  1.568799534  1.628284168         -5.567270 2026-09-10 01:23:57
INFO  [01:26:49.449]        FALSE -0.863263411 -4.615914189         -2.302585 2026-09-10 01:24:10
INFO  [01:26:49.449]        FALSE -4.396541935 -5.193190174         -2.302585 2026-09-10 01:24:05
INFO  [01:26:49.449]        FALSE -2.217978608 -3.017826730         -5.894560 2026-09-10 01:24:07
INFO  [01:26:49.449]        FALSE  0.481316939 -4.372342630         -5.359863 2026-09-10 01:24:04
INFO  [01:26:49.449]        FALSE  0.110694004  3.427315963         -4.919559 2026-09-10 01:24:09
INFO  [01:26:49.449]        FALSE -5.448553365 -5.144366333         -5.459649 2026-09-10 01:24:11
INFO  [01:26:49.449]        FALSE -2.409929648 -3.811341772         -3.570761 2026-09-10 01:24:08
INFO  [01:26:49.449]        FALSE  0.318679267 -4.459705157         -5.225201 2026-09-10 01:24:15
INFO  [01:26:49.449]        FALSE  1.937769479 -6.031051634         -5.358186 2026-09-10 01:24:06
INFO  [01:26:49.449]        FALSE -1.395599835  0.207989048         -6.047012 2026-09-10 01:24:13
INFO  [01:26:49.449]        FALSE -0.178364447 -4.529261287         -4.957281 2026-09-10 01:24:12
INFO  [01:26:49.449]        FALSE  0.274623403 -4.494228696         -5.001862 2026-09-10 01:24:14
INFO  [01:26:49.449]        FALSE -0.193887298 -4.268704900         -4.856947 2026-09-10 01:24:18
INFO  [01:26:49.449]        FALSE  0.228415981 -1.064596629         -2.302585 2026-09-10 01:24:12
INFO  [01:26:49.449]        FALSE -0.507603341 -4.897758185         -2.302585 2026-09-10 01:24:16
INFO  [01:26:49.449]        FALSE -0.268559992  6.215714723         -6.353951 2026-09-10 01:23:55
INFO  [01:26:49.449]        FALSE -4.533455518 -4.351314114         -6.070532 2026-09-10 01:24:17
INFO  [01:26:49.449]        FALSE -5.363896073 -5.001528654         -5.483374 2026-09-10 01:24:22
INFO  [01:26:49.449]        FALSE  0.220619400 -3.898692631         -6.424036 2026-09-10 01:24:04
INFO  [01:26:49.449]        FALSE -3.776871123 -5.143089606         -5.471232 2026-09-10 01:24:20
INFO  [01:26:49.449]        FALSE -5.539136607 -4.846276797         -5.360525 2026-09-10 01:24:20
INFO  [01:26:49.449]        FALSE  0.142987760  1.161414834         -5.094583 2026-09-10 01:24:15
INFO  [01:26:49.449]        FALSE -2.269630126 -3.829921638         -5.808815 2026-09-10 01:24:24
INFO  [01:26:49.449]        FALSE -2.553433056 -4.268484974         -3.640230 2026-09-10 01:24:21
INFO  [01:26:49.449]        FALSE -1.840592727  0.068865836         -6.108735 2026-09-10 01:24:24
INFO  [01:26:49.449]        FALSE  0.530092057 -6.625687576         -5.867141 2026-09-10 01:24:19
INFO  [01:26:49.449]        FALSE -0.060731659 -5.245325423         -5.450045 2026-09-10 01:24:26
INFO  [01:26:49.449]        FALSE -0.353367434  6.907755279         -6.390637 2026-09-10 01:24:01
INFO  [01:26:49.449]        FALSE  0.569791875 -4.394709871         -4.598814 2026-09-10 01:24:23
INFO  [01:26:49.449]        FALSE -2.255547194 -0.011805335         -5.318123 2026-09-10 01:24:25
INFO  [01:26:49.449]        FALSE -6.259835649 -4.303623145         -2.302585 2026-09-10 01:24:29
INFO  [01:26:49.449]        FALSE -0.850934578 -5.303666059         -6.343758 2026-09-10 01:24:28
INFO  [01:26:49.449]        FALSE -1.505882365 -4.748702413         -5.542771 2026-09-10 01:24:27
INFO  [01:26:49.449]        FALSE -1.789468641  2.330669947         -5.983988 2026-09-10 01:24:31
INFO  [01:26:49.449]        FALSE -0.015537283 -4.368362442         -2.302585 2026-09-10 01:24:30
INFO  [01:26:49.449]        FALSE -2.553093044 -3.670836328         -3.571551 2026-09-10 01:24:28
INFO  [01:26:49.449]        FALSE -0.409111903  0.472362426         -5.259390 2026-09-10 01:24:33
INFO  [01:26:49.449]        FALSE -5.309826833 -4.857918997         -2.378444 2026-09-10 01:24:31
INFO  [01:26:49.449]        FALSE -5.684988395 -5.134689838         -4.297490 2026-09-10 01:24:32
INFO  [01:26:49.449]        FALSE -5.064029871 -6.623178607         -5.375734 2026-09-10 01:24:35
INFO  [01:26:49.449]        FALSE  0.824764625 -6.907755279         -5.771207 2026-09-10 01:24:34
INFO  [01:26:49.449]        FALSE  0.538122507 -6.569240843         -5.888241 2026-09-10 01:24:35
INFO  [01:26:49.449]        FALSE -0.920597751 -4.445714518         -6.458154 2026-09-10 01:24:39
INFO  [01:26:49.449]        FALSE -2.802974873 -4.487733995         -3.133283 2026-09-10 01:24:37
INFO  [01:26:49.449]        FALSE -5.559022145 -4.650821730         -5.462103 2026-09-10 01:24:36
INFO  [01:26:49.449]        FALSE  2.176117740  0.003142979         -5.729228 2026-09-10 01:24:38
INFO  [01:26:49.449]        FALSE -6.287743339 -5.161503784         -5.463904 2026-09-10 01:24:41
INFO  [01:26:49.449]        FALSE -5.636130357 -4.768587137         -4.916831 2026-09-10 01:24:44
INFO  [01:26:49.449]        FALSE -2.609031847 -2.746542397         -5.375331 2026-09-10 01:24:42
INFO  [01:26:49.449]        FALSE -5.420075138 -4.659078757         -5.918296 2026-09-10 01:24:43
INFO  [01:26:49.449]        FALSE  0.330744697 -4.602654088         -5.400559 2026-09-10 01:24:46
INFO  [01:26:49.449]        FALSE -2.133172694 -4.923928878         -5.536351 2026-09-10 01:24:40
INFO  [01:26:49.449]        FALSE  0.506205446 -6.907755279         -3.641564 2026-09-10 01:24:45
INFO  [01:26:49.449]        FALSE -4.151262230 -6.202919002         -3.600229 2026-09-10 01:24:45
INFO  [01:26:49.449]        FALSE -1.752381302 -4.444601076         -2.410320 2026-09-10 01:24:39
INFO  [01:26:49.449]        FALSE -0.593797012 -6.248945638         -3.575382 2026-09-10 01:24:48
INFO  [01:26:49.449]        FALSE -5.705680364 -4.055659566         -6.392583 2026-09-10 01:24:52
INFO  [01:26:49.449]        FALSE -5.046947651 -6.647258464         -5.460375 2026-09-10 01:24:50
INFO  [01:26:49.449]        FALSE -0.160371664 -6.907755279         -5.483307 2026-09-10 01:24:49
INFO  [01:26:49.449]        FALSE -5.180054796 -6.483923032         -5.382986 2026-09-10 01:24:47
INFO  [01:26:49.449]        FALSE -2.601363736 -2.066033587         -5.383998 2026-09-10 01:24:50
INFO  [01:26:49.449]        FALSE -5.599280453 -5.097008146         -5.378547 2026-09-10 01:24:55
INFO  [01:26:49.449]        FALSE -1.326483136 -4.720683218         -6.199953 2026-09-10 01:24:54
INFO  [01:26:49.449]        FALSE  0.923546330 -5.153853655         -5.074312 2026-09-10 01:24:53
INFO  [01:26:49.449]        FALSE -6.485131954 -5.830878393         -5.478366 2026-09-10 01:24:57
INFO  [01:26:49.449]        FALSE -2.497643319 -4.385250736         -3.820102 2026-09-10 01:24:51
INFO  [01:26:49.449]        FALSE  0.537195585 -6.790176408         -3.015588 2026-09-10 01:24:55
INFO  [01:26:49.449]        FALSE -4.161069634 -6.375740204         -3.598236 2026-09-10 01:24:58
INFO  [01:26:49.449]        FALSE -5.537237030 -5.190899316         -5.194403 2026-09-10 01:24:56
INFO  [01:26:49.449]        FALSE -3.279368602 -4.594585705         -3.375306 2026-09-10 01:25:00
INFO  [01:26:49.449]        FALSE -3.451234667 -4.677802113         -5.333294 2026-09-10 01:24:59
INFO  [01:26:49.449]        FALSE -1.595017700 -6.539177154         -5.360208 2026-09-10 01:25:01
INFO  [01:26:49.449]        FALSE -6.479129716 -4.955573281         -5.374227 2026-09-10 01:25:03
INFO  [01:26:49.449]        FALSE -5.157454061 -6.550360300         -5.266903 2026-09-10 01:25:02
INFO  [01:26:49.449]        FALSE -1.037620119 -5.202156188         -6.636014 2026-09-10 01:25:04
INFO  [01:26:49.449]        FALSE -5.617053167 -3.143317564         -5.424923 2026-09-10 01:25:05
INFO  [01:26:49.449]        FALSE  0.313549083 -6.907755279         -5.472574 2026-09-10 01:25:02
INFO  [01:26:49.449]        FALSE  0.596074619 -6.907755279         -3.269528 2026-09-10 01:25:07
INFO  [01:26:49.449]        FALSE -2.474877994 -6.759649667         -2.971474 2026-09-10 01:25:08
INFO  [01:26:49.449]        FALSE -0.107062480 -6.485901422         -3.677572 2026-09-10 01:25:09
INFO  [01:26:49.449]        FALSE -1.630199607 -5.162057659         -5.918326 2026-09-10 01:25:06
INFO  [01:26:49.449]        FALSE -4.253144718 -6.166645156         -5.820938 2026-09-10 01:25:12
INFO  [01:26:49.449]        FALSE -3.456672641 -4.805302301         -4.237933 2026-09-10 01:25:11
INFO  [01:26:49.449]        FALSE -4.745325013 -6.345247006         -3.050162 2026-09-10 01:25:10
INFO  [01:26:49.449]        FALSE -5.378886458 -6.559276627         -5.562090 2026-09-10 01:25:14
INFO  [01:26:49.449]        FALSE -0.185174330 -6.298030396         -5.223730 2026-09-10 01:25:15
INFO  [01:26:49.449]        FALSE -3.387458130 -4.483183018         -5.334689 2026-09-10 01:25:13
INFO  [01:26:49.449]        FALSE -2.953822075 -4.686198318         -4.987154 2026-09-10 01:25:12
INFO  [01:26:49.449]        FALSE -5.744226042 -6.592059722         -3.063577 2026-09-10 01:25:17
INFO  [01:26:49.449]        FALSE -6.607362578 -6.326697353         -2.601286 2026-09-10 01:25:16
INFO  [01:26:49.449]        FALSE  0.540122946 -6.828129286         -2.302585 2026-09-10 01:25:18
INFO  [01:26:49.449]        FALSE -3.628166661 -5.305699404         -3.433017 2026-09-10 01:25:20
INFO  [01:26:49.449]        FALSE -4.269549645 -6.644237041         -2.888148 2026-09-10 01:25:19
INFO  [01:26:49.449]        FALSE -5.518478110 -6.688534380         -5.248154 2026-09-10 01:25:23
INFO  [01:26:49.449]        FALSE -2.412540273 -6.907755279         -6.739438 2026-09-10 01:25:21
INFO  [01:26:49.449]        FALSE  0.914205466 -6.686054088         -5.868048 2026-09-10 01:25:24
INFO  [01:26:49.449]        FALSE -4.758871937 -6.205601174         -3.549331 2026-09-10 01:25:27
INFO  [01:26:49.449]        FALSE -5.129381758 -2.227694881         -5.434220 2026-09-10 01:25:24
INFO  [01:26:49.449]        FALSE -4.250015115 -6.472149350         -6.406047 2026-09-10 01:25:22
INFO  [01:26:49.449]        FALSE  0.439123510 -6.907755279         -4.300924 2026-09-10 01:25:25
INFO  [01:26:49.449]        FALSE -3.895888000 -4.507527217         -5.226923 2026-09-10 01:25:26
INFO  [01:26:49.449]        FALSE -5.210355205 -6.162857955         -5.279514 2026-09-10 01:25:28
INFO  [01:26:49.449]        FALSE -2.181341546 -6.585391603         -4.925010 2026-09-10 01:25:29
INFO  [01:26:49.449]        FALSE -1.857518204 -5.820449846         -5.342364 2026-09-10 01:25:32
INFO  [01:26:49.449]        FALSE -3.439415532 -4.814250454         -5.301504 2026-09-10 01:25:30
INFO  [01:26:49.449]        FALSE -3.547026037 -4.814424162         -5.235076 2026-09-10 01:25:33
INFO  [01:26:49.449]        FALSE -6.754350953 -3.783255223         -3.584896 2026-09-10 01:25:34
INFO  [01:26:49.449]        FALSE -3.314688863 -6.504307819         -3.524133 2026-09-10 01:25:35
INFO  [01:26:49.449]        FALSE -3.578168738 -4.680988178         -5.264411 2026-09-10 01:25:31
INFO  [01:26:49.449]        FALSE -3.080431883 -6.907755279         -6.598494 2026-09-10 01:25:33
INFO  [01:26:49.449]        FALSE -5.328970274 -6.698841327         -2.809663 2026-09-10 01:25:36
INFO  [01:26:49.449]        FALSE -6.636618873 -6.416531996         -4.139486 2026-09-10 01:25:40
INFO  [01:26:49.449]        FALSE -4.421444250  0.072933512         -5.342786 2026-09-10 01:25:37
INFO  [01:26:49.449]        FALSE -3.587434714 -5.859272080         -4.286365 2026-09-10 01:25:41
INFO  [01:26:49.449]        FALSE -5.160090450 -6.574650947         -5.989823 2026-09-10 01:25:39
INFO  [01:26:49.449]        FALSE -4.071704102 -6.410477365         -6.862599 2026-09-10 01:25:38
INFO  [01:26:49.449]        FALSE -2.382731145 -6.907755279         -4.799201 2026-09-10 01:25:43
INFO  [01:26:49.449]        FALSE -4.849146154 -6.576617833         -5.193041 2026-09-10 01:25:44
INFO  [01:26:49.449]        FALSE -3.176879351 -6.905557113         -6.605398 2026-09-10 01:25:46
INFO  [01:26:49.449]        FALSE -3.590711209 -4.838952908         -5.044080 2026-09-10 01:25:42
INFO  [01:26:49.449]        FALSE -4.170600873 -4.640468784         -5.334204 2026-09-10 01:25:45
INFO  [01:26:49.449]        FALSE -3.692619188 -6.907755279         -5.573728 2026-09-10 01:25:48
INFO  [01:26:49.449]        FALSE -4.394127733 -6.550815600         -3.830410 2026-09-10 01:25:47
INFO  [01:26:49.449]        FALSE -5.100316552 -6.509123127         -3.180459 2026-09-10 01:25:49
INFO  [01:26:49.449]        FALSE -2.835315199 -6.907755279         -5.910414 2026-09-10 01:25:50
INFO  [01:26:49.449]        FALSE -6.907755279 -5.500832268         -4.076100 2026-09-10 01:25:52
INFO  [01:26:49.449]        FALSE -5.609937346 -6.245049396         -4.375690 2026-09-10 01:25:53
INFO  [01:26:49.449]        FALSE -6.907755279 -2.795026497         -4.257189 2026-09-10 01:25:51
INFO  [01:26:49.449]        FALSE -4.155737184 -6.251577207         -3.571123 2026-09-10 01:25:54
INFO  [01:26:49.449]        FALSE -6.135802211 -6.540033250         -4.922245 2026-09-10 01:25:55
INFO  [01:26:49.449]        FALSE  0.479599555 -6.875628041         -3.010268 2026-09-10 01:25:56
INFO  [01:26:49.449]        FALSE -4.266777748 -6.907755279         -6.748438 2026-09-10 01:25:57
INFO  [01:26:49.449]        FALSE -4.296382833 -6.907755279         -3.915776 2026-09-10 01:25:59
INFO  [01:26:49.449]        FALSE -4.160965262 -6.362202375         -3.774784 2026-09-10 01:26:00
INFO  [01:26:49.449]        FALSE -4.158906586 -5.425253803         -6.712056 2026-09-10 01:25:54
INFO  [01:26:49.449]        FALSE -3.914565998 -4.607193551         -5.324665 2026-09-10 01:25:58
INFO  [01:26:49.449]        FALSE -3.852299316 -6.584388809         -2.546319 2026-09-10 01:26:02
INFO  [01:26:49.449]        FALSE -5.018057815 -6.684637961         -5.261250 2026-09-10 01:26:01
INFO  [01:26:49.449]        FALSE -6.907755279 -3.693889851         -4.456624 2026-09-10 01:26:04
INFO  [01:26:49.449]        FALSE -3.558823560 -4.399098293         -6.473737 2026-09-10 01:26:03
INFO  [01:26:49.449]        FALSE -6.907755279 -2.756754071         -3.855893 2026-09-10 01:26:06
INFO  [01:26:49.449]        FALSE -6.376839235 -2.383897073         -2.574508 2026-09-10 01:26:08
INFO  [01:26:49.449]        FALSE -2.313248650 -6.907755279         -6.003796 2026-09-10 01:26:07
INFO  [01:26:49.449]        FALSE -6.763650483 -6.469554198         -4.134068 2026-09-10 01:26:09
INFO  [01:26:49.449]        FALSE -6.648514420 -6.417302611         -5.851441 2026-09-10 01:26:13
INFO  [01:26:49.449]        FALSE -2.752086730 -6.907755279         -5.734619 2026-09-10 01:26:05
INFO  [01:26:49.449]        FALSE -6.664005095 -4.796120358         -5.200572 2026-09-10 01:26:10
INFO  [01:26:49.449]        FALSE -6.576994892 -5.334268786         -3.113295 2026-09-10 01:26:11
INFO  [01:26:49.449]        FALSE -3.070402263 -6.602248782         -6.576304 2026-09-10 01:26:12
INFO  [01:26:49.449]        FALSE -6.907755279 -2.381356575         -2.345761 2026-09-10 01:26:16
INFO  [01:26:49.449]        FALSE -3.966083064 -4.037281855         -4.911803 2026-09-10 01:26:16
INFO  [01:26:49.449]        FALSE -6.616361822 -4.579279518         -4.509275 2026-09-10 01:26:15
INFO  [01:26:49.449]        FALSE -3.659297022 -4.545255570         -5.246816 2026-09-10 01:26:17
INFO  [01:26:49.449]        FALSE -6.432102491 -2.510774104         -5.228477 2026-09-10 01:26:18
INFO  [01:26:49.449]        FALSE -6.246704695 -4.601694009         -2.579845 2026-09-10 01:26:19
INFO  [01:26:49.449]        FALSE -3.877370308 -4.421380143         -5.348533 2026-09-10 01:26:14
INFO  [01:26:49.449]        FALSE -6.588047493 -6.509048996         -2.611569 2026-09-10 01:26:20
INFO  [01:26:49.449]        FALSE -4.572764954 -6.447836582         -3.761265 2026-09-10 01:26:21
INFO  [01:26:49.449]        FALSE -6.628462729 -5.634272491         -6.595454 2026-09-10 01:26:23
INFO  [01:26:49.449]        FALSE  1.759323533 -4.640330747         -6.774933 2026-09-10 01:26:22
INFO  [01:26:49.449]        FALSE -3.258597325 -6.907755279         -6.600291 2026-09-10 01:26:25
INFO  [01:26:49.449]        FALSE -6.907755279 -6.809736949         -5.877924 2026-09-10 01:26:24
INFO  [01:26:49.449]        FALSE -0.388080980 -6.690294834         -2.310745 2026-09-10 01:26:26
INFO  [01:26:49.449]        FALSE -6.653101636 -6.499761981         -4.171971 2026-09-10 01:26:27
INFO  [01:26:49.449]        FALSE -3.054557554 -6.745610824         -6.564944 2026-09-10 01:26:28
INFO  [01:26:49.449]        FALSE -5.217662828 -2.252908764         -4.016114 2026-09-10 01:26:30
INFO  [01:26:49.449]        FALSE -6.646319451 -0.196216735         -4.137159 2026-09-10 01:26:33
INFO  [01:26:49.449]        FALSE -6.907755279 -6.412583231         -4.708412 2026-09-10 01:26:29
INFO  [01:26:49.449]        FALSE -6.705071730 -5.057958762         -5.327612 2026-09-10 01:26:31
INFO  [01:26:49.449]        FALSE -6.907755279 -2.538859394         -3.032022 2026-09-10 01:26:32
INFO  [01:26:49.449]        FALSE -6.570363500 -6.393292573         -3.153268 2026-09-10 01:26:34
INFO  [01:26:49.449]        FALSE -6.543986314 -2.961055388         -4.825931 2026-09-10 01:26:35
INFO  [01:26:49.449]        FALSE -5.196378219 -4.549973352         -3.993980 2026-09-10 01:26:37
INFO  [01:26:49.449]        FALSE -6.390023138 -6.474458555         -2.680527 2026-09-10 01:26:38
INFO  [01:26:49.449]        FALSE -6.335546332 -6.651892636         -6.533181 2026-09-10 01:26:36
INFO  [01:26:49.449]        FALSE -6.685888552 -6.381689407         -2.559998 2026-09-10 01:26:40
INFO  [01:26:49.449]        FALSE -6.246657292 -4.629336928         -6.585782 2026-09-10 01:26:41
INFO  [01:26:49.449]  extra_trees    lambda_l1    lambda_l2 min_gain_to_split        timestamp_xs
INFO  [01:26:49.449]         timestamp_ys                                         worker_id
INFO  [01:26:49.449]  2026-09-10 01:24:01                            earth_leopard_5060e6c5
INFO  [01:26:49.449]  2026-09-10 01:24:01              soapsudsy_riograndeescuerzo_d3319cd2
INFO  [01:26:49.449]  2026-09-10 01:24:04                       preliterate_jaeger_f81db536
INFO  [01:26:49.449]  2026-09-10 01:24:05                              horsy_skunk_9ce99b21
INFO  [01:26:49.449]  2026-09-10 01:24:05                    unanimated_arthropods_8431c2d1
INFO  [01:26:49.449]  2026-09-10 01:24:05                     real_americanlobster_4a60e3e0
INFO  [01:26:49.449]  2026-09-10 01:24:08                            aged_lovebird_bf648da3
INFO  [01:26:49.449]  2026-09-10 01:24:08                            sharp_redpoll_3c3c0ab4
INFO  [01:26:49.449]  2026-09-10 01:24:08                              basic_macaw_ce1761ff
INFO  [01:26:49.449]  2026-09-10 01:24:11                    construable_wolverine_f649c450
INFO  [01:26:49.449]  2026-09-10 01:24:11                            amusing_comet_ff015a0e
INFO  [01:26:49.449]  2026-09-10 01:24:12                           profound_genet_1052c117
INFO  [01:26:49.449]  2026-09-10 01:24:12                            corporeal_dog_22cc1d17
INFO  [01:26:49.449]  2026-09-10 01:24:13                          gratuitous_orca_e56a1c0b
INFO  [01:26:49.449]  2026-09-10 01:24:13                  uncapitalistic_crayfish_1c0f03d5
INFO  [01:26:49.449]  2026-09-10 01:24:14              heliophilic_goldenretriever_815b9610
INFO  [01:26:49.449]  2026-09-10 01:24:15                        balneal_paperwasp_2d88440c
INFO  [01:26:49.449]  2026-09-10 01:24:15                  visible_hydatidtapeworm_9e4177a1
INFO  [01:26:49.449]  2026-09-10 01:24:17                      territorial_tadpole_24ee7c6b
INFO  [01:26:49.449]  2026-09-10 01:24:18             broody_africangroundhornbill_de3eec7f
INFO  [01:26:49.449]  2026-09-10 01:24:18                    unlightened_solenodon_0395cf17
INFO  [01:26:49.449]  2026-09-10 01:24:19                           halfwhite_crow_56a21575
INFO  [01:26:49.449]  2026-09-10 01:24:20                    outstanding_mantisray_f16b11bb
INFO  [01:26:49.449]  2026-09-10 01:24:20                nutty_australiancattledog_88c93410
INFO  [01:26:49.449]  2026-09-10 01:24:22                       coronary_mussaurus_967f76e3
INFO  [01:26:49.449]  2026-09-10 01:24:22    incombustible_germanwirehairedpointer_49efa3a5
INFO  [01:26:49.449]  2026-09-10 01:24:23                whitefaced_quetzalcoatlus_b5c60d88
INFO  [01:26:49.449]  2026-09-10 01:24:24                       cataclysmic_taruca_914cc966
INFO  [01:26:49.449]  2026-09-10 01:24:24                             frantic_seal_c51d39f9
INFO  [01:26:49.449]  2026-09-10 01:24:25                      transoceanic_mussel_fe351fc9
INFO  [01:26:49.449]  2026-09-10 01:24:26          regardable_galapagosmockingbird_f61ffad3
INFO  [01:26:49.449]  2026-09-10 01:24:27         unheedful_blacknorwegianelkhound_2593c89f
INFO  [01:26:49.449]  2026-09-10 01:24:28                     kakotopic_arcticwolf_6e8c8dbd
INFO  [01:26:49.449]  2026-09-10 01:24:28              soapsudsy_riograndeescuerzo_d3319cd2
INFO  [01:26:49.449]  2026-09-10 01:24:29                          moist_earthworm_f6e821c8
INFO  [01:26:49.449]  2026-09-10 01:24:30                           halfwhite_crow_56a21575
INFO  [01:26:49.449]  2026-09-10 01:24:31                 soldierly_silversidefish_cfce92f9
INFO  [01:26:49.449]  2026-09-10 01:24:32                      roasting_sakimonkey_38442a00
INFO  [01:26:49.449]  2026-09-10 01:24:33                  deflated_aplomadofalcon_5d3ef3eb
INFO  [01:26:49.449]  2026-09-10 01:24:33                 companyless_harlequinbug_9c48d403
INFO  [01:26:49.449]  2026-09-10 01:24:33                precarnival_gangesdolphin_2ed19586
INFO  [01:26:49.449]  2026-09-10 01:24:33                      zippered_queensnake_7be514bf
INFO  [01:26:49.449]  2026-09-10 01:24:33                         grusome_elephant_2d29005e
INFO  [01:26:49.449]  2026-09-10 01:24:33 unenthusiastic_zebraswallowtailbutterfly_c50fe50d
INFO  [01:26:49.449]  2026-09-10 01:24:36                         partial_mudpuppy_5cd6ebb8
INFO  [01:26:49.449]  2026-09-10 01:24:37                             fancy_coyote_2059f8e4
INFO  [01:26:49.449]  2026-09-10 01:24:38                      falconiform_garpike_c8a58bba
INFO  [01:26:49.449]  2026-09-10 01:24:38                wearying_irrawaddydolphin_5a82dc3e
INFO  [01:26:49.449]  2026-09-10 01:24:38             ludicrous_rhodesianridgeback_498a21c8
INFO  [01:26:49.449]  2026-09-10 01:24:38           selfdisquieting_germanshepherd_da8629f8
INFO  [01:26:49.449]  2026-09-10 01:24:38                voluptuous_natterjacktoad_5f2433dc
INFO  [01:26:49.449]  2026-09-10 01:24:39                            fuzzy_primate_29f72ca2
INFO  [01:26:49.449]  2026-09-10 01:24:40                      transoceanic_mussel_fe351fc9
INFO  [01:26:49.449]  2026-09-10 01:24:40            seismologic_americangoldfinch_c27f4708
INFO  [01:26:49.449]  2026-09-10 01:24:42                contaminous_prayingmantis_4ca0f740
INFO  [01:26:49.449]  2026-09-10 01:24:44                whitefaced_quetzalcoatlus_b5c60d88
INFO  [01:26:49.449]  2026-09-10 01:24:45                 companyless_harlequinbug_9c48d403
INFO  [01:26:49.449]  2026-09-10 01:24:45         unheedful_blacknorwegianelkhound_2593c89f
INFO  [01:26:49.449]  2026-09-10 01:24:47                wearying_irrawaddydolphin_5a82dc3e
INFO  [01:26:49.449]  2026-09-10 01:24:47                       cataclysmic_taruca_914cc966
INFO  [01:26:49.449]  2026-09-10 01:24:48                 unscholastic_hadrosaurus_7eec00a7
INFO  [01:26:49.449]  2026-09-10 01:24:49         hexagonal_blacknorwegianelkhound_5b84be64
INFO  [01:26:49.449]  2026-09-10 01:24:49              soapsudsy_riograndeescuerzo_d3319cd2
INFO  [01:26:49.449]  2026-09-10 01:24:52                        conclusive_pullet_01346cb6
INFO  [01:26:49.449]  2026-09-10 01:24:53                        overnoble_rooster_afc585ef
INFO  [01:26:49.449]  2026-09-10 01:24:53                   balneal_alaskankleekai_fa3837b4
INFO  [01:26:49.449]  2026-09-10 01:24:54                             fancy_coyote_2059f8e4
INFO  [01:26:49.449]  2026-09-10 01:24:54                         nonromantic_oxen_c33356c9
INFO  [01:26:49.449]  2026-09-10 01:24:54                    suicidal_indianjackal_b783809a
INFO  [01:26:49.449]  2026-09-10 01:24:55                         journalistic_cow_8d351448
INFO  [01:26:49.449]  2026-09-10 01:24:55                       inadvertent_dugong_5062adb1
INFO  [01:26:49.449]  2026-09-10 01:24:57                wearying_irrawaddydolphin_5a82dc3e
INFO  [01:26:49.449]  2026-09-10 01:25:00                 soldierly_silversidefish_cfce92f9
INFO  [01:26:49.449]  2026-09-10 01:25:00                      buckskin_amurminnow_d40dc041
INFO  [01:26:49.449]  2026-09-10 01:25:00                            sad_turnstone_bf7343ef
INFO  [01:26:49.449]  2026-09-10 01:25:00                   disintegratory_pelican_653b50b1
INFO  [01:26:49.449]  2026-09-10 01:25:01                      stalagmitical_fossa_220e3354
INFO  [01:26:49.449]  2026-09-10 01:25:02                nutty_australiancattledog_88c93410
INFO  [01:26:49.449]  2026-09-10 01:25:03                       sultanlike_phoenix_63135596
INFO  [01:26:49.449]  2026-09-10 01:25:03                      falconiform_garpike_c8a58bba
INFO  [01:26:49.449]  2026-09-10 01:25:04                            clean_antlion_27471870
INFO  [01:26:49.449]  2026-09-10 01:25:06            seismologic_americangoldfinch_c27f4708
INFO  [01:26:49.449]  2026-09-10 01:25:06                        subspheric_koodoo_70f7fcac
INFO  [01:26:49.449]  2026-09-10 01:25:07            waspish_africangroundhornbill_be5c1249
INFO  [01:26:49.449]  2026-09-10 01:25:09                        overnoble_rooster_afc585ef
INFO  [01:26:49.449]  2026-09-10 01:25:09                 antimoralistic_alligator_e38da704
INFO  [01:26:49.449]  2026-09-10 01:25:09                         journalistic_cow_8d351448
INFO  [01:26:49.449]  2026-09-10 01:25:10                   balneal_alaskankleekai_fa3837b4
INFO  [01:26:49.449]  2026-09-10 01:25:13          nonrationalised_firebelliedtoad_5de95ec7
INFO  [01:26:49.449]  2026-09-10 01:25:13                 unscholastic_hadrosaurus_7eec00a7
INFO  [01:26:49.449]  2026-09-10 01:25:13                            sharp_redpoll_3c3c0ab4
INFO  [01:26:49.449]  2026-09-10 01:25:15                           chosen_sunbear_60ab94fb
INFO  [01:26:49.449]  2026-09-10 01:25:16                         nonromantic_oxen_c33356c9
INFO  [01:26:49.449]  2026-09-10 01:25:16                 uncategorised_flycatcher_37c005bf
INFO  [01:26:49.449]  2026-09-10 01:25:16            waspish_africangroundhornbill_be5c1249
INFO  [01:26:49.449]  2026-09-10 01:25:17                           equitable_toad_2de53ae5
INFO  [01:26:49.449]  2026-09-10 01:25:18                   lacquerware_fallowdeer_b589502c
INFO  [01:26:49.449]  2026-09-10 01:25:21         paleographical_xenurusunicinctus_4b7a8afa
INFO  [01:26:49.449]  2026-09-10 01:25:21                            nautical_fugu_88ea014a
INFO  [01:26:49.449]  2026-09-10 01:25:23                          liable_basilisk_b201501c
INFO  [01:26:49.449]  2026-09-10 01:25:23                      transoceanic_mussel_fe351fc9
INFO  [01:26:49.449]  2026-09-10 01:25:24                           velour_cricket_2cc51cf0
INFO  [01:26:49.449]  2026-09-10 01:25:24                     almond_homalocephale_154fe6a1
INFO  [01:26:49.449]  2026-09-10 01:25:25                          plausible_husky_80a6ac08
INFO  [01:26:49.449]  2026-09-10 01:25:25                        unawake_devilfish_495a723b
INFO  [01:26:49.449]  2026-09-10 01:25:27                        overnoble_rooster_afc585ef
INFO  [01:26:49.449]  2026-09-10 01:25:27                 antimoralistic_alligator_e38da704
INFO  [01:26:49.449]  2026-09-10 01:25:28                    shapeable_icelandgull_0f34d44e
INFO  [01:26:49.449]  2026-09-10 01:25:29                          brutish_gourami_4796e0c8
INFO  [01:26:49.449]  2026-09-10 01:25:30                           amusing_bovine_6fb88c53
INFO  [01:26:49.449]  2026-09-10 01:25:31                       aspiring_goldfinch_22e66b48
INFO  [01:26:49.449]  2026-09-10 01:25:31                       inadvertent_dugong_5062adb1
INFO  [01:26:49.449]  2026-09-10 01:25:32            waspish_africangroundhornbill_be5c1249
INFO  [01:26:49.449]  2026-09-10 01:25:35                     karmic_abyssiniancat_b3227805
INFO  [01:26:49.449]  2026-09-10 01:25:35                       unfiring_frogmouth_aa058e48
INFO  [01:26:49.449]  2026-09-10 01:25:36                          liable_basilisk_b201501c
INFO  [01:26:49.449]  2026-09-10 01:25:37                            nautical_fugu_88ea014a
INFO  [01:26:49.449]  2026-09-10 01:25:37                 recommendable_queensnake_9ae24e06
INFO  [01:26:49.449]  2026-09-10 01:25:37                      stalagmitical_fossa_220e3354
INFO  [01:26:49.449]  2026-09-10 01:25:40      metallographic_northernelephantseal_9fd2fdf3
INFO  [01:26:49.449]  2026-09-10 01:25:42                        unawake_devilfish_495a723b
INFO  [01:26:49.449]  2026-09-10 01:25:43                          plausible_husky_80a6ac08
INFO  [01:26:49.449]  2026-09-10 01:25:43                   disintegratory_pelican_653b50b1
INFO  [01:26:49.449]  2026-09-10 01:25:44                          brutish_gourami_4796e0c8
INFO  [01:26:49.449]  2026-09-10 01:25:44                      brigandish_papillon_027c96fd
INFO  [01:26:49.449]  2026-09-10 01:25:45                    frostbreathing_wombat_9d01de39
INFO  [01:26:49.449]  2026-09-10 01:25:45                         grusome_elephant_2d29005e
INFO  [01:26:49.449]  2026-09-10 01:25:49                       cataclysmic_taruca_914cc966
INFO  [01:26:49.449]  2026-09-10 01:25:49                            ignoble_snake_fd182c9f
INFO  [01:26:49.449]  2026-09-10 01:25:50                      transoceanic_mussel_fe351fc9
INFO  [01:26:49.449]  2026-09-10 01:25:51                          great_hamadryas_4a68178f
INFO  [01:26:49.449]  2026-09-10 01:25:52                   surefooted_iberiannase_fd5297f2
INFO  [01:26:49.449]  2026-09-10 01:25:53                 aeronautical_gartersnake_a98b15de
INFO  [01:26:49.449]  2026-09-10 01:25:53                   churchly_senegalpython_fb2db1f7
INFO  [01:26:49.449]  2026-09-10 01:25:54                  nonincorporated_blesbok_84f93576
INFO  [01:26:49.449]  2026-09-10 01:25:54                       doctorial_honeybee_e4a2d3ce
INFO  [01:26:49.449]  2026-09-10 01:25:55                        unawake_devilfish_495a723b
INFO  [01:26:49.449]  2026-09-10 01:25:56                   disintegratory_pelican_653b50b1
INFO  [01:26:49.449]  2026-09-10 01:25:56          nonrationalised_firebelliedtoad_5de95ec7
INFO  [01:26:49.449]  2026-09-10 01:25:57                        cloddy_whiterhino_a10ebd67
INFO  [01:26:49.449]  2026-09-10 01:26:02                              sappy_okapi_7031b496
INFO  [01:26:49.449]  2026-09-10 01:26:02                    shapeable_icelandgull_0f34d44e
INFO  [01:26:49.449]  2026-09-10 01:26:02                        civilisatory_newt_201fc7c0
INFO  [01:26:49.449]  2026-09-10 01:26:03                      beachy_bigmouthbass_074d8bc7
INFO  [01:26:49.449]  2026-09-10 01:26:03                    frostbreathing_wombat_9d01de39
INFO  [01:26:49.449]  2026-09-10 01:26:05                         ammophilic_steed_7fb94dce
INFO  [01:26:49.449]  2026-09-10 01:26:06      metallographic_northernelephantseal_9fd2fdf3
INFO  [01:26:49.449]  2026-09-10 01:26:06                wearying_irrawaddydolphin_5a82dc3e
INFO  [01:26:49.449]  2026-09-10 01:26:07                 antimoralistic_alligator_e38da704
INFO  [01:26:49.449]  2026-09-10 01:26:07                        overnoble_rooster_afc585ef
INFO  [01:26:49.449]  2026-09-10 01:26:08                             wrinkly_flee_095c6443
INFO  [01:26:49.449]  2026-09-10 01:26:08               contortionistic_chimpanzee_cbbcecb2
INFO  [01:26:49.449]  2026-09-10 01:26:10                       unfiring_frogmouth_aa058e48
INFO  [01:26:49.449]  2026-09-10 01:26:11                  cacophonophilic_gazelle_00e818d4
INFO  [01:26:49.449]  2026-09-10 01:26:12                   aerodynamic_crustacean_afd75918
INFO  [01:26:49.449]  2026-09-10 01:26:14                  chocolatey_carpenterant_ba1dc676
INFO  [01:26:49.449]  2026-09-10 01:26:15               eccentrical_mamenchisaurus_209a7720
INFO  [01:26:49.449]  2026-09-10 01:26:17                    outstanding_mantisray_f16b11bb
INFO  [01:26:49.449]  2026-09-10 01:26:17            waspish_africangroundhornbill_be5c1249
INFO  [01:26:49.449]  2026-09-10 01:26:18                      transoceanic_mussel_fe351fc9
INFO  [01:26:49.449]  2026-09-10 01:26:21                    shapeable_icelandgull_0f34d44e
INFO  [01:26:49.449]  2026-09-10 01:26:21                      pathworky_argusfish_25313a2e
INFO  [01:26:49.449]  2026-09-10 01:26:21                  shagreen_xantusmurrelet_74ef8c04
INFO  [01:26:49.449]  2026-09-10 01:26:21                     unliberalized_grison_3decc9f7
INFO  [01:26:49.449]  2026-09-10 01:26:23                         wooded_zebradove_7d4beee2
INFO  [01:26:49.449]  2026-09-10 01:26:24                whitefaced_quetzalcoatlus_b5c60d88
INFO  [01:26:49.449]  2026-09-10 01:26:25               eccentrical_mamenchisaurus_209a7720
INFO  [01:26:49.449]  2026-09-10 01:26:25          nonrationalised_firebelliedtoad_5de95ec7
INFO  [01:26:49.449]  2026-09-10 01:26:26                         grusome_elephant_2d29005e
INFO  [01:26:49.449]  2026-09-10 01:26:28                   gossipy_japanesebeetle_363e8902
INFO  [01:26:49.449]  2026-09-10 01:26:30                        overnoble_rooster_afc585ef
INFO  [01:26:49.449]  2026-09-10 01:26:30                            ferrous_bunny_9cbd945c
INFO  [01:26:49.449]  2026-09-10 01:26:31                  quasiempty_graysquirrel_28449450
INFO  [01:26:49.449]  2026-09-10 01:26:31                           uncoloured_ram_98c07c34
INFO  [01:26:49.449]  2026-09-10 01:26:31                      transoceanic_mussel_fe351fc9
INFO  [01:26:49.449]  2026-09-10 01:26:34                   aerodynamic_crustacean_afd75918
INFO  [01:26:49.449]  2026-09-10 01:26:35    incombustible_germanwirehairedpointer_49efa3a5
INFO  [01:26:49.449]  2026-09-10 01:26:36                    shapeable_icelandgull_0f34d44e
INFO  [01:26:49.449]  2026-09-10 01:26:36                      unsubjective_nilgai_89a2767b
INFO  [01:26:49.449]  2026-09-10 01:26:37                whitefaced_quetzalcoatlus_b5c60d88
INFO  [01:26:49.449]  2026-09-10 01:26:37                      beachy_bigmouthbass_074d8bc7
INFO  [01:26:49.449]  2026-09-10 01:26:40                          spidersilk_toad_401dbb36
INFO  [01:26:49.449]  2026-09-10 01:26:40                         ammophilic_steed_7fb94dce
INFO  [01:26:49.449]  2026-09-10 01:26:40                     unliberalized_grison_3decc9f7
INFO  [01:26:49.449]  2026-09-10 01:26:40                  shagreen_xantusmurrelet_74ef8c04
INFO  [01:26:49.449]  2026-09-10 01:26:41                        overnoble_rooster_afc585ef
INFO  [01:26:49.449]  2026-09-10 01:26:43 unenthusiastic_zebraswallowtailbutterfly_c50fe50d
INFO  [01:26:49.449]  2026-09-10 01:26:46                 aeronautical_gartersnake_a98b15de
INFO  [01:26:49.449]  2026-09-10 01:26:46                         apothecial_booby_0af0bbaa
INFO  [01:26:49.449]  2026-09-10 01:26:47                        carnelian_rattail_12e4bac8
INFO  [01:26:49.449]  2026-09-10 01:26:47                  agrobiological_ungulate_dfa60d43
INFO  [01:26:49.449]  2026-09-10 01:26:48                   gossipy_japanesebeetle_363e8902
INFO  [01:26:49.449]  2026-09-10 01:26:48                         grusome_elephant_2d29005e
INFO  [01:26:49.449]         timestamp_ys                                         worker_id
INFO  [01:26:49.449]  runtime_learners warnings errors internal_tuned_values    acq_cb
INFO  [01:26:49.449]             5.909        0      0     num_iterations=55 -4.806798
INFO  [01:26:49.449]            10.117        0      0    num_iterations=102 -5.051954
INFO  [01:26:49.449]            14.586        0      0    num_iterations=159 -5.500111
INFO  [01:26:49.449]             8.377        0      0      num_iterations=6 -4.214346
INFO  [01:26:49.449]            12.191        0      0    num_iterations=126 -4.503143
INFO  [01:26:49.449]             8.570        0      0    num_iterations=122 -4.519048
INFO  [01:26:49.449]            15.638        0      0    num_iterations=181 -4.748362
INFO  [01:26:49.449]             5.229        0      0     num_iterations=72 -5.677530
INFO  [01:26:49.449]             8.384        0      0     num_iterations=99 -5.223353
INFO  [01:26:49.449]            12.302        0      0    num_iterations=121 -4.134483
INFO  [01:26:49.449]            19.171        0      0    num_iterations=307 -4.845919
INFO  [01:26:49.449]             7.913        0      0     num_iterations=43 -4.782604
INFO  [01:26:49.449]            12.108        0      0     num_iterations=79 -3.983263
INFO  [01:26:49.449]            18.650        0      0    num_iterations=141 -4.392980
INFO  [01:26:49.449]             4.416        0      0     num_iterations=22 -5.613468
INFO  [01:26:49.449]            15.986        0      0    num_iterations=150 -4.177140
INFO  [01:26:49.449]             4.247        0      0     num_iterations=14 -5.485388
INFO  [01:26:49.449]             8.879        0      0     num_iterations=43 -4.621248
INFO  [01:26:49.449]             9.696        0      0     num_iterations=94 -4.792643
INFO  [01:26:49.449]            13.896        0      0    num_iterations=204 -4.975070
INFO  [01:26:49.449]             8.501        0      0     num_iterations=83 -4.711531
INFO  [01:26:49.449]             7.572        0      0    num_iterations=107 -5.390735
INFO  [01:26:49.449]            11.239        0      0    num_iterations=136 -4.700319
INFO  [01:26:49.449]             5.470        0      0     num_iterations=17 -4.784411
INFO  [01:26:49.449]            14.566        0      0    num_iterations=122 -4.433645
INFO  [01:26:49.449]             8.922        0      0     num_iterations=65 -5.068036
INFO  [01:26:49.449]             9.820        0      0    num_iterations=114 -5.103879
INFO  [01:26:49.449]             9.386        0      0     num_iterations=26 -4.853330
INFO  [01:26:49.449]             5.340        0      0     num_iterations=36 -5.417599
INFO  [01:26:49.449]            12.948        0      0    num_iterations=168 -4.573101
INFO  [01:26:49.449]             9.241        0      0    num_iterations=128 -4.792943
INFO  [01:26:49.449]            31.256        0      0    num_iterations=471 -4.175021
INFO  [01:26:49.449]             9.797        0      0     num_iterations=47 -4.628792
INFO  [01:26:49.449]             5.521        0      0     num_iterations=34 -5.351445
INFO  [01:26:49.449]            23.611        0      0    num_iterations=178 -4.051405
INFO  [01:26:49.449]            10.352        0      0    num_iterations=174 -5.297407
INFO  [01:26:49.449]            10.214        0      0    num_iterations=127 -4.998013
INFO  [01:26:49.449]            16.149        0      0    num_iterations=190 -4.796057
INFO  [01:26:49.449]             8.301        0      0     num_iterations=71 -5.211011
INFO  [01:26:49.449]            11.007        0      0    num_iterations=103 -5.135965
INFO  [01:26:49.449]             7.668        0      0     num_iterations=47 -5.175028
INFO  [01:26:49.449]            13.548        0      0    num_iterations=179 -5.403049
INFO  [01:26:49.449]             6.867        0      0     num_iterations=74 -5.419053
INFO  [01:26:49.449]            31.229        0      0    num_iterations=533 -5.030070
INFO  [01:26:49.449]            12.383        0      0    num_iterations=161 -4.782423
INFO  [01:26:49.449]            11.567        0      0    num_iterations=129 -5.176175
INFO  [01:26:49.449]             8.101        0      0    num_iterations=109 -5.092897
INFO  [01:26:49.449]             9.501        0      0    num_iterations=133 -4.855189
INFO  [01:26:49.449]            10.756        0      0    num_iterations=159 -5.124217
INFO  [01:26:49.449]             6.348        0      0     num_iterations=11 -5.105729
INFO  [01:26:49.449]             7.928        0      0    num_iterations=119 -4.971247
INFO  [01:26:49.449]            10.364        0      0    num_iterations=122 -5.036187
INFO  [01:26:49.449]             6.947        0      0     num_iterations=57 -4.706517
INFO  [01:26:49.449]             8.822        0      0    num_iterations=146 -4.982293
INFO  [01:26:49.449]             9.158        0      0    num_iterations=118 -5.148877
INFO  [01:26:49.449]             8.863        0      0    num_iterations=115 -5.318373
INFO  [01:26:49.449]            10.571        0      0    num_iterations=132 -5.096861
INFO  [01:26:49.449]             9.857        0      0     num_iterations=83 -5.553749
INFO  [01:26:49.449]             7.735        0      0     num_iterations=63 -5.103285
INFO  [01:26:49.449]             9.758        0      0     num_iterations=89 -5.057029
INFO  [01:26:49.449]            11.376        0      0    num_iterations=116 -5.292930
INFO  [01:26:49.449]            10.993        0      0    num_iterations=129 -5.231446
INFO  [01:26:49.449]             7.674        0      0    num_iterations=113 -5.592914
INFO  [01:26:49.449]             7.670        0      0     num_iterations=83 -5.407156
INFO  [01:26:49.449]            10.591        0      0    num_iterations=178 -5.202266
INFO  [01:26:49.449]             9.568        0      0    num_iterations=150 -5.421394
INFO  [01:26:49.449]             7.445        0      0    num_iterations=122 -4.885129
INFO  [01:26:49.449]            13.314        0      0    num_iterations=185 -5.372633
INFO  [01:26:49.449]             9.267        0      0    num_iterations=157 -5.649108
INFO  [01:26:49.449]             8.538        0      0    num_iterations=100 -5.462292
INFO  [01:26:49.449]            14.892        0      0    num_iterations=213 -5.221896
INFO  [01:26:49.449]             8.462        0      0    num_iterations=101 -5.977804
INFO  [01:26:49.449]             7.481        0      0     num_iterations=52 -5.109680
INFO  [01:26:49.449]             9.973        0      0     num_iterations=86 -6.163069
INFO  [01:26:49.449]            10.846        0      0    num_iterations=105 -5.692681
INFO  [01:26:49.449]            12.677        0      0    num_iterations=224 -5.597728
INFO  [01:26:49.449]            10.341        0      0    num_iterations=174 -5.537119
INFO  [01:26:49.449]             7.481        0      0     num_iterations=93 -5.462502
INFO  [01:26:49.449]             8.665        0      0     num_iterations=62 -5.071442
INFO  [01:26:49.449]             9.974        0      0    num_iterations=110 -5.391177
INFO  [01:26:49.449]             6.270        0      0     num_iterations=64 -5.252188
INFO  [01:26:49.449]            14.035        0      0    num_iterations=151 -5.145792
INFO  [01:26:49.449]             9.495        0      0    num_iterations=138 -5.181850
INFO  [01:26:49.449]             8.486        0      0    num_iterations=103 -5.744430
INFO  [01:26:49.449]            12.027        0      0    num_iterations=184 -5.407946
INFO  [01:26:49.449]             9.082        0      0     num_iterations=81 -5.188557
INFO  [01:26:49.449]            10.341        0      0    num_iterations=141 -5.227677
INFO  [01:26:49.449]             8.735        0      0    num_iterations=229 -5.150933
INFO  [01:26:49.449]             8.737        0      0     num_iterations=80 -5.666962
INFO  [01:26:49.449]             9.902        0      0    num_iterations=157 -5.325536
INFO  [01:26:49.449]             8.710        0      0     num_iterations=86 -5.390112
INFO  [01:26:49.449]             8.935        0      0    num_iterations=126 -5.280184
INFO  [01:26:49.449]            13.685        0      0    num_iterations=229 -5.114814
INFO  [01:26:49.449]             8.510        0      0     num_iterations=97 -5.966531
INFO  [01:26:49.449]             7.931        0      0    num_iterations=123 -5.666602
INFO  [01:26:49.449]             7.323        0      0    num_iterations=100 -5.516891
INFO  [01:26:49.449]            11.670        0      0    num_iterations=152 -5.363686
INFO  [01:26:49.449]             8.422        0      0     num_iterations=93 -5.472147
INFO  [01:26:49.449]             9.446        0      0    num_iterations=124 -5.491676
INFO  [01:26:49.449]            13.006        0      0    num_iterations=197 -5.603993
INFO  [01:26:49.449]             8.760        0      0    num_iterations=131 -5.985301
INFO  [01:26:49.449]             8.469        0      0     num_iterations=93 -5.525948
INFO  [01:26:49.449]            10.403        0      0    num_iterations=125 -5.353549
INFO  [01:26:49.449]            11.770        0      0    num_iterations=129 -5.236472
INFO  [01:26:49.449]             7.960        0      0     num_iterations=52 -5.352800
INFO  [01:26:49.449]            10.458        0      0    num_iterations=210 -5.299177
INFO  [01:26:49.449]             8.748        0      0    num_iterations=107 -5.572706
INFO  [01:26:49.449]             7.918        0      0     num_iterations=84 -5.257868
INFO  [01:26:49.449]             8.416        0      0    num_iterations=114 -5.489599
INFO  [01:26:49.449]             7.265        0      0     num_iterations=89 -5.206320
INFO  [01:26:49.449]            10.072        0      0    num_iterations=114 -5.217247
INFO  [01:26:49.449]             7.711        0      0     num_iterations=75 -5.117642
INFO  [01:26:49.449]             5.056        0      0     num_iterations=21 -5.165771
INFO  [01:26:49.449]            10.235        0      0    num_iterations=149 -5.257017
INFO  [01:26:49.449]            13.215        0      0    num_iterations=223 -5.339136
INFO  [01:26:49.449]            10.380        0      0    num_iterations=208 -5.426360
INFO  [01:26:49.449]            10.146        0      0    num_iterations=133 -5.670699
INFO  [01:26:49.449]             8.576        0      0    num_iterations=124 -5.790082
INFO  [01:26:49.449]             8.280        0      0    num_iterations=106 -5.653237
INFO  [01:26:49.449]             7.508        0      0     num_iterations=72 -5.570468
INFO  [01:26:49.449]            11.404        0      0    num_iterations=180 -5.216879
INFO  [01:26:49.449]            10.416        0      0    num_iterations=129 -5.634436
INFO  [01:26:49.449]             8.700        0      0    num_iterations=115 -5.234332
INFO  [01:26:49.449]             8.556        0      0     num_iterations=98 -5.362290
INFO  [01:26:49.449]            13.026        0      0    num_iterations=190 -5.409896
INFO  [01:26:49.449]            10.860        0      0    num_iterations=138 -5.769350
INFO  [01:26:49.449]             9.029        0      0    num_iterations=145 -5.455348
INFO  [01:26:49.449]             8.573        0      0    num_iterations=105 -5.521392
INFO  [01:26:49.449]            11.343        0      0    num_iterations=210 -5.353165
INFO  [01:26:49.449]             8.747        0      0    num_iterations=123 -5.495538
INFO  [01:26:49.449]            11.125        0      0    num_iterations=201 -5.395314
INFO  [01:26:49.449]            12.744        0      0    num_iterations=204 -5.413951
INFO  [01:26:49.449]             9.568        0      0    num_iterations=121 -5.312205
INFO  [01:26:49.449]             8.969        0      0    num_iterations=117 -5.537709
INFO  [01:26:49.449]             7.394        0      0     num_iterations=51 -5.776795
INFO  [01:26:49.449]            11.290        0      0    num_iterations=136 -5.669624
INFO  [01:26:49.449]            10.353        0      0    num_iterations=136 -5.682772
INFO  [01:26:49.449]             7.602        0      0     num_iterations=67 -5.534807
INFO  [01:26:49.449]             8.927        0      0    num_iterations=126 -5.631775
INFO  [01:26:49.449]             7.690        0      0     num_iterations=80 -5.650993
INFO  [01:26:49.449]            11.323        0      0    num_iterations=119 -5.542660
INFO  [01:26:49.449]             9.931        0      0    num_iterations=148 -5.457439
INFO  [01:26:49.449]             9.181        0      0    num_iterations=112 -5.520315
INFO  [01:26:49.449]            11.677        0      0    num_iterations=182 -5.605020
INFO  [01:26:49.449]             9.189        0      0    num_iterations=169 -5.217336
INFO  [01:26:49.449]             9.279        0      0    num_iterations=141 -5.171639
INFO  [01:26:49.449]             9.272        0      0    num_iterations=129 -5.612970
INFO  [01:26:49.449]             8.869        0      0    num_iterations=122 -5.566727
INFO  [01:26:49.449]             7.474        0      0     num_iterations=61 -5.607692
INFO  [01:26:49.449]             7.102        0      0     num_iterations=62 -5.722172
INFO  [01:26:49.449]            12.838        0      0    num_iterations=187 -5.134622
INFO  [01:26:49.449]             8.844        0      0     num_iterations=99 -5.683333
INFO  [01:26:49.449]             7.952        0      0     num_iterations=82 -5.552662
INFO  [01:26:49.449]             9.461        0      0    num_iterations=171 -5.414555
INFO  [01:26:49.449]             8.056        0      0     num_iterations=87 -5.754739
INFO  [01:26:49.449]            10.660        0      0    num_iterations=141 -5.514168
INFO  [01:26:49.449]             8.355        0      0    num_iterations=140 -5.283329
INFO  [01:26:49.449]             9.279        0      0    num_iterations=157 -4.973890
INFO  [01:26:49.449]            10.529        0      0    num_iterations=110 -5.068965
INFO  [01:26:49.449]             8.901        0      0    num_iterations=134 -5.899972
INFO  [01:26:49.449]             7.953        0      0     num_iterations=98 -5.543041
INFO  [01:26:49.449]            15.507        0      0    num_iterations=199 -5.328276
INFO  [01:26:49.449]            10.927        0      0    num_iterations=150 -5.678603
INFO  [01:26:49.449]            10.164        0      0    num_iterations=125 -5.360964
INFO  [01:26:49.449]            10.726        0      0    num_iterations=132 -5.712811
INFO  [01:26:49.449]             7.074        0      0    num_iterations=131 -5.553492
INFO  [01:26:49.449]             8.889        0      0     num_iterations=97 -5.647008
INFO  [01:26:49.449]            10.000        0      0    num_iterations=129 -5.626463
INFO  [01:26:49.449]             8.714        0      0     num_iterations=95 -5.446952
INFO  [01:26:49.449]             8.617        0      0    num_iterations=109 -5.647887
INFO  [01:26:49.449]            10.212        0      0    num_iterations=151 -5.666026
INFO  [01:26:49.449]            16.045        0      0    num_iterations=281 -5.292627
INFO  [01:26:49.449]            10.168        0      0    num_iterations=192 -5.353001
INFO  [01:26:49.449]             9.047        0      0    num_iterations=118 -5.394861
INFO  [01:26:49.449]             7.928        0      0     num_iterations=98 -5.499224
INFO  [01:26:49.449]            11.649        0      0    num_iterations=117 -5.444120
INFO  [01:26:49.449]             9.630        0      0    num_iterations=106 -5.393352
INFO  [01:26:49.449]            11.420        0      0    num_iterations=189 -5.398199
INFO  [01:26:49.449]             9.372        0      0    num_iterations=122 -5.243343
INFO  [01:26:49.449]             9.882        0      0    num_iterations=150 -5.662645
INFO  [01:26:49.449]             8.949        0      0     num_iterations=97 -5.599716
INFO  [01:26:49.449]             8.508        0      0    num_iterations=110 -5.466476
INFO  [01:26:49.449]             7.113        0      0    num_iterations=108 -5.248911
INFO  [01:26:49.449]            10.993        0      0    num_iterations=147 -5.315835
INFO  [01:26:49.449]             9.315        0      0    num_iterations=122 -5.467282
INFO  [01:26:49.449]             9.133        0      0     num_iterations=75 -5.303750
INFO  [01:26:49.449]             9.006        0      0    num_iterations=121 -5.551910
INFO  [01:26:49.449]            10.541        0      0    num_iterations=202 -5.587106
INFO  [01:26:49.449]             8.917        0      0    num_iterations=110 -5.473799
INFO  [01:26:49.449]             8.764        0      0    num_iterations=117 -5.535557
INFO  [01:26:49.449]            10.804        0      0    num_iterations=170 -5.293137
INFO  [01:26:49.449]             8.082        0      0     num_iterations=98 -5.570004
INFO  [01:26:49.449]             7.450        0      0     num_iterations=81 -5.663609
INFO  [01:26:49.449]  runtime_learners warnings errors internal_tuned_values    acq_cb
INFO  [01:26:49.449]  timestamp_surrogate timestamp_acq_function timestamp_acq_optimizer
INFO  [01:26:49.449]  2026-09-10 01:23:53    2026-09-10 01:23:54     2026-09-10 01:23:54
INFO  [01:26:49.449]  2026-09-10 01:23:50    2026-09-10 01:23:50     2026-09-10 01:23:50
INFO  [01:26:49.449]  2026-09-10 01:23:48    2026-09-10 01:23:48     2026-09-10 01:23:48
INFO  [01:26:49.449]  2026-09-10 01:23:55    2026-09-10 01:23:55     2026-09-10 01:23:55
INFO  [01:26:49.449]  2026-09-10 01:23:52    2026-09-10 01:23:52     2026-09-10 01:23:52
INFO  [01:26:49.449]  2026-09-10 01:23:56    2026-09-10 01:23:56     2026-09-10 01:23:56
INFO  [01:26:49.449]  2026-09-10 01:23:50    2026-09-10 01:23:51     2026-09-10 01:23:51
INFO  [01:26:49.449]  2026-09-10 01:24:01    2026-09-10 01:24:02     2026-09-10 01:24:02
INFO  [01:26:49.449]  2026-09-10 01:23:59    2026-09-10 01:23:59     2026-09-10 01:23:59
INFO  [01:26:49.449]  2026-09-10 01:23:57    2026-09-10 01:23:57     2026-09-10 01:23:57
INFO  [01:26:49.449]  2026-09-10 01:23:51    2026-09-10 01:23:51     2026-09-10 01:23:51
INFO  [01:26:49.449]  2026-09-10 01:24:02    2026-09-10 01:24:02     2026-09-10 01:24:02
INFO  [01:26:49.449]  2026-09-10 01:23:58    2026-09-10 01:23:58     2026-09-10 01:23:58
INFO  [01:26:49.449]  2026-09-10 01:23:53    2026-09-10 01:23:53     2026-09-10 01:23:53
INFO  [01:26:49.449]  2026-09-10 01:24:07    2026-09-10 01:24:07     2026-09-10 01:24:07
INFO  [01:26:49.449]  2026-09-10 01:23:56    2026-09-10 01:23:57     2026-09-10 01:23:57
INFO  [01:26:49.449]  2026-09-10 01:24:09    2026-09-10 01:24:09     2026-09-10 01:24:09
INFO  [01:26:49.449]  2026-09-10 01:24:04    2026-09-10 01:24:05     2026-09-10 01:24:05
INFO  [01:26:49.449]  2026-09-10 01:24:06    2026-09-10 01:24:06     2026-09-10 01:24:06
INFO  [01:26:49.449]  2026-09-10 01:24:03    2026-09-10 01:24:03     2026-09-10 01:24:03
INFO  [01:26:49.449]  2026-09-10 01:24:08    2026-09-10 01:24:09     2026-09-10 01:24:09
INFO  [01:26:49.449]  2026-09-10 01:24:10    2026-09-10 01:24:10     2026-09-10 01:24:10
INFO  [01:26:49.449]  2026-09-10 01:24:08    2026-09-10 01:24:08     2026-09-10 01:24:08
INFO  [01:26:49.449]  2026-09-10 01:24:14    2026-09-10 01:24:14     2026-09-10 01:24:14
INFO  [01:26:49.449]  2026-09-10 01:24:05    2026-09-10 01:24:05     2026-09-10 01:24:05
INFO  [01:26:49.449]  2026-09-10 01:24:12    2026-09-10 01:24:12     2026-09-10 01:24:12
INFO  [01:26:49.449]  2026-09-10 01:24:12    2026-09-10 01:24:12     2026-09-10 01:24:12
INFO  [01:26:49.449]  2026-09-10 01:24:13    2026-09-10 01:24:13     2026-09-10 01:24:13
INFO  [01:26:49.449]  2026-09-10 01:24:17    2026-09-10 01:24:18     2026-09-10 01:24:18
INFO  [01:26:49.449]  2026-09-10 01:24:11    2026-09-10 01:24:11     2026-09-10 01:24:11
INFO  [01:26:49.449]  2026-09-10 01:24:15    2026-09-10 01:24:16     2026-09-10 01:24:16
INFO  [01:26:49.449]  2026-09-10 01:23:54    2026-09-10 01:23:54     2026-09-10 01:23:54
INFO  [01:26:49.449]  2026-09-10 01:24:16    2026-09-10 01:24:16     2026-09-10 01:24:16
INFO  [01:26:49.449]  2026-09-10 01:24:21    2026-09-10 01:24:22     2026-09-10 01:24:22
INFO  [01:26:49.449]  2026-09-10 01:24:04    2026-09-10 01:24:04     2026-09-10 01:24:04
INFO  [01:26:49.449]  2026-09-10 01:24:19    2026-09-10 01:24:19     2026-09-10 01:24:19
INFO  [01:26:49.449]  2026-09-10 01:24:20    2026-09-10 01:24:20     2026-09-10 01:24:20
INFO  [01:26:49.449]  2026-09-10 01:24:15    2026-09-10 01:24:15     2026-09-10 01:24:15
INFO  [01:26:49.449]  2026-09-10 01:24:23    2026-09-10 01:24:23     2026-09-10 01:24:23
INFO  [01:26:49.449]  2026-09-10 01:24:20    2026-09-10 01:24:21     2026-09-10 01:24:21
INFO  [01:26:49.449]  2026-09-10 01:24:24    2026-09-10 01:24:24     2026-09-10 01:24:24
INFO  [01:26:49.449]  2026-09-10 01:24:18    2026-09-10 01:24:18     2026-09-10 01:24:18
INFO  [01:26:49.449]  2026-09-10 01:24:25    2026-09-10 01:24:25     2026-09-10 01:24:25
INFO  [01:26:49.449]  2026-09-10 01:24:01    2026-09-10 01:24:01     2026-09-10 01:24:01
INFO  [01:26:49.449]  2026-09-10 01:24:22    2026-09-10 01:24:22     2026-09-10 01:24:22
INFO  [01:26:49.449]  2026-09-10 01:24:24    2026-09-10 01:24:25     2026-09-10 01:24:25
INFO  [01:26:49.449]  2026-09-10 01:24:28    2026-09-10 01:24:28     2026-09-10 01:24:28
INFO  [01:26:49.449]  2026-09-10 01:24:27    2026-09-10 01:24:27     2026-09-10 01:24:27
INFO  [01:26:49.449]  2026-09-10 01:24:26    2026-09-10 01:24:26     2026-09-10 01:24:26
INFO  [01:26:49.449]  2026-09-10 01:24:31    2026-09-10 01:24:31     2026-09-10 01:24:31
INFO  [01:26:49.449]  2026-09-10 01:24:29    2026-09-10 01:24:29     2026-09-10 01:24:29
INFO  [01:26:49.449]  2026-09-10 01:24:28    2026-09-10 01:24:28     2026-09-10 01:24:28
INFO  [01:26:49.449]  2026-09-10 01:24:32    2026-09-10 01:24:32     2026-09-10 01:24:32
INFO  [01:26:49.449]  2026-09-10 01:24:30    2026-09-10 01:24:30     2026-09-10 01:24:30
INFO  [01:26:49.449]  2026-09-10 01:24:31    2026-09-10 01:24:32     2026-09-10 01:24:32
INFO  [01:26:49.449]  2026-09-10 01:24:34    2026-09-10 01:24:34     2026-09-10 01:24:34
INFO  [01:26:49.449]  2026-09-10 01:24:33    2026-09-10 01:24:33     2026-09-10 01:24:33
INFO  [01:26:49.449]  2026-09-10 01:24:35    2026-09-10 01:24:35     2026-09-10 01:24:35
INFO  [01:26:49.449]  2026-09-10 01:24:38    2026-09-10 01:24:38     2026-09-10 01:24:38
INFO  [01:26:49.449]  2026-09-10 01:24:36    2026-09-10 01:24:36     2026-09-10 01:24:36
INFO  [01:26:49.449]  2026-09-10 01:24:35    2026-09-10 01:24:36     2026-09-10 01:24:36
INFO  [01:26:49.449]  2026-09-10 01:24:37    2026-09-10 01:24:37     2026-09-10 01:24:37
INFO  [01:26:49.449]  2026-09-10 01:24:40    2026-09-10 01:24:40     2026-09-10 01:24:40
INFO  [01:26:49.449]  2026-09-10 01:24:43    2026-09-10 01:24:43     2026-09-10 01:24:43
INFO  [01:26:49.449]  2026-09-10 01:24:41    2026-09-10 01:24:41     2026-09-10 01:24:41
INFO  [01:26:49.449]  2026-09-10 01:24:42    2026-09-10 01:24:42     2026-09-10 01:24:42
INFO  [01:26:49.449]  2026-09-10 01:24:45    2026-09-10 01:24:46     2026-09-10 01:24:46
INFO  [01:26:49.449]  2026-09-10 01:24:39    2026-09-10 01:24:40     2026-09-10 01:24:40
INFO  [01:26:49.449]  2026-09-10 01:24:44    2026-09-10 01:24:44     2026-09-10 01:24:44
INFO  [01:26:49.449]  2026-09-10 01:24:45    2026-09-10 01:24:45     2026-09-10 01:24:45
INFO  [01:26:49.449]  2026-09-10 01:24:39    2026-09-10 01:24:39     2026-09-10 01:24:39
INFO  [01:26:49.449]  2026-09-10 01:24:47    2026-09-10 01:24:47     2026-09-10 01:24:47
INFO  [01:26:49.449]  2026-09-10 01:24:51    2026-09-10 01:24:51     2026-09-10 01:24:51
INFO  [01:26:49.449]  2026-09-10 01:24:49    2026-09-10 01:24:49     2026-09-10 01:24:49
INFO  [01:26:49.449]  2026-09-10 01:24:48    2026-09-10 01:24:48     2026-09-10 01:24:48
INFO  [01:26:49.449]  2026-09-10 01:24:46    2026-09-10 01:24:46     2026-09-10 01:24:46
INFO  [01:26:49.449]  2026-09-10 01:24:50    2026-09-10 01:24:50     2026-09-10 01:24:50
INFO  [01:26:49.449]  2026-09-10 01:24:54    2026-09-10 01:24:54     2026-09-10 01:24:54
INFO  [01:26:49.449]  2026-09-10 01:24:53    2026-09-10 01:24:53     2026-09-10 01:24:53
INFO  [01:26:49.449]  2026-09-10 01:24:52    2026-09-10 01:24:52     2026-09-10 01:24:52
INFO  [01:26:49.449]  2026-09-10 01:24:56    2026-09-10 01:24:57     2026-09-10 01:24:57
INFO  [01:26:49.449]  2026-09-10 01:24:50    2026-09-10 01:24:51     2026-09-10 01:24:51
INFO  [01:26:49.449]  2026-09-10 01:24:55    2026-09-10 01:24:55     2026-09-10 01:24:55
INFO  [01:26:49.449]  2026-09-10 01:24:57    2026-09-10 01:24:57     2026-09-10 01:24:57
INFO  [01:26:49.449]  2026-09-10 01:24:55    2026-09-10 01:24:56     2026-09-10 01:24:56
INFO  [01:26:49.449]  2026-09-10 01:24:59    2026-09-10 01:24:59     2026-09-10 01:24:59
INFO  [01:26:49.449]  2026-09-10 01:24:58    2026-09-10 01:24:58     2026-09-10 01:24:58
INFO  [01:26:49.449]  2026-09-10 01:25:00    2026-09-10 01:25:00     2026-09-10 01:25:00
INFO  [01:26:49.449]  2026-09-10 01:25:02    2026-09-10 01:25:03     2026-09-10 01:25:03
INFO  [01:26:49.449]  2026-09-10 01:25:02    2026-09-10 01:25:02     2026-09-10 01:25:02
INFO  [01:26:49.449]  2026-09-10 01:25:03    2026-09-10 01:25:04     2026-09-10 01:25:04
INFO  [01:26:49.449]  2026-09-10 01:25:04    2026-09-10 01:25:05     2026-09-10 01:25:05
INFO  [01:26:49.449]  2026-09-10 01:25:01    2026-09-10 01:25:01     2026-09-10 01:25:01
INFO  [01:26:49.449]  2026-09-10 01:25:06    2026-09-10 01:25:06     2026-09-10 01:25:06
INFO  [01:26:49.449]  2026-09-10 01:25:07    2026-09-10 01:25:07     2026-09-10 01:25:07
INFO  [01:26:49.449]  2026-09-10 01:25:08    2026-09-10 01:25:08     2026-09-10 01:25:08
INFO  [01:26:49.449]  2026-09-10 01:25:05    2026-09-10 01:25:05     2026-09-10 01:25:05
INFO  [01:26:49.449]  2026-09-10 01:25:11    2026-09-10 01:25:11     2026-09-10 01:25:11
INFO  [01:26:49.449]  2026-09-10 01:25:10    2026-09-10 01:25:10     2026-09-10 01:25:10
INFO  [01:26:49.449]  2026-09-10 01:25:09    2026-09-10 01:25:09     2026-09-10 01:25:09
INFO  [01:26:49.449]  2026-09-10 01:25:13    2026-09-10 01:25:14     2026-09-10 01:25:14
INFO  [01:26:49.449]  2026-09-10 01:25:14    2026-09-10 01:25:15     2026-09-10 01:25:15
INFO  [01:26:49.449]  2026-09-10 01:25:12    2026-09-10 01:25:13     2026-09-10 01:25:13
INFO  [01:26:49.449]  2026-09-10 01:25:12    2026-09-10 01:25:12     2026-09-10 01:25:12
INFO  [01:26:49.449]  2026-09-10 01:25:16    2026-09-10 01:25:16     2026-09-10 01:25:16
INFO  [01:26:49.449]  2026-09-10 01:25:15    2026-09-10 01:25:16     2026-09-10 01:25:16
INFO  [01:26:49.449]  2026-09-10 01:25:17    2026-09-10 01:25:17     2026-09-10 01:25:17
INFO  [01:26:49.449]  2026-09-10 01:25:19    2026-09-10 01:25:19     2026-09-10 01:25:19
INFO  [01:26:49.449]  2026-09-10 01:25:18    2026-09-10 01:25:18     2026-09-10 01:25:18
INFO  [01:26:49.449]  2026-09-10 01:25:22    2026-09-10 01:25:22     2026-09-10 01:25:22
INFO  [01:26:49.449]  2026-09-10 01:25:20    2026-09-10 01:25:20     2026-09-10 01:25:20
INFO  [01:26:49.449]  2026-09-10 01:25:23    2026-09-10 01:25:23     2026-09-10 01:25:23
INFO  [01:26:49.449]  2026-09-10 01:25:26    2026-09-10 01:25:27     2026-09-10 01:25:27
INFO  [01:26:49.449]  2026-09-10 01:25:24    2026-09-10 01:25:24     2026-09-10 01:25:24
INFO  [01:26:49.449]  2026-09-10 01:25:21    2026-09-10 01:25:21     2026-09-10 01:25:21
INFO  [01:26:49.449]  2026-09-10 01:25:24    2026-09-10 01:25:25     2026-09-10 01:25:25
INFO  [01:26:49.449]  2026-09-10 01:25:25    2026-09-10 01:25:26     2026-09-10 01:25:26
INFO  [01:26:49.449]  2026-09-10 01:25:27    2026-09-10 01:25:27     2026-09-10 01:25:27
INFO  [01:26:49.449]  2026-09-10 01:25:28    2026-09-10 01:25:28     2026-09-10 01:25:28
INFO  [01:26:49.449]  2026-09-10 01:25:31    2026-09-10 01:25:31     2026-09-10 01:25:31
INFO  [01:26:49.449]  2026-09-10 01:25:29    2026-09-10 01:25:29     2026-09-10 01:25:29
INFO  [01:26:49.449]  2026-09-10 01:25:32    2026-09-10 01:25:32     2026-09-10 01:25:32
INFO  [01:26:49.449]  2026-09-10 01:25:33    2026-09-10 01:25:34     2026-09-10 01:25:34
INFO  [01:26:49.449]  2026-09-10 01:25:34    2026-09-10 01:25:35     2026-09-10 01:25:35
INFO  [01:26:49.449]  2026-09-10 01:25:30    2026-09-10 01:25:30     2026-09-10 01:25:30
INFO  [01:26:49.449]  2026-09-10 01:25:33    2026-09-10 01:25:33     2026-09-10 01:25:33
INFO  [01:26:49.449]  2026-09-10 01:25:35    2026-09-10 01:25:36     2026-09-10 01:25:36
INFO  [01:26:49.449]  2026-09-10 01:25:39    2026-09-10 01:25:39     2026-09-10 01:25:39
INFO  [01:26:49.449]  2026-09-10 01:25:36    2026-09-10 01:25:36     2026-09-10 01:25:36
INFO  [01:26:49.449]  2026-09-10 01:25:40    2026-09-10 01:25:40     2026-09-10 01:25:40
INFO  [01:26:49.449]  2026-09-10 01:25:38    2026-09-10 01:25:38     2026-09-10 01:25:38
INFO  [01:26:49.449]  2026-09-10 01:25:37    2026-09-10 01:25:37     2026-09-10 01:25:37
INFO  [01:26:49.449]  2026-09-10 01:25:42    2026-09-10 01:25:42     2026-09-10 01:25:42
INFO  [01:26:49.449]  2026-09-10 01:25:43    2026-09-10 01:25:43     2026-09-10 01:25:43
INFO  [01:26:49.449]  2026-09-10 01:25:45    2026-09-10 01:25:45     2026-09-10 01:25:45
INFO  [01:26:49.449]  2026-09-10 01:25:41    2026-09-10 01:25:41     2026-09-10 01:25:41
INFO  [01:26:49.449]  2026-09-10 01:25:44    2026-09-10 01:25:44     2026-09-10 01:25:44
INFO  [01:26:49.449]  2026-09-10 01:25:47    2026-09-10 01:25:47     2026-09-10 01:25:47
INFO  [01:26:49.449]  2026-09-10 01:25:46    2026-09-10 01:25:46     2026-09-10 01:25:46
INFO  [01:26:49.449]  2026-09-10 01:25:48    2026-09-10 01:25:48     2026-09-10 01:25:48
INFO  [01:26:49.449]  2026-09-10 01:25:49    2026-09-10 01:25:49     2026-09-10 01:25:49
INFO  [01:26:49.449]  2026-09-10 01:25:51    2026-09-10 01:25:51     2026-09-10 01:25:51
INFO  [01:26:49.449]  2026-09-10 01:25:52    2026-09-10 01:25:52     2026-09-10 01:25:52
INFO  [01:26:49.449]  2026-09-10 01:25:50    2026-09-10 01:25:50     2026-09-10 01:25:50
INFO  [01:26:49.449]  2026-09-10 01:25:53    2026-09-10 01:25:53     2026-09-10 01:25:53
INFO  [01:26:49.449]  2026-09-10 01:25:54    2026-09-10 01:25:55     2026-09-10 01:25:55
INFO  [01:26:49.449]  2026-09-10 01:25:55    2026-09-10 01:25:56     2026-09-10 01:25:56
INFO  [01:26:49.449]  2026-09-10 01:25:56    2026-09-10 01:25:57     2026-09-10 01:25:57
INFO  [01:26:49.449]  2026-09-10 01:25:58    2026-09-10 01:25:58     2026-09-10 01:25:58
INFO  [01:26:49.449]  2026-09-10 01:25:59    2026-09-10 01:25:59     2026-09-10 01:25:59
INFO  [01:26:49.449]  2026-09-10 01:25:54    2026-09-10 01:25:54     2026-09-10 01:25:54
INFO  [01:26:49.449]  2026-09-10 01:25:57    2026-09-10 01:25:58     2026-09-10 01:25:58
INFO  [01:26:49.449]  2026-09-10 01:26:01    2026-09-10 01:26:01     2026-09-10 01:26:01
INFO  [01:26:49.449]  2026-09-10 01:26:00    2026-09-10 01:26:00     2026-09-10 01:26:00
INFO  [01:26:49.449]  2026-09-10 01:26:03    2026-09-10 01:26:03     2026-09-10 01:26:03
INFO  [01:26:49.449]  2026-09-10 01:26:02    2026-09-10 01:26:02     2026-09-10 01:26:02
INFO  [01:26:49.449]  2026-09-10 01:26:05    2026-09-10 01:26:05     2026-09-10 01:26:05
INFO  [01:26:49.449]  2026-09-10 01:26:07    2026-09-10 01:26:07     2026-09-10 01:26:07
INFO  [01:26:49.449]  2026-09-10 01:26:06    2026-09-10 01:26:06     2026-09-10 01:26:06
INFO  [01:26:49.449]  2026-09-10 01:26:08    2026-09-10 01:26:08     2026-09-10 01:26:08
INFO  [01:26:49.449]  2026-09-10 01:26:12    2026-09-10 01:26:12     2026-09-10 01:26:12
INFO  [01:26:49.449]  2026-09-10 01:26:04    2026-09-10 01:26:04     2026-09-10 01:26:04
INFO  [01:26:49.449]  2026-09-10 01:26:09    2026-09-10 01:26:09     2026-09-10 01:26:09
INFO  [01:26:49.449]  2026-09-10 01:26:10    2026-09-10 01:26:10     2026-09-10 01:26:10
INFO  [01:26:49.449]  2026-09-10 01:26:11    2026-09-10 01:26:11     2026-09-10 01:26:11
INFO  [01:26:49.449]  2026-09-10 01:26:16    2026-09-10 01:26:16     2026-09-10 01:26:16
INFO  [01:26:49.449]  2026-09-10 01:26:15    2026-09-10 01:26:15     2026-09-10 01:26:15
INFO  [01:26:49.449]  2026-09-10 01:26:14    2026-09-10 01:26:14     2026-09-10 01:26:14
INFO  [01:26:49.449]  2026-09-10 01:26:16    2026-09-10 01:26:17     2026-09-10 01:26:17
INFO  [01:26:49.449]  2026-09-10 01:26:17    2026-09-10 01:26:18     2026-09-10 01:26:18
INFO  [01:26:49.449]  2026-09-10 01:26:18    2026-09-10 01:26:19     2026-09-10 01:26:19
INFO  [01:26:49.449]  2026-09-10 01:26:13    2026-09-10 01:26:13     2026-09-10 01:26:13
INFO  [01:26:49.449]  2026-09-10 01:26:19    2026-09-10 01:26:20     2026-09-10 01:26:20
INFO  [01:26:49.449]  2026-09-10 01:26:20    2026-09-10 01:26:21     2026-09-10 01:26:21
INFO  [01:26:49.449]  2026-09-10 01:26:22    2026-09-10 01:26:22     2026-09-10 01:26:22
INFO  [01:26:49.449]  2026-09-10 01:26:21    2026-09-10 01:26:22     2026-09-10 01:26:22
INFO  [01:26:49.449]  2026-09-10 01:26:24    2026-09-10 01:26:24     2026-09-10 01:26:24
INFO  [01:26:49.449]  2026-09-10 01:26:23    2026-09-10 01:26:23     2026-09-10 01:26:23
INFO  [01:26:49.449]  2026-09-10 01:26:25    2026-09-10 01:26:25     2026-09-10 01:26:25
INFO  [01:26:49.449]  2026-09-10 01:26:26    2026-09-10 01:26:26     2026-09-10 01:26:26
INFO  [01:26:49.449]  2026-09-10 01:26:27    2026-09-10 01:26:27     2026-09-10 01:26:27
INFO  [01:26:49.449]  2026-09-10 01:26:29    2026-09-10 01:26:29     2026-09-10 01:26:29
INFO  [01:26:49.449]  2026-09-10 01:26:32    2026-09-10 01:26:32     2026-09-10 01:26:32
INFO  [01:26:49.449]  2026-09-10 01:26:28    2026-09-10 01:26:28     2026-09-10 01:26:28
INFO  [01:26:49.449]  2026-09-10 01:26:30    2026-09-10 01:26:30     2026-09-10 01:26:30
INFO  [01:26:49.449]  2026-09-10 01:26:31    2026-09-10 01:26:31     2026-09-10 01:26:31
INFO  [01:26:49.449]  2026-09-10 01:26:33    2026-09-10 01:26:33     2026-09-10 01:26:33
INFO  [01:26:49.449]  2026-09-10 01:26:34    2026-09-10 01:26:34     2026-09-10 01:26:34
INFO  [01:26:49.449]  2026-09-10 01:26:36    2026-09-10 01:26:36     2026-09-10 01:26:36
INFO  [01:26:49.449]  2026-09-10 01:26:37    2026-09-10 01:26:37     2026-09-10 01:26:37
INFO  [01:26:49.449]  2026-09-10 01:26:35    2026-09-10 01:26:35     2026-09-10 01:26:35
INFO  [01:26:49.449]  2026-09-10 01:26:39    2026-09-10 01:26:39     2026-09-10 01:26:39
INFO  [01:26:49.449]  2026-09-10 01:26:40    2026-09-10 01:26:40     2026-09-10 01:26:40
INFO  [01:26:49.449]  timestamp_surrogate timestamp_acq_function timestamp_acq_optimizer
INFO  [01:26:49.449]       timestamp_loop
INFO  [01:26:49.449]  2026-09-10 01:23:54
INFO  [01:26:49.449]  2026-09-10 01:23:50
INFO  [01:26:49.449]  2026-09-10 01:23:49
INFO  [01:26:49.449]  2026-09-10 01:23:56
INFO  [01:26:49.449]  2026-09-10 01:23:53
INFO  [01:26:49.449]  2026-09-10 01:23:56
INFO  [01:26:49.449]  2026-09-10 01:23:51
INFO  [01:26:49.449]  2026-09-10 01:24:02
INFO  [01:26:49.449]  2026-09-10 01:24:00
INFO  [01:26:49.449]  2026-09-10 01:23:58
INFO  [01:26:49.449]  2026-09-10 01:23:52
INFO  [01:26:49.449]  2026-09-10 01:24:03
INFO  [01:26:49.449]  2026-09-10 01:23:59
INFO  [01:26:49.449]  2026-09-10 01:23:53
INFO  [01:26:49.449]  2026-09-10 01:24:08
INFO  [01:26:49.449]  2026-09-10 01:23:57
INFO  [01:26:49.449]  2026-09-10 01:24:10
INFO  [01:26:49.449]  2026-09-10 01:24:05
INFO  [01:26:49.449]  2026-09-10 01:24:07
INFO  [01:26:49.449]  2026-09-10 01:24:04
INFO  [01:26:49.449]  2026-09-10 01:24:09
INFO  [01:26:49.449]  2026-09-10 01:24:11
INFO  [01:26:49.449]  2026-09-10 01:24:08
INFO  [01:26:49.449]  2026-09-10 01:24:15
INFO  [01:26:49.449]  2026-09-10 01:24:06
INFO  [01:26:49.449]  2026-09-10 01:24:13
INFO  [01:26:49.449]  2026-09-10 01:24:12
INFO  [01:26:49.449]  2026-09-10 01:24:14
INFO  [01:26:49.449]  2026-09-10 01:24:18
INFO  [01:26:49.449]  2026-09-10 01:24:12
INFO  [01:26:49.449]  2026-09-10 01:24:16
INFO  [01:26:49.449]  2026-09-10 01:23:55
INFO  [01:26:49.449]  2026-09-10 01:24:17
INFO  [01:26:49.449]  2026-09-10 01:24:22
INFO  [01:26:49.449]  2026-09-10 01:24:04
INFO  [01:26:49.449]  2026-09-10 01:24:20
INFO  [01:26:49.449]  2026-09-10 01:24:20
INFO  [01:26:49.449]  2026-09-10 01:24:15
INFO  [01:26:49.449]  2026-09-10 01:24:24
INFO  [01:26:49.449]  2026-09-10 01:24:21
INFO  [01:26:49.449]  2026-09-10 01:24:24
INFO  [01:26:49.449]  2026-09-10 01:24:19
INFO  [01:26:49.449]  2026-09-10 01:24:26
INFO  [01:26:49.449]  2026-09-10 01:24:01
INFO  [01:26:49.449]  2026-09-10 01:24:23
INFO  [01:26:49.449]  2026-09-10 01:24:25
INFO  [01:26:49.449]  2026-09-10 01:24:29
INFO  [01:26:49.449]  2026-09-10 01:24:28
INFO  [01:26:49.449]  2026-09-10 01:24:27
INFO  [01:26:49.449]  2026-09-10 01:24:31
INFO  [01:26:49.449]  2026-09-10 01:24:30
INFO  [01:26:49.449]  2026-09-10 01:24:28
INFO  [01:26:49.449]  2026-09-10 01:24:33
INFO  [01:26:49.449]  2026-09-10 01:24:31
INFO  [01:26:49.449]  2026-09-10 01:24:32
INFO  [01:26:49.449]  2026-09-10 01:24:35
INFO  [01:26:49.449]  2026-09-10 01:24:34
INFO  [01:26:49.449]  2026-09-10 01:24:35
INFO  [01:26:49.449]  2026-09-10 01:24:39
INFO  [01:26:49.449]  2026-09-10 01:24:37
INFO  [01:26:49.449]  2026-09-10 01:24:36
INFO  [01:26:49.449]  2026-09-10 01:24:38
INFO  [01:26:49.449]  2026-09-10 01:24:41
INFO  [01:26:49.449]  2026-09-10 01:24:44
INFO  [01:26:49.449]  2026-09-10 01:24:42
INFO  [01:26:49.449]  2026-09-10 01:24:43
INFO  [01:26:49.449]  2026-09-10 01:24:46
INFO  [01:26:49.449]  2026-09-10 01:24:40
INFO  [01:26:49.449]  2026-09-10 01:24:45
INFO  [01:26:49.449]  2026-09-10 01:24:45
INFO  [01:26:49.449]  2026-09-10 01:24:39
INFO  [01:26:49.449]  2026-09-10 01:24:48
INFO  [01:26:49.449]  2026-09-10 01:24:52
INFO  [01:26:49.449]  2026-09-10 01:24:50
INFO  [01:26:49.449]  2026-09-10 01:24:49
INFO  [01:26:49.449]  2026-09-10 01:24:47
INFO  [01:26:49.449]  2026-09-10 01:24:50
INFO  [01:26:49.449]  2026-09-10 01:24:55
INFO  [01:26:49.449]  2026-09-10 01:24:54
INFO  [01:26:49.449]  2026-09-10 01:24:53
INFO  [01:26:49.449]  2026-09-10 01:24:57
INFO  [01:26:49.449]  2026-09-10 01:24:51
INFO  [01:26:49.449]  2026-09-10 01:24:55
INFO  [01:26:49.449]  2026-09-10 01:24:58
INFO  [01:26:49.449]  2026-09-10 01:24:56
INFO  [01:26:49.449]  2026-09-10 01:25:00
INFO  [01:26:49.449]  2026-09-10 01:24:59
INFO  [01:26:49.449]  2026-09-10 01:25:01
INFO  [01:26:49.449]  2026-09-10 01:25:03
INFO  [01:26:49.449]  2026-09-10 01:25:02
INFO  [01:26:49.449]  2026-09-10 01:25:04
INFO  [01:26:49.449]  2026-09-10 01:25:05
INFO  [01:26:49.449]  2026-09-10 01:25:02
INFO  [01:26:49.449]  2026-09-10 01:25:07
INFO  [01:26:49.449]  2026-09-10 01:25:08
INFO  [01:26:49.449]  2026-09-10 01:25:09
INFO  [01:26:49.449]  2026-09-10 01:25:06
INFO  [01:26:49.449]  2026-09-10 01:25:12
INFO  [01:26:49.449]  2026-09-10 01:25:11
INFO  [01:26:49.449]  2026-09-10 01:25:10
INFO  [01:26:49.449]  2026-09-10 01:25:14
INFO  [01:26:49.449]  2026-09-10 01:25:15
INFO  [01:26:49.449]  2026-09-10 01:25:13
INFO  [01:26:49.449]  2026-09-10 01:25:12
INFO  [01:26:49.449]  2026-09-10 01:25:17
INFO  [01:26:49.449]  2026-09-10 01:25:16
INFO  [01:26:49.449]  2026-09-10 01:25:18
INFO  [01:26:49.449]  2026-09-10 01:25:20
INFO  [01:26:49.449]  2026-09-10 01:25:19
INFO  [01:26:49.449]  2026-09-10 01:25:23
INFO  [01:26:49.449]  2026-09-10 01:25:21
INFO  [01:26:49.449]  2026-09-10 01:25:24
INFO  [01:26:49.449]  2026-09-10 01:25:27
INFO  [01:26:49.449]  2026-09-10 01:25:24
INFO  [01:26:49.449]  2026-09-10 01:25:22
INFO  [01:26:49.449]  2026-09-10 01:25:25
INFO  [01:26:49.449]  2026-09-10 01:25:26
INFO  [01:26:49.449]  2026-09-10 01:25:28
INFO  [01:26:49.449]  2026-09-10 01:25:29
INFO  [01:26:49.449]  2026-09-10 01:25:32
INFO  [01:26:49.449]  2026-09-10 01:25:30
INFO  [01:26:49.449]  2026-09-10 01:25:33
INFO  [01:26:49.449]  2026-09-10 01:25:34
INFO  [01:26:49.449]  2026-09-10 01:25:35
INFO  [01:26:49.449]  2026-09-10 01:25:31
INFO  [01:26:49.449]  2026-09-10 01:25:33
INFO  [01:26:49.449]  2026-09-10 01:25:36
INFO  [01:26:49.449]  2026-09-10 01:25:40
INFO  [01:26:49.449]  2026-09-10 01:25:37
INFO  [01:26:49.449]  2026-09-10 01:25:41
INFO  [01:26:49.449]  2026-09-10 01:25:39
INFO  [01:26:49.449]  2026-09-10 01:25:38
INFO  [01:26:49.449]  2026-09-10 01:25:43
INFO  [01:26:49.449]  2026-09-10 01:25:44
INFO  [01:26:49.449]  2026-09-10 01:25:46
INFO  [01:26:49.449]  2026-09-10 01:25:42
INFO  [01:26:49.449]  2026-09-10 01:25:45
INFO  [01:26:49.449]  2026-09-10 01:25:48
INFO  [01:26:49.449]  2026-09-10 01:25:47
INFO  [01:26:49.449]  2026-09-10 01:25:49
INFO  [01:26:49.449]  2026-09-10 01:25:50
INFO  [01:26:49.449]  2026-09-10 01:25:52
INFO  [01:26:49.449]  2026-09-10 01:25:53
INFO  [01:26:49.449]  2026-09-10 01:25:51
INFO  [01:26:49.449]  2026-09-10 01:25:54
INFO  [01:26:49.449]  2026-09-10 01:25:55
INFO  [01:26:49.449]  2026-09-10 01:25:56
INFO  [01:26:49.449]  2026-09-10 01:25:57
INFO  [01:26:49.449]  2026-09-10 01:25:59
INFO  [01:26:49.449]  2026-09-10 01:26:00
INFO  [01:26:49.449]  2026-09-10 01:25:54
INFO  [01:26:49.449]  2026-09-10 01:25:58
INFO  [01:26:49.449]  2026-09-10 01:26:02
INFO  [01:26:49.449]  2026-09-10 01:26:01
INFO  [01:26:49.449]  2026-09-10 01:26:04
INFO  [01:26:49.449]  2026-09-10 01:26:03
INFO  [01:26:49.449]  2026-09-10 01:26:06
INFO  [01:26:49.449]  2026-09-10 01:26:08
INFO  [01:26:49.449]  2026-09-10 01:26:07
INFO  [01:26:49.449]  2026-09-10 01:26:09
INFO  [01:26:49.449]  2026-09-10 01:26:13
INFO  [01:26:49.449]  2026-09-10 01:26:05
INFO  [01:26:49.449]  2026-09-10 01:26:10
INFO  [01:26:49.449]  2026-09-10 01:26:11
INFO  [01:26:49.449]  2026-09-10 01:26:12
INFO  [01:26:49.449]  2026-09-10 01:26:16
INFO  [01:26:49.449]  2026-09-10 01:26:16
INFO  [01:26:49.449]  2026-09-10 01:26:15
INFO  [01:26:49.449]  2026-09-10 01:26:17
INFO  [01:26:49.449]  2026-09-10 01:26:18
INFO  [01:26:49.449]  2026-09-10 01:26:19
INFO  [01:26:49.449]  2026-09-10 01:26:14
INFO  [01:26:49.449]  2026-09-10 01:26:20
INFO  [01:26:49.449]  2026-09-10 01:26:21
INFO  [01:26:49.449]  2026-09-10 01:26:23
INFO  [01:26:49.449]  2026-09-10 01:26:22
INFO  [01:26:49.449]  2026-09-10 01:26:25
INFO  [01:26:49.449]  2026-09-10 01:26:24
INFO  [01:26:49.449]  2026-09-10 01:26:26
INFO  [01:26:49.449]  2026-09-10 01:26:27
INFO  [01:26:49.449]  2026-09-10 01:26:28
INFO  [01:26:49.449]  2026-09-10 01:26:30
INFO  [01:26:49.449]  2026-09-10 01:26:33
INFO  [01:26:49.449]  2026-09-10 01:26:29
INFO  [01:26:49.449]  2026-09-10 01:26:31
INFO  [01:26:49.449]  2026-09-10 01:26:32
INFO  [01:26:49.449]  2026-09-10 01:26:34
INFO  [01:26:49.449]  2026-09-10 01:26:35
INFO  [01:26:49.449]  2026-09-10 01:26:37
INFO  [01:26:49.449]  2026-09-10 01:26:38
INFO  [01:26:49.449]  2026-09-10 01:26:36
INFO  [01:26:49.449]  2026-09-10 01:26:40
INFO  [01:26:49.449]  2026-09-10 01:26:41
INFO  [01:26:49.449]       timestamp_loop
INFO  [01:26:49.807] [mlr3] Calling train method of fallback 'regr.ranger' on task 'surrogate_task' with 302 observations {learner: <LearnerRegrRanger/LearnerRegr/Learner/R6>}
INFO  [01:26:50.803] [mlr3] Calling train method of fallback 'regr.ranger' on task 'surrogate_task' with 303 observations {learner: <LearnerRegrRanger/LearnerRegr/Learner/R6>}
INFO  [01:26:51.802] [mlr3] Calling train method of fallback 'regr.ranger' on task 'surrogate_task' with 304 observations {learner: <LearnerRegrRanger/LearnerRegr/Learner/R6>}
INFO  [01:26:52.914] [mlr3] Calling train method of fallback 'regr.ranger' on task 'surrogate_task' with 305 observations {learner: <LearnerRegrRanger/LearnerRegr/Learner/R6>}
INFO  [01:26:53.912] [mlr3] Calling train method of fallback 'regr.ranger' on task 'surrogate_task' with 305 observations {learner: <LearnerRegrRanger/LearnerRegr/Learner/R6>}
INFO  [01:26:55.003] [mlr3] Calling train method of fallback 'regr.ranger' on task 'surrogate_task' with 307 observations {learner: <LearnerRegrRanger/LearnerRegr/Learner/R6>}
INFO  [01:26:56.084] [mlr3] Calling train method of fallback 'regr.ranger' on task 'surrogate_task' with 308 observations {learner: <LearnerRegrRanger/LearnerRegr/Learner/R6>}
INFO  [01:26:57.091] [mlr3] Calling train method of fallback 'regr.ranger' on task 'surrogate_task' with 309 observations {learner: <LearnerRegrRanger/LearnerRegr/Learner/R6>}
INFO  [01:26:58.106] [mlr3] Calling train method of fallback 'regr.ranger' on task 'surrogate_task' with 310 observations {learner: <LearnerRegrRanger/LearnerRegr/Learner/R6>}
INFO  [01:26:59.082] [mlr3] Calling train method of fallback 'regr.ranger' on task 'surrogate_task' with 311 observations {learner: <LearnerRegrRanger/LearnerRegr/Learner/R6>}
INFO  [01:27:00.105] [mlr3] Calling train method of fallback 'regr.ranger' on task 'surrogate_task' with 312 observations {learner: <LearnerRegrRanger/LearnerRegr/Learner/R6>}
INFO  [01:27:01.100] [mlr3] Calling train method of fallback 'regr.ranger' on task 'surrogate_task' with 313 observations {learner: <LearnerRegrRanger/LearnerRegr/Learner/R6>}
INFO  [01:27:02.091] [mlr3] Calling train method of fallback 'regr.ranger' on task 'surrogate_task' with 314 observations {learner: <LearnerRegrRanger/LearnerRegr/Learner/R6>}
INFO  [01:27:03.098] [mlr3] Calling train method of fallback 'regr.ranger' on task 'surrogate_task' with 314 observations {learner: <LearnerRegrRanger/LearnerRegr/Learner/R6>}
INFO  [01:27:04.115] [mlr3] Calling train method of fallback 'regr.ranger' on task 'surrogate_task' with 316 observations {learner: <LearnerRegrRanger/LearnerRegr/Learner/R6>}
INFO  [01:27:05.185] [mlr3] Calling train method of fallback 'regr.ranger' on task 'surrogate_task' with 317 observations {learner: <LearnerRegrRanger/LearnerRegr/Learner/R6>}
INFO  [01:27:06.191] [mlr3] Calling train method of fallback 'regr.ranger' on task 'surrogate_task' with 317 observations {learner: <LearnerRegrRanger/LearnerRegr/Learner/R6>}
INFO  [01:27:07.219] [mlr3] Calling train method of fallback 'regr.ranger' on task 'surrogate_task' with 319 observations {learner: <LearnerRegrRanger/LearnerRegr/Learner/R6>}
INFO  [01:27:08.248] [mlr3] Calling train method of fallback 'regr.ranger' on task 'surrogate_task' with 320 observations {learner: <LearnerRegrRanger/LearnerRegr/Learner/R6>}
INFO  [01:27:09.338] [mlr3] Calling train method of fallback 'regr.ranger' on task 'surrogate_task' with 321 observations {learner: <LearnerRegrRanger/LearnerRegr/Learner/R6>}
INFO  [01:27:10.413] [mlr3] Calling train method of fallback 'regr.ranger' on task 'surrogate_task' with 322 observations {learner: <LearnerRegrRanger/LearnerRegr/Learner/R6>}
INFO  [01:27:11.457] [mlr3] Calling train method of fallback 'regr.ranger' on task 'surrogate_task' with 323 observations {learner: <LearnerRegrRanger/LearnerRegr/Learner/R6>}
INFO  [01:27:12.861] [mlr3] Calling train method of fallback 'regr.ranger' on task 'surrogate_task' with 324 observations {learner: <LearnerRegrRanger/LearnerRegr/Learner/R6>}
INFO  [01:27:13.900] [mlr3] Calling train method of fallback 'regr.ranger' on task 'surrogate_task' with 325 observations {learner: <LearnerRegrRanger/LearnerRegr/Learner/R6>}
INFO  [01:27:14.930] [mlr3] Calling train method of fallback 'regr.ranger' on task 'surrogate_task' with 326 observations {learner: <LearnerRegrRanger/LearnerRegr/Learner/R6>}
INFO  [01:27:15.949] [mlr3] Calling train method of fallback 'regr.ranger' on task 'surrogate_task' with 327 observations {learner: <LearnerRegrRanger/LearnerRegr/Learner/R6>}
INFO  [01:27:16.989] [mlr3] Calling train method of fallback 'regr.ranger' on task 'surrogate_task' with 328 observations {learner: <LearnerRegrRanger/LearnerRegr/Learner/R6>}
INFO  [01:27:18.038] [mlr3] Calling train method of fallback 'regr.ranger' on task 'surrogate_task' with 329 observations {learner: <LearnerRegrRanger/LearnerRegr/Learner/R6>}
INFO  [01:27:19.143] [mlr3] Calling train method of fallback 'regr.ranger' on task 'surrogate_task' with 330 observations {learner: <LearnerRegrRanger/LearnerRegr/Learner/R6>}
INFO  [01:27:20.230] [mlr3] Calling train method of fallback 'regr.ranger' on task 'surrogate_task' with 331 observations {learner: <LearnerRegrRanger/LearnerRegr/Learner/R6>}
INFO  [01:27:21.224] [mlr3] Calling train method of fallback 'regr.ranger' on task 'surrogate_task' with 332 observations {learner: <LearnerRegrRanger/LearnerRegr/Learner/R6>}
INFO  [01:27:22.248] [mlr3] Calling train method of fallback 'regr.ranger' on task 'surrogate_task' with 333 observations {learner: <LearnerRegrRanger/LearnerRegr/Learner/R6>}
INFO  [01:27:23.308] [mlr3] Calling train method of fallback 'regr.ranger' on task 'surrogate_task' with 334 observations {learner: <LearnerRegrRanger/LearnerRegr/Learner/R6>}
INFO  [01:27:24.401] [mlr3] Calling train method of fallback 'regr.ranger' on task 'surrogate_task' with 335 observations {learner: <LearnerRegrRanger/LearnerRegr/Learner/R6>}
INFO  [01:27:25.468] [mlr3] Calling train method of fallback 'regr.ranger' on task 'surrogate_task' with 336 observations {learner: <LearnerRegrRanger/LearnerRegr/Learner/R6>}
INFO  [01:27:26.533] [mlr3] Calling train method of fallback 'regr.ranger' on task 'surrogate_task' with 337 observations {learner: <LearnerRegrRanger/LearnerRegr/Learner/R6>}
INFO  [01:27:27.615] [mlr3] Calling train method of fallback 'regr.ranger' on task 'surrogate_task' with 338 observations {learner: <LearnerRegrRanger/LearnerRegr/Learner/R6>}
INFO  [01:27:28.685] [mlr3] Calling train method of fallback 'regr.ranger' on task 'surrogate_task' with 339 observations {learner: <LearnerRegrRanger/LearnerRegr/Learner/R6>}
INFO  [01:27:29.806] [mlr3] Calling train method of fallback 'regr.ranger' on task 'surrogate_task' with 340 observations {learner: <LearnerRegrRanger/LearnerRegr/Learner/R6>}
INFO  [01:27:30.942] [mlr3] Calling train method of fallback 'regr.ranger' on task 'surrogate_task' with 341 observations {learner: <LearnerRegrRanger/LearnerRegr/Learner/R6>}
INFO  [01:27:32.049] [mlr3] Calling train method of fallback 'regr.ranger' on task 'surrogate_task' with 342 observations {learner: <LearnerRegrRanger/LearnerRegr/Learner/R6>}
INFO  [01:27:33.102] [mlr3] Calling train method of fallback 'regr.ranger' on task 'surrogate_task' with 343 observations {learner: <LearnerRegrRanger/LearnerRegr/Learner/R6>}
INFO  [01:27:34.175] [mlr3] Calling train method of fallback 'regr.ranger' on task 'surrogate_task' with 344 observations {learner: <LearnerRegrRanger/LearnerRegr/Learner/R6>}
INFO  [01:27:35.327] [mlr3] Calling train method of fallback 'regr.ranger' on task 'surrogate_task' with 345 observations {learner: <LearnerRegrRanger/LearnerRegr/Learner/R6>}
INFO  [01:27:36.412] [mlr3] Calling train method of fallback 'regr.ranger' on task 'surrogate_task' with 346 observations {learner: <LearnerRegrRanger/LearnerRegr/Learner/R6>}
INFO  [01:27:37.582] [mlr3] Calling train method of fallback 'regr.ranger' on task 'surrogate_task' with 347 observations {learner: <LearnerRegrRanger/LearnerRegr/Learner/R6>}
INFO  [01:27:38.825] [mlr3] Calling train method of fallback 'regr.ranger' on task 'surrogate_task' with 348 observations {learner: <LearnerRegrRanger/LearnerRegr/Learner/R6>}
INFO  [01:27:39.983] [mlr3] Calling train method of fallback 'regr.ranger' on task 'surrogate_task' with 349 observations {learner: <LearnerRegrRanger/LearnerRegr/Learner/R6>}
INFO  [01:27:41.145] [mlr3] Calling train method of fallback 'regr.ranger' on task 'surrogate_task' with 350 observations {learner: <LearnerRegrRanger/LearnerRegr/Learner/R6>}
INFO  [01:27:42.222] [mlr3] Calling train method of fallback 'regr.ranger' on task 'surrogate_task' with 351 observations {learner: <LearnerRegrRanger/LearnerRegr/Learner/R6>}
INFO  [01:27:43.370] [mlr3] Calling train method of fallback 'regr.ranger' on task 'surrogate_task' with 352 observations {learner: <LearnerRegrRanger/LearnerRegr/Learner/R6>}
INFO  [01:27:44.459] [mlr3] Calling train method of fallback 'regr.ranger' on task 'surrogate_task' with 353 observations {learner: <LearnerRegrRanger/LearnerRegr/Learner/R6>}
INFO  [01:27:45.597] [mlr3] Calling train method of fallback 'regr.ranger' on task 'surrogate_task' with 354 observations {learner: <LearnerRegrRanger/LearnerRegr/Learner/R6>}
INFO  [01:27:46.736] [mlr3] Calling train method of fallback 'regr.ranger' on task 'surrogate_task' with 355 observations {learner: <LearnerRegrRanger/LearnerRegr/Learner/R6>}
INFO  [01:27:47.871] [mlr3] Calling train method of fallback 'regr.ranger' on task 'surrogate_task' with 356 observations {learner: <LearnerRegrRanger/LearnerRegr/Learner/R6>}
INFO  [01:27:48.959] [mlr3] Calling train method of fallback 'regr.ranger' on task 'surrogate_task' with 357 observations {learner: <LearnerRegrRanger/LearnerRegr/Learner/R6>}
INFO  [01:27:50.094] [mlr3] Calling train method of fallback 'regr.ranger' on task 'surrogate_task' with 358 observations {learner: <LearnerRegrRanger/LearnerRegr/Learner/R6>}
INFO  [01:27:51.316] [mlr3] Calling train method of fallback 'regr.ranger' on task 'surrogate_task' with 359 observations {learner: <LearnerRegrRanger/LearnerRegr/Learner/R6>}
INFO  [01:27:52.506] [mlr3] Calling train method of fallback 'regr.ranger' on task 'surrogate_task' with 360 observations {learner: <LearnerRegrRanger/LearnerRegr/Learner/R6>}
INFO  [01:27:53.598] [mlr3] Calling train method of fallback 'regr.ranger' on task 'surrogate_task' with 361 observations {learner: <LearnerRegrRanger/LearnerRegr/Learner/R6>}
INFO  [01:27:54.681] [mlr3] Calling train method of fallback 'regr.ranger' on task 'surrogate_task' with 362 observations {learner: <LearnerRegrRanger/LearnerRegr/Learner/R6>}
INFO  [01:27:55.865] [mlr3] Calling train method of fallback 'regr.ranger' on task 'surrogate_task' with 363 observations {learner: <LearnerRegrRanger/LearnerRegr/Learner/R6>}
INFO  [01:27:56.971] [mlr3] Calling train method of fallback 'regr.ranger' on task 'surrogate_task' with 364 observations {learner: <LearnerRegrRanger/LearnerRegr/Learner/R6>}
INFO  [01:27:58.178] [mlr3] Calling train method of fallback 'regr.ranger' on task 'surrogate_task' with 365 observations {learner: <LearnerRegrRanger/LearnerRegr/Learner/R6>}
INFO  [01:27:59.335] [mlr3] Calling train method of fallback 'regr.ranger' on task 'surrogate_task' with 366 observations {learner: <LearnerRegrRanger/LearnerRegr/Learner/R6>}
INFO  [01:28:00.481] [mlr3] Calling train method of fallback 'regr.ranger' on task 'surrogate_task' with 367 observations {learner: <LearnerRegrRanger/LearnerRegr/Learner/R6>}
INFO  [01:28:01.613] [mlr3] Calling train method of fallback 'regr.ranger' on task 'surrogate_task' with 368 observations {learner: <LearnerRegrRanger/LearnerRegr/Learner/R6>}
INFO  [01:28:02.760] [mlr3] Calling train method of fallback 'regr.ranger' on task 'surrogate_task' with 369 observations {learner: <LearnerRegrRanger/LearnerRegr/Learner/R6>}
INFO  [01:28:03.937] [mlr3] Calling train method of fallback 'regr.ranger' on task 'surrogate_task' with 370 observations {learner: <LearnerRegrRanger/LearnerRegr/Learner/R6>}
INFO  [01:28:05.066] [mlr3] Calling train method of fallback 'regr.ranger' on task 'surrogate_task' with 371 observations {learner: <LearnerRegrRanger/LearnerRegr/Learner/R6>}
INFO  [01:28:06.168] [mlr3] Calling train method of fallback 'regr.ranger' on task 'surrogate_task' with 372 observations {learner: <LearnerRegrRanger/LearnerRegr/Learner/R6>}
INFO  [01:28:07.333] [mlr3] Calling train method of fallback 'regr.ranger' on task 'surrogate_task' with 373 observations {learner: <LearnerRegrRanger/LearnerRegr/Learner/R6>}
INFO  [01:28:08.479] [mlr3] Calling train method of fallback 'regr.ranger' on task 'surrogate_task' with 374 observations {learner: <LearnerRegrRanger/LearnerRegr/Learner/R6>}
INFO  [01:28:09.614] [mlr3] Calling train method of fallback 'regr.ranger' on task 'surrogate_task' with 375 observations {learner: <LearnerRegrRanger/LearnerRegr/Learner/R6>}
INFO  [01:28:10.875] [mlr3] Calling train method of fallback 'regr.ranger' on task 'surrogate_task' with 376 observations {learner: <LearnerRegrRanger/LearnerRegr/Learner/R6>}
INFO  [01:28:12.057] [mlr3] Calling train method of fallback 'regr.ranger' on task 'surrogate_task' with 377 observations {learner: <LearnerRegrRanger/LearnerRegr/Learner/R6>}
INFO  [01:28:13.213] [mlr3] Calling train method of fallback 'regr.ranger' on task 'surrogate_task' with 378 observations {learner: <LearnerRegrRanger/LearnerRegr/Learner/R6>}
INFO  [01:28:14.339] [mlr3] Calling train method of fallback 'regr.ranger' on task 'surrogate_task' with 379 observations {learner: <LearnerRegrRanger/LearnerRegr/Learner/R6>}
INFO  [01:28:15.482] [mlr3] Calling train method of fallback 'regr.ranger' on task 'surrogate_task' with 380 observations {learner: <LearnerRegrRanger/LearnerRegr/Learner/R6>}
INFO  [01:28:16.640] [mlr3] Calling train method of fallback 'regr.ranger' on task 'surrogate_task' with 381 observations {learner: <LearnerRegrRanger/LearnerRegr/Learner/R6>}
INFO  [01:28:17.787] [mlr3] Calling train method of fallback 'regr.ranger' on task 'surrogate_task' with 382 observations {learner: <LearnerRegrRanger/LearnerRegr/Learner/R6>}
INFO  [01:28:18.922] [mlr3] Calling train method of fallback 'regr.ranger' on task 'surrogate_task' with 383 observations {learner: <LearnerRegrRanger/LearnerRegr/Learner/R6>}
INFO  [01:28:20.511] [mlr3] Calling train method of fallback 'regr.ranger' on task 'surrogate_task' with 384 observations {learner: <LearnerRegrRanger/LearnerRegr/Learner/R6>}
INFO  [01:28:21.686] [mlr3] Calling train method of fallback 'regr.ranger' on task 'surrogate_task' with 385 observations {learner: <LearnerRegrRanger/LearnerRegr/Learner/R6>}
INFO  [01:28:22.861] [mlr3] Calling train method of fallback 'regr.ranger' on task 'surrogate_task' with 386 observations {learner: <LearnerRegrRanger/LearnerRegr/Learner/R6>}
INFO  [01:28:24.007] [mlr3] Calling train method of fallback 'regr.ranger' on task 'surrogate_task' with 387 observations {learner: <LearnerRegrRanger/LearnerRegr/Learner/R6>}
INFO  [01:28:25.192] [mlr3] Calling train method of fallback 'regr.ranger' on task 'surrogate_task' with 388 observations {learner: <LearnerRegrRanger/LearnerRegr/Learner/R6>}
INFO  [01:28:26.318] [mlr3] Calling train method of fallback 'regr.ranger' on task 'surrogate_task' with 389 observations {learner: <LearnerRegrRanger/LearnerRegr/Learner/R6>}
INFO  [01:28:27.468] [mlr3] Calling train method of fallback 'regr.ranger' on task 'surrogate_task' with 390 observations {learner: <LearnerRegrRanger/LearnerRegr/Learner/R6>}
INFO  [01:28:28.588] [mlr3] Calling train method of fallback 'regr.ranger' on task 'surrogate_task' with 391 observations {learner: <LearnerRegrRanger/LearnerRegr/Learner/R6>}
INFO  [01:28:29.686] [mlr3] Calling train method of fallback 'regr.ranger' on task 'surrogate_task' with 392 observations {learner: <LearnerRegrRanger/LearnerRegr/Learner/R6>}
INFO  [01:28:30.860] [mlr3] Calling train method of fallback 'regr.ranger' on task 'surrogate_task' with 393 observations {learner: <LearnerRegrRanger/LearnerRegr/Learner/R6>}
INFO  [01:28:31.984] [mlr3] Calling train method of fallback 'regr.ranger' on task 'surrogate_task' with 393 observations {learner: <LearnerRegrRanger/LearnerRegr/Learner/R6>}
INFO  [01:28:33.124] [mlr3] Calling train method of fallback 'regr.ranger' on task 'surrogate_task' with 395 observations {learner: <LearnerRegrRanger/LearnerRegr/Learner/R6>}
INFO  [01:28:34.270] [mlr3] Calling train method of fallback 'regr.ranger' on task 'surrogate_task' with 396 observations {learner: <LearnerRegrRanger/LearnerRegr/Learner/R6>}
INFO  [01:28:35.443] [mlr3] Calling train method of fallback 'regr.ranger' on task 'surrogate_task' with 397 observations {learner: <LearnerRegrRanger/LearnerRegr/Learner/R6>}
INFO  [01:28:36.609] [mlr3] Calling train method of fallback 'regr.ranger' on task 'surrogate_task' with 398 observations {learner: <LearnerRegrRanger/LearnerRegr/Learner/R6>}
INFO  [01:28:37.794] [mlr3] Calling train method of fallback 'regr.ranger' on task 'surrogate_task' with 399 observations {learner: <LearnerRegrRanger/LearnerRegr/Learner/R6>}
INFO  [01:28:39.059] [mlr3] Calling train method of fallback 'regr.ranger' on task 'surrogate_task' with 400 observations {learner: <LearnerRegrRanger/LearnerRegr/Learner/R6>}
INFO  [01:28:40.274] [mlr3] Calling train method of fallback 'regr.ranger' on task 'surrogate_task' with 401 observations {learner: <LearnerRegrRanger/LearnerRegr/Learner/R6>}
INFO  [01:28:41.485] [mlr3] Calling train method of fallback 'regr.ranger' on task 'surrogate_task' with 402 observations {learner: <LearnerRegrRanger/LearnerRegr/Learner/R6>}
INFO  [01:28:42.642] [mlr3] Calling train method of fallback 'regr.ranger' on task 'surrogate_task' with 403 observations {learner: <LearnerRegrRanger/LearnerRegr/Learner/R6>}
INFO  [01:28:43.806] [mlr3] Calling train method of fallback 'regr.ranger' on task 'surrogate_task' with 404 observations {learner: <LearnerRegrRanger/LearnerRegr/Learner/R6>}
INFO  [01:28:45.027] [mlr3] Calling train method of fallback 'regr.ranger' on task 'surrogate_task' with 405 observations {learner: <LearnerRegrRanger/LearnerRegr/Learner/R6>}
INFO  [01:28:46.229] [mlr3] Calling train method of fallback 'regr.ranger' on task 'surrogate_task' with 406 observations {learner: <LearnerRegrRanger/LearnerRegr/Learner/R6>}
INFO  [01:28:47.427] [mlr3] Calling train method of fallback 'regr.ranger' on task 'surrogate_task' with 407 observations {learner: <LearnerRegrRanger/LearnerRegr/Learner/R6>}
INFO  [01:28:48.560] [mlr3] Calling train method of fallback 'regr.ranger' on task 'surrogate_task' with 407 observations {learner: <LearnerRegrRanger/LearnerRegr/Learner/R6>}
INFO  [01:28:49.753] [mlr3] Calling train method of fallback 'regr.ranger' on task 'surrogate_task' with 409 observations {learner: <LearnerRegrRanger/LearnerRegr/Learner/R6>}
INFO  [01:28:50.955] [mlr3] Calling train method of fallback 'regr.ranger' on task 'surrogate_task' with 410 observations {learner: <LearnerRegrRanger/LearnerRegr/Learner/R6>}
INFO  [01:28:52.110] [mlr3] Calling train method of fallback 'regr.ranger' on task 'surrogate_task' with 411 observations {learner: <LearnerRegrRanger/LearnerRegr/Learner/R6>}
INFO  [01:28:53.322] [mlr3] Calling train method of fallback 'regr.ranger' on task 'surrogate_task' with 412 observations {learner: <LearnerRegrRanger/LearnerRegr/Learner/R6>}
INFO  [01:28:54.514] [mlr3] Calling train method of fallback 'regr.ranger' on task 'surrogate_task' with 413 observations {learner: <LearnerRegrRanger/LearnerRegr/Learner/R6>}
INFO  [01:28:55.692] [mlr3] Calling train method of fallback 'regr.ranger' on task 'surrogate_task' with 414 observations {learner: <LearnerRegrRanger/LearnerRegr/Learner/R6>}
INFO  [01:28:57.063] [mlr3] Calling train method of fallback 'regr.ranger' on task 'surrogate_task' with 415 observations {learner: <LearnerRegrRanger/LearnerRegr/Learner/R6>}
INFO  [01:28:58.283] [mlr3] Calling train method of fallback 'regr.ranger' on task 'surrogate_task' with 416 observations {learner: <LearnerRegrRanger/LearnerRegr/Learner/R6>}
INFO  [01:28:59.492] [mlr3] Calling train method of fallback 'regr.ranger' on task 'surrogate_task' with 417 observations {learner: <LearnerRegrRanger/LearnerRegr/Learner/R6>}
INFO  [01:29:00.755] [mlr3] Calling train method of fallback 'regr.ranger' on task 'surrogate_task' with 418 observations {learner: <LearnerRegrRanger/LearnerRegr/Learner/R6>}
INFO  [01:29:02.017] [mlr3] Calling train method of fallback 'regr.ranger' on task 'surrogate_task' with 419 observations {learner: <LearnerRegrRanger/LearnerRegr/Learner/R6>}
INFO  [01:29:03.401] [mlr3] Calling train method of fallback 'regr.ranger' on task 'surrogate_task' with 420 observations {learner: <LearnerRegrRanger/LearnerRegr/Learner/R6>}
INFO  [01:29:04.658] [mlr3] Calling train method of fallback 'regr.ranger' on task 'surrogate_task' with 421 observations {learner: <LearnerRegrRanger/LearnerRegr/Learner/R6>}
INFO  [01:29:05.916] [mlr3] Calling train method of fallback 'regr.ranger' on task 'surrogate_task' with 422 observations {learner: <LearnerRegrRanger/LearnerRegr/Learner/R6>}
INFO  [01:29:07.090] [mlr3] Calling train method of fallback 'regr.ranger' on task 'surrogate_task' with 423 observations {learner: <LearnerRegrRanger/LearnerRegr/Learner/R6>}
INFO  [01:29:08.341] [mlr3] Calling train method of fallback 'regr.ranger' on task 'surrogate_task' with 424 observations {learner: <LearnerRegrRanger/LearnerRegr/Learner/R6>}
INFO  [01:29:09.556] [mlr3] Calling train method of fallback 'regr.ranger' on task 'surrogate_task' with 425 observations {learner: <LearnerRegrRanger/LearnerRegr/Learner/R6>}
INFO  [01:29:10.818] [mlr3] Calling train method of fallback 'regr.ranger' on task 'surrogate_task' with 426 observations {learner: <LearnerRegrRanger/LearnerRegr/Learner/R6>}
INFO  [01:29:12.147] [mlr3] Calling train method of fallback 'regr.ranger' on task 'surrogate_task' with 427 observations {learner: <LearnerRegrRanger/LearnerRegr/Learner/R6>}
INFO  [01:29:13.351] [mlr3] Calling train method of fallback 'regr.ranger' on task 'surrogate_task' with 428 observations {learner: <LearnerRegrRanger/LearnerRegr/Learner/R6>}
INFO  [01:29:14.564] [mlr3] Calling train method of fallback 'regr.ranger' on task 'surrogate_task' with 429 observations {learner: <LearnerRegrRanger/LearnerRegr/Learner/R6>}
INFO  [01:29:15.795] [mlr3] Calling train method of fallback 'regr.ranger' on task 'surrogate_task' with 430 observations {learner: <LearnerRegrRanger/LearnerRegr/Learner/R6>}
INFO  [01:29:17.025] [mlr3] Calling train method of fallback 'regr.ranger' on task 'surrogate_task' with 431 observations {learner: <LearnerRegrRanger/LearnerRegr/Learner/R6>}
INFO  [01:29:18.269] [mlr3] Calling train method of fallback 'regr.ranger' on task 'surrogate_task' with 432 observations {learner: <LearnerRegrRanger/LearnerRegr/Learner/R6>}
INFO  [01:29:19.580] [mlr3] Calling train method of fallback 'regr.ranger' on task 'surrogate_task' with 433 observations {learner: <LearnerRegrRanger/LearnerRegr/Learner/R6>}
INFO  [01:29:20.783] [mlr3] Calling train method of fallback 'regr.ranger' on task 'surrogate_task' with 434 observations {learner: <LearnerRegrRanger/LearnerRegr/Learner/R6>}
INFO  [01:29:22.068] [mlr3] Calling train method of fallback 'regr.ranger' on task 'surrogate_task' with 435 observations {learner: <LearnerRegrRanger/LearnerRegr/Learner/R6>}
INFO  [01:29:23.314] [mlr3] Calling train method of fallback 'regr.ranger' on task 'surrogate_task' with 436 observations {learner: <LearnerRegrRanger/LearnerRegr/Learner/R6>}
INFO  [01:29:24.661] [mlr3] Calling train method of fallback 'regr.ranger' on task 'surrogate_task' with 437 observations {learner: <LearnerRegrRanger/LearnerRegr/Learner/R6>}
INFO  [01:29:25.927] [mlr3] Calling train method of fallback 'regr.ranger' on task 'surrogate_task' with 438 observations {learner: <LearnerRegrRanger/LearnerRegr/Learner/R6>}
INFO  [01:29:27.148] [mlr3] Calling train method of fallback 'regr.ranger' on task 'surrogate_task' with 439 observations {learner: <LearnerRegrRanger/LearnerRegr/Learner/R6>}
INFO  [01:29:28.408] [mlr3] Calling train method of fallback 'regr.ranger' on task 'surrogate_task' with 440 observations {learner: <LearnerRegrRanger/LearnerRegr/Learner/R6>}
INFO  [01:29:29.627] [mlr3] Calling train method of fallback 'regr.ranger' on task 'surrogate_task' with 441 observations {learner: <LearnerRegrRanger/LearnerRegr/Learner/R6>}
INFO  [01:29:30.873] [mlr3] Calling train method of fallback 'regr.ranger' on task 'surrogate_task' with 442 observations {learner: <LearnerRegrRanger/LearnerRegr/Learner/R6>}
INFO  [01:29:32.407] [mlr3] Calling train method of fallback 'regr.ranger' on task 'surrogate_task' with 443 observations {learner: <LearnerRegrRanger/LearnerRegr/Learner/R6>}
INFO  [01:29:33.670] [mlr3] Calling train method of fallback 'regr.ranger' on task 'surrogate_task' with 444 observations {learner: <LearnerRegrRanger/LearnerRegr/Learner/R6>}
INFO  [01:29:34.914] [mlr3] Calling train method of fallback 'regr.ranger' on task 'surrogate_task' with 445 observations {learner: <LearnerRegrRanger/LearnerRegr/Learner/R6>}
INFO  [01:29:36.125] [mlr3] Calling train method of fallback 'regr.ranger' on task 'surrogate_task' with 446 observations {learner: <LearnerRegrRanger/LearnerRegr/Learner/R6>}
INFO  [01:29:37.325] [mlr3] Calling train method of fallback 'regr.ranger' on task 'surrogate_task' with 447 observations {learner: <LearnerRegrRanger/LearnerRegr/Learner/R6>}
INFO  [01:29:38.561] [mlr3] Calling train method of fallback 'regr.ranger' on task 'surrogate_task' with 448 observations {learner: <LearnerRegrRanger/LearnerRegr/Learner/R6>}
INFO  [01:29:39.809] [mlr3] Calling train method of fallback 'regr.ranger' on task 'surrogate_task' with 449 observations {learner: <LearnerRegrRanger/LearnerRegr/Learner/R6>}
INFO  [01:29:41.076] [mlr3] Calling train method of fallback 'regr.ranger' on task 'surrogate_task' with 450 observations {learner: <LearnerRegrRanger/LearnerRegr/Learner/R6>}
INFO  [01:29:42.260] [mlr3] Calling train method of fallback 'regr.ranger' on task 'surrogate_task' with 451 observations {learner: <LearnerRegrRanger/LearnerRegr/Learner/R6>}
INFO  [01:29:43.472] [mlr3] Calling train method of fallback 'regr.ranger' on task 'surrogate_task' with 452 observations {learner: <LearnerRegrRanger/LearnerRegr/Learner/R6>}
INFO  [01:29:44.677] [mlr3] Calling train method of fallback 'regr.ranger' on task 'surrogate_task' with 452 observations {learner: <LearnerRegrRanger/LearnerRegr/Learner/R6>}
INFO  [01:29:45.922] [mlr3] Calling train method of fallback 'regr.ranger' on task 'surrogate_task' with 454 observations {learner: <LearnerRegrRanger/LearnerRegr/Learner/R6>}
INFO  [01:29:47.112] [mlr3] Calling train method of fallback 'regr.ranger' on task 'surrogate_task' with 455 observations {learner: <LearnerRegrRanger/LearnerRegr/Learner/R6>}
INFO  [01:29:48.319] [mlr3] Calling train method of fallback 'regr.ranger' on task 'surrogate_task' with 456 observations {learner: <LearnerRegrRanger/LearnerRegr/Learner/R6>}
INFO  [01:29:49.649] [mlr3] Calling train method of fallback 'regr.ranger' on task 'surrogate_task' with 457 observations {learner: <LearnerRegrRanger/LearnerRegr/Learner/R6>}
INFO  [01:29:50.901] [mlr3] Calling train method of fallback 'regr.ranger' on task 'surrogate_task' with 458 observations {learner: <LearnerRegrRanger/LearnerRegr/Learner/R6>}
INFO  [01:29:52.111] [mlr3] Calling train method of fallback 'regr.ranger' on task 'surrogate_task' with 459 observations {learner: <LearnerRegrRanger/LearnerRegr/Learner/R6>}
INFO  [01:29:53.329] [mlr3] Calling train method of fallback 'regr.ranger' on task 'surrogate_task' with 459 observations {learner: <LearnerRegrRanger/LearnerRegr/Learner/R6>}
INFO  [01:29:54.551] [mlr3] Calling train method of fallback 'regr.ranger' on task 'surrogate_task' with 461 observations {learner: <LearnerRegrRanger/LearnerRegr/Learner/R6>}
INFO  [01:29:55.770] [mlr3] Calling train method of fallback 'regr.ranger' on task 'surrogate_task' with 462 observations {learner: <LearnerRegrRanger/LearnerRegr/Learner/R6>}
INFO  [01:29:56.994] [mlr3] Calling train method of fallback 'regr.ranger' on task 'surrogate_task' with 463 observations {learner: <LearnerRegrRanger/LearnerRegr/Learner/R6>}
INFO  [01:29:58.188] [mlr3] Calling train method of fallback 'regr.ranger' on task 'surrogate_task' with 464 observations {learner: <LearnerRegrRanger/LearnerRegr/Learner/R6>}
INFO  [01:29:59.438] [mlr3] Calling train method of fallback 'regr.ranger' on task 'surrogate_task' with 465 observations {learner: <LearnerRegrRanger/LearnerRegr/Learner/R6>}
INFO  [01:30:00.646] [mlr3] Calling train method of fallback 'regr.ranger' on task 'surrogate_task' with 466 observations {learner: <LearnerRegrRanger/LearnerRegr/Learner/R6>}
INFO  [01:30:01.894] [mlr3] Calling train method of fallback 'regr.ranger' on task 'surrogate_task' with 466 observations {learner: <LearnerRegrRanger/LearnerRegr/Learner/R6>}
INFO  [01:30:03.123] [mlr3] Calling train method of fallback 'regr.ranger' on task 'surrogate_task' with 468 observations {learner: <LearnerRegrRanger/LearnerRegr/Learner/R6>}
INFO  [01:30:04.372] [mlr3] Calling train method of fallback 'regr.ranger' on task 'surrogate_task' with 469 observations {learner: <LearnerRegrRanger/LearnerRegr/Learner/R6>}
INFO  [01:30:05.622] [mlr3] Calling train method of fallback 'regr.ranger' on task 'surrogate_task' with 470 observations {learner: <LearnerRegrRanger/LearnerRegr/Learner/R6>}
INFO  [01:30:06.846] [mlr3] Calling train method of fallback 'regr.ranger' on task 'surrogate_task' with 471 observations {learner: <LearnerRegrRanger/LearnerRegr/Learner/R6>}
INFO  [01:30:08.095] [mlr3] Calling train method of fallback 'regr.ranger' on task 'surrogate_task' with 472 observations {learner: <LearnerRegrRanger/LearnerRegr/Learner/R6>}
INFO  [01:30:09.374] [mlr3] Calling train method of fallback 'regr.ranger' on task 'surrogate_task' with 473 observations {learner: <LearnerRegrRanger/LearnerRegr/Learner/R6>}
INFO  [01:30:10.663] [mlr3] Calling train method of fallback 'regr.ranger' on task 'surrogate_task' with 474 observations {learner: <LearnerRegrRanger/LearnerRegr/Learner/R6>}
INFO  [01:30:11.906] [mlr3] Calling train method of fallback 'regr.ranger' on task 'surrogate_task' with 475 observations {learner: <LearnerRegrRanger/LearnerRegr/Learner/R6>}
INFO  [01:30:13.213] [mlr3] Calling train method of fallback 'regr.ranger' on task 'surrogate_task' with 476 observations {learner: <LearnerRegrRanger/LearnerRegr/Learner/R6>}
INFO  [01:30:14.431] [mlr3] Calling train method of fallback 'regr.ranger' on task 'surrogate_task' with 477 observations {learner: <LearnerRegrRanger/LearnerRegr/Learner/R6>}
INFO  [01:30:15.698] [mlr3] Calling train method of fallback 'regr.ranger' on task 'surrogate_task' with 478 observations {learner: <LearnerRegrRanger/LearnerRegr/Learner/R6>}
INFO  [01:30:16.985] [mlr3] Calling train method of fallback 'regr.ranger' on task 'surrogate_task' with 479 observations {learner: <LearnerRegrRanger/LearnerRegr/Learner/R6>}
INFO  [01:30:18.213] [mlr3] Calling train method of fallback 'regr.ranger' on task 'surrogate_task' with 480 observations {learner: <LearnerRegrRanger/LearnerRegr/Learner/R6>}
INFO  [01:30:19.518] [mlr3] Calling train method of fallback 'regr.ranger' on task 'surrogate_task' with 481 observations {learner: <LearnerRegrRanger/LearnerRegr/Learner/R6>}
INFO  [01:30:20.809] [mlr3] Calling train method of fallback 'regr.ranger' on task 'surrogate_task' with 482 observations {learner: <LearnerRegrRanger/LearnerRegr/Learner/R6>}
INFO  [01:30:22.091] [mlr3] Calling train method of fallback 'regr.ranger' on task 'surrogate_task' with 483 observations {learner: <LearnerRegrRanger/LearnerRegr/Learner/R6>}
INFO  [01:30:23.390] [mlr3] Calling train method of fallback 'regr.ranger' on task 'surrogate_task' with 484 observations {learner: <LearnerRegrRanger/LearnerRegr/Learner/R6>}
INFO  [01:30:24.704] [mlr3] Calling train method of fallback 'regr.ranger' on task 'surrogate_task' with 485 observations {learner: <LearnerRegrRanger/LearnerRegr/Learner/R6>}
INFO  [01:30:25.976] [mlr3] Calling train method of fallback 'regr.ranger' on task 'surrogate_task' with 486 observations {learner: <LearnerRegrRanger/LearnerRegr/Learner/R6>}
INFO  [01:30:27.297] [mlr3] Calling train method of fallback 'regr.ranger' on task 'surrogate_task' with 487 observations {learner: <LearnerRegrRanger/LearnerRegr/Learner/R6>}
INFO  [01:30:28.610] [mlr3] Calling train method of fallback 'regr.ranger' on task 'surrogate_task' with 488 observations {learner: <LearnerRegrRanger/LearnerRegr/Learner/R6>}
INFO  [01:30:29.906] [mlr3] Calling train method of fallback 'regr.ranger' on task 'surrogate_task' with 489 observations {learner: <LearnerRegrRanger/LearnerRegr/Learner/R6>}
INFO  [01:30:31.208] [mlr3] Calling train method of fallback 'regr.ranger' on task 'surrogate_task' with 490 observations {learner: <LearnerRegrRanger/LearnerRegr/Learner/R6>}
INFO  [01:30:32.543] [mlr3] Calling train method of fallback 'regr.ranger' on task 'surrogate_task' with 491 observations {learner: <LearnerRegrRanger/LearnerRegr/Learner/R6>}
INFO  [01:30:33.838] [mlr3] Calling train method of fallback 'regr.ranger' on task 'surrogate_task' with 492 observations {learner: <LearnerRegrRanger/LearnerRegr/Learner/R6>}
INFO  [01:30:35.100] [mlr3] Calling train method of fallback 'regr.ranger' on task 'surrogate_task' with 493 observations {learner: <LearnerRegrRanger/LearnerRegr/Learner/R6>}
INFO  [01:30:36.406] [mlr3] Calling train method of fallback 'regr.ranger' on task 'surrogate_task' with 494 observations {learner: <LearnerRegrRanger/LearnerRegr/Learner/R6>}
INFO  [01:30:37.671] [mlr3] Calling train method of fallback 'regr.ranger' on task 'surrogate_task' with 494 observations {learner: <LearnerRegrRanger/LearnerRegr/Learner/R6>}
INFO  [01:30:39.338] [mlr3] Calling train method of fallback 'regr.ranger' on task 'surrogate_task' with 496 observations {learner: <LearnerRegrRanger/LearnerRegr/Learner/R6>}
INFO  [01:30:40.605] [mlr3] Calling train method of fallback 'regr.ranger' on task 'surrogate_task' with 497 observations {learner: <LearnerRegrRanger/LearnerRegr/Learner/R6>}
INFO  [01:30:41.866] [mlr3] Calling train method of fallback 'regr.ranger' on task 'surrogate_task' with 497 observations {learner: <LearnerRegrRanger/LearnerRegr/Learner/R6>}
INFO  [01:30:43.153] [mlr3] Calling train method of fallback 'regr.ranger' on task 'surrogate_task' with 499 observations {learner: <LearnerRegrRanger/LearnerRegr/Learner/R6>}
INFO  [01:30:44.449] [mlr3] Calling train method of fallback 'regr.ranger' on task 'surrogate_task' with 499 observations {learner: <LearnerRegrRanger/LearnerRegr/Learner/R6>}
INFO  [01:30:45.783] [mlr3] Calling train method of fallback 'regr.ranger' on task 'surrogate_task' with 501 observations {learner: <LearnerRegrRanger/LearnerRegr/Learner/R6>}
INFO  [01:30:47.081] [mlr3] Calling train method of fallback 'regr.ranger' on task 'surrogate_task' with 502 observations {learner: <LearnerRegrRanger/LearnerRegr/Learner/R6>}
INFO  [01:30:48.483] [mlr3] Calling train method of fallback 'regr.ranger' on task 'surrogate_task' with 503 observations {learner: <LearnerRegrRanger/LearnerRegr/Learner/R6>}
INFO  [01:30:49.855] [mlr3] Calling train method of fallback 'regr.ranger' on task 'surrogate_task' with 504 observations {learner: <LearnerRegrRanger/LearnerRegr/Learner/R6>}
INFO  [01:30:51.201] [mlr3] Calling train method of fallback 'regr.ranger' on task 'surrogate_task' with 505 observations {learner: <LearnerRegrRanger/LearnerRegr/Learner/R6>}
INFO  [01:30:52.571] [mlr3] Calling train method of fallback 'regr.ranger' on task 'surrogate_task' with 506 observations {learner: <LearnerRegrRanger/LearnerRegr/Learner/R6>}
INFO  [01:30:53.992] [mlr3] Calling train method of fallback 'regr.ranger' on task 'surrogate_task' with 507 observations {learner: <LearnerRegrRanger/LearnerRegr/Learner/R6>}
INFO  [01:30:55.351] [mlr3] Calling train method of fallback 'regr.ranger' on task 'surrogate_task' with 508 observations {learner: <LearnerRegrRanger/LearnerRegr/Learner/R6>}
INFO  [01:30:56.733] [mlr3] Calling train method of fallback 'regr.ranger' on task 'surrogate_task' with 509 observations {learner: <LearnerRegrRanger/LearnerRegr/Learner/R6>}
INFO  [01:30:58.035] [mlr3] Calling train method of fallback 'regr.ranger' on task 'surrogate_task' with 510 observations {learner: <LearnerRegrRanger/LearnerRegr/Learner/R6>}
INFO  [01:30:59.420] [mlr3] Calling train method of fallback 'regr.ranger' on task 'surrogate_task' with 511 observations {learner: <LearnerRegrRanger/LearnerRegr/Learner/R6>}
INFO  [01:31:00.813] [mlr3] Calling train method of fallback 'regr.ranger' on task 'surrogate_task' with 512 observations {learner: <LearnerRegrRanger/LearnerRegr/Learner/R6>}
INFO  [01:31:02.184] [mlr3] Calling train method of fallback 'regr.ranger' on task 'surrogate_task' with 513 observations {learner: <LearnerRegrRanger/LearnerRegr/Learner/R6>}
INFO  [01:31:03.611] [mlr3] Calling train method of fallback 'regr.ranger' on task 'surrogate_task' with 514 observations {learner: <LearnerRegrRanger/LearnerRegr/Learner/R6>}
INFO  [01:31:05.006] [mlr3] Calling train method of fallback 'regr.ranger' on task 'surrogate_task' with 514 observations {learner: <LearnerRegrRanger/LearnerRegr/Learner/R6>}
INFO  [01:31:06.361] [mlr3] Calling train method of fallback 'regr.ranger' on task 'surrogate_task' with 516 observations {learner: <LearnerRegrRanger/LearnerRegr/Learner/R6>}
INFO  [01:31:07.792] [mlr3] Calling train method of fallback 'regr.ranger' on task 'surrogate_task' with 517 observations {learner: <LearnerRegrRanger/LearnerRegr/Learner/R6>}
INFO  [01:31:09.156] [mlr3] Calling train method of fallback 'regr.ranger' on task 'surrogate_task' with 518 observations {learner: <LearnerRegrRanger/LearnerRegr/Learner/R6>}
INFO  [01:31:10.583] [mlr3] Calling train method of fallback 'regr.ranger' on task 'surrogate_task' with 519 observations {learner: <LearnerRegrRanger/LearnerRegr/Learner/R6>}
INFO  [01:31:11.962] [mlr3] Calling train method of fallback 'regr.ranger' on task 'surrogate_task' with 520 observations {learner: <LearnerRegrRanger/LearnerRegr/Learner/R6>}
INFO  [01:31:13.335] [mlr3] Calling train method of fallback 'regr.ranger' on task 'surrogate_task' with 521 observations {learner: <LearnerRegrRanger/LearnerRegr/Learner/R6>}
INFO  [01:31:14.720] [mlr3] Calling train method of fallback 'regr.ranger' on task 'surrogate_task' with 522 observations {learner: <LearnerRegrRanger/LearnerRegr/Learner/R6>}
INFO  [01:31:16.137] [mlr3] Calling train method of fallback 'regr.ranger' on task 'surrogate_task' with 523 observations {learner: <LearnerRegrRanger/LearnerRegr/Learner/R6>}
INFO  [01:31:17.502] [mlr3] Calling train method of fallback 'regr.ranger' on task 'surrogate_task' with 524 observations {learner: <LearnerRegrRanger/LearnerRegr/Learner/R6>}
INFO  [01:31:18.956] [mlr3] Calling train method of fallback 'regr.ranger' on task 'surrogate_task' with 525 observations {learner: <LearnerRegrRanger/LearnerRegr/Learner/R6>}
INFO  [01:31:20.373] [mlr3] Calling train method of fallback 'regr.ranger' on task 'surrogate_task' with 526 observations {learner: <LearnerRegrRanger/LearnerRegr/Learner/R6>}
INFO  [01:31:21.768] [mlr3] Calling train method of fallback 'regr.ranger' on task 'surrogate_task' with 527 observations {learner: <LearnerRegrRanger/LearnerRegr/Learner/R6>}
INFO  [01:31:23.162] [mlr3] Calling train method of fallback 'regr.ranger' on task 'surrogate_task' with 528 observations {learner: <LearnerRegrRanger/LearnerRegr/Learner/R6>}
INFO  [01:31:24.492] [mlr3] Calling train method of fallback 'regr.ranger' on task 'surrogate_task' with 529 observations {learner: <LearnerRegrRanger/LearnerRegr/Learner/R6>}
INFO  [01:31:25.820] [mlr3] Calling train method of fallback 'regr.ranger' on task 'surrogate_task' with 530 observations {learner: <LearnerRegrRanger/LearnerRegr/Learner/R6>}
INFO  [01:31:27.239] [mlr3] Calling train method of fallback 'regr.ranger' on task 'surrogate_task' with 531 observations {learner: <LearnerRegrRanger/LearnerRegr/Learner/R6>}
INFO  [01:31:28.664] [mlr3] Calling train method of fallback 'regr.ranger' on task 'surrogate_task' with 532 observations {learner: <LearnerRegrRanger/LearnerRegr/Learner/R6>}
INFO  [01:31:30.021] [mlr3] Calling train method of fallback 'regr.ranger' on task 'surrogate_task' with 533 observations {learner: <LearnerRegrRanger/LearnerRegr/Learner/R6>}
INFO  [01:31:31.367] [mlr3] Calling train method of fallback 'regr.ranger' on task 'surrogate_task' with 534 observations {learner: <LearnerRegrRanger/LearnerRegr/Learner/R6>}
INFO  [01:31:32.770] [mlr3] Calling train method of fallback 'regr.ranger' on task 'surrogate_task' with 535 observations {learner: <LearnerRegrRanger/LearnerRegr/Learner/R6>}
INFO  [01:31:34.224] [mlr3] Calling train method of fallback 'regr.ranger' on task 'surrogate_task' with 536 observations {learner: <LearnerRegrRanger/LearnerRegr/Learner/R6>}
INFO  [01:31:35.633] [mlr3] Calling train method of fallback 'regr.ranger' on task 'surrogate_task' with 537 observations {learner: <LearnerRegrRanger/LearnerRegr/Learner/R6>}
INFO  [01:31:37.068] [mlr3] Calling train method of fallback 'regr.ranger' on task 'surrogate_task' with 538 observations {learner: <LearnerRegrRanger/LearnerRegr/Learner/R6>}
INFO  [01:31:38.516] [mlr3] Calling train method of fallback 'regr.ranger' on task 'surrogate_task' with 539 observations {learner: <LearnerRegrRanger/LearnerRegr/Learner/R6>}
INFO  [01:31:39.948] [mlr3] Calling train method of fallback 'regr.ranger' on task 'surrogate_task' with 540 observations {learner: <LearnerRegrRanger/LearnerRegr/Learner/R6>}
INFO  [01:31:41.501] [mlr3] Calling train method of fallback 'regr.ranger' on task 'surrogate_task' with 541 observations {learner: <LearnerRegrRanger/LearnerRegr/Learner/R6>}
INFO  [01:31:42.922] [mlr3] Calling train method of fallback 'regr.ranger' on task 'surrogate_task' with 542 observations {learner: <LearnerRegrRanger/LearnerRegr/Learner/R6>}
INFO  [01:31:44.312] [mlr3] Calling train method of fallback 'regr.ranger' on task 'surrogate_task' with 543 observations {learner: <LearnerRegrRanger/LearnerRegr/Learner/R6>}
INFO  [01:31:45.746] [mlr3] Calling train method of fallback 'regr.ranger' on task 'surrogate_task' with 544 observations {learner: <LearnerRegrRanger/LearnerRegr/Learner/R6>}
INFO  [01:31:47.152] [mlr3] Calling train method of fallback 'regr.ranger' on task 'surrogate_task' with 545 observations {learner: <LearnerRegrRanger/LearnerRegr/Learner/R6>}
INFO  [01:31:48.576] [mlr3] Calling train method of fallback 'regr.ranger' on task 'surrogate_task' with 545 observations {learner: <LearnerRegrRanger/LearnerRegr/Learner/R6>}
INFO  [01:31:50.019] [mlr3] Calling train method of fallback 'regr.ranger' on task 'surrogate_task' with 547 observations {learner: <LearnerRegrRanger/LearnerRegr/Learner/R6>}
INFO  [01:31:51.873] [mlr3] Calling train method of fallback 'regr.ranger' on task 'surrogate_task' with 548 observations {learner: <LearnerRegrRanger/LearnerRegr/Learner/R6>}
INFO  [01:31:53.325] [mlr3] Calling train method of fallback 'regr.ranger' on task 'surrogate_task' with 549 observations {learner: <LearnerRegrRanger/LearnerRegr/Learner/R6>}
INFO  [01:31:54.793] [mlr3] Calling train method of fallback 'regr.ranger' on task 'surrogate_task' with 550 observations {learner: <LearnerRegrRanger/LearnerRegr/Learner/R6>}
INFO  [01:31:56.260] [mlr3] Calling train method of fallback 'regr.ranger' on task 'surrogate_task' with 551 observations {learner: <LearnerRegrRanger/LearnerRegr/Learner/R6>}
INFO  [01:31:57.726] [mlr3] Calling train method of fallback 'regr.ranger' on task 'surrogate_task' with 552 observations {learner: <LearnerRegrRanger/LearnerRegr/Learner/R6>}
INFO  [01:31:59.171] [mlr3] Calling train method of fallback 'regr.ranger' on task 'surrogate_task' with 553 observations {learner: <LearnerRegrRanger/LearnerRegr/Learner/R6>}
INFO  [01:32:00.550] [mlr3] Calling train method of fallback 'regr.ranger' on task 'surrogate_task' with 554 observations {learner: <LearnerRegrRanger/LearnerRegr/Learner/R6>}
INFO  [01:32:02.033] [mlr3] Calling train method of fallback 'regr.ranger' on task 'surrogate_task' with 555 observations {learner: <LearnerRegrRanger/LearnerRegr/Learner/R6>}
INFO  [01:32:03.490] [mlr3] Calling train method of fallback 'regr.ranger' on task 'surrogate_task' with 556 observations {learner: <LearnerRegrRanger/LearnerRegr/Learner/R6>}
INFO  [01:32:04.916] [mlr3] Calling train method of fallback 'regr.ranger' on task 'surrogate_task' with 557 observations {learner: <LearnerRegrRanger/LearnerRegr/Learner/R6>}
INFO  [01:32:07.795] [mlr3] Calling train method of fallback 'regr.ranger' on task 'surrogate_task' with 558 observations {learner: <LearnerRegrRanger/LearnerRegr/Learner/R6>}
INFO  [01:32:09.341] [mlr3] Calling train method of fallback 'regr.ranger' on task 'surrogate_task' with 559 observations {learner: <LearnerRegrRanger/LearnerRegr/Learner/R6>}
INFO  [01:32:10.885] [mlr3] Calling train method of fallback 'regr.ranger' on task 'surrogate_task' with 560 observations {learner: <LearnerRegrRanger/LearnerRegr/Learner/R6>}
INFO  [01:32:12.265] [mlr3] Calling train method of fallback 'regr.ranger' on task 'surrogate_task' with 561 observations {learner: <LearnerRegrRanger/LearnerRegr/Learner/R6>}
INFO  [01:32:13.676] [mlr3] Calling train method of fallback 'regr.ranger' on task 'surrogate_task' with 562 observations {learner: <LearnerRegrRanger/LearnerRegr/Learner/R6>}
INFO  [01:32:15.110] [mlr3] Calling train method of fallback 'regr.ranger' on task 'surrogate_task' with 562 observations {learner: <LearnerRegrRanger/LearnerRegr/Learner/R6>}
INFO  [01:32:16.548] [mlr3] Calling train method of fallback 'regr.ranger' on task 'surrogate_task' with 564 observations {learner: <LearnerRegrRanger/LearnerRegr/Learner/R6>}
INFO  [01:32:17.969] [mlr3] Calling train method of fallback 'regr.ranger' on task 'surrogate_task' with 565 observations {learner: <LearnerRegrRanger/LearnerRegr/Learner/R6>}
INFO  [01:32:19.395] [mlr3] Calling train method of fallback 'regr.ranger' on task 'surrogate_task' with 566 observations {learner: <LearnerRegrRanger/LearnerRegr/Learner/R6>}
INFO  [01:32:20.918] [mlr3] Calling train method of fallback 'regr.ranger' on task 'surrogate_task' with 567 observations {learner: <LearnerRegrRanger/LearnerRegr/Learner/R6>}
INFO  [01:32:22.410] [mlr3] Calling train method of fallback 'regr.ranger' on task 'surrogate_task' with 568 observations {learner: <LearnerRegrRanger/LearnerRegr/Learner/R6>}
INFO  [01:32:23.908] [mlr3] Calling train method of fallback 'regr.ranger' on task 'surrogate_task' with 569 observations {learner: <LearnerRegrRanger/LearnerRegr/Learner/R6>}
INFO  [01:32:25.343] [mlr3] Calling train method of fallback 'regr.ranger' on task 'surrogate_task' with 570 observations {learner: <LearnerRegrRanger/LearnerRegr/Learner/R6>}
INFO  [01:32:26.828] [mlr3] Calling train method of fallback 'regr.ranger' on task 'surrogate_task' with 571 observations {learner: <LearnerRegrRanger/LearnerRegr/Learner/R6>}
INFO  [01:32:28.470] [mlr3] Calling train method of fallback 'regr.ranger' on task 'surrogate_task' with 572 observations {learner: <LearnerRegrRanger/LearnerRegr/Learner/R6>}
INFO  [01:32:29.972] [mlr3] Calling train method of fallback 'regr.ranger' on task 'surrogate_task' with 573 observations {learner: <LearnerRegrRanger/LearnerRegr/Learner/R6>}
INFO  [01:32:31.465] [mlr3] Calling train method of fallback 'regr.ranger' on task 'surrogate_task' with 574 observations {learner: <LearnerRegrRanger/LearnerRegr/Learner/R6>}
INFO  [01:32:32.961] [mlr3] Calling train method of fallback 'regr.ranger' on task 'surrogate_task' with 575 observations {learner: <LearnerRegrRanger/LearnerRegr/Learner/R6>}
INFO  [01:32:34.600] [mlr3] Calling train method of fallback 'regr.ranger' on task 'surrogate_task' with 576 observations {learner: <LearnerRegrRanger/LearnerRegr/Learner/R6>}
INFO  [01:32:36.103] [mlr3] Calling train method of fallback 'regr.ranger' on task 'surrogate_task' with 577 observations {learner: <LearnerRegrRanger/LearnerRegr/Learner/R6>}
INFO  [01:32:37.533] [mlr3] Calling train method of fallback 'regr.ranger' on task 'surrogate_task' with 578 observations {learner: <LearnerRegrRanger/LearnerRegr/Learner/R6>}
INFO  [01:32:39.073] [mlr3] Calling train method of fallback 'regr.ranger' on task 'surrogate_task' with 579 observations {learner: <LearnerRegrRanger/LearnerRegr/Learner/R6>}
INFO  [01:32:40.592] [mlr3] Calling train method of fallback 'regr.ranger' on task 'surrogate_task' with 580 observations {learner: <LearnerRegrRanger/LearnerRegr/Learner/R6>}
INFO  [01:32:42.098] [mlr3] Calling train method of fallback 'regr.ranger' on task 'surrogate_task' with 581 observations {learner: <LearnerRegrRanger/LearnerRegr/Learner/R6>}
INFO  [01:32:43.608] [mlr3] Calling train method of fallback 'regr.ranger' on task 'surrogate_task' with 582 observations {learner: <LearnerRegrRanger/LearnerRegr/Learner/R6>}
INFO  [01:32:45.204] [mlr3] Calling train method of fallback 'regr.ranger' on task 'surrogate_task' with 583 observations {learner: <LearnerRegrRanger/LearnerRegr/Learner/R6>}
INFO  [01:32:47.174] [mlr3] Calling train method of fallback 'regr.ranger' on task 'surrogate_task' with 584 observations {learner: <LearnerRegrRanger/LearnerRegr/Learner/R6>}
INFO  [01:32:48.697] [mlr3] Calling train method of fallback 'regr.ranger' on task 'surrogate_task' with 585 observations {learner: <LearnerRegrRanger/LearnerRegr/Learner/R6>}
INFO  [01:32:50.198] [mlr3] Calling train method of fallback 'regr.ranger' on task 'surrogate_task' with 586 observations {learner: <LearnerRegrRanger/LearnerRegr/Learner/R6>}
INFO  [01:32:51.627] [mlr3] Calling train method of fallback 'regr.ranger' on task 'surrogate_task' with 587 observations {learner: <LearnerRegrRanger/LearnerRegr/Learner/R6>}
INFO  [01:32:53.068] [mlr3] Calling train method of fallback 'regr.ranger' on task 'surrogate_task' with 588 observations {learner: <LearnerRegrRanger/LearnerRegr/Learner/R6>}
INFO  [01:32:54.559] [mlr3] Calling train method of fallback 'regr.ranger' on task 'surrogate_task' with 589 observations {learner: <LearnerRegrRanger/LearnerRegr/Learner/R6>}
INFO  [01:32:56.020] [mlr3] Calling train method of fallback 'regr.ranger' on task 'surrogate_task' with 590 observations {learner: <LearnerRegrRanger/LearnerRegr/Learner/R6>}
INFO  [01:32:57.513] [mlr3] Calling train method of fallback 'regr.ranger' on task 'surrogate_task' with 591 observations {learner: <LearnerRegrRanger/LearnerRegr/Learner/R6>}
INFO  [01:32:59.041] [mlr3] Calling train method of fallback 'regr.ranger' on task 'surrogate_task' with 592 observations {learner: <LearnerRegrRanger/LearnerRegr/Learner/R6>}
INFO  [01:33:00.525] [mlr3] Calling train method of fallback 'regr.ranger' on task 'surrogate_task' with 593 observations {learner: <LearnerRegrRanger/LearnerRegr/Learner/R6>}
INFO  [01:33:02.021] [mlr3] Calling train method of fallback 'regr.ranger' on task 'surrogate_task' with 594 observations {learner: <LearnerRegrRanger/LearnerRegr/Learner/R6>}
INFO  [01:33:03.590] [mlr3] Calling train method of fallback 'regr.ranger' on task 'surrogate_task' with 595 observations {learner: <LearnerRegrRanger/LearnerRegr/Learner/R6>}
INFO  [01:33:05.094] [mlr3] Calling train method of fallback 'regr.ranger' on task 'surrogate_task' with 596 observations {learner: <LearnerRegrRanger/LearnerRegr/Learner/R6>}
INFO  [01:33:06.601] [mlr3] Calling train method of fallback 'regr.ranger' on task 'surrogate_task' with 597 observations {learner: <LearnerRegrRanger/LearnerRegr/Learner/R6>}
INFO  [01:33:08.094] [mlr3] Calling train method of fallback 'regr.ranger' on task 'surrogate_task' with 598 observations {learner: <LearnerRegrRanger/LearnerRegr/Learner/R6>}
INFO  [01:33:09.629] [mlr3] Calling train method of fallback 'regr.ranger' on task 'surrogate_task' with 599 observations {learner: <LearnerRegrRanger/LearnerRegr/Learner/R6>}
INFO  [01:33:11.160] [mlr3] Calling train method of fallback 'regr.ranger' on task 'surrogate_task' with 600 observations {learner: <LearnerRegrRanger/LearnerRegr/Learner/R6>}
INFO  [01:33:12.726] [mlr3] Calling train method of fallback 'regr.ranger' on task 'surrogate_task' with 601 observations {learner: <LearnerRegrRanger/LearnerRegr/Learner/R6>}
INFO  [01:33:14.267] [mlr3] Calling train method of fallback 'regr.ranger' on task 'surrogate_task' with 602 observations {learner: <LearnerRegrRanger/LearnerRegr/Learner/R6>}
INFO  [01:33:15.821] [mlr3] Calling train method of fallback 'regr.ranger' on task 'surrogate_task' with 603 observations {learner: <LearnerRegrRanger/LearnerRegr/Learner/R6>}
INFO  [01:33:17.418] [mlr3] Calling train method of fallback 'regr.ranger' on task 'surrogate_task' with 604 observations {learner: <LearnerRegrRanger/LearnerRegr/Learner/R6>}
INFO  [01:33:18.935] [mlr3] Calling train method of fallback 'regr.ranger' on task 'surrogate_task' with 605 observations {learner: <LearnerRegrRanger/LearnerRegr/Learner/R6>}
INFO  [01:33:20.518] [mlr3] Calling train method of fallback 'regr.ranger' on task 'surrogate_task' with 606 observations {learner: <LearnerRegrRanger/LearnerRegr/Learner/R6>}
INFO  [01:33:21.984] [mlr3] Calling train method of fallback 'regr.ranger' on task 'surrogate_task' with 607 observations {learner: <LearnerRegrRanger/LearnerRegr/Learner/R6>}
INFO  [01:33:23.543] [mlr3] Calling train method of fallback 'regr.ranger' on task 'surrogate_task' with 608 observations {learner: <LearnerRegrRanger/LearnerRegr/Learner/R6>}
INFO  [01:33:25.093] [mlr3] Calling train method of fallback 'regr.ranger' on task 'surrogate_task' with 609 observations {learner: <LearnerRegrRanger/LearnerRegr/Learner/R6>}
INFO  [01:33:26.628] [mlr3] Calling train method of fallback 'regr.ranger' on task 'surrogate_task' with 610 observations {learner: <LearnerRegrRanger/LearnerRegr/Learner/R6>}
INFO  [01:33:28.229] [mlr3] Calling train method of fallback 'regr.ranger' on task 'surrogate_task' with 611 observations {learner: <LearnerRegrRanger/LearnerRegr/Learner/R6>}
INFO  [01:33:29.723] [mlr3] Calling train method of fallback 'regr.ranger' on task 'surrogate_task' with 612 observations {learner: <LearnerRegrRanger/LearnerRegr/Learner/R6>}
INFO  [01:33:31.308] [mlr3] Calling train method of fallback 'regr.ranger' on task 'surrogate_task' with 613 observations {learner: <LearnerRegrRanger/LearnerRegr/Learner/R6>}
INFO  [01:33:32.912] [mlr3] Calling train method of fallback 'regr.ranger' on task 'surrogate_task' with 614 observations {learner: <LearnerRegrRanger/LearnerRegr/Learner/R6>}
INFO  [01:33:34.495] [mlr3] Calling train method of fallback 'regr.ranger' on task 'surrogate_task' with 615 observations {learner: <LearnerRegrRanger/LearnerRegr/Learner/R6>}
INFO  [01:33:36.079] [mlr3] Calling train method of fallback 'regr.ranger' on task 'surrogate_task' with 616 observations {learner: <LearnerRegrRanger/LearnerRegr/Learner/R6>}
INFO  [01:33:37.686] [mlr3] Calling train method of fallback 'regr.ranger' on task 'surrogate_task' with 617 observations {learner: <LearnerRegrRanger/LearnerRegr/Learner/R6>}
INFO  [01:33:39.333] [mlr3] Calling train method of fallback 'regr.ranger' on task 'surrogate_task' with 618 observations {learner: <LearnerRegrRanger/LearnerRegr/Learner/R6>}
INFO  [01:33:40.906] [mlr3] Calling train method of fallback 'regr.ranger' on task 'surrogate_task' with 619 observations {learner: <LearnerRegrRanger/LearnerRegr/Learner/R6>}
INFO  [01:33:42.430] [mlr3] Calling train method of fallback 'regr.ranger' on task 'surrogate_task' with 619 observations {learner: <LearnerRegrRanger/LearnerRegr/Learner/R6>}
INFO  [01:33:42.502] Finished optimizing after 613 evaluation(s)
INFO  [01:33:42.506] Result:
INFO  [01:33:42.511]  learning_rate num_leaves min_data_in_leaf feature_fraction extra_trees
INFO  [01:33:42.511]      -1.776104         19               61        0.4045017       FALSE
INFO  [01:33:42.511]  lambda_l1 lambda_l2 min_gain_to_split internal_tuned_values learner_param_vals
INFO  [01:33:42.511]  -4.004174 -3.417964         -5.968076    num_iterations=136         <list[12]>
INFO  [01:33:42.511]   x_domain classif.ce
INFO  [01:33:42.511]  <list[8]>  0.1222923
INFO  [01:33:42.514] [rush] Kill worker 'ammophilic_steed_7fb94dce'
INFO  [01:33:42.517] [rush] Kill worker 'sad_turnstone_bf7343ef'
INFO  [01:33:42.520] [rush] Kill worker 'irrationalist_pondskater_4a9fd86c'
INFO  [01:33:42.523] [rush] Kill worker 'overnoble_rooster_afc585ef'
INFO  [01:33:42.525] [rush] Kill worker 'beachy_bigmouthbass_074d8bc7'
INFO  [01:33:42.527] [rush] Kill worker 'maudlin_solenodon_f50c0543'
ERROR [01:33:42.553] [rush] Lost 6 task(s): 76e5af48-dd7b-4c96-b207-cdeb2dcdc45c, 0562323c-b224-4a3a-927d-dab5ae970827, 1ab1c668-0346-4a23-ae27-06d05593b49d, b129074b-56cc-4f9e-947d-f85af9feb6d0, 52bf95c9-7996-4adb-b319-d1b2b873ff03, 4b051a31-0166-4965-ac24-06c8426c33a1
