Waiting for workers to connect... 43/448
Waiting for workers to connect... 60/448
Waiting for workers to connect... 78/448
Waiting for workers to connect... 96/448
Waiting for workers to connect... 116/448
Waiting for workers to connect... 140/448
Waiting for workers to connect... 159/448
Waiting for workers to connect... 178/448
Waiting for workers to connect... 198/448
Waiting for workers to connect... 222/448
Waiting for workers to connect... 239/448
Waiting for workers to connect... 256/448
Waiting for workers to connect... 273/448
Waiting for workers to connect... 290/448
Waiting for workers to connect... 312/448
Waiting for workers to connect... 338/448
Waiting for workers to connect... 354/448
Waiting for workers to connect... 370/448
Waiting for workers to connect... 385/448
Waiting for workers to connect... 401/448
Waiting for workers to connect... 420/448
Waiting for workers to connect... 448/448
INFO  [00:41:12.705] [rush] Starting 448 worker(s)
INFO  [00:41:20.358] [rush] 1 worker(s) registered
INFO  [00:41:20.361] Starting to optimize 8 parameter(s) with '<OptimizerAsyncMboCentral>' and '<TerminatorRunTime> [secs=600]' on 448 mirai worker(s)
INFO  [00:41:21.364] 1 worker(s) running
INFO  [00:41:21.375] Results of 100 configuration(s):
INFO  [00:41:21.384]  classif.ce learning_rate num_leaves min_data_in_leaf feature_fraction
INFO  [00:41:21.384]     0.01780   -6.90719005        250              146        0.2488178
INFO  [00:41:21.384]     0.01778   -0.38724020        233               30        0.3312693
INFO  [00:41:21.384]     0.01780   -6.34178902        189              108        0.2951634
INFO  [00:41:21.384]     0.01780   -6.58928099        218               65        0.6112710
INFO  [00:41:21.384]     0.01772   -2.47115238        188               39        0.7300738
INFO  [00:41:21.384]     0.01780   -5.07839622        133               83        0.1991970
INFO  [00:41:21.384]     0.01780   -1.70044316        156              161        0.7871074
INFO  [00:41:21.384]     0.01780   -6.86131509        223              122        0.5208129
INFO  [00:41:21.384]     0.01774   -1.60717194         92                9        0.5349747
INFO  [00:41:21.384]     0.01780   -2.48644816        196              115        0.7990899
INFO  [00:41:21.384]     0.01780   -3.25892566        236               55        0.5725462
INFO  [00:41:21.384]     0.01780   -4.32249819        214              161        0.2892778
INFO  [00:41:21.384]     0.01776   -1.46324920         87              196        0.3099479
INFO  [00:41:21.384]     0.01780   -4.45333412         77               61        0.2134479
INFO  [00:41:21.384]     0.01770   -1.13404395         30              182        0.9280978
INFO  [00:41:21.384]     0.01770   -0.70596039        231              114        0.6220939
INFO  [00:41:21.384]     0.01780   -5.08737358         88              165        0.6984888
INFO  [00:41:21.384]     0.01780   -0.09428063         79               68        0.2123689
INFO  [00:41:21.384]     0.01762   -2.94886041        194               71        0.9754230
INFO  [00:41:21.384]     0.01770   -1.24422286        201               79        0.8451388
INFO  [00:41:21.384]     0.01780   -4.37596828        199              135        0.2419336
INFO  [00:41:21.384]     0.01780   -6.13385750         50              108        0.1417001
INFO  [00:41:21.384]     0.01780   -0.94342210        189              180        0.2849250
INFO  [00:41:21.384]     0.02196   -0.29854791        148               78        0.7284327
INFO  [00:41:21.384]     0.01780   -6.07118183         58              177        0.7048788
INFO  [00:41:21.384]     0.01780   -4.98521726         29              132        0.6199566
INFO  [00:41:21.384]     0.01780   -3.99127202        176              132        0.6571108
INFO  [00:41:21.384]     0.01780   -4.75887195         81              191        0.1141924
INFO  [00:41:21.384]     0.01780   -3.63675318        117               24        0.8076811
INFO  [00:41:21.384]     0.01766   -1.86494727        230               91        0.8677232
INFO  [00:41:21.384]     0.01780   -6.07084816         43               30        0.1159852
INFO  [00:41:21.384]     0.01776   -0.59105052        106               78        0.3890446
INFO  [00:41:21.384]     0.01780   -4.99091833        133              195        0.9888536
INFO  [00:41:21.384]     0.01780   -2.62177639        117              127        0.9453077
INFO  [00:41:21.384]     0.01780   -1.58280350         47              127        0.6333988
INFO  [00:41:21.384]     0.01780   -4.82133522        151               89        0.2419836
INFO  [00:41:21.384]     0.01780   -3.59656101         50               54        0.2913546
INFO  [00:41:21.384]     0.01776   -1.89824524        110               81        0.1755477
INFO  [00:41:21.384]     0.01780   -1.43261319        177              133        0.7846799
INFO  [00:41:21.384]     0.01780   -3.68675573        169               58        0.4752310
INFO  [00:41:21.384]     0.01780   -6.17925178        200               56        0.9314740
INFO  [00:41:21.384]     0.01780   -4.35076120         14              103        0.9041531
INFO  [00:41:21.384]     0.02252   -0.04694778         35               31        0.2113866
INFO  [00:41:21.384]     0.01780   -5.78744316        218              189        0.4197359
INFO  [00:41:21.384]     0.01778   -2.12021116         48               48        0.3095898
INFO  [00:41:21.384]     0.01772   -2.13460830        230               25        0.5901156
INFO  [00:41:21.384]     0.01780   -5.03378388         12              180        0.3305685
INFO  [00:41:21.384]     0.01858   -0.68598339        190              163        0.1773300
INFO  [00:41:21.384]     0.01798   -0.66688874         69              174        0.2089911
INFO  [00:41:21.384]     0.01780   -4.89046086        152              129        0.1678638
INFO  [00:41:21.384]     0.01780   -5.97213159         45              156        0.8559821
INFO  [00:41:21.384]     0.01780   -2.70699279        235              199        0.6590748
INFO  [00:41:21.384]     0.01780   -2.43293549         58                6        0.1223350
INFO  [00:41:21.384]     0.01780   -2.50015764         62               85        0.9488790
INFO  [00:41:21.384]     0.01780   -4.06736197        145              146        0.3991331
INFO  [00:41:21.384]     0.01780   -6.76323176         72               69        0.9459406
INFO  [00:41:21.384]     0.01780   -5.67288184        149               44        0.5538824
INFO  [00:41:21.384]     0.01780   -6.60755499        155              194        0.5590088
INFO  [00:41:21.384]     0.01780   -5.40369050         86               58        0.2375747
INFO  [00:41:21.384]     0.01780   -5.77760575         55              137        0.1522468
INFO  [00:41:21.384]     0.01780   -3.40367210        101               42        0.1063332
INFO  [00:41:21.384]     0.01780   -2.25358642        162              192        0.2177809
INFO  [00:41:21.384]     0.01766   -2.35505841        181              157        0.8439883
INFO  [00:41:21.384]     0.01780   -5.72038271         49               59        0.7846869
INFO  [00:41:21.384]     0.01780   -4.84179247        159               46        0.4095015
INFO  [00:41:21.384]     0.01780   -3.77006794        143               82        0.1786266
INFO  [00:41:21.384]     0.01780   -4.80922462        110               25        0.9803875
INFO  [00:41:21.384]     0.01780   -5.39800693         15              120        0.6957850
INFO  [00:41:21.384]     0.01772   -2.01254944        252              177        0.6231518
INFO  [00:41:21.384]     0.01780   -2.48093814         56               41        0.6656669
INFO  [00:41:21.384]     0.01780   -0.03558557         66               47        0.1951814
INFO  [00:41:21.384]     0.01768   -0.42763233         56               16        0.2318339
INFO  [00:41:21.384]     0.01770   -2.23209565        167              134        0.7258726
INFO  [00:41:21.384]     0.01780   -2.36830460         14              128        0.6036193
INFO  [00:41:21.384]     0.01780   -5.64522136        232               32        0.6003255
INFO  [00:41:21.384]     0.01780   -4.11159531         74               15        0.7073505
INFO  [00:41:21.384]     0.01764   -1.67728933        165               31        0.6484046
INFO  [00:41:21.384]     0.01762   -1.93442825        162              132        0.6121649
INFO  [00:41:21.384]     0.01772   -1.26269189        130               41        0.5985116
INFO  [00:41:21.384]     0.01780   -3.03525724        191               62        0.4398353
INFO  [00:41:21.384]     0.01780   -2.67832185        136               62        0.8052646
INFO  [00:41:21.384]     0.01780   -4.57590328        124              119        0.8503152
INFO  [00:41:21.384]     0.02162   -0.18522352        186               28        0.7641482
INFO  [00:41:21.384]     0.01780   -6.38266495        208               31        0.5267909
INFO  [00:41:21.384]     0.01778   -2.04880013        163               62        0.2499477
INFO  [00:41:21.384]     0.01776   -2.14776999         25              171        0.3110535
INFO  [00:41:21.384]     0.01780   -4.74802601        239              156        0.9246647
INFO  [00:41:21.384]     0.01780   -5.74573967        210              122        0.6855822
INFO  [00:41:21.384]     0.01774   -2.63985214        245               63        0.6770486
INFO  [00:41:21.384]     0.01780   -1.80437428        221               74        0.7801903
INFO  [00:41:21.384]     0.01780   -5.10343484        204               93        0.1872887
INFO  [00:41:21.384]     0.01780   -5.62597209        199              181        0.7635591
INFO  [00:41:21.384]     0.01780   -4.88972027         46               65        0.2655824
INFO  [00:41:21.384]     0.01776   -2.87089040        240              124        0.7529771
INFO  [00:41:21.384]     0.01774   -1.38235832         96              144        0.2474374
INFO  [00:41:21.384]     0.01780   -4.29627215        159               37        0.9950035
INFO  [00:41:21.384]     0.01780   -6.62854804        231              165        0.3270881
INFO  [00:41:21.384]     0.01780   -6.52770494         86              190        0.4276036
INFO  [00:41:21.384]     0.01780   -6.39242239        161              168        0.2694050
INFO  [00:41:21.384]     0.01780   -4.23881549        152              183        0.1402845
INFO  [00:41:21.384]  classif.ce learning_rate num_leaves min_data_in_leaf feature_fraction
INFO  [00:41:21.384]  extra_trees  lambda_l1   lambda_l2 min_gain_to_split        timestamp_xs
INFO  [00:41:21.384]        FALSE  5.4381047 -1.82744134         -3.121493 2026-09-10 00:41:12
INFO  [00:41:21.384]         TRUE  3.5615634 -4.15922897         -4.477270 2026-09-10 00:41:12
INFO  [00:41:21.384]         TRUE -6.8756345  0.25769859         -4.596332 2026-09-10 00:41:12
INFO  [00:41:21.384]        FALSE  6.6513734  5.37907533         -3.198096 2026-09-10 00:41:12
INFO  [00:41:21.384]         TRUE -6.7964196 -6.06562045         -4.909334 2026-09-10 00:41:12
INFO  [00:41:21.384]        FALSE  1.8742052  5.78259190         -3.550620 2026-09-10 00:41:12
INFO  [00:41:21.384]         TRUE  0.3626090  6.72140074         -3.004793 2026-09-10 00:41:12
INFO  [00:41:21.384]        FALSE -1.6658855 -4.21367652         -6.574464 2026-09-10 00:41:12
INFO  [00:41:21.384]         TRUE -5.4819238  4.38138278         -3.923602 2026-09-10 00:41:12
INFO  [00:41:21.384]         TRUE  3.6345390  6.70188162         -5.223779 2026-09-10 00:41:12
INFO  [00:41:21.384]         TRUE  2.4945404 -6.28322205         -4.491632 2026-09-10 00:41:12
INFO  [00:41:21.384]        FALSE -1.8033332  5.02932706         -3.106484 2026-09-10 00:41:12
INFO  [00:41:21.384]        FALSE -1.6974311 -0.29511030         -5.136929 2026-09-10 00:41:12
INFO  [00:41:21.384]        FALSE  6.6277431  3.55915179         -5.702561 2026-09-10 00:41:12
INFO  [00:41:21.384]        FALSE -4.3584923  0.99993502         -3.071012 2026-09-10 00:41:12
INFO  [00:41:21.384]         TRUE -1.1983413  5.26771632         -6.709843 2026-09-10 00:41:12
INFO  [00:41:21.384]        FALSE  4.0481289  0.44392177         -6.848524 2026-09-10 00:41:12
INFO  [00:41:21.384]        FALSE  5.6008135 -2.28193129         -6.790796 2026-09-10 00:41:12
INFO  [00:41:21.384]         TRUE -3.5351575 -0.87598655         -3.055198 2026-09-10 00:41:12
INFO  [00:41:21.384]        FALSE -2.2654880  3.59782683         -6.022104 2026-09-10 00:41:12
INFO  [00:41:21.384]         TRUE  2.1291858  5.56217669         -3.665474 2026-09-10 00:41:12
INFO  [00:41:21.384]        FALSE -3.3894552  5.80572750         -3.439296 2026-09-10 00:41:12
INFO  [00:41:21.384]         TRUE  4.6708961  2.51367186         -2.848454 2026-09-10 00:41:12
INFO  [00:41:21.384]        FALSE -3.4254120 -2.59345097         -4.560164 2026-09-10 00:41:12
INFO  [00:41:21.384]         TRUE  4.3250650  5.89066455         -4.937169 2026-09-10 00:41:12
INFO  [00:41:21.384]        FALSE  6.2497713 -6.09122718         -4.988569 2026-09-10 00:41:12
INFO  [00:41:21.384]        FALSE  6.6617443  3.93089898         -6.595478 2026-09-10 00:41:12
INFO  [00:41:21.384]         TRUE  4.5118999  1.78549882         -2.674689 2026-09-10 00:41:12
INFO  [00:41:21.384]         TRUE  6.8494595 -2.13561167         -5.191830 2026-09-10 00:41:12
INFO  [00:41:21.384]        FALSE  0.1298103 -4.16607183         -6.726900 2026-09-10 00:41:12
INFO  [00:41:21.384]        FALSE -3.6252630 -3.25346153         -2.941303 2026-09-10 00:41:12
INFO  [00:41:21.384]        FALSE  2.0185552  3.56053831         -5.737935 2026-09-10 00:41:12
INFO  [00:41:21.384]         TRUE -3.7074063  6.49214766         -2.954239 2026-09-10 00:41:12
INFO  [00:41:21.384]         TRUE -3.5407550  5.86899140         -4.943159 2026-09-10 00:41:12
INFO  [00:41:21.384]        FALSE  6.5777794 -6.31275586         -4.768397 2026-09-10 00:41:12
INFO  [00:41:21.384]         TRUE -6.1384134 -0.43286063         -2.647377 2026-09-10 00:41:12
INFO  [00:41:21.384]         TRUE -3.4071952 -4.18771278         -4.114148 2026-09-10 00:41:12
INFO  [00:41:21.384]        FALSE -0.1983464 -1.31626334         -3.700439 2026-09-10 00:41:12
INFO  [00:41:21.384]         TRUE  3.8009376  1.08704543         -3.579006 2026-09-10 00:41:12
INFO  [00:41:21.384]         TRUE -2.3404481 -1.60848698         -2.411390 2026-09-10 00:41:12
INFO  [00:41:21.384]        FALSE -0.3763419  4.44648654         -5.301401 2026-09-10 00:41:12
INFO  [00:41:21.384]        FALSE -1.8199053 -6.31328010         -3.913229 2026-09-10 00:41:12
INFO  [00:41:21.384]        FALSE -3.0907365 -3.79367267         -2.464807 2026-09-10 00:41:12
INFO  [00:41:21.384]        FALSE -1.1239071 -5.33639555         -5.856448 2026-09-10 00:41:12
INFO  [00:41:21.384]        FALSE  3.8823591 -3.26620284         -5.436477 2026-09-10 00:41:12
INFO  [00:41:21.384]        FALSE  0.3064332 -3.49860060         -5.838661 2026-09-10 00:41:12
INFO  [00:41:21.384]        FALSE -4.9966091 -3.48652778         -6.425577 2026-09-10 00:41:12
INFO  [00:41:21.384]        FALSE -0.7603273 -5.38797379         -6.890447 2026-09-10 00:41:12
INFO  [00:41:21.384]        FALSE -1.0964934 -6.21493914         -3.442324 2026-09-10 00:41:12
INFO  [00:41:21.384]        FALSE  3.1608864  2.67676922         -5.741067 2026-09-10 00:41:12
INFO  [00:41:21.384]        FALSE  0.9094782 -3.88158760         -3.236538 2026-09-10 00:41:12
INFO  [00:41:21.384]        FALSE  5.7848476 -3.32732992         -4.628885 2026-09-10 00:41:12
INFO  [00:41:21.384]         TRUE -4.3061938  0.27777761         -6.407328 2026-09-10 00:41:12
INFO  [00:41:21.384]        FALSE  1.2061558  6.21569262         -5.670746 2026-09-10 00:41:12
INFO  [00:41:21.384]        FALSE -4.8384181  2.51394824         -2.891539 2026-09-10 00:41:12
INFO  [00:41:21.384]         TRUE  6.6559853  5.11467437         -6.886667 2026-09-10 00:41:12
INFO  [00:41:21.384]         TRUE -0.4787738  6.74985031         -5.568556 2026-09-10 00:41:12
INFO  [00:41:21.384]        FALSE -4.4520266  1.76053569         -3.972256 2026-09-10 00:41:12
INFO  [00:41:21.384]         TRUE -4.6246476 -4.81901983         -6.406727 2026-09-10 00:41:12
INFO  [00:41:21.384]         TRUE  3.2260148 -1.06611154         -4.157952 2026-09-10 00:41:12
INFO  [00:41:21.384]        FALSE  5.7901872 -3.77806928         -5.443534 2026-09-10 00:41:12
INFO  [00:41:21.384]         TRUE  6.8583103  2.21544271         -4.119608 2026-09-10 00:41:12
INFO  [00:41:21.384]         TRUE  0.9106019 -1.41906306         -6.091466 2026-09-10 00:41:12
INFO  [00:41:21.384]         TRUE  4.7610306  0.36708890         -3.136738 2026-09-10 00:41:12
INFO  [00:41:21.384]         TRUE -3.2869536 -3.57630324         -3.831346 2026-09-10 00:41:12
INFO  [00:41:21.384]        FALSE  5.6590790  0.06721547         -3.980619 2026-09-10 00:41:12
INFO  [00:41:21.384]         TRUE -0.3675997 -3.15907282         -6.664875 2026-09-10 00:41:12
INFO  [00:41:21.384]         TRUE  4.2847306 -3.64023756         -2.963898 2026-09-10 00:41:12
INFO  [00:41:21.384]        FALSE -2.7176319 -3.58096922         -5.578544 2026-09-10 00:41:12
INFO  [00:41:21.384]        FALSE  4.9317758  5.56920683         -5.450151 2026-09-10 00:41:12
INFO  [00:41:21.384]        FALSE  5.6757241 -2.05647562         -5.857917 2026-09-10 00:41:12
INFO  [00:41:21.384]         TRUE -0.3978762  0.66363719         -3.715545 2026-09-10 00:41:12
INFO  [00:41:21.384]        FALSE -0.9000725 -5.24143205         -3.855107 2026-09-10 00:41:12
INFO  [00:41:21.384]        FALSE -4.6387683  5.59614153         -2.507953 2026-09-10 00:41:12
INFO  [00:41:21.384]         TRUE -5.4137735 -0.24391391         -6.726843 2026-09-10 00:41:12
INFO  [00:41:21.384]         TRUE  4.5363541  3.17508066         -4.980738 2026-09-10 00:41:12
INFO  [00:41:21.384]         TRUE -4.9385944 -6.67999354         -2.398300 2026-09-10 00:41:12
INFO  [00:41:21.384]         TRUE -3.6357060  0.83964243         -3.708516 2026-09-10 00:41:12
INFO  [00:41:21.384]         TRUE -5.1091829 -3.36312167         -5.984962 2026-09-10 00:41:12
INFO  [00:41:21.384]         TRUE  4.5883377 -3.09852340         -3.346049 2026-09-10 00:41:12
INFO  [00:41:21.384]        FALSE  4.8795766  0.21126328         -3.579644 2026-09-10 00:41:12
INFO  [00:41:21.384]         TRUE -1.5727989 -0.48052709         -4.434669 2026-09-10 00:41:12
INFO  [00:41:21.384]         TRUE -1.6056168 -2.42899413         -6.730286 2026-09-10 00:41:12
INFO  [00:41:21.384]         TRUE  0.5204928 -3.32768267         -6.336576 2026-09-10 00:41:12
INFO  [00:41:21.384]        FALSE -1.5730076  2.02127133         -2.430656 2026-09-10 00:41:12
INFO  [00:41:21.384]        FALSE  1.1718673  2.34342526         -6.533569 2026-09-10 00:41:12
INFO  [00:41:21.384]         TRUE -3.6593084 -4.58764607         -2.315392 2026-09-10 00:41:12
INFO  [00:41:21.384]        FALSE  6.7181297  0.44643294         -4.582503 2026-09-10 00:41:12
INFO  [00:41:21.384]         TRUE -1.2368298 -3.50050224         -2.785835 2026-09-10 00:41:12
INFO  [00:41:21.384]         TRUE  4.2917501 -2.59888227         -2.383161 2026-09-10 00:41:12
INFO  [00:41:21.384]        FALSE  3.2178528 -4.88240188         -3.655994 2026-09-10 00:41:12
INFO  [00:41:21.384]        FALSE -2.5909386  3.80891410         -3.093611 2026-09-10 00:41:12
INFO  [00:41:21.384]         TRUE -3.0824752 -0.12632824         -3.663165 2026-09-10 00:41:12
INFO  [00:41:21.384]         TRUE  1.6127615  0.50132981         -5.996674 2026-09-10 00:41:12
INFO  [00:41:21.384]        FALSE  2.1895233 -1.70381383         -4.643135 2026-09-10 00:41:12
INFO  [00:41:21.384]        FALSE  5.3139415 -3.29962450         -3.680895 2026-09-10 00:41:12
INFO  [00:41:21.384]        FALSE -1.8412501  5.13513360         -5.748534 2026-09-10 00:41:12
INFO  [00:41:21.384]        FALSE  0.7816114  1.61870076         -3.993568 2026-09-10 00:41:12
INFO  [00:41:21.384]        FALSE  4.6534895 -4.89037898         -2.323818 2026-09-10 00:41:12
INFO  [00:41:21.384]         TRUE  3.7575982 -6.29166774         -4.291313 2026-09-10 00:41:12
INFO  [00:41:21.384]  extra_trees  lambda_l1   lambda_l2 min_gain_to_split        timestamp_xs
INFO  [00:41:21.384]         timestamp_ys
INFO  [00:41:21.384]  2026-09-10 00:41:12
INFO  [00:41:21.384]  2026-09-10 00:41:12
INFO  [00:41:21.384]  2026-09-10 00:41:12
INFO  [00:41:21.384]  2026-09-10 00:41:12
INFO  [00:41:21.384]  2026-09-10 00:41:12
INFO  [00:41:21.384]  2026-09-10 00:41:12
INFO  [00:41:21.384]  2026-09-10 00:41:12
INFO  [00:41:21.384]  2026-09-10 00:41:12
INFO  [00:41:21.384]  2026-09-10 00:41:12
INFO  [00:41:21.384]  2026-09-10 00:41:12
INFO  [00:41:21.384]  2026-09-10 00:41:12
INFO  [00:41:21.384]  2026-09-10 00:41:12
INFO  [00:41:21.384]  2026-09-10 00:41:12
INFO  [00:41:21.384]  2026-09-10 00:41:12
INFO  [00:41:21.384]  2026-09-10 00:41:12
INFO  [00:41:21.384]  2026-09-10 00:41:12
INFO  [00:41:21.384]  2026-09-10 00:41:12
INFO  [00:41:21.384]  2026-09-10 00:41:12
INFO  [00:41:21.384]  2026-09-10 00:41:12
INFO  [00:41:21.384]  2026-09-10 00:41:12
INFO  [00:41:21.384]  2026-09-10 00:41:12
INFO  [00:41:21.384]  2026-09-10 00:41:12
INFO  [00:41:21.384]  2026-09-10 00:41:12
INFO  [00:41:21.384]  2026-09-10 00:41:12
INFO  [00:41:21.384]  2026-09-10 00:41:12
INFO  [00:41:21.384]  2026-09-10 00:41:12
INFO  [00:41:21.384]  2026-09-10 00:41:12
INFO  [00:41:21.384]  2026-09-10 00:41:12
INFO  [00:41:21.384]  2026-09-10 00:41:12
INFO  [00:41:21.384]  2026-09-10 00:41:12
INFO  [00:41:21.384]  2026-09-10 00:41:12
INFO  [00:41:21.384]  2026-09-10 00:41:12
INFO  [00:41:21.384]  2026-09-10 00:41:12
INFO  [00:41:21.384]  2026-09-10 00:41:12
INFO  [00:41:21.384]  2026-09-10 00:41:12
INFO  [00:41:21.384]  2026-09-10 00:41:12
INFO  [00:41:21.384]  2026-09-10 00:41:12
INFO  [00:41:21.384]  2026-09-10 00:41:12
INFO  [00:41:21.384]  2026-09-10 00:41:12
INFO  [00:41:21.384]  2026-09-10 00:41:12
INFO  [00:41:21.384]  2026-09-10 00:41:12
INFO  [00:41:21.384]  2026-09-10 00:41:12
INFO  [00:41:21.384]  2026-09-10 00:41:12
INFO  [00:41:21.384]  2026-09-10 00:41:12
INFO  [00:41:21.384]  2026-09-10 00:41:12
INFO  [00:41:21.384]  2026-09-10 00:41:12
INFO  [00:41:21.384]  2026-09-10 00:41:12
INFO  [00:41:21.384]  2026-09-10 00:41:12
INFO  [00:41:21.384]  2026-09-10 00:41:12
INFO  [00:41:21.384]  2026-09-10 00:41:12
INFO  [00:41:21.384]  2026-09-10 00:41:12
INFO  [00:41:21.384]  2026-09-10 00:41:12
INFO  [00:41:21.384]  2026-09-10 00:41:12
INFO  [00:41:21.384]  2026-09-10 00:41:12
INFO  [00:41:21.384]  2026-09-10 00:41:12
INFO  [00:41:21.384]  2026-09-10 00:41:12
INFO  [00:41:21.384]  2026-09-10 00:41:12
INFO  [00:41:21.384]  2026-09-10 00:41:12
INFO  [00:41:21.384]  2026-09-10 00:41:12
INFO  [00:41:21.384]  2026-09-10 00:41:12
INFO  [00:41:21.384]  2026-09-10 00:41:12
INFO  [00:41:21.384]  2026-09-10 00:41:12
INFO  [00:41:21.384]  2026-09-10 00:41:12
INFO  [00:41:21.384]  2026-09-10 00:41:12
INFO  [00:41:21.384]  2026-09-10 00:41:12
INFO  [00:41:21.384]  2026-09-10 00:41:12
INFO  [00:41:21.384]  2026-09-10 00:41:12
INFO  [00:41:21.384]  2026-09-10 00:41:12
INFO  [00:41:21.384]  2026-09-10 00:41:12
INFO  [00:41:21.384]  2026-09-10 00:41:12
INFO  [00:41:21.384]  2026-09-10 00:41:12
INFO  [00:41:21.384]  2026-09-10 00:41:12
INFO  [00:41:21.384]  2026-09-10 00:41:12
INFO  [00:41:21.384]  2026-09-10 00:41:12
INFO  [00:41:21.384]  2026-09-10 00:41:12
INFO  [00:41:21.384]  2026-09-10 00:41:12
INFO  [00:41:21.384]  2026-09-10 00:41:12
INFO  [00:41:21.384]  2026-09-10 00:41:12
INFO  [00:41:21.384]  2026-09-10 00:41:12
INFO  [00:41:21.384]  2026-09-10 00:41:12
INFO  [00:41:21.384]  2026-09-10 00:41:12
INFO  [00:41:21.384]  2026-09-10 00:41:12
INFO  [00:41:21.384]  2026-09-10 00:41:12
INFO  [00:41:21.384]  2026-09-10 00:41:12
INFO  [00:41:21.384]  2026-09-10 00:41:12
INFO  [00:41:21.384]  2026-09-10 00:41:12
INFO  [00:41:21.384]  2026-09-10 00:41:12
INFO  [00:41:21.384]  2026-09-10 00:41:12
INFO  [00:41:21.384]  2026-09-10 00:41:12
INFO  [00:41:21.384]  2026-09-10 00:41:12
INFO  [00:41:21.384]  2026-09-10 00:41:12
INFO  [00:41:21.384]  2026-09-10 00:41:12
INFO  [00:41:21.384]  2026-09-10 00:41:12
INFO  [00:41:21.384]  2026-09-10 00:41:12
INFO  [00:41:21.384]  2026-09-10 00:41:12
INFO  [00:41:21.384]  2026-09-10 00:41:12
INFO  [00:41:21.384]  2026-09-10 00:41:12
INFO  [00:41:21.384]  2026-09-10 00:41:12
INFO  [00:41:21.384]  2026-09-10 00:41:12
INFO  [00:41:21.384]  2026-09-10 00:41:12
INFO  [00:41:21.384]         timestamp_ys
INFO  [00:41:21.497] [mlr3] Calling train method of fallback 'regr.ranger' on task 'surrogate_task' with 100 observations {learner: <LearnerRegrRanger/LearnerRegr/Learner/R6>}
INFO  [00:41:23.023] 3 worker(s) running
INFO  [00:41:23.140] [mlr3] Calling train method of fallback 'regr.ranger' on task 'surrogate_task' with 101 observations {learner: <LearnerRegrRanger/LearnerRegr/Learner/R6>}
INFO  [00:41:23.823] [mlr3] Calling train method of fallback 'regr.ranger' on task 'surrogate_task' with 101 observations {learner: <LearnerRegrRanger/LearnerRegr/Learner/R6>}
INFO  [00:41:25.359] 8 worker(s) running
INFO  [00:41:25.475] [mlr3] Calling train method of fallback 'regr.ranger' on task 'surrogate_task' with 103 observations {learner: <LearnerRegrRanger/LearnerRegr/Learner/R6>}
INFO  [00:41:26.107] [mlr3] Calling train method of fallback 'regr.ranger' on task 'surrogate_task' with 104 observations {learner: <LearnerRegrRanger/LearnerRegr/Learner/R6>}
INFO  [00:41:26.798] [mlr3] Calling train method of fallback 'regr.ranger' on task 'surrogate_task' with 105 observations {learner: <LearnerRegrRanger/LearnerRegr/Learner/R6>}
INFO  [00:41:27.535] [mlr3] Calling train method of fallback 'regr.ranger' on task 'surrogate_task' with 105 observations {learner: <LearnerRegrRanger/LearnerRegr/Learner/R6>}
INFO  [00:41:28.193] [mlr3] Calling train method of fallback 'regr.ranger' on task 'surrogate_task' with 106 observations {learner: <LearnerRegrRanger/LearnerRegr/Learner/R6>}
INFO  [00:41:29.742] 18 worker(s) running
INFO  [00:41:29.880] [mlr3] Calling train method of fallback 'regr.ranger' on task 'surrogate_task' with 108 observations {learner: <LearnerRegrRanger/LearnerRegr/Learner/R6>}
INFO  [00:41:30.628] [mlr3] Calling train method of fallback 'regr.ranger' on task 'surrogate_task' with 108 observations {learner: <LearnerRegrRanger/LearnerRegr/Learner/R6>}
INFO  [00:41:31.326] [mlr3] Calling train method of fallback 'regr.ranger' on task 'surrogate_task' with 109 observations {learner: <LearnerRegrRanger/LearnerRegr/Learner/R6>}
INFO  [00:41:32.041] [mlr3] Calling train method of fallback 'regr.ranger' on task 'surrogate_task' with 110 observations {learner: <LearnerRegrRanger/LearnerRegr/Learner/R6>}
INFO  [00:41:32.685] [mlr3] Calling train method of fallback 'regr.ranger' on task 'surrogate_task' with 111 observations {learner: <LearnerRegrRanger/LearnerRegr/Learner/R6>}
INFO  [00:41:33.326] [mlr3] Calling train method of fallback 'regr.ranger' on task 'surrogate_task' with 111 observations {learner: <LearnerRegrRanger/LearnerRegr/Learner/R6>}
INFO  [00:41:33.960] [mlr3] Calling train method of fallback 'regr.ranger' on task 'surrogate_task' with 113 observations {learner: <LearnerRegrRanger/LearnerRegr/Learner/R6>}
INFO  [00:41:34.609] [mlr3] Calling train method of fallback 'regr.ranger' on task 'surrogate_task' with 114 observations {learner: <LearnerRegrRanger/LearnerRegr/Learner/R6>}
INFO  [00:41:35.267] [mlr3] Calling train method of fallback 'regr.ranger' on task 'surrogate_task' with 115 observations {learner: <LearnerRegrRanger/LearnerRegr/Learner/R6>}
INFO  [00:41:35.930] [mlr3] Calling train method of fallback 'regr.ranger' on task 'surrogate_task' with 117 observations {learner: <LearnerRegrRanger/LearnerRegr/Learner/R6>}
INFO  [00:41:37.470] 28 worker(s) running
INFO  [00:41:37.595] [mlr3] Calling train method of fallback 'regr.ranger' on task 'surrogate_task' with 118 observations {learner: <LearnerRegrRanger/LearnerRegr/Learner/R6>}
INFO  [00:41:38.257] [mlr3] Calling train method of fallback 'regr.ranger' on task 'surrogate_task' with 118 observations {learner: <LearnerRegrRanger/LearnerRegr/Learner/R6>}
INFO  [00:41:38.917] [mlr3] Calling train method of fallback 'regr.ranger' on task 'surrogate_task' with 120 observations {learner: <LearnerRegrRanger/LearnerRegr/Learner/R6>}
INFO  [00:41:39.594] [mlr3] Calling train method of fallback 'regr.ranger' on task 'surrogate_task' with 120 observations {learner: <LearnerRegrRanger/LearnerRegr/Learner/R6>}
INFO  [00:41:40.295] [mlr3] Calling train method of fallback 'regr.ranger' on task 'surrogate_task' with 121 observations {learner: <LearnerRegrRanger/LearnerRegr/Learner/R6>}
INFO  [00:41:40.980] [mlr3] Calling train method of fallback 'regr.ranger' on task 'surrogate_task' with 122 observations {learner: <LearnerRegrRanger/LearnerRegr/Learner/R6>}
INFO  [00:41:41.659] [mlr3] Calling train method of fallback 'regr.ranger' on task 'surrogate_task' with 124 observations {learner: <LearnerRegrRanger/LearnerRegr/Learner/R6>}
INFO  [00:41:42.349] [mlr3] Calling train method of fallback 'regr.ranger' on task 'surrogate_task' with 124 observations {learner: <LearnerRegrRanger/LearnerRegr/Learner/R6>}
INFO  [00:41:43.004] [mlr3] Calling train method of fallback 'regr.ranger' on task 'surrogate_task' with 125 observations {learner: <LearnerRegrRanger/LearnerRegr/Learner/R6>}
INFO  [00:41:43.663] [mlr3] Calling train method of fallback 'regr.ranger' on task 'surrogate_task' with 126 observations {learner: <LearnerRegrRanger/LearnerRegr/Learner/R6>}
INFO  [00:41:45.214] 32 worker(s) running
INFO  [00:41:45.359] [mlr3] Calling train method of fallback 'regr.ranger' on task 'surrogate_task' with 128 observations {learner: <LearnerRegrRanger/LearnerRegr/Learner/R6>}
INFO  [00:41:46.023] [mlr3] Calling train method of fallback 'regr.ranger' on task 'surrogate_task' with 128 observations {learner: <LearnerRegrRanger/LearnerRegr/Learner/R6>}
INFO  [00:41:46.729] [mlr3] Calling train method of fallback 'regr.ranger' on task 'surrogate_task' with 130 observations {learner: <LearnerRegrRanger/LearnerRegr/Learner/R6>}
INFO  [00:41:47.518] [mlr3] Calling train method of fallback 'regr.ranger' on task 'surrogate_task' with 130 observations {learner: <LearnerRegrRanger/LearnerRegr/Learner/R6>}
INFO  [00:41:50.193] 33 worker(s) running
INFO  [00:41:50.336] [mlr3] Calling train method of fallback 'regr.ranger' on task 'surrogate_task' with 132 observations {learner: <LearnerRegrRanger/LearnerRegr/Learner/R6>}
INFO  [00:41:51.877] 35 worker(s) running
INFO  [00:41:52.019] [mlr3] Calling train method of fallback 'regr.ranger' on task 'surrogate_task' with 133 observations {learner: <LearnerRegrRanger/LearnerRegr/Learner/R6>}
INFO  [00:41:52.685] [mlr3] Calling train method of fallback 'regr.ranger' on task 'surrogate_task' with 133 observations {learner: <LearnerRegrRanger/LearnerRegr/Learner/R6>}
INFO  [00:41:54.217] 36 worker(s) running
INFO  [00:41:54.224] Results of 1 configuration(s):
INFO  [00:41:54.232]  classif.ce learning_rate num_leaves min_data_in_leaf feature_fraction
INFO  [00:41:54.232]     0.01768     -1.927669        193              150        0.9751086
INFO  [00:41:54.232]  extra_trees lambda_l1 lambda_l2 min_gain_to_split        timestamp_xs
INFO  [00:41:54.232]         TRUE -3.217203 -4.740682         -2.753807 2026-09-10 00:41:26
INFO  [00:41:54.232]         timestamp_ys runtime_learners warnings errors internal_tuned_values
INFO  [00:41:54.232]  2026-09-10 00:41:53           25.665        0      0     num_iterations=15
INFO  [00:41:54.232]     acq_cb timestamp_surrogate timestamp_acq_function timestamp_acq_optimizer
INFO  [00:41:54.232]  -13.24954 2026-09-10 00:41:25    2026-09-10 00:41:26     2026-09-10 00:41:26
INFO  [00:41:54.232]       timestamp_loop                 worker_id
INFO  [00:41:54.232]  2026-09-10 00:41:26 talky_sunbittern_992a6eb5
INFO  [00:41:54.374] [mlr3] Calling train method of fallback 'regr.ranger' on task 'surrogate_task' with 135 observations {learner: <LearnerRegrRanger/LearnerRegr/Learner/R6>}
INFO  [00:41:55.037] [mlr3] Calling train method of fallback 'regr.ranger' on task 'surrogate_task' with 135 observations {learner: <LearnerRegrRanger/LearnerRegr/Learner/R6>}
INFO  [00:41:56.584] Results of 4 configuration(s):
INFO  [00:41:56.592]  classif.ce learning_rate num_leaves min_data_in_leaf feature_fraction
INFO  [00:41:56.592]     0.01766     -1.872022        177               54        0.9962994
INFO  [00:41:56.592]     0.01774     -1.933381        160              147        0.7122611
INFO  [00:41:56.592]     0.01774     -1.970870        168              107        0.6791660
INFO  [00:41:56.592]     0.01780     -2.950734        196               46        0.9791063
INFO  [00:41:56.592]  extra_trees lambda_l1  lambda_l2 min_gain_to_split        timestamp_xs
INFO  [00:41:56.592]         TRUE -3.870521 -2.4573540         -3.731917 2026-09-10 00:41:25
INFO  [00:41:56.592]         TRUE -3.556794 -2.5652002         -6.907755 2026-09-10 00:41:22
INFO  [00:41:56.592]         TRUE -3.673413  0.5285411         -3.644681 2026-09-10 00:41:27
INFO  [00:41:56.592]         TRUE -3.978830  3.3090290         -2.956576 2026-09-10 00:41:33
INFO  [00:41:56.592]         timestamp_ys runtime_learners warnings errors internal_tuned_values
INFO  [00:41:56.592]  2026-09-10 00:41:54           27.387        0      0     num_iterations=14
INFO  [00:41:56.592]  2026-09-10 00:41:55           31.762        0      0     num_iterations=11
INFO  [00:41:56.592]  2026-09-10 00:41:55           26.424        0      0     num_iterations=13
INFO  [00:41:56.592]  2026-09-10 00:41:56           20.770        0      0      num_iterations=1
INFO  [00:41:56.592]     acq_cb timestamp_surrogate timestamp_acq_function timestamp_acq_optimizer
INFO  [00:41:56.592]  -12.73340 2026-09-10 00:41:25    2026-09-10 00:41:25     2026-09-10 00:41:25
INFO  [00:41:56.592]  -11.73169 2026-09-10 00:41:21    2026-09-10 00:41:21     2026-09-10 00:41:21
INFO  [00:41:56.592]  -12.81025 2026-09-10 00:41:26    2026-09-10 00:41:26     2026-09-10 00:41:26
INFO  [00:41:56.592]  -12.98928 2026-09-10 00:41:33    2026-09-10 00:41:33     2026-09-10 00:41:33
INFO  [00:41:56.592]       timestamp_loop                       worker_id
INFO  [00:41:56.592]  2026-09-10 00:41:25          cultured_coot_4705bb37
INFO  [00:41:56.592]  2026-09-10 00:41:22 diplocardiac_dachshund_b094652f
INFO  [00:41:56.592]  2026-09-10 00:41:27     thorough_jellyfish_856fcc7d
INFO  [00:41:56.592]  2026-09-10 00:41:33 wacky_indianrhinoceros_5fb6be35
INFO  [00:41:56.734] [mlr3] Calling train method of fallback 'regr.ranger' on task 'surrogate_task' with 137 observations {learner: <LearnerRegrRanger/LearnerRegr/Learner/R6>}
INFO  [00:41:57.413] [mlr3] Calling train method of fallback 'regr.ranger' on task 'surrogate_task' with 138 observations {learner: <LearnerRegrRanger/LearnerRegr/Learner/R6>}
INFO  [00:41:58.150] [mlr3] Calling train method of fallback 'regr.ranger' on task 'surrogate_task' with 138 observations {learner: <LearnerRegrRanger/LearnerRegr/Learner/R6>}
INFO  [00:41:58.831] [mlr3] Calling train method of fallback 'regr.ranger' on task 'surrogate_task' with 140 observations {learner: <LearnerRegrRanger/LearnerRegr/Learner/R6>}
INFO  [00:42:00.407] 38 worker(s) running
INFO  [00:42:00.416] Results of 4 configuration(s):
INFO  [00:42:00.425]  classif.ce learning_rate num_leaves min_data_in_leaf feature_fraction
INFO  [00:42:00.425]     0.01764    -0.8767639        204               16        0.9652376
INFO  [00:42:00.425]     0.01760    -2.1148503        162              192        0.9641147
INFO  [00:42:00.425]     0.01764    -1.9245432         57              135        0.7369000
INFO  [00:42:00.425]     0.01762    -1.9462267        163              102        0.6776644
INFO  [00:42:00.425]  extra_trees lambda_l1  lambda_l2 min_gain_to_split        timestamp_xs
INFO  [00:42:00.425]         TRUE -4.902445  0.8041700         -3.051968 2026-09-10 00:41:34
INFO  [00:42:00.425]         TRUE -3.577907 -3.2234357         -4.864932 2026-09-10 00:41:23
INFO  [00:42:00.425]         TRUE -3.613364  0.7231339         -3.686979 2026-09-10 00:41:31
INFO  [00:42:00.425]         TRUE -3.913592  0.7605865         -3.834495 2026-09-10 00:41:28
INFO  [00:42:00.425]         timestamp_ys runtime_learners warnings errors internal_tuned_values
INFO  [00:42:00.425]  2026-09-10 00:41:57           21.652        0      0      num_iterations=9
INFO  [00:42:00.425]  2026-09-10 00:41:58           33.120        0      0     num_iterations=25
INFO  [00:42:00.425]  2026-09-10 00:41:59           25.991        0      0     num_iterations=33
INFO  [00:42:00.425]  2026-09-10 00:41:59           28.962        0      0     num_iterations=36
INFO  [00:42:00.425]     acq_cb timestamp_surrogate timestamp_acq_function timestamp_acq_optimizer
INFO  [00:42:00.425]  -12.61434 2026-09-10 00:41:33    2026-09-10 00:41:33     2026-09-10 00:41:33
INFO  [00:42:00.425]  -12.15359 2026-09-10 00:41:23    2026-09-10 00:41:23     2026-09-10 00:41:23
INFO  [00:42:00.425]  -13.14798 2026-09-10 00:41:31    2026-09-10 00:41:31     2026-09-10 00:41:31
INFO  [00:42:00.425]  -13.59357 2026-09-10 00:41:28    2026-09-10 00:41:28     2026-09-10 00:41:28
INFO  [00:42:00.425]       timestamp_loop                        worker_id
INFO  [00:42:00.425]  2026-09-10 00:41:34             pink_cuckoo_8edf789d
INFO  [00:42:00.425]  2026-09-10 00:41:23 semiemotional_orangutan_e1464c65
INFO  [00:42:00.425]  2026-09-10 00:41:31       godfearing_beetle_7d551554
INFO  [00:42:00.425]  2026-09-10 00:41:28               icy_tiger_c03ce1d8
INFO  [00:42:00.583] [mlr3] Calling train method of fallback 'regr.ranger' on task 'surrogate_task' with 141 observations {learner: <LearnerRegrRanger/LearnerRegr/Learner/R6>}
INFO  [00:42:01.278] [mlr3] Calling train method of fallback 'regr.ranger' on task 'surrogate_task' with 141 observations {learner: <LearnerRegrRanger/LearnerRegr/Learner/R6>}
INFO  [00:42:02.076] [mlr3] Calling train method of fallback 'regr.ranger' on task 'surrogate_task' with 142 observations {learner: <LearnerRegrRanger/LearnerRegr/Learner/R6>}
INFO  [00:42:02.852] [mlr3] Calling train method of fallback 'regr.ranger' on task 'surrogate_task' with 144 observations {learner: <LearnerRegrRanger/LearnerRegr/Learner/R6>}
INFO  [00:42:03.652] [mlr3] Calling train method of fallback 'regr.ranger' on task 'surrogate_task' with 145 observations {learner: <LearnerRegrRanger/LearnerRegr/Learner/R6>}
INFO  [00:42:04.397] [mlr3] Calling train method of fallback 'regr.ranger' on task 'surrogate_task' with 146 observations {learner: <LearnerRegrRanger/LearnerRegr/Learner/R6>}
INFO  [00:42:05.971] 49 worker(s) running
INFO  [00:42:05.977] Results of 7 configuration(s):
INFO  [00:42:05.986]  classif.ce learning_rate num_leaves min_data_in_leaf feature_fraction
INFO  [00:42:05.986]     0.01780     -1.945036        170              139        0.5741411
INFO  [00:42:05.986]     0.01766     -1.887959        171               30        0.6463195
INFO  [00:42:05.986]     0.01774     -1.956539        172              101        0.9893588
INFO  [00:42:05.986]     0.01776     -2.012065        165               57        0.6145196
INFO  [00:42:05.986]     0.01780     -1.901697        160              185        0.6098655
INFO  [00:42:05.986]     0.01762     -2.164459        180               93        0.9675678
INFO  [00:42:05.986]     0.01770     -1.925002         46              128        0.6154539
INFO  [00:42:05.986]  extra_trees lambda_l1  lambda_l2 min_gain_to_split        timestamp_xs
INFO  [00:42:05.986]         TRUE -3.578926  6.6655074         -3.614671 2026-09-10 00:41:36
INFO  [00:42:05.986]         TRUE -3.572476  0.6388128         -3.718105 2026-09-10 00:41:31
INFO  [00:42:05.986]         TRUE -3.475722 -6.9077553         -6.299779 2026-09-10 00:41:28
INFO  [00:42:05.986]         TRUE -3.747012 -2.3645208         -6.741918 2026-09-10 00:41:24
INFO  [00:42:05.986]         TRUE -3.635930  5.5274747         -2.778617 2026-09-10 00:41:39
INFO  [00:42:05.986]         TRUE -3.425109 -1.5222302         -3.683803 2026-09-10 00:41:33
INFO  [00:42:05.986]         TRUE -3.958436  2.3571351         -5.736349 2026-09-10 00:41:35
INFO  [00:42:05.986]         timestamp_ys runtime_learners warnings errors internal_tuned_values
INFO  [00:42:05.986]  2026-09-10 00:42:00           23.061        0      0      num_iterations=1
INFO  [00:42:05.986]  2026-09-10 00:42:01           28.563        0      0     num_iterations=22
INFO  [00:42:05.986]  2026-09-10 00:42:02           32.938        0      0     num_iterations=11
INFO  [00:42:05.986]  2026-09-10 00:42:03           37.448        0      0      num_iterations=7
INFO  [00:42:05.986]  2026-09-10 00:42:03           22.489        0      0      num_iterations=1
INFO  [00:42:05.986]  2026-09-10 00:42:04           29.936        0      0     num_iterations=25
INFO  [00:42:05.986]  2026-09-10 00:42:04           27.386        0      0     num_iterations=20
INFO  [00:42:05.986]     acq_cb timestamp_surrogate timestamp_acq_function timestamp_acq_optimizer
INFO  [00:42:05.986]  -12.94084 2026-09-10 00:41:35    2026-09-10 00:41:35     2026-09-10 00:41:35
INFO  [00:42:05.986]  -13.41876 2026-09-10 00:41:30    2026-09-10 00:41:30     2026-09-10 00:41:30
INFO  [00:42:05.986]  -11.97153 2026-09-10 00:41:27    2026-09-10 00:41:27     2026-09-10 00:41:27
INFO  [00:42:05.986]  -11.99726 2026-09-10 00:41:23    2026-09-10 00:41:23     2026-09-10 00:41:23
INFO  [00:42:05.986]  -12.43108 2026-09-10 00:41:38    2026-09-10 00:41:38     2026-09-10 00:41:38
INFO  [00:42:05.986]  -13.38748 2026-09-10 00:41:32    2026-09-10 00:41:32     2026-09-10 00:41:32
INFO  [00:42:05.986]  -12.87415 2026-09-10 00:41:35    2026-09-10 00:41:35     2026-09-10 00:41:35
INFO  [00:42:05.986]       timestamp_loop                        worker_id
INFO  [00:42:05.986]  2026-09-10 00:41:36 broadfaced_hippopotamus_c6298e4d
INFO  [00:42:05.986]  2026-09-10 00:41:31    medium_redtailedhawk_dcd32e48
INFO  [00:42:05.986]  2026-09-10 00:41:28            fair_antbear_aafb7550
INFO  [00:42:05.986]  2026-09-10 00:41:24            carnous_paca_df3c4c13
INFO  [00:42:05.986]  2026-09-10 00:41:39        symmetric_mantid_2442194f
INFO  [00:42:05.986]  2026-09-10 00:41:33    preshrunk_chuckwalla_9c78cf59
INFO  [00:42:05.986]  2026-09-10 00:41:35  chordamesodermal_degus_863f35ce
INFO  [00:42:06.145] [mlr3] Calling train method of fallback 'regr.ranger' on task 'surrogate_task' with 147 observations {learner: <LearnerRegrRanger/LearnerRegr/Learner/R6>}
INFO  [00:42:06.869] [mlr3] Calling train method of fallback 'regr.ranger' on task 'surrogate_task' with 148 observations {learner: <LearnerRegrRanger/LearnerRegr/Learner/R6>}
INFO  [00:42:07.601] [mlr3] Calling train method of fallback 'regr.ranger' on task 'surrogate_task' with 149 observations {learner: <LearnerRegrRanger/LearnerRegr/Learner/R6>}
INFO  [00:42:08.673] [mlr3] Calling train method of fallback 'regr.ranger' on task 'surrogate_task' with 149 observations {learner: <LearnerRegrRanger/LearnerRegr/Learner/R6>}
INFO  [00:42:09.399] [mlr3] Calling train method of fallback 'regr.ranger' on task 'surrogate_task' with 150 observations {learner: <LearnerRegrRanger/LearnerRegr/Learner/R6>}
INFO  [00:42:10.122] [mlr3] Calling train method of fallback 'regr.ranger' on task 'surrogate_task' with 152 observations {learner: <LearnerRegrRanger/LearnerRegr/Learner/R6>}
INFO  [00:42:10.835] [mlr3] Calling train method of fallback 'regr.ranger' on task 'surrogate_task' with 152 observations {learner: <LearnerRegrRanger/LearnerRegr/Learner/R6>}
INFO  [00:42:11.563] [mlr3] Calling train method of fallback 'regr.ranger' on task 'surrogate_task' with 154 observations {learner: <LearnerRegrRanger/LearnerRegr/Learner/R6>}
INFO  [00:42:12.267] [mlr3] Calling train method of fallback 'regr.ranger' on task 'surrogate_task' with 154 observations {learner: <LearnerRegrRanger/LearnerRegr/Learner/R6>}
INFO  [00:42:12.992] [mlr3] Calling train method of fallback 'regr.ranger' on task 'surrogate_task' with 155 observations {learner: <LearnerRegrRanger/LearnerRegr/Learner/R6>}
INFO  [00:42:13.720] [mlr3] Calling train method of fallback 'regr.ranger' on task 'surrogate_task' with 155 observations {learner: <LearnerRegrRanger/LearnerRegr/Learner/R6>}
INFO  [00:42:14.425] [mlr3] Calling train method of fallback 'regr.ranger' on task 'surrogate_task' with 158 observations {learner: <LearnerRegrRanger/LearnerRegr/Learner/R6>}
INFO  [00:42:15.120] [mlr3] Calling train method of fallback 'regr.ranger' on task 'surrogate_task' with 158 observations {learner: <LearnerRegrRanger/LearnerRegr/Learner/R6>}
INFO  [00:42:15.824] [mlr3] Calling train method of fallback 'regr.ranger' on task 'surrogate_task' with 159 observations {learner: <LearnerRegrRanger/LearnerRegr/Learner/R6>}
INFO  [00:42:16.582] [mlr3] Calling train method of fallback 'regr.ranger' on task 'surrogate_task' with 160 observations {learner: <LearnerRegrRanger/LearnerRegr/Learner/R6>}
INFO  [00:42:17.312] [mlr3] Calling train method of fallback 'regr.ranger' on task 'surrogate_task' with 161 observations {learner: <LearnerRegrRanger/LearnerRegr/Learner/R6>}
INFO  [00:42:18.015] [mlr3] Calling train method of fallback 'regr.ranger' on task 'surrogate_task' with 162 observations {learner: <LearnerRegrRanger/LearnerRegr/Learner/R6>}
INFO  [00:42:18.791] [mlr3] Calling train method of fallback 'regr.ranger' on task 'surrogate_task' with 163 observations {learner: <LearnerRegrRanger/LearnerRegr/Learner/R6>}
INFO  [00:42:20.333] 77 worker(s) running
INFO  [00:42:20.344] Results of 18 configuration(s):
INFO  [00:42:20.354]  classif.ce learning_rate num_leaves min_data_in_leaf feature_fraction
INFO  [00:42:20.354]     0.01766    -1.8915719        168               89        0.9815501
INFO  [00:42:20.354]     0.01770    -1.9501674        162              134        0.6342410
INFO  [00:42:20.354]     0.01770    -1.8143206        162              155        0.5907187
INFO  [00:42:20.354]     0.01786    -1.9345203        206                7        0.8683956
INFO  [00:42:20.354]     0.01780    -3.8571623        189               73        0.9631933
INFO  [00:42:20.354]     0.01766    -1.9187614        160              131        0.5285707
INFO  [00:42:20.354]     0.01776    -1.5897654        166              168        0.6415200
INFO  [00:42:20.354]     0.01772    -2.8160682        208               72        0.9786618
INFO  [00:42:20.354]     0.01780    -6.7935831        252              133        0.9690104
INFO  [00:42:20.354]     0.01776    -1.6710587        162               34        0.6578624
INFO  [00:42:20.354]     0.01780    -6.6409901        190               64        0.9909851
INFO  [00:42:20.354]     0.01772    -2.8654002        255               26        0.9729843
INFO  [00:42:20.354]     0.01772    -0.9789999         41               15        0.6511520
INFO  [00:42:20.354]     0.01774    -3.0463379        195               61        0.9673094
INFO  [00:42:20.354]     0.01772    -1.2384735        175              131        0.6119811
INFO  [00:42:20.354]     0.01758    -1.9672775        166              135        0.5756549
INFO  [00:42:20.354]     0.01768    -1.7378958        186               29        0.6494955
INFO  [00:42:20.354]     0.01772    -2.6939712        194               39        0.9700883
INFO  [00:42:20.354]  extra_trees lambda_l1  lambda_l2 min_gain_to_split        timestamp_xs
INFO  [00:42:20.354]        FALSE -3.737906  0.9153114         -6.470118 2026-09-10 00:41:30
INFO  [00:42:20.354]         TRUE -4.316767 -6.6847965         -3.684233 2026-09-10 00:41:32
INFO  [00:42:20.354]         TRUE -3.633410  0.7835964         -3.688059 2026-09-10 00:41:38
INFO  [00:42:20.354]         TRUE -4.906490 -6.6199682         -2.302585 2026-09-10 00:41:42
INFO  [00:42:20.354]         TRUE -3.583766  0.0302195         -3.039496 2026-09-10 00:41:41
INFO  [00:42:20.354]         TRUE -3.647008  0.8630840         -3.720367 2026-09-10 00:41:35
INFO  [00:42:20.354]         TRUE -4.974713 -6.7008191         -3.711331 2026-09-10 00:41:40
INFO  [00:42:20.354]         TRUE -3.470629 -0.7195351         -3.078614 2026-09-10 00:41:38
INFO  [00:42:20.354]         TRUE -3.461873  0.9294420         -3.055155 2026-09-10 00:41:47
INFO  [00:42:20.354]         TRUE -5.423882 -6.4827633         -2.302585 2026-09-10 00:41:45
INFO  [00:42:20.354]         TRUE -3.515779 -0.9807814         -3.152626 2026-09-10 00:41:43
INFO  [00:42:20.354]         TRUE -4.982726 -1.1749591         -2.302585 2026-09-10 00:41:42
INFO  [00:42:20.354]         TRUE -5.097444  0.9900932         -2.962106 2026-09-10 00:41:53
INFO  [00:42:20.354]         TRUE -3.480620 -1.2284649         -4.612304 2026-09-10 00:41:40
INFO  [00:42:20.354]         TRUE -6.907755 -0.7635323         -2.827096 2026-09-10 00:41:50
INFO  [00:42:20.354]         TRUE -3.540135  0.9083124         -6.204011 2026-09-10 00:41:44
INFO  [00:42:20.354]         TRUE -5.366421 -6.7121238         -2.504420 2026-09-10 00:41:52
INFO  [00:42:20.354]         TRUE -3.525787  0.8178925         -6.604844 2026-09-10 00:41:48
INFO  [00:42:20.354]         timestamp_ys runtime_learners warnings errors internal_tuned_values
INFO  [00:42:20.354]  2026-09-10 00:42:06           34.455        0      0      num_iterations=8
INFO  [00:42:20.354]  2026-09-10 00:42:07           31.639        0      0     num_iterations=19
INFO  [00:42:20.354]  2026-09-10 00:42:08           28.963        0      0     num_iterations=13
INFO  [00:42:20.354]  2026-09-10 00:42:08           24.710        0      0      num_iterations=6
INFO  [00:42:20.354]  2026-09-10 00:42:09           26.483        0      0      num_iterations=1
INFO  [00:42:20.354]  2026-09-10 00:42:09           33.241        0      0     num_iterations=22
INFO  [00:42:20.354]  2026-09-10 00:42:10           28.032        0      0      num_iterations=4
INFO  [00:42:20.354]  2026-09-10 00:42:10           30.299        0      0     num_iterations=24
INFO  [00:42:20.354]  2026-09-10 00:42:11           22.308        0      0      num_iterations=1
INFO  [00:42:20.354]  2026-09-10 00:42:11           23.859        0      0      num_iterations=5
INFO  [00:42:20.354]  2026-09-10 00:42:14           29.631        0      0      num_iterations=1
INFO  [00:42:20.354]  2026-09-10 00:42:15           31.761        0      0     num_iterations=28
INFO  [00:42:20.354]  2026-09-10 00:42:16           22.069        0      0      num_iterations=4
INFO  [00:42:20.354]  2026-09-10 00:42:17           35.656        0      0     num_iterations=18
INFO  [00:42:20.354]  2026-09-10 00:42:17           25.126        0      0      num_iterations=7
INFO  [00:42:20.354]  2026-09-10 00:42:19           34.430        0      0     num_iterations=32
INFO  [00:42:20.354]  2026-09-10 00:42:20           26.177        0      0      num_iterations=8
INFO  [00:42:20.354]  2026-09-10 00:42:20           30.818        0      0     num_iterations=20
INFO  [00:42:20.354]     acq_cb timestamp_surrogate timestamp_acq_function timestamp_acq_optimizer
INFO  [00:42:20.354]  -13.29489 2026-09-10 00:41:29    2026-09-10 00:41:29     2026-09-10 00:41:29
INFO  [00:42:20.354]  -13.23844 2026-09-10 00:41:31    2026-09-10 00:41:32     2026-09-10 00:41:32
INFO  [00:42:20.354]  -12.97333 2026-09-10 00:41:37    2026-09-10 00:41:37     2026-09-10 00:41:37
INFO  [00:42:20.354]  -12.16420 2026-09-10 00:41:42    2026-09-10 00:41:42     2026-09-10 00:41:42
INFO  [00:42:20.354]  -13.12625 2026-09-10 00:41:40    2026-09-10 00:41:40     2026-09-10 00:41:40
INFO  [00:42:20.354]  -13.84970 2026-09-10 00:41:34    2026-09-10 00:41:34     2026-09-10 00:41:34
INFO  [00:42:20.354]  -12.07631 2026-09-10 00:41:40    2026-09-10 00:41:40     2026-09-10 00:41:40
INFO  [00:42:20.354]  -13.58033 2026-09-10 00:41:38    2026-09-10 00:41:38     2026-09-10 00:41:38
INFO  [00:42:20.354]  -11.37569 2026-09-10 00:41:46    2026-09-10 00:41:46     2026-09-10 00:41:46
INFO  [00:42:20.354]  -12.26544 2026-09-10 00:41:45    2026-09-10 00:41:45     2026-09-10 00:41:45
INFO  [00:42:20.354]  -12.41649 2026-09-10 00:41:42    2026-09-10 00:41:43     2026-09-10 00:41:43
INFO  [00:42:20.354]  -12.46813 2026-09-10 00:41:41    2026-09-10 00:41:41     2026-09-10 00:41:41
INFO  [00:42:20.354]  -11.25231 2026-09-10 00:41:52    2026-09-10 00:41:52     2026-09-10 00:41:52
INFO  [00:42:20.354]  -13.46127 2026-09-10 00:41:39    2026-09-10 00:41:39     2026-09-10 00:41:39
INFO  [00:42:20.354]  -12.23788 2026-09-10 00:41:50    2026-09-10 00:41:50     2026-09-10 00:41:50
INFO  [00:42:20.354]  -12.48273 2026-09-10 00:41:43    2026-09-10 00:41:43     2026-09-10 00:41:43
INFO  [00:42:20.354]  -11.73071 2026-09-10 00:41:51    2026-09-10 00:41:52     2026-09-10 00:41:52
INFO  [00:42:20.354]  -11.63468 2026-09-10 00:41:47    2026-09-10 00:41:47     2026-09-10 00:41:47
INFO  [00:42:20.354]       timestamp_loop                            worker_id
INFO  [00:42:20.354]  2026-09-10 00:41:30          patriotic_kingbird_552f00d7
INFO  [00:42:20.354]  2026-09-10 00:41:32      bright_icterinewarbler_3c82f7c2
INFO  [00:42:20.354]  2026-09-10 00:41:38         communionable_degus_9824ef6a
INFO  [00:42:20.354]  2026-09-10 00:41:42     ethnomusicological_gnat_143efb87
INFO  [00:42:20.354]  2026-09-10 00:41:41  galloping_dobermanpinscher_a2f04909
INFO  [00:42:20.354]  2026-09-10 00:41:35         chromatinic_warthog_cdcc455e
INFO  [00:42:20.354]  2026-09-10 00:41:40  ethnocentric_whoopingcrane_6eda7538
INFO  [00:42:20.354]  2026-09-10 00:41:38          timely_gardensnake_3be03276
INFO  [00:42:20.354]  2026-09-10 00:41:47         gentling_equestrian_47e14d57
INFO  [00:42:20.354]  2026-09-10 00:41:45 protozoological_polyturator_4043d2e9
INFO  [00:42:20.354]  2026-09-10 00:41:43           pseudolegal_steer_f8ad7c0d
INFO  [00:42:20.354]  2026-09-10 00:41:42            primitive_oyster_e44bdcaf
INFO  [00:42:20.354]  2026-09-10 00:41:53          matrilateral_zebra_7b2c078e
INFO  [00:42:20.354]  2026-09-10 00:41:40      interdestructive_fossa_70a96d48
INFO  [00:42:20.354]  2026-09-10 00:41:50              celadon_cuckoo_5983119d
INFO  [00:42:20.354]  2026-09-10 00:41:44       misogynic_planthopper_26eb3d49
INFO  [00:42:20.354]  2026-09-10 00:41:52         feasible_zebrafinch_5cf10eb1
INFO  [00:42:20.354]  2026-09-10 00:41:48    structural_albertosaurus_ddcb0ca8
INFO  [00:42:20.526] [mlr3] Calling train method of fallback 'regr.ranger' on task 'surrogate_task' with 165 observations {learner: <LearnerRegrRanger/LearnerRegr/Learner/R6>}
INFO  [00:42:21.256] [mlr3] Calling train method of fallback 'regr.ranger' on task 'surrogate_task' with 165 observations {learner: <LearnerRegrRanger/LearnerRegr/Learner/R6>}
INFO  [00:42:21.993] [mlr3] Calling train method of fallback 'regr.ranger' on task 'surrogate_task' with 167 observations {learner: <LearnerRegrRanger/LearnerRegr/Learner/R6>}
INFO  [00:42:22.751] [mlr3] Calling train method of fallback 'regr.ranger' on task 'surrogate_task' with 168 observations {learner: <LearnerRegrRanger/LearnerRegr/Learner/R6>}
INFO  [00:42:23.560] [mlr3] Calling train method of fallback 'regr.ranger' on task 'surrogate_task' with 169 observations {learner: <LearnerRegrRanger/LearnerRegr/Learner/R6>}
INFO  [00:42:24.311] [mlr3] Calling train method of fallback 'regr.ranger' on task 'surrogate_task' with 170 observations {learner: <LearnerRegrRanger/LearnerRegr/Learner/R6>}
INFO  [00:42:25.048] [mlr3] Calling train method of fallback 'regr.ranger' on task 'surrogate_task' with 170 observations {learner: <LearnerRegrRanger/LearnerRegr/Learner/R6>}
INFO  [00:42:25.780] [mlr3] Calling train method of fallback 'regr.ranger' on task 'surrogate_task' with 172 observations {learner: <LearnerRegrRanger/LearnerRegr/Learner/R6>}
INFO  [00:42:26.593] [mlr3] Calling train method of fallback 'regr.ranger' on task 'surrogate_task' with 173 observations {learner: <LearnerRegrRanger/LearnerRegr/Learner/R6>}
INFO  [00:42:27.356] [mlr3] Calling train method of fallback 'regr.ranger' on task 'surrogate_task' with 174 observations {learner: <LearnerRegrRanger/LearnerRegr/Learner/R6>}
INFO  [00:42:28.087] [mlr3] Calling train method of fallback 'regr.ranger' on task 'surrogate_task' with 174 observations {learner: <LearnerRegrRanger/LearnerRegr/Learner/R6>}
INFO  [00:42:28.824] [mlr3] Calling train method of fallback 'regr.ranger' on task 'surrogate_task' with 176 observations {learner: <LearnerRegrRanger/LearnerRegr/Learner/R6>}
INFO  [00:42:29.546] [mlr3] Calling train method of fallback 'regr.ranger' on task 'surrogate_task' with 176 observations {learner: <LearnerRegrRanger/LearnerRegr/Learner/R6>}
INFO  [00:42:30.287] [mlr3] Calling train method of fallback 'regr.ranger' on task 'surrogate_task' with 177 observations {learner: <LearnerRegrRanger/LearnerRegr/Learner/R6>}
INFO  [00:42:31.023] [mlr3] Calling train method of fallback 'regr.ranger' on task 'surrogate_task' with 178 observations {learner: <LearnerRegrRanger/LearnerRegr/Learner/R6>}
INFO  [00:42:31.760] [mlr3] Calling train method of fallback 'regr.ranger' on task 'surrogate_task' with 179 observations {learner: <LearnerRegrRanger/LearnerRegr/Learner/R6>}
INFO  [00:42:32.489] [mlr3] Calling train method of fallback 'regr.ranger' on task 'surrogate_task' with 180 observations {learner: <LearnerRegrRanger/LearnerRegr/Learner/R6>}
INFO  [00:42:33.209] [mlr3] Calling train method of fallback 'regr.ranger' on task 'surrogate_task' with 181 observations {learner: <LearnerRegrRanger/LearnerRegr/Learner/R6>}
INFO  [00:42:34.022] [mlr3] Calling train method of fallback 'regr.ranger' on task 'surrogate_task' with 182 observations {learner: <LearnerRegrRanger/LearnerRegr/Learner/R6>}
INFO  [00:42:34.765] [mlr3] Calling train method of fallback 'regr.ranger' on task 'surrogate_task' with 183 observations {learner: <LearnerRegrRanger/LearnerRegr/Learner/R6>}
INFO  [00:42:35.491] [mlr3] Calling train method of fallback 'regr.ranger' on task 'surrogate_task' with 185 observations {learner: <LearnerRegrRanger/LearnerRegr/Learner/R6>}
INFO  [00:42:36.329] [mlr3] Calling train method of fallback 'regr.ranger' on task 'surrogate_task' with 186 observations {learner: <LearnerRegrRanger/LearnerRegr/Learner/R6>}
INFO  [00:42:37.121] [mlr3] Calling train method of fallback 'regr.ranger' on task 'surrogate_task' with 187 observations {learner: <LearnerRegrRanger/LearnerRegr/Learner/R6>}
INFO  [00:42:38.007] [mlr3] Calling train method of fallback 'regr.ranger' on task 'surrogate_task' with 188 observations {learner: <LearnerRegrRanger/LearnerRegr/Learner/R6>}
INFO  [00:42:38.819] [mlr3] Calling train method of fallback 'regr.ranger' on task 'surrogate_task' with 188 observations {learner: <LearnerRegrRanger/LearnerRegr/Learner/R6>}
INFO  [00:42:39.604] [mlr3] Calling train method of fallback 'regr.ranger' on task 'surrogate_task' with 190 observations {learner: <LearnerRegrRanger/LearnerRegr/Learner/R6>}
INFO  [00:42:40.457] [mlr3] Calling train method of fallback 'regr.ranger' on task 'surrogate_task' with 191 observations {learner: <LearnerRegrRanger/LearnerRegr/Learner/R6>}
INFO  [00:42:41.241] [mlr3] Calling train method of fallback 'regr.ranger' on task 'surrogate_task' with 192 observations {learner: <LearnerRegrRanger/LearnerRegr/Learner/R6>}
INFO  [00:42:42.002] [mlr3] Calling train method of fallback 'regr.ranger' on task 'surrogate_task' with 193 observations {learner: <LearnerRegrRanger/LearnerRegr/Learner/R6>}
INFO  [00:42:42.762] [mlr3] Calling train method of fallback 'regr.ranger' on task 'surrogate_task' with 194 observations {learner: <LearnerRegrRanger/LearnerRegr/Learner/R6>}
INFO  [00:42:43.549] [mlr3] Calling train method of fallback 'regr.ranger' on task 'surrogate_task' with 194 observations {learner: <LearnerRegrRanger/LearnerRegr/Learner/R6>}
INFO  [00:42:44.300] [mlr3] Calling train method of fallback 'regr.ranger' on task 'surrogate_task' with 196 observations {learner: <LearnerRegrRanger/LearnerRegr/Learner/R6>}
INFO  [00:42:45.050] [mlr3] Calling train method of fallback 'regr.ranger' on task 'surrogate_task' with 196 observations {learner: <LearnerRegrRanger/LearnerRegr/Learner/R6>}
INFO  [00:42:45.829] [mlr3] Calling train method of fallback 'regr.ranger' on task 'surrogate_task' with 197 observations {learner: <LearnerRegrRanger/LearnerRegr/Learner/R6>}
INFO  [00:42:46.600] [mlr3] Calling train method of fallback 'regr.ranger' on task 'surrogate_task' with 199 observations {learner: <LearnerRegrRanger/LearnerRegr/Learner/R6>}
INFO  [00:42:47.378] [mlr3] Calling train method of fallback 'regr.ranger' on task 'surrogate_task' with 199 observations {learner: <LearnerRegrRanger/LearnerRegr/Learner/R6>}
INFO  [00:42:48.152] [mlr3] Calling train method of fallback 'regr.ranger' on task 'surrogate_task' with 201 observations {learner: <LearnerRegrRanger/LearnerRegr/Learner/R6>}
INFO  [00:42:48.929] [mlr3] Calling train method of fallback 'regr.ranger' on task 'surrogate_task' with 201 observations {learner: <LearnerRegrRanger/LearnerRegr/Learner/R6>}
INFO  [00:42:49.789] [mlr3] Calling train method of fallback 'regr.ranger' on task 'surrogate_task' with 202 observations {learner: <LearnerRegrRanger/LearnerRegr/Learner/R6>}
INFO  [00:42:50.578] [mlr3] Calling train method of fallback 'regr.ranger' on task 'surrogate_task' with 204 observations {learner: <LearnerRegrRanger/LearnerRegr/Learner/R6>}
INFO  [00:42:51.505] [mlr3] Calling train method of fallback 'regr.ranger' on task 'surrogate_task' with 205 observations {learner: <LearnerRegrRanger/LearnerRegr/Learner/R6>}
INFO  [00:42:52.330] [mlr3] Calling train method of fallback 'regr.ranger' on task 'surrogate_task' with 206 observations {learner: <LearnerRegrRanger/LearnerRegr/Learner/R6>}
INFO  [00:42:53.196] [mlr3] Calling train method of fallback 'regr.ranger' on task 'surrogate_task' with 207 observations {learner: <LearnerRegrRanger/LearnerRegr/Learner/R6>}
INFO  [00:42:54.107] [mlr3] Calling train method of fallback 'regr.ranger' on task 'surrogate_task' with 208 observations {learner: <LearnerRegrRanger/LearnerRegr/Learner/R6>}
INFO  [00:42:54.908] [mlr3] Calling train method of fallback 'regr.ranger' on task 'surrogate_task' with 209 observations {learner: <LearnerRegrRanger/LearnerRegr/Learner/R6>}
INFO  [00:42:55.711] [mlr3] Calling train method of fallback 'regr.ranger' on task 'surrogate_task' with 209 observations {learner: <LearnerRegrRanger/LearnerRegr/Learner/R6>}
INFO  [00:42:57.286] 112 worker(s) running
INFO  [00:42:57.297] Results of 39 configuration(s):
INFO  [00:42:57.312]  classif.ce learning_rate num_leaves min_data_in_leaf feature_fraction
INFO  [00:42:57.312]     0.01764    -1.4634979        222               69        0.9964158
INFO  [00:42:57.312]     0.02014    -0.4138123        203               32        0.9664531
INFO  [00:42:57.312]     0.01772    -2.9460241        192               79        0.9941338
INFO  [00:42:57.312]     0.01774    -1.1633190        180              124        0.6152892
INFO  [00:42:57.312]     0.01772    -1.8828019        162               41        0.6104801
INFO  [00:42:57.312]     0.01766    -1.9202052         22              129        0.6129361
INFO  [00:42:57.312]     0.01760    -1.3445956        162               92        0.7325908
INFO  [00:42:57.312]     0.01774    -2.9753506        201               71        0.9774105
INFO  [00:42:57.312]     0.01770    -1.9463076        163               68        0.8870473
INFO  [00:42:57.312]     0.01762    -2.0077166        169              192        0.9333200
INFO  [00:42:57.312]     0.01780    -2.3544009        179              196        0.9642348
INFO  [00:42:57.312]     0.01766    -1.9237567        255               94        0.6942972
INFO  [00:42:57.312]     0.01766    -2.0823574        108              200        0.9597922
INFO  [00:42:57.312]     0.01776    -3.1376878         10              191        0.9704863
INFO  [00:42:57.312]     0.01994    -0.8349488        194               19        0.9687140
INFO  [00:42:57.312]     0.01768    -2.1690608         19                1        0.9653942
INFO  [00:42:57.312]     0.01762    -1.8015346        177               89        0.9661489
INFO  [00:42:57.312]     0.01762    -2.2888152        165              196        0.9726628
INFO  [00:42:57.312]     0.01768    -1.8147642         56              183        0.9641376
INFO  [00:42:57.312]     0.01766    -1.8620694        162              104        0.9652039
INFO  [00:42:57.312]     0.01768    -2.1210631         54               97        0.9717536
INFO  [00:42:57.312]     0.01770    -2.1563387        183              164        0.9615109
INFO  [00:42:57.312]     0.01768    -2.1933890        164              143        0.9611881
INFO  [00:42:57.312]     0.01770    -1.6365004        175               92        0.7401211
INFO  [00:42:57.312]     0.01768    -2.0653818        167               89        0.9655374
INFO  [00:42:57.312]     0.01772    -2.1841816        113              192        0.9643682
INFO  [00:42:57.312]     0.01770    -2.0990515        161              115        0.9665714
INFO  [00:42:57.312]     0.01768    -2.1118153        177              118        0.9619223
INFO  [00:42:57.312]     0.01776    -1.9484088        163               42        0.7377624
INFO  [00:42:57.312]     0.01778    -1.9676879        176              135        0.5836855
INFO  [00:42:57.312]     0.01770    -1.9677748        159               89        0.9601124
INFO  [00:42:57.312]     0.01768    -1.2375505         10               95        0.7426955
INFO  [00:42:57.312]     0.01762    -1.9729716        154              194        0.8801017
INFO  [00:42:57.312]     0.01768    -1.3370333        166              157        0.7910792
INFO  [00:42:57.312]     0.01772    -1.8074531        134               78        0.9638741
INFO  [00:42:57.312]     0.01780    -1.9118471        255              101        0.4250095
INFO  [00:42:57.312]     0.01780     0.0000000        176               23        0.5431266
INFO  [00:42:57.312]     0.01766    -1.9493057        175              131        0.5903608
INFO  [00:42:57.312]     0.01764    -2.1507836        181              165        0.9576994
INFO  [00:42:57.312]  classif.ce learning_rate num_leaves min_data_in_leaf feature_fraction
INFO  [00:42:57.312]  extra_trees   lambda_l1   lambda_l2 min_gain_to_split        timestamp_xs
INFO  [00:42:57.312]         TRUE -3.62514645 -3.39935041         -2.550854 2026-09-10 00:41:58
INFO  [00:42:57.312]         TRUE -3.35584891 -2.58805816         -3.926594 2026-09-10 00:41:54
INFO  [00:42:57.312]         TRUE -3.56380379 -3.72601090         -3.198843 2026-09-10 00:41:46
INFO  [00:42:57.312]         TRUE -3.83717685 -0.90614976         -3.706477 2026-09-10 00:41:57
INFO  [00:42:57.312]         TRUE -3.71057244  0.84379162         -3.773186 2026-09-10 00:41:55
INFO  [00:42:57.312]         TRUE -4.01588638  0.83638473         -3.225568 2026-09-10 00:41:58
INFO  [00:42:57.312]         TRUE -3.81007368  0.19867807         -3.819969 2026-09-10 00:42:03
INFO  [00:42:57.312]         TRUE -3.60609389 -1.01815524         -3.009645 2026-09-10 00:41:59
INFO  [00:42:57.312]         TRUE -3.58383004  0.59606363         -4.055726 2026-09-10 00:42:02
INFO  [00:42:57.312]         TRUE -3.60466080 -2.93394238         -4.630637 2026-09-10 00:42:01
INFO  [00:42:57.312]         TRUE  5.70904463 -0.35367004         -6.192977 2026-09-10 00:42:12
INFO  [00:42:57.312]         TRUE -4.09624440  1.06580685         -3.801119 2026-09-10 00:42:04
INFO  [00:42:57.312]         TRUE -3.58620407 -3.80881224         -3.970198 2026-09-10 00:42:01
INFO  [00:42:57.312]        FALSE -3.70150305 -2.53258630         -4.879544 2026-09-10 00:42:06
INFO  [00:42:57.312]        FALSE -4.91749056 -1.20931538         -3.092166 2026-09-10 00:42:14
INFO  [00:42:57.312]         TRUE  2.09095006 -2.06371785         -3.741577 2026-09-10 00:42:14
INFO  [00:42:57.312]         TRUE -4.68141034  0.70060549         -4.346514 2026-09-10 00:42:08
INFO  [00:42:57.312]         TRUE -3.57874000 -3.28086942         -4.770944 2026-09-10 00:42:04
INFO  [00:42:57.312]         TRUE -3.95408849 -3.22169602         -4.816665 2026-09-10 00:42:09
INFO  [00:42:57.312]         TRUE -5.64578425  0.76317421         -4.572236 2026-09-10 00:42:09
INFO  [00:42:57.312]         TRUE  2.40517221  0.70782113         -3.840766 2026-09-10 00:42:18
INFO  [00:42:57.312]         TRUE  2.60340877 -3.32016708         -4.861346 2026-09-10 00:42:17
INFO  [00:42:57.312]         TRUE -3.58772622 -3.14884751         -4.873607 2026-09-10 00:42:07
INFO  [00:42:57.312]         TRUE -3.96819185  0.77008643         -3.809400 2026-09-10 00:42:13
INFO  [00:42:57.312]         TRUE -3.42492595 -0.08158052         -4.861418 2026-09-10 00:42:11
INFO  [00:42:57.312]         TRUE -3.56549963 -3.74281427         -5.112006 2026-09-10 00:42:12
INFO  [00:42:57.312]         TRUE -3.47417487 -4.85556378         -4.677541 2026-09-10 00:42:10
INFO  [00:42:57.312]         TRUE  0.08457683 -3.16677243         -5.449403 2026-09-10 00:42:19
INFO  [00:42:57.312]         TRUE -3.90820482  0.85127454         -3.917358 2026-09-10 00:42:22
INFO  [00:42:57.312]         TRUE  3.04215188  0.78583117         -6.189206 2026-09-10 00:42:24
INFO  [00:42:57.312]         TRUE -3.56076415  0.76686039         -6.116781 2026-09-10 00:42:16
INFO  [00:42:57.312]         TRUE -3.59200602 -0.76239087         -6.200977 2026-09-10 00:42:28
INFO  [00:42:57.312]         TRUE -4.13163133 -3.35372335         -5.458700 2026-09-10 00:42:15
INFO  [00:42:57.312]         TRUE -3.44898917 -2.00965344         -6.267654 2026-09-10 00:42:21
INFO  [00:42:57.312]        FALSE  0.48975637  5.33559077         -4.662197 2026-09-10 00:42:17
INFO  [00:42:57.312]         TRUE -3.55656647  6.35848210         -3.814287 2026-09-10 00:42:26
INFO  [00:42:57.312]         TRUE -3.56501737  0.80137645         -3.720706 2026-09-10 00:42:25
INFO  [00:42:57.312]         TRUE -3.52477356  0.71280824         -6.215929 2026-09-10 00:42:23
INFO  [00:42:57.312]         TRUE -3.49723890 -3.00055578         -4.634478 2026-09-10 00:42:21
INFO  [00:42:57.312]  extra_trees   lambda_l1   lambda_l2 min_gain_to_split        timestamp_xs
INFO  [00:42:57.312]         timestamp_ys runtime_learners warnings errors internal_tuned_values
INFO  [00:42:57.312]  2026-09-10 00:42:21           21.863        0      0      num_iterations=5
INFO  [00:42:57.312]  2026-09-10 00:42:22           25.871        0      0    num_iterations=102
INFO  [00:42:57.312]  2026-09-10 00:42:22           34.856        0      0     num_iterations=19
INFO  [00:42:57.312]  2026-09-10 00:42:23           25.459        0      0      num_iterations=3
INFO  [00:42:57.312]  2026-09-10 00:42:23           27.270        0      0     num_iterations=16
INFO  [00:42:57.312]  2026-09-10 00:42:24           24.155        0      0     num_iterations=21
INFO  [00:42:57.312]  2026-09-10 00:42:27           22.577        0      0     num_iterations=12
INFO  [00:42:57.312]  2026-09-10 00:42:29           29.032        0      0     num_iterations=21
INFO  [00:42:57.312]  2026-09-10 00:42:29           25.857        0      0     num_iterations=18
INFO  [00:42:57.312]  2026-09-10 00:42:30           28.650        0      0     num_iterations=20
INFO  [00:42:57.312]  2026-09-10 00:42:31           14.886        0      0      num_iterations=1
INFO  [00:42:57.312]  2026-09-10 00:42:32           26.068        0      0     num_iterations=26
INFO  [00:42:57.312]  2026-09-10 00:42:33           30.215        0      0     num_iterations=27
INFO  [00:42:57.312]  2026-09-10 00:42:33           25.409        0      0     num_iterations=20
INFO  [00:42:57.312]  2026-09-10 00:42:36           20.722        0      0     num_iterations=29
INFO  [00:42:57.312]  2026-09-10 00:42:36           20.639        0      0     num_iterations=27
INFO  [00:42:57.312]  2026-09-10 00:42:37           27.152        0      0     num_iterations=25
INFO  [00:42:57.312]  2026-09-10 00:42:37           31.969        0      0     num_iterations=32
INFO  [00:42:57.312]  2026-09-10 00:42:39           28.295        0      0     num_iterations=19
INFO  [00:42:57.312]  2026-09-10 00:42:39           28.821        0      0     num_iterations=22
INFO  [00:42:57.312]  2026-09-10 00:42:39           19.731        0      0     num_iterations=34
INFO  [00:42:57.312]  2026-09-10 00:42:40           20.985        0      0     num_iterations=26
INFO  [00:42:57.312]  2026-09-10 00:42:40           31.632        0      0     num_iterations=15
INFO  [00:42:57.312]  2026-09-10 00:42:41           24.150        0      0     num_iterations=15
INFO  [00:42:57.312]  2026-09-10 00:42:41           29.343        0      0     num_iterations=16
INFO  [00:42:57.312]  2026-09-10 00:42:42           29.020        0      0     num_iterations=10
INFO  [00:42:57.312]  2026-09-10 00:42:44           32.174        0      0     num_iterations=16
INFO  [00:42:57.312]  2026-09-10 00:42:46           26.248        0      0     num_iterations=26
INFO  [00:42:57.312]  2026-09-10 00:42:47           23.525        0      0     num_iterations=11
INFO  [00:42:57.312]  2026-09-10 00:42:48           22.149        0      0     num_iterations=10
INFO  [00:42:57.312]  2026-09-10 00:42:48           30.769        0      0     num_iterations=20
INFO  [00:42:57.312]  2026-09-10 00:42:49           19.745        0      0      num_iterations=9
INFO  [00:42:57.312]  2026-09-10 00:42:51           34.185        0      0     num_iterations=25
INFO  [00:42:57.312]  2026-09-10 00:42:51           29.307        0      0      num_iterations=5
INFO  [00:42:57.312]  2026-09-10 00:42:53           34.485        0      0     num_iterations=26
INFO  [00:42:57.312]  2026-09-10 00:42:53           25.408        0      0      num_iterations=1
INFO  [00:42:57.312]  2026-09-10 00:42:54           27.098        0      0      num_iterations=1
INFO  [00:42:57.312]  2026-09-10 00:42:54           29.579        0      0     num_iterations=15
INFO  [00:42:57.312]  2026-09-10 00:42:55           32.382        0      0     num_iterations=21
INFO  [00:42:57.312]         timestamp_ys runtime_learners warnings errors internal_tuned_values
INFO  [00:42:57.312]     acq_cb timestamp_surrogate timestamp_acq_function timestamp_acq_optimizer
INFO  [00:42:57.312]  -11.27065 2026-09-10 00:41:57    2026-09-10 00:41:57     2026-09-10 00:41:57
INFO  [00:42:57.312]  -11.86036 2026-09-10 00:41:54    2026-09-10 00:41:54     2026-09-10 00:41:54
INFO  [00:42:57.312]  -12.48869 2026-09-10 00:41:45    2026-09-10 00:41:46     2026-09-10 00:41:46
INFO  [00:42:57.312]  -12.00104 2026-09-10 00:41:56    2026-09-10 00:41:56     2026-09-10 00:41:56
INFO  [00:42:57.312]  -11.86863 2026-09-10 00:41:54    2026-09-10 00:41:55     2026-09-10 00:41:55
INFO  [00:42:57.312]  -13.67073 2026-09-10 00:41:58    2026-09-10 00:41:58     2026-09-10 00:41:58
INFO  [00:42:57.312]  -11.27956 2026-09-10 00:42:02    2026-09-10 00:42:02     2026-09-10 00:42:02
INFO  [00:42:57.312]  -13.25746 2026-09-10 00:41:58    2026-09-10 00:41:58     2026-09-10 00:41:58
INFO  [00:42:57.312]  -12.31371 2026-09-10 00:42:01    2026-09-10 00:42:02     2026-09-10 00:42:02
INFO  [00:42:57.312]  -13.02384 2026-09-10 00:42:00    2026-09-10 00:42:00     2026-09-10 00:42:00
INFO  [00:42:57.312]  -11.11735 2026-09-10 00:42:12    2026-09-10 00:42:12     2026-09-10 00:42:12
INFO  [00:42:57.312]  -11.20235 2026-09-10 00:42:04    2026-09-10 00:42:04     2026-09-10 00:42:04
INFO  [00:42:57.312]  -13.78935 2026-09-10 00:42:01    2026-09-10 00:42:01     2026-09-10 00:42:01
INFO  [00:42:57.312]  -11.65209 2026-09-10 00:42:05    2026-09-10 00:42:06     2026-09-10 00:42:06
INFO  [00:42:57.312]  -11.28780 2026-09-10 00:42:13    2026-09-10 00:42:13     2026-09-10 00:42:13
INFO  [00:42:57.312]  -11.07869 2026-09-10 00:42:14    2026-09-10 00:42:14     2026-09-10 00:42:14
INFO  [00:42:57.312]  -12.33294 2026-09-10 00:42:07    2026-09-10 00:42:07     2026-09-10 00:42:07
INFO  [00:42:57.312]  -13.58176 2026-09-10 00:42:03    2026-09-10 00:42:03     2026-09-10 00:42:03
INFO  [00:42:57.312]  -12.83926 2026-09-10 00:42:09    2026-09-10 00:42:09     2026-09-10 00:42:09
INFO  [00:42:57.312]  -12.46601 2026-09-10 00:42:08    2026-09-10 00:42:08     2026-09-10 00:42:08
INFO  [00:42:57.312]  -11.30202 2026-09-10 00:42:17    2026-09-10 00:42:18     2026-09-10 00:42:18
INFO  [00:42:57.312]  -11.96232 2026-09-10 00:42:17    2026-09-10 00:42:17     2026-09-10 00:42:17
INFO  [00:42:57.312]  -12.28885 2026-09-10 00:42:06    2026-09-10 00:42:06     2026-09-10 00:42:06
INFO  [00:42:57.312]  -11.34704 2026-09-10 00:42:12    2026-09-10 00:42:13     2026-09-10 00:42:13
INFO  [00:42:57.312]  -12.11633 2026-09-10 00:42:10    2026-09-10 00:42:10     2026-09-10 00:42:10
INFO  [00:42:57.312]  -13.20190 2026-09-10 00:42:11    2026-09-10 00:42:11     2026-09-10 00:42:11
INFO  [00:42:57.312]  -12.70351 2026-09-10 00:42:09    2026-09-10 00:42:10     2026-09-10 00:42:10
INFO  [00:42:57.312]  -11.58196 2026-09-10 00:42:18    2026-09-10 00:42:18     2026-09-10 00:42:18
INFO  [00:42:57.312]  -11.20845 2026-09-10 00:42:21    2026-09-10 00:42:22     2026-09-10 00:42:22
INFO  [00:42:57.312]  -12.14525 2026-09-10 00:42:24    2026-09-10 00:42:24     2026-09-10 00:42:24
INFO  [00:42:57.312]  -11.17726 2026-09-10 00:42:15    2026-09-10 00:42:15     2026-09-10 00:42:15
INFO  [00:42:57.312]  -10.63238 2026-09-10 00:42:27    2026-09-10 00:42:28     2026-09-10 00:42:28
INFO  [00:42:57.312]  -11.21715 2026-09-10 00:42:14    2026-09-10 00:42:15     2026-09-10 00:42:15
INFO  [00:42:57.312]  -10.84979 2026-09-10 00:42:20    2026-09-10 00:42:20     2026-09-10 00:42:20
INFO  [00:42:57.312]  -11.94673 2026-09-10 00:42:16    2026-09-10 00:42:16     2026-09-10 00:42:16
INFO  [00:42:57.312]  -10.57003 2026-09-10 00:42:25    2026-09-10 00:42:25     2026-09-10 00:42:25
INFO  [00:42:57.312]  -10.68209 2026-09-10 00:42:24    2026-09-10 00:42:25     2026-09-10 00:42:25
INFO  [00:42:57.312]  -12.32043 2026-09-10 00:42:22    2026-09-10 00:42:22     2026-09-10 00:42:22
INFO  [00:42:57.312]  -12.86514 2026-09-10 00:42:21    2026-09-10 00:42:21     2026-09-10 00:42:21
INFO  [00:42:57.312]     acq_cb timestamp_surrogate timestamp_acq_function timestamp_acq_optimizer
INFO  [00:42:57.312]       timestamp_loop                                worker_id
INFO  [00:42:57.312]  2026-09-10 00:41:58          diplocardiac_dachshund_b094652f
INFO  [00:42:57.312]  2026-09-10 00:41:54             main_germanpinscher_4a7c2719
INFO  [00:42:57.312]  2026-09-10 00:41:46              freezable_oxpecker_c13878cc
INFO  [00:42:57.312]  2026-09-10 00:41:57              thorough_jellyfish_856fcc7d
INFO  [00:42:57.312]  2026-09-10 00:41:55                   cultured_coot_4705bb37
INFO  [00:42:57.312]  2026-09-10 00:41:58                     pink_cuckoo_8edf789d
INFO  [00:42:57.312]  2026-09-10 00:42:03               godfearing_beetle_7d551554
INFO  [00:42:57.312]  2026-09-10 00:41:59          wacky_indianrhinoceros_5fb6be35
INFO  [00:42:57.312]  2026-09-10 00:42:02                       icy_tiger_c03ce1d8
INFO  [00:42:57.312]  2026-09-10 00:42:01                talky_sunbittern_992a6eb5
INFO  [00:42:57.312]  2026-09-10 00:42:12              condensative_molly_c3446ef1
INFO  [00:42:57.312]  2026-09-10 00:42:04                    fair_antbear_aafb7550
INFO  [00:42:57.312]  2026-09-10 00:42:01         semiemotional_orangutan_e1464c65
INFO  [00:42:57.312]  2026-09-10 00:42:06                   silt_whiteeye_a231ae37
INFO  [00:42:57.312]  2026-09-10 00:42:14     protozoological_polyturator_4043d2e9
INFO  [00:42:57.312]  2026-09-10 00:42:14             chromatinic_warthog_cdcc455e
INFO  [00:42:57.312]  2026-09-10 00:42:08          bright_icterinewarbler_3c82f7c2
INFO  [00:42:57.312]  2026-09-10 00:42:04            medium_redtailedhawk_dcd32e48
INFO  [00:42:57.312]  2026-09-10 00:42:09    premythical_indianrhinoceros_bec403b7
INFO  [00:42:57.312]  2026-09-10 00:42:09              successive_flicker_454b71ff
INFO  [00:42:57.312]  2026-09-10 00:42:18                  celadon_cuckoo_5983119d
INFO  [00:42:57.312]  2026-09-10 00:42:17                 sporadic_turaco_cf141e82
INFO  [00:42:57.312]  2026-09-10 00:42:07                    carnous_paca_df3c4c13
INFO  [00:42:57.312]  2026-09-10 00:42:13      ethnocentric_whoopingcrane_6eda7538
INFO  [00:42:57.312]  2026-09-10 00:42:11      galloping_dobermanpinscher_a2f04909
INFO  [00:42:57.312]  2026-09-10 00:42:12            preshrunk_chuckwalla_9c78cf59
INFO  [00:42:57.312]  2026-09-10 00:42:10         broadfaced_hippopotamus_c6298e4d
INFO  [00:42:57.312]  2026-09-10 00:42:19              groovelike_mollusk_01975422
INFO  [00:42:57.312]  2026-09-10 00:42:22          interdestructive_fossa_70a96d48
INFO  [00:42:57.312]  2026-09-10 00:42:24              freezable_oxpecker_c13878cc
INFO  [00:42:57.312]  2026-09-10 00:42:16 lamprophyre_americanindianhorse_28391389
INFO  [00:42:57.312]  2026-09-10 00:42:28             phantomlike_yardant_269fc66f
INFO  [00:42:57.312]  2026-09-10 00:42:15      supersweet_hydatidtapeworm_63a5826f
INFO  [00:42:57.312]  2026-09-10 00:42:21               overseas_airedale_7a333fcd
INFO  [00:42:57.312]  2026-09-10 00:42:17              foreign_hornedtoad_d474671a
INFO  [00:42:57.312]  2026-09-10 00:42:26     indigoid_americanriverotter_8665417b
INFO  [00:42:57.312]  2026-09-10 00:42:25              psychiatric_hornet_a7934be9
INFO  [00:42:57.312]  2026-09-10 00:42:23        structural_albertosaurus_ddcb0ca8
INFO  [00:42:57.312]  2026-09-10 00:42:21                   dampish_aphid_845b874f
INFO  [00:42:57.312]       timestamp_loop                                worker_id
INFO  [00:42:57.543] [mlr3] Calling train method of fallback 'regr.ranger' on task 'surrogate_task' with 211 observations {learner: <LearnerRegrRanger/LearnerRegr/Learner/R6>}
INFO  [00:42:58.389] [mlr3] Calling train method of fallback 'regr.ranger' on task 'surrogate_task' with 212 observations {learner: <LearnerRegrRanger/LearnerRegr/Learner/R6>}
INFO  [00:42:59.310] [mlr3] Calling train method of fallback 'regr.ranger' on task 'surrogate_task' with 213 observations {learner: <LearnerRegrRanger/LearnerRegr/Learner/R6>}
INFO  [00:43:00.192] [mlr3] Calling train method of fallback 'regr.ranger' on task 'surrogate_task' with 214 observations {learner: <LearnerRegrRanger/LearnerRegr/Learner/R6>}
INFO  [00:43:01.120] [mlr3] Calling train method of fallback 'regr.ranger' on task 'surrogate_task' with 215 observations {learner: <LearnerRegrRanger/LearnerRegr/Learner/R6>}
INFO  [00:43:02.083] [mlr3] Calling train method of fallback 'regr.ranger' on task 'surrogate_task' with 216 observations {learner: <LearnerRegrRanger/LearnerRegr/Learner/R6>}
INFO  [00:43:02.947] [mlr3] Calling train method of fallback 'regr.ranger' on task 'surrogate_task' with 216 observations {learner: <LearnerRegrRanger/LearnerRegr/Learner/R6>}
INFO  [00:43:03.836] [mlr3] Calling train method of fallback 'regr.ranger' on task 'surrogate_task' with 218 observations {learner: <LearnerRegrRanger/LearnerRegr/Learner/R6>}
INFO  [00:43:04.724] [mlr3] Calling train method of fallback 'regr.ranger' on task 'surrogate_task' with 219 observations {learner: <LearnerRegrRanger/LearnerRegr/Learner/R6>}
INFO  [00:43:05.522] [mlr3] Calling train method of fallback 'regr.ranger' on task 'surrogate_task' with 220 observations {learner: <LearnerRegrRanger/LearnerRegr/Learner/R6>}
INFO  [00:43:06.406] [mlr3] Calling train method of fallback 'regr.ranger' on task 'surrogate_task' with 220 observations {learner: <LearnerRegrRanger/LearnerRegr/Learner/R6>}
INFO  [00:43:07.230] [mlr3] Calling train method of fallback 'regr.ranger' on task 'surrogate_task' with 221 observations {learner: <LearnerRegrRanger/LearnerRegr/Learner/R6>}
INFO  [00:43:08.089] [mlr3] Calling train method of fallback 'regr.ranger' on task 'surrogate_task' with 222 observations {learner: <LearnerRegrRanger/LearnerRegr/Learner/R6>}
INFO  [00:43:08.902] [mlr3] Calling train method of fallback 'regr.ranger' on task 'surrogate_task' with 224 observations {learner: <LearnerRegrRanger/LearnerRegr/Learner/R6>}
INFO  [00:43:09.726] [mlr3] Calling train method of fallback 'regr.ranger' on task 'surrogate_task' with 225 observations {learner: <LearnerRegrRanger/LearnerRegr/Learner/R6>}
INFO  [00:43:10.546] [mlr3] Calling train method of fallback 'regr.ranger' on task 'surrogate_task' with 226 observations {learner: <LearnerRegrRanger/LearnerRegr/Learner/R6>}
INFO  [00:43:11.342] [mlr3] Calling train method of fallback 'regr.ranger' on task 'surrogate_task' with 226 observations {learner: <LearnerRegrRanger/LearnerRegr/Learner/R6>}
INFO  [00:43:12.230] [mlr3] Calling train method of fallback 'regr.ranger' on task 'surrogate_task' with 228 observations {learner: <LearnerRegrRanger/LearnerRegr/Learner/R6>}
INFO  [00:43:13.118] [mlr3] Calling train method of fallback 'regr.ranger' on task 'surrogate_task' with 229 observations {learner: <LearnerRegrRanger/LearnerRegr/Learner/R6>}
INFO  [00:43:14.055] [mlr3] Calling train method of fallback 'regr.ranger' on task 'surrogate_task' with 229 observations {learner: <LearnerRegrRanger/LearnerRegr/Learner/R6>}
INFO  [00:43:14.969] [mlr3] Calling train method of fallback 'regr.ranger' on task 'surrogate_task' with 231 observations {learner: <LearnerRegrRanger/LearnerRegr/Learner/R6>}
INFO  [00:43:15.841] [mlr3] Calling train method of fallback 'regr.ranger' on task 'surrogate_task' with 232 observations {learner: <LearnerRegrRanger/LearnerRegr/Learner/R6>}
INFO  [00:43:16.771] [mlr3] Calling train method of fallback 'regr.ranger' on task 'surrogate_task' with 233 observations {learner: <LearnerRegrRanger/LearnerRegr/Learner/R6>}
INFO  [00:43:17.597] [mlr3] Calling train method of fallback 'regr.ranger' on task 'surrogate_task' with 234 observations {learner: <LearnerRegrRanger/LearnerRegr/Learner/R6>}
INFO  [00:43:18.499] [mlr3] Calling train method of fallback 'regr.ranger' on task 'surrogate_task' with 235 observations {learner: <LearnerRegrRanger/LearnerRegr/Learner/R6>}
INFO  [00:43:19.392] [mlr3] Calling train method of fallback 'regr.ranger' on task 'surrogate_task' with 236 observations {learner: <LearnerRegrRanger/LearnerRegr/Learner/R6>}
INFO  [00:43:20.390] [mlr3] Calling train method of fallback 'regr.ranger' on task 'surrogate_task' with 237 observations {learner: <LearnerRegrRanger/LearnerRegr/Learner/R6>}
INFO  [00:43:21.349] [mlr3] Calling train method of fallback 'regr.ranger' on task 'surrogate_task' with 237 observations {learner: <LearnerRegrRanger/LearnerRegr/Learner/R6>}
INFO  [00:43:22.232] [mlr3] Calling train method of fallback 'regr.ranger' on task 'surrogate_task' with 239 observations {learner: <LearnerRegrRanger/LearnerRegr/Learner/R6>}
INFO  [00:43:23.093] [mlr3] Calling train method of fallback 'regr.ranger' on task 'surrogate_task' with 240 observations {learner: <LearnerRegrRanger/LearnerRegr/Learner/R6>}
INFO  [00:43:23.934] [mlr3] Calling train method of fallback 'regr.ranger' on task 'surrogate_task' with 241 observations {learner: <LearnerRegrRanger/LearnerRegr/Learner/R6>}
INFO  [00:43:24.923] [mlr3] Calling train method of fallback 'regr.ranger' on task 'surrogate_task' with 242 observations {learner: <LearnerRegrRanger/LearnerRegr/Learner/R6>}
INFO  [00:43:25.844] [mlr3] Calling train method of fallback 'regr.ranger' on task 'surrogate_task' with 243 observations {learner: <LearnerRegrRanger/LearnerRegr/Learner/R6>}
INFO  [00:43:26.708] [mlr3] Calling train method of fallback 'regr.ranger' on task 'surrogate_task' with 244 observations {learner: <LearnerRegrRanger/LearnerRegr/Learner/R6>}
INFO  [00:43:27.604] [mlr3] Calling train method of fallback 'regr.ranger' on task 'surrogate_task' with 245 observations {learner: <LearnerRegrRanger/LearnerRegr/Learner/R6>}
INFO  [00:43:28.527] [mlr3] Calling train method of fallback 'regr.ranger' on task 'surrogate_task' with 245 observations {learner: <LearnerRegrRanger/LearnerRegr/Learner/R6>}
INFO  [00:43:29.404] [mlr3] Calling train method of fallback 'regr.ranger' on task 'surrogate_task' with 247 observations {learner: <LearnerRegrRanger/LearnerRegr/Learner/R6>}
INFO  [00:43:30.246] [mlr3] Calling train method of fallback 'regr.ranger' on task 'surrogate_task' with 248 observations {learner: <LearnerRegrRanger/LearnerRegr/Learner/R6>}
INFO  [00:43:31.112] [mlr3] Calling train method of fallback 'regr.ranger' on task 'surrogate_task' with 249 observations {learner: <LearnerRegrRanger/LearnerRegr/Learner/R6>}
INFO  [00:43:31.948] [mlr3] Calling train method of fallback 'regr.ranger' on task 'surrogate_task' with 250 observations {learner: <LearnerRegrRanger/LearnerRegr/Learner/R6>}
INFO  [00:43:32.793] [mlr3] Calling train method of fallback 'regr.ranger' on task 'surrogate_task' with 251 observations {learner: <LearnerRegrRanger/LearnerRegr/Learner/R6>}
INFO  [00:43:33.654] [mlr3] Calling train method of fallback 'regr.ranger' on task 'surrogate_task' with 252 observations {learner: <LearnerRegrRanger/LearnerRegr/Learner/R6>}
INFO  [00:43:34.493] [mlr3] Calling train method of fallback 'regr.ranger' on task 'surrogate_task' with 252 observations {learner: <LearnerRegrRanger/LearnerRegr/Learner/R6>}
INFO  [00:43:35.375] [mlr3] Calling train method of fallback 'regr.ranger' on task 'surrogate_task' with 253 observations {learner: <LearnerRegrRanger/LearnerRegr/Learner/R6>}
INFO  [00:43:36.363] [mlr3] Calling train method of fallback 'regr.ranger' on task 'surrogate_task' with 255 observations {learner: <LearnerRegrRanger/LearnerRegr/Learner/R6>}
INFO  [00:43:37.260] [mlr3] Calling train method of fallback 'regr.ranger' on task 'surrogate_task' with 255 observations {learner: <LearnerRegrRanger/LearnerRegr/Learner/R6>}
INFO  [00:43:38.163] [mlr3] Calling train method of fallback 'regr.ranger' on task 'surrogate_task' with 257 observations {learner: <LearnerRegrRanger/LearnerRegr/Learner/R6>}
INFO  [00:43:39.016] [mlr3] Calling train method of fallback 'regr.ranger' on task 'surrogate_task' with 258 observations {learner: <LearnerRegrRanger/LearnerRegr/Learner/R6>}
INFO  [00:43:39.927] [mlr3] Calling train method of fallback 'regr.ranger' on task 'surrogate_task' with 258 observations {learner: <LearnerRegrRanger/LearnerRegr/Learner/R6>}
INFO  [00:43:40.806] [mlr3] Calling train method of fallback 'regr.ranger' on task 'surrogate_task' with 260 observations {learner: <LearnerRegrRanger/LearnerRegr/Learner/R6>}
INFO  [00:43:41.672] [mlr3] Calling train method of fallback 'regr.ranger' on task 'surrogate_task' with 260 observations {learner: <LearnerRegrRanger/LearnerRegr/Learner/R6>}
INFO  [00:43:42.588] [mlr3] Calling train method of fallback 'regr.ranger' on task 'surrogate_task' with 262 observations {learner: <LearnerRegrRanger/LearnerRegr/Learner/R6>}
INFO  [00:43:43.463] [mlr3] Calling train method of fallback 'regr.ranger' on task 'surrogate_task' with 262 observations {learner: <LearnerRegrRanger/LearnerRegr/Learner/R6>}
INFO  [00:43:44.363] [mlr3] Calling train method of fallback 'regr.ranger' on task 'surrogate_task' with 264 observations {learner: <LearnerRegrRanger/LearnerRegr/Learner/R6>}
INFO  [00:43:45.222] [mlr3] Calling train method of fallback 'regr.ranger' on task 'surrogate_task' with 265 observations {learner: <LearnerRegrRanger/LearnerRegr/Learner/R6>}
INFO  [00:43:46.138] [mlr3] Calling train method of fallback 'regr.ranger' on task 'surrogate_task' with 265 observations {learner: <LearnerRegrRanger/LearnerRegr/Learner/R6>}
INFO  [00:43:47.051] [mlr3] Calling train method of fallback 'regr.ranger' on task 'surrogate_task' with 267 observations {learner: <LearnerRegrRanger/LearnerRegr/Learner/R6>}
INFO  [00:43:47.933] [mlr3] Calling train method of fallback 'regr.ranger' on task 'surrogate_task' with 268 observations {learner: <LearnerRegrRanger/LearnerRegr/Learner/R6>}
INFO  [00:43:48.838] [mlr3] Calling train method of fallback 'regr.ranger' on task 'surrogate_task' with 269 observations {learner: <LearnerRegrRanger/LearnerRegr/Learner/R6>}
INFO  [00:43:49.690] [mlr3] Calling train method of fallback 'regr.ranger' on task 'surrogate_task' with 269 observations {learner: <LearnerRegrRanger/LearnerRegr/Learner/R6>}
INFO  [00:43:50.646] [mlr3] Calling train method of fallback 'regr.ranger' on task 'surrogate_task' with 270 observations {learner: <LearnerRegrRanger/LearnerRegr/Learner/R6>}
INFO  [00:43:51.637] [mlr3] Calling train method of fallback 'regr.ranger' on task 'surrogate_task' with 272 observations {learner: <LearnerRegrRanger/LearnerRegr/Learner/R6>}
INFO  [00:43:52.495] [mlr3] Calling train method of fallback 'regr.ranger' on task 'surrogate_task' with 272 observations {learner: <LearnerRegrRanger/LearnerRegr/Learner/R6>}
INFO  [00:43:53.358] [mlr3] Calling train method of fallback 'regr.ranger' on task 'surrogate_task' with 274 observations {learner: <LearnerRegrRanger/LearnerRegr/Learner/R6>}
INFO  [00:43:54.219] [mlr3] Calling train method of fallback 'regr.ranger' on task 'surrogate_task' with 275 observations {learner: <LearnerRegrRanger/LearnerRegr/Learner/R6>}
INFO  [00:43:55.135] [mlr3] Calling train method of fallback 'regr.ranger' on task 'surrogate_task' with 276 observations {learner: <LearnerRegrRanger/LearnerRegr/Learner/R6>}
INFO  [00:43:56.049] [mlr3] Calling train method of fallback 'regr.ranger' on task 'surrogate_task' with 277 observations {learner: <LearnerRegrRanger/LearnerRegr/Learner/R6>}
INFO  [00:43:56.987] [mlr3] Calling train method of fallback 'regr.ranger' on task 'surrogate_task' with 278 observations {learner: <LearnerRegrRanger/LearnerRegr/Learner/R6>}
INFO  [00:43:57.908] [mlr3] Calling train method of fallback 'regr.ranger' on task 'surrogate_task' with 279 observations {learner: <LearnerRegrRanger/LearnerRegr/Learner/R6>}
INFO  [00:43:58.864] [mlr3] Calling train method of fallback 'regr.ranger' on task 'surrogate_task' with 280 observations {learner: <LearnerRegrRanger/LearnerRegr/Learner/R6>}
INFO  [00:43:59.786] [mlr3] Calling train method of fallback 'regr.ranger' on task 'surrogate_task' with 281 observations {learner: <LearnerRegrRanger/LearnerRegr/Learner/R6>}
INFO  [00:44:00.746] [mlr3] Calling train method of fallback 'regr.ranger' on task 'surrogate_task' with 282 observations {learner: <LearnerRegrRanger/LearnerRegr/Learner/R6>}
INFO  [00:44:01.752] [mlr3] Calling train method of fallback 'regr.ranger' on task 'surrogate_task' with 283 observations {learner: <LearnerRegrRanger/LearnerRegr/Learner/R6>}
INFO  [00:44:02.674] [mlr3] Calling train method of fallback 'regr.ranger' on task 'surrogate_task' with 283 observations {learner: <LearnerRegrRanger/LearnerRegr/Learner/R6>}
INFO  [00:44:04.288] 223 worker(s) running
INFO  [00:44:04.304] Results of 80 configuration(s):
INFO  [00:44:04.320]  classif.ce learning_rate num_leaves min_data_in_leaf feature_fraction
INFO  [00:44:04.320]     0.01768    -1.9648512        168              132        0.5762326
INFO  [00:44:04.320]     0.01778    -1.9673424        163              135        0.1265538
INFO  [00:44:04.320]     0.01760    -1.4468150        163              136        0.7345832
INFO  [00:44:04.320]     0.01770    -1.4129376        231               92        0.7310649
INFO  [00:44:04.320]     0.01770    -1.9665641        164              135        0.7090352
INFO  [00:44:04.320]     0.01772    -1.3391253        166              137        0.5752883
INFO  [00:44:04.320]     0.01770    -1.3095914        145               92        0.7784069
INFO  [00:44:04.320]     0.01766    -1.3493898        166               88        0.7324754
INFO  [00:44:04.320]     0.01764    -1.9269904        163              189        0.9570852
INFO  [00:44:04.320]     0.01766    -0.8984191        135               88        0.7307889
INFO  [00:44:04.320]     0.01802     0.0000000        192                7        0.6958799
INFO  [00:44:04.320]     0.01766    -2.0210470        166              147        0.5608997
INFO  [00:44:04.320]     0.01768    -2.1117014        166              148        1.0000000
INFO  [00:44:04.320]     0.01766    -1.8419033        177              195        0.9680714
INFO  [00:44:04.320]     0.01764    -1.9641236        167               54        0.5893401
INFO  [00:44:04.320]     0.01774    -1.9825030        165              192        0.5736166
INFO  [00:44:04.320]     0.01760    -1.8929536        166              145        0.5794980
INFO  [00:44:04.320]     0.01764    -2.0684966        171              134        0.9370494
INFO  [00:44:04.320]     0.01776    -1.0253032         10               98        0.7512852
INFO  [00:44:04.320]     0.01774    -1.4952630        161               91        0.9900143
INFO  [00:44:04.320]     0.01768    -2.0220749        164              152        0.5663375
INFO  [00:44:04.320]     0.01764    -1.4025032        160               30        0.9782657
INFO  [00:44:04.320]     0.01770    -1.9887519        138              134        0.3239564
INFO  [00:44:04.320]     0.01776    -1.3642749        173               79        0.7650095
INFO  [00:44:04.320]     0.01764    -1.3131325        163               94        0.7334517
INFO  [00:44:04.320]     0.01774    -1.8083653        165              131        0.2798772
INFO  [00:44:04.320]     0.01760    -1.8411502        173               85        0.7418118
INFO  [00:44:04.320]     0.01770    -1.5138818        181               90        0.9749371
INFO  [00:44:04.320]     0.01770    -1.9317747        165               20        0.3606083
INFO  [00:44:04.320]     0.01768    -1.9398571         10              198        0.5789365
INFO  [00:44:04.320]     0.01768    -2.2935960        177              137        0.5739014
INFO  [00:44:04.320]     0.01770    -1.8663124        238              192        0.9294409
INFO  [00:44:04.320]     0.01772    -1.8432383        172              134        0.4677564
INFO  [00:44:04.320]     0.01766    -1.4021128        154               92        0.7353850
INFO  [00:44:04.320]     0.01780    -2.0219097        166              197        1.0000000
INFO  [00:44:04.320]     0.01764    -1.8060309        173               88        0.9164930
INFO  [00:44:04.320]     0.01754    -2.3190460        117              200        1.0000000
INFO  [00:44:04.320]     0.01774    -2.0035198        182              200        0.9732192
INFO  [00:44:04.320]     0.01776    -2.2617075        169              154        0.5941982
INFO  [00:44:04.320]     0.01758    -1.3717005        164               97        0.7319603
INFO  [00:44:04.320]     0.01774    -1.9166310         10              147        0.5748165
INFO  [00:44:04.320]     0.01760    -1.8697903        153              200        0.7328797
INFO  [00:44:04.320]     0.01764    -1.8889350        168              196        0.9389873
INFO  [00:44:04.320]     0.01780    -2.1616498        113              200        1.0000000
INFO  [00:44:04.320]     0.01780    -4.7601683        167              141        0.5750181
INFO  [00:44:04.320]     0.01770    -1.4553924        163              134        0.7366226
INFO  [00:44:04.320]     0.01766    -1.9693421        172              195        0.9384731
INFO  [00:44:04.320]     0.01774    -1.4609369        164              148        0.7299056
INFO  [00:44:04.320]     0.01772    -1.4530317        219               96        1.0000000
INFO  [00:44:04.320]     0.01772    -1.9049948        169              138        0.5759634
INFO  [00:44:04.320]     0.01770    -1.9756380        166              135        0.5765341
INFO  [00:44:04.320]     0.01768    -2.0811958        172              200        1.0000000
INFO  [00:44:04.320]     0.01768    -2.0391308        187              193        0.9699680
INFO  [00:44:04.320]     0.01770    -1.9045869         11              194        0.5752406
INFO  [00:44:04.320]     0.01754    -1.4148027        167              138        0.7536209
INFO  [00:44:04.320]     0.01776    -1.9063644        169               32        0.5750422
INFO  [00:44:04.320]     0.01768    -1.9620748        164              137        0.5814887
INFO  [00:44:04.320]     0.01770    -1.3856655        166               72        0.7442868
INFO  [00:44:04.320]     0.01768    -1.4422499        164              138        0.9662246
INFO  [00:44:04.320]     0.01772    -1.9058196        166               95        0.5767410
INFO  [00:44:04.320]     0.01766    -1.7344121        159              139        0.5821929
INFO  [00:44:04.320]     0.01762    -1.8546690        215              136        0.5767721
INFO  [00:44:04.320]     0.01780    -6.0423409        166              149        0.5770437
INFO  [00:44:04.320]     0.01768    -2.8916326         12              200        1.0000000
INFO  [00:44:04.320]     0.01772    -1.9385850        168              137        0.3037231
INFO  [00:44:04.320]     0.01778    -2.3087669        117              200        1.0000000
INFO  [00:44:04.320]     0.01768    -2.0922522        162              145        0.9203487
INFO  [00:44:04.320]     0.01780    -4.7883271         47              200        1.0000000
INFO  [00:44:04.320]     0.01768    -1.7683774        104              145        0.6200851
INFO  [00:44:04.320]     0.01766    -2.3187230        117              200        1.0000000
INFO  [00:44:04.320]     0.01768    -2.1256834        162               90        1.0000000
INFO  [00:44:04.320]     0.01762    -1.9057263        165              190        0.5835373
INFO  [00:44:04.320]     0.01764    -2.0524783         18              200        0.7404598
INFO  [00:44:04.320]     0.01780    -5.5072290         28                9        1.0000000
INFO  [00:44:04.320]     0.01780    -5.5746726        166               51        0.5768309
INFO  [00:44:04.320]     0.01780    -2.3829831        115              173        1.0000000
INFO  [00:44:04.320]     0.01766    -2.2591856         96               35        1.0000000
INFO  [00:44:04.320]     0.01760    -2.3246046        122              200        1.0000000
INFO  [00:44:04.320]     0.01772    -2.5527697        138              200        1.0000000
INFO  [00:44:04.320]     0.01766    -2.1902179        114              200        1.0000000
INFO  [00:44:04.320]  classif.ce learning_rate num_leaves min_data_in_leaf feature_fraction
INFO  [00:44:04.320]  extra_trees  lambda_l1    lambda_l2 min_gain_to_split        timestamp_xs
INFO  [00:44:04.320]         TRUE -3.3387268  0.925346933         -6.094077 2026-09-10 00:42:27
INFO  [00:44:04.320]         TRUE -3.1672907  2.336099646         -6.295216 2026-09-10 00:42:36
INFO  [00:44:04.320]         TRUE -3.7830584  1.223380751         -6.210784 2026-09-10 00:42:30
INFO  [00:44:04.320]         TRUE -3.8977864  1.075041148         -3.859018 2026-09-10 00:42:33
INFO  [00:44:04.320]         TRUE -4.0316370  0.750198625         -6.224946 2026-09-10 00:42:29
INFO  [00:44:04.320]         TRUE -3.5745662 -0.575469023         -6.191910 2026-09-10 00:42:27
INFO  [00:44:04.320]         TRUE -3.8337734 -0.009402336         -3.877352 2026-09-10 00:42:33
INFO  [00:44:04.320]         TRUE -3.6333220 -0.306160689         -3.818784 2026-09-10 00:42:37
INFO  [00:44:04.320]         TRUE -3.4796365 -3.257125002         -4.198446 2026-09-10 00:42:32
INFO  [00:44:04.320]         TRUE -4.6551778  4.307304244         -3.831471 2026-09-10 00:42:40
INFO  [00:44:04.320]         TRUE -3.5820068  0.692088360         -3.805769 2026-09-10 00:42:44
INFO  [00:44:04.320]         TRUE -3.6815748  0.892565485         -6.128291 2026-09-10 00:42:31
INFO  [00:44:04.320]         TRUE -4.9026038  0.176470509         -3.827279 2026-09-10 00:42:38
INFO  [00:44:04.320]         TRUE -6.4533014  0.569114797         -4.471690 2026-09-10 00:42:39
INFO  [00:44:04.320]         TRUE -3.5301996 -0.586800643         -6.205420 2026-09-10 00:42:24
INFO  [00:44:04.320]         TRUE -3.1584489  1.017578660         -6.277005 2026-09-10 00:42:35
INFO  [00:44:04.320]         TRUE -4.6940207  1.049567105         -6.143192 2026-09-10 00:42:30
INFO  [00:44:04.320]         TRUE -3.5507979 -3.787830872         -4.327667 2026-09-10 00:42:36
INFO  [00:44:04.320]         TRUE -3.5910937 -2.858734768         -3.821655 2026-09-10 00:42:50
INFO  [00:44:04.320]        FALSE -4.2220015  0.319634955         -3.811080 2026-09-10 00:42:41
INFO  [00:44:04.320]         TRUE -3.5633857  0.944500312         -6.224662 2026-09-10 00:42:34
INFO  [00:44:04.320]         TRUE -3.7190896  0.229849222         -3.819922 2026-09-10 00:42:46
INFO  [00:44:04.320]         TRUE -1.7851388  1.004380277         -6.181522 2026-09-10 00:42:42
INFO  [00:44:04.320]         TRUE -3.7956536  0.331656440         -4.082502 2026-09-10 00:42:49
INFO  [00:44:04.320]         TRUE -4.1528407  0.606501807         -4.408945 2026-09-10 00:42:48
INFO  [00:44:04.320]         TRUE -3.9022447 -2.860505650         -6.202739 2026-09-10 00:42:45
INFO  [00:44:04.320]         TRUE -3.6318748  0.892322506         -4.731186 2026-09-10 00:42:47
INFO  [00:44:04.320]         TRUE -3.7241251  0.712298446         -5.093270 2026-09-10 00:42:52
INFO  [00:44:04.320]         TRUE -3.2736382  0.951858682         -6.086206 2026-09-10 00:42:43
INFO  [00:44:04.320]         TRUE -3.9644672 -3.486804190         -6.202376 2026-09-10 00:42:56
INFO  [00:44:04.320]         TRUE -4.2189670  0.749813096         -6.207453 2026-09-10 00:42:44
INFO  [00:44:04.320]         TRUE -3.9014467 -1.891649837         -4.408104 2026-09-10 00:42:53
INFO  [00:44:04.320]        FALSE -3.5072935  0.842787951         -6.203937 2026-09-10 00:42:47
INFO  [00:44:04.320]         TRUE -6.3472532  4.032594348         -4.362093 2026-09-10 00:43:00
INFO  [00:44:04.320]         TRUE  6.3935242  0.905816703         -6.065969 2026-09-10 00:43:09
INFO  [00:44:04.320]         TRUE -4.6411606  0.679167860         -4.422753 2026-09-10 00:42:54
INFO  [00:44:04.320]         TRUE -3.5487217 -3.911523001         -6.208980 2026-09-10 00:42:41
INFO  [00:44:04.320]         TRUE -4.3617825  0.203494882         -4.790776 2026-09-10 00:42:55
INFO  [00:44:04.320]         TRUE -3.4186913  0.864879038         -6.181050 2026-09-10 00:42:51
INFO  [00:44:04.320]         TRUE -3.8531106 -0.435525873         -3.901414 2026-09-10 00:43:01
INFO  [00:44:04.320]         TRUE -3.7872512 -4.720948153         -6.142034 2026-09-10 00:43:03
INFO  [00:44:04.320]         TRUE -3.7590215 -2.308200619         -4.697102 2026-09-10 00:42:59
INFO  [00:44:04.320]         TRUE -4.1996893 -2.937448148         -5.996435 2026-09-10 00:42:52
INFO  [00:44:04.320]         TRUE  6.3212858 -5.533422204         -6.199428 2026-09-10 00:43:16
INFO  [00:44:04.320]         TRUE -3.7292247  1.015662190         -6.012106 2026-09-10 00:43:04
INFO  [00:44:04.320]         TRUE -3.8121637  2.290995603         -6.036318 2026-09-10 00:43:06
INFO  [00:44:04.320]         TRUE -3.5997599 -3.334495492         -5.420626 2026-09-10 00:42:58
INFO  [00:44:04.320]         TRUE -5.1682100  3.602871644         -6.138356 2026-09-10 00:43:12
INFO  [00:44:04.320]         TRUE -3.7175972  1.233932638         -6.209207 2026-09-10 00:43:08
INFO  [00:44:04.320]         TRUE -5.8003598  2.009491174         -6.240588 2026-09-10 00:43:05
INFO  [00:44:04.320]         TRUE -3.5363973  1.211119036         -6.239676 2026-09-10 00:42:59
INFO  [00:44:04.320]         TRUE -4.3789994  0.685769391         -4.363172 2026-09-10 00:43:07
INFO  [00:44:04.320]         TRUE -4.1418051 -1.812456346         -4.436572 2026-09-10 00:43:07
INFO  [00:44:04.320]         TRUE -3.8970155 -4.302332756         -6.174289 2026-09-10 00:43:11
INFO  [00:44:04.320]         TRUE -3.8537935  0.981568165         -6.208174 2026-09-10 00:43:13
INFO  [00:44:04.320]        FALSE -3.3094711  0.730874683         -6.240603 2026-09-10 00:43:02
INFO  [00:44:04.320]         TRUE -3.7268904  1.115183752         -6.247383 2026-09-10 00:43:10
INFO  [00:44:04.320]         TRUE -3.6450054  1.089620565         -6.253934 2026-09-10 00:43:18
INFO  [00:44:04.320]         TRUE -3.7883885 -1.900570558         -4.380578 2026-09-10 00:43:17
INFO  [00:44:04.320]         TRUE -0.3486083  0.835245366         -6.231257 2026-09-10 00:43:14
INFO  [00:44:04.320]         TRUE -4.8670221  1.562262534         -6.217537 2026-09-10 00:43:15
INFO  [00:44:04.320]         TRUE -4.7264832  2.173870503         -6.177543 2026-09-10 00:43:11
INFO  [00:44:04.320]         TRUE -4.4283230  0.908218324         -6.151558 2026-09-10 00:43:21
INFO  [00:44:04.320]         TRUE -3.5609909 -4.082916476         -6.218453 2026-09-10 00:43:25
INFO  [00:44:04.320]         TRUE -4.1275379  1.012269400         -6.136869 2026-09-10 00:43:21
INFO  [00:44:04.320]         TRUE -6.0566749  4.030154388         -5.941138 2026-09-10 00:43:29
INFO  [00:44:04.320]         TRUE -4.8732030  0.802657341         -5.783877 2026-09-10 00:43:24
INFO  [00:44:04.320]         TRUE -3.3249330 -2.556623860         -6.064272 2026-09-10 00:43:29
INFO  [00:44:04.320]         TRUE -4.5658306  0.853472913         -6.129255 2026-09-10 00:43:22
INFO  [00:44:04.320]         TRUE -0.4666241 -3.885484820         -6.452921 2026-09-10 00:43:26
INFO  [00:44:04.320]         TRUE -4.1414704  0.270682288         -5.793107 2026-09-10 00:43:23
INFO  [00:44:04.320]         TRUE -4.4534679  1.050881011         -6.167200 2026-09-10 00:43:20
INFO  [00:44:04.320]         TRUE -3.8816861 -4.694990566         -4.858750 2026-09-10 00:43:30
INFO  [00:44:04.320]         TRUE -3.6394752 -2.312068247         -6.151553 2026-09-10 00:43:31
INFO  [00:44:04.320]        FALSE -6.6368969  1.020627249         -6.205711 2026-09-10 00:43:19
INFO  [00:44:04.320]         TRUE -3.5160513  5.646428888         -2.624442 2026-09-10 00:43:37
INFO  [00:44:04.320]         TRUE -2.9326575 -5.720228375         -6.254607 2026-09-10 00:43:27
INFO  [00:44:04.320]         TRUE -3.1569006 -3.893042459         -6.707100 2026-09-10 00:43:28
INFO  [00:44:04.320]         TRUE -3.4915181 -0.794130285         -3.082792 2026-09-10 00:43:35
INFO  [00:44:04.320]         TRUE -3.4771950 -4.109865635         -2.832974 2026-09-10 00:43:34
INFO  [00:44:04.320]  extra_trees  lambda_l1    lambda_l2 min_gain_to_split        timestamp_xs
INFO  [00:44:04.320]         timestamp_ys runtime_learners warnings errors internal_tuned_values
INFO  [00:44:04.320]  2026-09-10 00:42:58           30.155        0      0     num_iterations=18
INFO  [00:44:04.320]  2026-09-10 00:42:59           21.164        0      0      num_iterations=9
INFO  [00:44:04.320]  2026-09-10 00:42:59           28.040        0      0     num_iterations=31
INFO  [00:44:04.320]  2026-09-10 00:42:59           25.346        0      0     num_iterations=18
INFO  [00:44:04.320]  2026-09-10 00:42:59           29.164        0      0     num_iterations=17
INFO  [00:44:04.320]  2026-09-10 00:42:59           30.669        0      0      num_iterations=5
INFO  [00:44:04.320]  2026-09-10 00:42:59           24.770        0      0     num_iterations=10
INFO  [00:44:04.320]  2026-09-10 00:43:03           24.350        0      0     num_iterations=13
INFO  [00:44:04.320]  2026-09-10 00:43:03           30.051        0      0     num_iterations=14
INFO  [00:44:04.320]  2026-09-10 00:43:04           22.670        0      0     num_iterations=22
INFO  [00:44:04.320]  2026-09-10 00:43:04           18.838        0      0      num_iterations=2
INFO  [00:44:04.320]  2026-09-10 00:43:05           33.169        0      0     num_iterations=32
INFO  [00:44:04.320]  2026-09-10 00:43:06           26.204        0      0     num_iterations=16
INFO  [00:44:04.320]  2026-09-10 00:43:06           25.681        0      0     num_iterations=16
INFO  [00:44:04.320]  2026-09-10 00:43:06           41.466        0      0     num_iterations=36
INFO  [00:44:04.320]  2026-09-10 00:43:06           30.530        0      0     num_iterations=16
INFO  [00:44:04.320]  2026-09-10 00:43:07           35.068        0      0     num_iterations=45
INFO  [00:44:04.320]  2026-09-10 00:43:09           31.701        0      0     num_iterations=22
INFO  [00:44:04.320]  2026-09-10 00:43:09           17.677        0      0      num_iterations=2
INFO  [00:44:04.320]  2026-09-10 00:43:10           27.935        0      0      num_iterations=2
INFO  [00:44:04.320]  2026-09-10 00:43:11           35.339        0      0     num_iterations=26
INFO  [00:44:04.320]  2026-09-10 00:43:11           24.138        0      0     num_iterations=12
INFO  [00:44:04.320]  2026-09-10 00:43:12           28.722        0      0     num_iterations=23
INFO  [00:44:04.320]  2026-09-10 00:43:15           24.053        0      0      num_iterations=3
INFO  [00:44:04.320]  2026-09-10 00:43:16           26.058        0      0     num_iterations=14
INFO  [00:44:04.320]  2026-09-10 00:43:17           30.320        0      0     num_iterations=10
INFO  [00:44:04.320]  2026-09-10 00:43:17           29.231        0      0     num_iterations=30
INFO  [00:44:04.320]  2026-09-10 00:43:17           24.277        0      0     num_iterations=14
INFO  [00:44:04.320]  2026-09-10 00:43:18           33.731        0      0     num_iterations=24
INFO  [00:44:04.320]  2026-09-10 00:43:22           25.029        0      0     num_iterations=13
INFO  [00:44:04.320]  2026-09-10 00:43:22           37.455        0      0     num_iterations=38
INFO  [00:44:04.320]  2026-09-10 00:43:23           28.189        0      0      num_iterations=9
INFO  [00:44:04.320]  2026-09-10 00:43:23           34.418        0      0      num_iterations=8
INFO  [00:44:04.320]  2026-09-10 00:43:23           21.537        0      0     num_iterations=34
INFO  [00:44:04.320]  2026-09-10 00:43:23           12.688        0      0      num_iterations=1
INFO  [00:44:04.320]  2026-09-10 00:43:23           27.867        0      0     num_iterations=23
INFO  [00:44:04.320]  2026-09-10 00:43:24           41.010        0      0     num_iterations=72
INFO  [00:44:04.320]  2026-09-10 00:43:24           27.487        0      0     num_iterations=13
INFO  [00:44:04.320]  2026-09-10 00:43:24           31.525        0      0     num_iterations=12
INFO  [00:44:04.320]  2026-09-10 00:43:26           23.604        0      0     num_iterations=15
INFO  [00:44:04.320]  2026-09-10 00:43:27           22.520        0      0      num_iterations=8
INFO  [00:44:04.320]  2026-09-10 00:43:30           29.865        0      0     num_iterations=28
INFO  [00:44:04.320]  2026-09-10 00:43:30           35.842        0      0     num_iterations=19
INFO  [00:44:04.320]  2026-09-10 00:43:30           13.203        0      0      num_iterations=1
INFO  [00:44:04.320]  2026-09-10 00:43:31           26.034        0      0      num_iterations=1
INFO  [00:44:04.320]  2026-09-10 00:43:32           24.630        0      0     num_iterations=14
INFO  [00:44:04.320]  2026-09-10 00:43:33           33.406        0      0     num_iterations=18
INFO  [00:44:04.320]  2026-09-10 00:43:34           20.412        0      0     num_iterations=11
INFO  [00:44:04.320]  2026-09-10 00:43:34           24.726        0      0      num_iterations=5
INFO  [00:44:04.320]  2026-09-10 00:43:35           29.257        0      0     num_iterations=17
INFO  [00:44:04.320]  2026-09-10 00:43:36           34.754        0      0     num_iterations=24
INFO  [00:44:04.320]  2026-09-10 00:43:37           28.349        0      0     num_iterations=21
INFO  [00:44:04.320]  2026-09-10 00:43:37           29.345        0      0     num_iterations=12
INFO  [00:44:04.320]  2026-09-10 00:43:38           25.075        0      0     num_iterations=16
INFO  [00:44:04.320]  2026-09-10 00:43:43           27.731        0      0     num_iterations=32
INFO  [00:44:04.320]  2026-09-10 00:43:44           40.040        0      0      num_iterations=3
INFO  [00:44:04.320]  2026-09-10 00:43:44           33.268        0      0     num_iterations=21
INFO  [00:44:04.320]  2026-09-10 00:43:45           25.496        0      0     num_iterations=14
INFO  [00:44:04.320]  2026-09-10 00:43:45           26.750        0      0      num_iterations=7
INFO  [00:44:04.320]  2026-09-10 00:43:47           30.989        0      0     num_iterations=17
INFO  [00:44:04.320]  2026-09-10 00:43:47           30.954        0      0     num_iterations=18
INFO  [00:44:04.320]  2026-09-10 00:43:47           35.026        0      0     num_iterations=43
INFO  [00:44:04.320]  2026-09-10 00:43:48           25.733        0      0      num_iterations=1
INFO  [00:44:04.320]  2026-09-10 00:43:51           24.176        0      0     num_iterations=44
INFO  [00:44:04.320]  2026-09-10 00:43:51           28.713        0      0     num_iterations=20
INFO  [00:44:04.320]  2026-09-10 00:43:52           21.032        0      0     num_iterations=11
INFO  [00:44:04.320]  2026-09-10 00:43:52           26.742        0      0     num_iterations=19
INFO  [00:44:04.320]  2026-09-10 00:43:53           22.736        0      0      num_iterations=1
INFO  [00:44:04.320]  2026-09-10 00:43:53           29.226        0      0     num_iterations=19
INFO  [00:44:04.320]  2026-09-10 00:43:53           25.631        0      0     num_iterations=33
INFO  [00:44:04.320]  2026-09-10 00:43:53           28.756        0      0     num_iterations=21
INFO  [00:44:04.320]  2026-09-10 00:43:54           33.514        0      0     num_iterations=40
INFO  [00:44:04.320]  2026-09-10 00:43:55           22.963        0      0     num_iterations=14
INFO  [00:44:04.320]  2026-09-10 00:43:56           22.961        0      0      num_iterations=1
INFO  [00:44:04.320]  2026-09-10 00:43:57           37.133        0      0      num_iterations=1
INFO  [00:44:04.320]  2026-09-10 00:43:58           18.940        0      0      num_iterations=1
INFO  [00:44:04.320]  2026-09-10 00:44:01           32.993        0      0     num_iterations=13
INFO  [00:44:04.320]  2026-09-10 00:44:02           33.207        0      0     num_iterations=26
INFO  [00:44:04.320]  2026-09-10 00:44:03           27.553        0      0     num_iterations=21
INFO  [00:44:04.320]  2026-09-10 00:44:04           28.387        0      0     num_iterations=24
INFO  [00:44:04.320]         timestamp_ys runtime_learners warnings errors internal_tuned_values
INFO  [00:44:04.320]      acq_cb timestamp_surrogate timestamp_acq_function timestamp_acq_optimizer
INFO  [00:44:04.320]  -12.566646 2026-09-10 00:42:26    2026-09-10 00:42:26     2026-09-10 00:42:26
INFO  [00:44:04.320]  -11.862988 2026-09-10 00:42:36    2026-09-10 00:42:36     2026-09-10 00:42:36
INFO  [00:44:04.320]  -11.709858 2026-09-10 00:42:29    2026-09-10 00:42:29     2026-09-10 00:42:29
INFO  [00:44:04.320]  -11.164394 2026-09-10 00:42:32    2026-09-10 00:42:32     2026-09-10 00:42:32
INFO  [00:44:04.320]  -11.583125 2026-09-10 00:42:28    2026-09-10 00:42:28     2026-09-10 00:42:28
INFO  [00:44:04.320]  -11.488695 2026-09-10 00:42:27    2026-09-10 00:42:27     2026-09-10 00:42:27
INFO  [00:44:04.320]  -11.485880 2026-09-10 00:42:33    2026-09-10 00:42:33     2026-09-10 00:42:33
INFO  [00:44:04.320]  -12.229821 2026-09-10 00:42:36    2026-09-10 00:42:37     2026-09-10 00:42:37
INFO  [00:44:04.320]  -11.280489 2026-09-10 00:42:31    2026-09-10 00:42:31     2026-09-10 00:42:31
INFO  [00:44:04.320]  -10.944924 2026-09-10 00:42:39    2026-09-10 00:42:39     2026-09-10 00:42:39
INFO  [00:44:04.320]  -14.092187 2026-09-10 00:42:44    2026-09-10 00:42:44     2026-09-10 00:42:44
INFO  [00:44:04.320]  -12.374297 2026-09-10 00:42:30    2026-09-10 00:42:31     2026-09-10 00:42:31
INFO  [00:44:04.320]  -10.897970 2026-09-10 00:42:37    2026-09-10 00:42:38     2026-09-10 00:42:38
INFO  [00:44:04.320]  -11.775386 2026-09-10 00:42:38    2026-09-10 00:42:38     2026-09-10 00:42:38
INFO  [00:44:04.320]  -11.088385 2026-09-10 00:42:23    2026-09-10 00:42:23     2026-09-10 00:42:23
INFO  [00:44:04.320]  -12.581817 2026-09-10 00:42:34    2026-09-10 00:42:34     2026-09-10 00:42:34
INFO  [00:44:04.320]  -11.817803 2026-09-10 00:42:30    2026-09-10 00:42:30     2026-09-10 00:42:30
INFO  [00:44:04.320]  -10.630816 2026-09-10 00:42:35    2026-09-10 00:42:35     2026-09-10 00:42:35
INFO  [00:44:04.320]  -11.805336 2026-09-10 00:42:49    2026-09-10 00:42:49     2026-09-10 00:42:49
INFO  [00:44:04.320]  -11.159487 2026-09-10 00:42:40    2026-09-10 00:42:40     2026-09-10 00:42:40
INFO  [00:44:04.320]  -12.759704 2026-09-10 00:42:33    2026-09-10 00:42:34     2026-09-10 00:42:34
INFO  [00:44:04.320]  -11.558104 2026-09-10 00:42:45    2026-09-10 00:42:45     2026-09-10 00:42:45
INFO  [00:44:04.320]  -10.999962 2026-09-10 00:42:41    2026-09-10 00:42:42     2026-09-10 00:42:42
INFO  [00:44:04.320]  -11.654174 2026-09-10 00:42:48    2026-09-10 00:42:48     2026-09-10 00:42:48
INFO  [00:44:04.320]  -11.048506 2026-09-10 00:42:47    2026-09-10 00:42:48     2026-09-10 00:42:48
INFO  [00:44:04.320]  -11.034806 2026-09-10 00:42:44    2026-09-10 00:42:45     2026-09-10 00:42:45
INFO  [00:44:04.320]  -10.922581 2026-09-10 00:42:46    2026-09-10 00:42:46     2026-09-10 00:42:46
INFO  [00:44:04.320]  -10.934060 2026-09-10 00:42:51    2026-09-10 00:42:51     2026-09-10 00:42:51
INFO  [00:44:04.320]  -12.456502 2026-09-10 00:42:42    2026-09-10 00:42:42     2026-09-10 00:42:42
INFO  [00:44:04.320]  -10.525783 2026-09-10 00:42:55    2026-09-10 00:42:55     2026-09-10 00:42:55
INFO  [00:44:04.320]  -11.140119 2026-09-10 00:42:43    2026-09-10 00:42:43     2026-09-10 00:42:43
INFO  [00:44:04.320]  -10.596862 2026-09-10 00:42:52    2026-09-10 00:42:53     2026-09-10 00:42:53
INFO  [00:44:04.320]  -11.163503 2026-09-10 00:42:47    2026-09-10 00:42:47     2026-09-10 00:42:47
INFO  [00:44:04.320]  -11.141939 2026-09-10 00:42:59    2026-09-10 00:43:00     2026-09-10 00:43:00
INFO  [00:44:04.320]  -10.623278 2026-09-10 00:43:08    2026-09-10 00:43:08     2026-09-10 00:43:08
INFO  [00:44:04.320]  -10.677843 2026-09-10 00:42:53    2026-09-10 00:42:54     2026-09-10 00:42:54
INFO  [00:44:04.320]   -9.795396 2026-09-10 00:42:41    2026-09-10 00:42:41     2026-09-10 00:42:41
INFO  [00:44:04.320]  -11.543710 2026-09-10 00:42:54    2026-09-10 00:42:54     2026-09-10 00:42:54
INFO  [00:44:04.320]  -10.113069 2026-09-10 00:42:50    2026-09-10 00:42:50     2026-09-10 00:42:50
INFO  [00:44:04.320]  -11.007586 2026-09-10 00:43:00    2026-09-10 00:43:01     2026-09-10 00:43:01
INFO  [00:44:04.320]  -10.793482 2026-09-10 00:43:02    2026-09-10 00:43:02     2026-09-10 00:43:02
INFO  [00:44:04.320]  -10.959097 2026-09-10 00:42:58    2026-09-10 00:42:58     2026-09-10 00:42:58
INFO  [00:44:04.320]  -11.071025 2026-09-10 00:42:52    2026-09-10 00:42:52     2026-09-10 00:42:52
INFO  [00:44:04.320]  -12.562602 2026-09-10 00:43:15    2026-09-10 00:43:15     2026-09-10 00:43:15
INFO  [00:44:04.320]  -11.093897 2026-09-10 00:43:03    2026-09-10 00:43:03     2026-09-10 00:43:03
INFO  [00:44:04.320]  -11.625611 2026-09-10 00:43:05    2026-09-10 00:43:05     2026-09-10 00:43:05
INFO  [00:44:04.320]  -11.531533 2026-09-10 00:42:57    2026-09-10 00:42:57     2026-09-10 00:42:57
INFO  [00:44:04.320]  -11.605700 2026-09-10 00:43:11    2026-09-10 00:43:12     2026-09-10 00:43:12
INFO  [00:44:04.320]  -11.315356 2026-09-10 00:43:07    2026-09-10 00:43:08     2026-09-10 00:43:08
INFO  [00:44:04.320]  -11.617542 2026-09-10 00:43:04    2026-09-10 00:43:04     2026-09-10 00:43:04
INFO  [00:44:04.320]  -13.404461 2026-09-10 00:42:59    2026-09-10 00:42:59     2026-09-10 00:42:59
INFO  [00:44:04.320]  -12.297535 2026-09-10 00:43:07    2026-09-10 00:43:07     2026-09-10 00:43:07
INFO  [00:44:04.320]  -10.887446 2026-09-10 00:43:06    2026-09-10 00:43:06     2026-09-10 00:43:06
INFO  [00:44:04.320]  -12.508054 2026-09-10 00:43:11    2026-09-10 00:43:11     2026-09-10 00:43:11
INFO  [00:44:04.320]  -12.005931 2026-09-10 00:43:12    2026-09-10 00:43:13     2026-09-10 00:43:13
INFO  [00:44:04.320]  -11.791990 2026-09-10 00:43:01    2026-09-10 00:43:02     2026-09-10 00:43:02
INFO  [00:44:04.320]  -12.167784 2026-09-10 00:43:09    2026-09-10 00:43:09     2026-09-10 00:43:09
INFO  [00:44:04.320]  -10.711894 2026-09-10 00:43:17    2026-09-10 00:43:17     2026-09-10 00:43:17
INFO  [00:44:04.320]  -10.185091 2026-09-10 00:43:16    2026-09-10 00:43:16     2026-09-10 00:43:16
INFO  [00:44:04.320]  -10.887567 2026-09-10 00:43:13    2026-09-10 00:43:14     2026-09-10 00:43:14
INFO  [00:44:04.320]  -11.795500 2026-09-10 00:43:14    2026-09-10 00:43:15     2026-09-10 00:43:15
INFO  [00:44:04.320]  -10.999776 2026-09-10 00:43:10    2026-09-10 00:43:10     2026-09-10 00:43:10
INFO  [00:44:04.320]  -10.502265 2026-09-10 00:43:20    2026-09-10 00:43:20     2026-09-10 00:43:20
INFO  [00:44:04.320]  -14.039584 2026-09-10 00:43:24    2026-09-10 00:43:24     2026-09-10 00:43:24
INFO  [00:44:04.320]  -11.082063 2026-09-10 00:43:21    2026-09-10 00:43:21     2026-09-10 00:43:21
INFO  [00:44:04.320]  -10.138134 2026-09-10 00:43:29    2026-09-10 00:43:29     2026-09-10 00:43:29
INFO  [00:44:04.320]  -10.925895 2026-09-10 00:43:23    2026-09-10 00:43:23     2026-09-10 00:43:23
INFO  [00:44:04.320]  -12.688859 2026-09-10 00:43:28    2026-09-10 00:43:28     2026-09-10 00:43:28
INFO  [00:44:04.320]  -10.674585 2026-09-10 00:43:21    2026-09-10 00:43:22     2026-09-10 00:43:22
INFO  [00:44:04.320]  -11.636056 2026-09-10 00:43:25    2026-09-10 00:43:25     2026-09-10 00:43:25
INFO  [00:44:04.320]  -10.846794 2026-09-10 00:43:22    2026-09-10 00:43:23     2026-09-10 00:43:23
INFO  [00:44:04.320]  -11.779518 2026-09-10 00:43:19    2026-09-10 00:43:19     2026-09-10 00:43:19
INFO  [00:44:04.320]  -10.280291 2026-09-10 00:43:29    2026-09-10 00:43:30     2026-09-10 00:43:30
INFO  [00:44:04.320]  -10.306984 2026-09-10 00:43:30    2026-09-10 00:43:31     2026-09-10 00:43:31
INFO  [00:44:04.320]  -10.845647 2026-09-10 00:43:18    2026-09-10 00:43:18     2026-09-10 00:43:18
INFO  [00:44:04.320]  -10.579623 2026-09-10 00:43:36    2026-09-10 00:43:37     2026-09-10 00:43:37
INFO  [00:44:04.320]  -10.632011 2026-09-10 00:43:26    2026-09-10 00:43:26     2026-09-10 00:43:26
INFO  [00:44:04.320]  -12.202456 2026-09-10 00:43:27    2026-09-10 00:43:27     2026-09-10 00:43:27
INFO  [00:44:04.320]  -10.133900 2026-09-10 00:43:34    2026-09-10 00:43:34     2026-09-10 00:43:34
INFO  [00:44:04.320]  -12.096574 2026-09-10 00:43:33    2026-09-10 00:43:33     2026-09-10 00:43:33
INFO  [00:44:04.320]      acq_cb timestamp_surrogate timestamp_acq_function timestamp_acq_optimizer
INFO  [00:44:04.320]       timestamp_loop                                    worker_id
INFO  [00:44:04.320]  2026-09-10 00:42:27                 gentling_equestrian_47e14d57
INFO  [00:44:04.320]  2026-09-10 00:42:36                       silt_whiteeye_a231ae37
INFO  [00:44:04.320]  2026-09-10 00:42:30                 colouristic_termite_1c8a8122
INFO  [00:44:04.320]  2026-09-10 00:42:33                 main_germanpinscher_4a7c2719
INFO  [00:44:04.320]  2026-09-10 00:42:29             scholiastic_dromaeosaur_2706aa95
INFO  [00:44:04.320]  2026-09-10 00:42:27                  egotistical_weevil_0cbffa15
INFO  [00:44:04.320]  2026-09-10 00:42:33                            neat_egg_2a7d93a0
INFO  [00:44:04.320]  2026-09-10 00:42:37                  condensative_molly_c3446ef1
INFO  [00:44:04.320]  2026-09-10 00:42:32 remotecontrolled_indigowingedparrot_43cfff71
INFO  [00:44:04.320]  2026-09-10 00:42:40                      graphite_eland_4d31ef6b
INFO  [00:44:04.320]  2026-09-10 00:42:44              bright_icterinewarbler_3c82f7c2
INFO  [00:44:04.320]  2026-09-10 00:42:31                       cultured_coot_4705bb37
INFO  [00:44:04.320]  2026-09-10 00:42:38                  matrilateral_zebra_7b2c078e
INFO  [00:44:04.320]  2026-09-10 00:42:39                    symmetric_mantid_2442194f
INFO  [00:44:04.320]  2026-09-10 00:42:24      sodalite_africanpiedkingfisher_5ea5d5dc
INFO  [00:44:04.320]  2026-09-10 00:42:35               misogynic_planthopper_26eb3d49
INFO  [00:44:04.320]  2026-09-10 00:42:30              diplocardiac_dachshund_b094652f
INFO  [00:44:04.320]  2026-09-10 00:42:36              wacky_indianrhinoceros_5fb6be35
INFO  [00:44:04.320]  2026-09-10 00:42:50                    intense_whiteeye_738c626f
INFO  [00:44:04.320]  2026-09-10 00:42:41                  lost_sableantelope_c8880ec4
INFO  [00:44:04.320]  2026-09-10 00:42:34                nonevolutionary_kudu_0c7aec71
INFO  [00:44:04.320]  2026-09-10 00:42:46                      celadon_cuckoo_5983119d
INFO  [00:44:04.320]  2026-09-10 00:42:42                   godfearing_beetle_7d551554
INFO  [00:44:04.320]  2026-09-10 00:42:49                       tweedy_conure_61a88296
INFO  [00:44:04.320]  2026-09-10 00:42:48              ecclesiological_donkey_003b6c5e
INFO  [00:44:04.320]  2026-09-10 00:42:45          ethnocentric_whoopingcrane_6eda7538
INFO  [00:44:04.320]  2026-09-10 00:42:47                      primordial_ram_81fb4bef
INFO  [00:44:04.320]  2026-09-10 00:42:52                preshrunk_chuckwalla_9c78cf59
INFO  [00:44:04.320]  2026-09-10 00:42:43                     sporadic_turaco_cf141e82
INFO  [00:44:04.320]  2026-09-10 00:42:56             flatterable_gallowaycow_3e53a776
INFO  [00:44:04.320]  2026-09-10 00:42:44                acidimetrical_boubou_60a79f4c
INFO  [00:44:04.320]  2026-09-10 00:42:53        premythical_indianrhinoceros_bec403b7
INFO  [00:44:04.320]  2026-09-10 00:42:47                 communionable_degus_9824ef6a
INFO  [00:44:04.320]  2026-09-10 00:43:00             scholiastic_dromaeosaur_2706aa95
INFO  [00:44:04.320]  2026-09-10 00:43:09                    symmetric_mantid_2442194f
INFO  [00:44:04.320]  2026-09-10 00:42:54                  thorough_jellyfish_856fcc7d
INFO  [00:44:04.320]  2026-09-10 00:42:41                       wellmade_teal_bce3c51d
INFO  [00:44:04.320]  2026-09-10 00:42:55             semiemotional_orangutan_e1464c65
INFO  [00:44:04.320]  2026-09-10 00:42:51             decapitated_bengaltiger_634c5c4e
INFO  [00:44:04.320]  2026-09-10 00:43:01                  foreign_hornedtoad_d474671a
INFO  [00:44:04.320]  2026-09-10 00:43:03                  freezable_oxpecker_c13878cc
INFO  [00:44:04.320]  2026-09-10 00:42:59                 chromatinic_warthog_cdcc455e
INFO  [00:44:04.320]  2026-09-10 00:42:52          unspherical_flyingsquirrel_55e55abb
INFO  [00:44:04.320]  2026-09-10 00:43:16                   overseas_airedale_7a333fcd
INFO  [00:44:04.320]  2026-09-10 00:43:04                  groovelike_mollusk_01975422
INFO  [00:44:04.320]  2026-09-10 00:43:06                 hemihedral_seahorse_fdf43a3f
INFO  [00:44:04.320]  2026-09-10 00:42:58                    considerate_pika_e6effa1b
INFO  [00:44:04.320]  2026-09-10 00:43:12         indigoid_americanriverotter_8665417b
INFO  [00:44:04.320]  2026-09-10 00:43:08                            neat_egg_2a7d93a0
INFO  [00:44:04.320]  2026-09-10 00:43:05                       dampish_aphid_845b874f
INFO  [00:44:04.320]  2026-09-10 00:42:59              exhaustible_hairstreak_dd90f707
INFO  [00:44:04.320]  2026-09-10 00:43:07              idiocratical_deermouse_a90adbf8
INFO  [00:44:04.320]  2026-09-10 00:43:07              bright_icterinewarbler_3c82f7c2
INFO  [00:44:04.320]  2026-09-10 00:43:11                  egotistical_weevil_0cbffa15
INFO  [00:44:04.320]  2026-09-10 00:43:13                 unspecialized_panda_0bc3e1da
INFO  [00:44:04.320]  2026-09-10 00:43:02                    basaltic_bighorn_24c0b2ad
INFO  [00:44:04.320]  2026-09-10 00:43:10              celadon_laughingthrush_f47c0591
INFO  [00:44:04.320]  2026-09-10 00:43:18                 colouristic_termite_1c8a8122
INFO  [00:44:04.320]  2026-09-10 00:43:17             undestructive_minibeast_b8cb73c0
INFO  [00:44:04.320]  2026-09-10 00:43:14               unconscious_tsetsefly_bf54265b
INFO  [00:44:04.320]  2026-09-10 00:43:15                  patriotic_kingbird_552f00d7
INFO  [00:44:04.320]  2026-09-10 00:43:11                    wideawake_magpie_ca15ba2d
INFO  [00:44:04.320]  2026-09-10 00:43:21                        carnous_paca_df3c4c13
INFO  [00:44:04.320]  2026-09-10 00:43:25               sanctified_nettlefish_53e14a76
INFO  [00:44:04.320]  2026-09-10 00:43:21                      primordial_ram_81fb4bef
INFO  [00:44:04.320]  2026-09-10 00:43:29                   lignivorous_hoiho_6cc0c180
INFO  [00:44:04.320]  2026-09-10 00:43:24                    symmetric_mantid_2442194f
INFO  [00:44:04.320]  2026-09-10 00:43:29             flatterable_gallowaycow_3e53a776
INFO  [00:44:04.320]  2026-09-10 00:43:22                       tweedy_conure_61a88296
INFO  [00:44:04.320]  2026-09-10 00:43:26        premythical_indianrhinoceros_bec403b7
INFO  [00:44:04.320]  2026-09-10 00:43:23                medium_redtailedhawk_dcd32e48
INFO  [00:44:04.320]  2026-09-10 00:43:20                       cultured_coot_4705bb37
INFO  [00:44:04.320]  2026-09-10 00:43:30                   carnivoral_possum_04b4bd6b
INFO  [00:44:04.320]  2026-09-10 00:43:31                    followable_anole_1c1d47cd
INFO  [00:44:04.320]  2026-09-10 00:43:19          blithesome_marbledmurrelet_920b2816
INFO  [00:44:04.320]  2026-09-10 00:43:37               welloff_gangesdolphin_b463ad79
INFO  [00:44:04.320]  2026-09-10 00:43:27             larvicidal_bigmouthbass_00d29013
INFO  [00:44:04.320]  2026-09-10 00:43:28             broadfaced_hippopotamus_c6298e4d
INFO  [00:44:04.320]  2026-09-10 00:43:35                    sugar_harpyeagle_ced795c8
INFO  [00:44:04.320]  2026-09-10 00:43:34                   costly_vampirebat_9baf2cf3
INFO  [00:44:04.320]       timestamp_loop                                    worker_id
INFO  [00:44:04.636] [mlr3] Calling train method of fallback 'regr.ranger' on task 'surrogate_task' with 285 observations {learner: <LearnerRegrRanger/LearnerRegr/Learner/R6>}
INFO  [00:44:05.666] [mlr3] Calling train method of fallback 'regr.ranger' on task 'surrogate_task' with 286 observations {learner: <LearnerRegrRanger/LearnerRegr/Learner/R6>}
INFO  [00:44:06.617] [mlr3] Calling train method of fallback 'regr.ranger' on task 'surrogate_task' with 287 observations {learner: <LearnerRegrRanger/LearnerRegr/Learner/R6>}
INFO  [00:44:07.595] [mlr3] Calling train method of fallback 'regr.ranger' on task 'surrogate_task' with 287 observations {learner: <LearnerRegrRanger/LearnerRegr/Learner/R6>}
INFO  [00:44:08.670] [mlr3] Calling train method of fallback 'regr.ranger' on task 'surrogate_task' with 288 observations {learner: <LearnerRegrRanger/LearnerRegr/Learner/R6>}
INFO  [00:44:09.591] [mlr3] Calling train method of fallback 'regr.ranger' on task 'surrogate_task' with 290 observations {learner: <LearnerRegrRanger/LearnerRegr/Learner/R6>}
INFO  [00:44:10.566] [mlr3] Calling train method of fallback 'regr.ranger' on task 'surrogate_task' with 291 observations {learner: <LearnerRegrRanger/LearnerRegr/Learner/R6>}
INFO  [00:44:11.522] [mlr3] Calling train method of fallback 'regr.ranger' on task 'surrogate_task' with 291 observations {learner: <LearnerRegrRanger/LearnerRegr/Learner/R6>}
INFO  [00:44:12.452] [mlr3] Calling train method of fallback 'regr.ranger' on task 'surrogate_task' with 293 observations {learner: <LearnerRegrRanger/LearnerRegr/Learner/R6>}
INFO  [00:44:13.440] [mlr3] Calling train method of fallback 'regr.ranger' on task 'surrogate_task' with 294 observations {learner: <LearnerRegrRanger/LearnerRegr/Learner/R6>}
INFO  [00:44:14.340] [mlr3] Calling train method of fallback 'regr.ranger' on task 'surrogate_task' with 294 observations {learner: <LearnerRegrRanger/LearnerRegr/Learner/R6>}
INFO  [00:44:15.331] [mlr3] Calling train method of fallback 'regr.ranger' on task 'surrogate_task' with 295 observations {learner: <LearnerRegrRanger/LearnerRegr/Learner/R6>}
INFO  [00:44:16.266] [mlr3] Calling train method of fallback 'regr.ranger' on task 'surrogate_task' with 296 observations {learner: <LearnerRegrRanger/LearnerRegr/Learner/R6>}
INFO  [00:44:17.247] [mlr3] Calling train method of fallback 'regr.ranger' on task 'surrogate_task' with 297 observations {learner: <LearnerRegrRanger/LearnerRegr/Learner/R6>}
INFO  [00:44:18.181] [mlr3] Calling train method of fallback 'regr.ranger' on task 'surrogate_task' with 298 observations {learner: <LearnerRegrRanger/LearnerRegr/Learner/R6>}
INFO  [00:44:19.089] [mlr3] Calling train method of fallback 'regr.ranger' on task 'surrogate_task' with 299 observations {learner: <LearnerRegrRanger/LearnerRegr/Learner/R6>}
INFO  [00:44:20.009] [mlr3] Calling train method of fallback 'regr.ranger' on task 'surrogate_task' with 301 observations {learner: <LearnerRegrRanger/LearnerRegr/Learner/R6>}
INFO  [00:44:20.928] [mlr3] Calling train method of fallback 'regr.ranger' on task 'surrogate_task' with 302 observations {learner: <LearnerRegrRanger/LearnerRegr/Learner/R6>}
INFO  [00:44:22.037] [mlr3] Calling train method of fallback 'regr.ranger' on task 'surrogate_task' with 302 observations {learner: <LearnerRegrRanger/LearnerRegr/Learner/R6>}
INFO  [00:44:23.054] [mlr3] Calling train method of fallback 'regr.ranger' on task 'surrogate_task' with 304 observations {learner: <LearnerRegrRanger/LearnerRegr/Learner/R6>}
INFO  [00:44:24.035] [mlr3] Calling train method of fallback 'regr.ranger' on task 'surrogate_task' with 305 observations {learner: <LearnerRegrRanger/LearnerRegr/Learner/R6>}
INFO  [00:44:25.017] [mlr3] Calling train method of fallback 'regr.ranger' on task 'surrogate_task' with 306 observations {learner: <LearnerRegrRanger/LearnerRegr/Learner/R6>}
INFO  [00:44:25.939] [mlr3] Calling train method of fallback 'regr.ranger' on task 'surrogate_task' with 306 observations {learner: <LearnerRegrRanger/LearnerRegr/Learner/R6>}
INFO  [00:44:26.943] [mlr3] Calling train method of fallback 'regr.ranger' on task 'surrogate_task' with 308 observations {learner: <LearnerRegrRanger/LearnerRegr/Learner/R6>}
INFO  [00:44:27.962] [mlr3] Calling train method of fallback 'regr.ranger' on task 'surrogate_task' with 309 observations {learner: <LearnerRegrRanger/LearnerRegr/Learner/R6>}
INFO  [00:44:28.908] [mlr3] Calling train method of fallback 'regr.ranger' on task 'surrogate_task' with 310 observations {learner: <LearnerRegrRanger/LearnerRegr/Learner/R6>}
INFO  [00:44:29.973] [mlr3] Calling train method of fallback 'regr.ranger' on task 'surrogate_task' with 311 observations {learner: <LearnerRegrRanger/LearnerRegr/Learner/R6>}
INFO  [00:44:30.976] [mlr3] Calling train method of fallback 'regr.ranger' on task 'surrogate_task' with 312 observations {learner: <LearnerRegrRanger/LearnerRegr/Learner/R6>}
INFO  [00:44:31.938] [mlr3] Calling train method of fallback 'regr.ranger' on task 'surrogate_task' with 313 observations {learner: <LearnerRegrRanger/LearnerRegr/Learner/R6>}
INFO  [00:44:33.010] [mlr3] Calling train method of fallback 'regr.ranger' on task 'surrogate_task' with 314 observations {learner: <LearnerRegrRanger/LearnerRegr/Learner/R6>}
INFO  [00:44:34.083] [mlr3] Calling train method of fallback 'regr.ranger' on task 'surrogate_task' with 315 observations {learner: <LearnerRegrRanger/LearnerRegr/Learner/R6>}
INFO  [00:44:35.094] [mlr3] Calling train method of fallback 'regr.ranger' on task 'surrogate_task' with 316 observations {learner: <LearnerRegrRanger/LearnerRegr/Learner/R6>}
INFO  [00:44:36.102] [mlr3] Calling train method of fallback 'regr.ranger' on task 'surrogate_task' with 317 observations {learner: <LearnerRegrRanger/LearnerRegr/Learner/R6>}
INFO  [00:44:37.199] [mlr3] Calling train method of fallback 'regr.ranger' on task 'surrogate_task' with 318 observations {learner: <LearnerRegrRanger/LearnerRegr/Learner/R6>}
INFO  [00:44:38.243] [mlr3] Calling train method of fallback 'regr.ranger' on task 'surrogate_task' with 319 observations {learner: <LearnerRegrRanger/LearnerRegr/Learner/R6>}
INFO  [00:44:39.257] [mlr3] Calling train method of fallback 'regr.ranger' on task 'surrogate_task' with 319 observations {learner: <LearnerRegrRanger/LearnerRegr/Learner/R6>}
INFO  [00:44:40.348] [mlr3] Calling train method of fallback 'regr.ranger' on task 'surrogate_task' with 321 observations {learner: <LearnerRegrRanger/LearnerRegr/Learner/R6>}
INFO  [00:44:41.477] [mlr3] Calling train method of fallback 'regr.ranger' on task 'surrogate_task' with 322 observations {learner: <LearnerRegrRanger/LearnerRegr/Learner/R6>}
INFO  [00:44:42.447] [mlr3] Calling train method of fallback 'regr.ranger' on task 'surrogate_task' with 323 observations {learner: <LearnerRegrRanger/LearnerRegr/Learner/R6>}
INFO  [00:44:43.468] [mlr3] Calling train method of fallback 'regr.ranger' on task 'surrogate_task' with 324 observations {learner: <LearnerRegrRanger/LearnerRegr/Learner/R6>}
INFO  [00:44:44.479] [mlr3] Calling train method of fallback 'regr.ranger' on task 'surrogate_task' with 325 observations {learner: <LearnerRegrRanger/LearnerRegr/Learner/R6>}
INFO  [00:44:45.508] [mlr3] Calling train method of fallback 'regr.ranger' on task 'surrogate_task' with 326 observations {learner: <LearnerRegrRanger/LearnerRegr/Learner/R6>}
INFO  [00:44:46.559] [mlr3] Calling train method of fallback 'regr.ranger' on task 'surrogate_task' with 327 observations {learner: <LearnerRegrRanger/LearnerRegr/Learner/R6>}
INFO  [00:44:47.516] [mlr3] Calling train method of fallback 'regr.ranger' on task 'surrogate_task' with 328 observations {learner: <LearnerRegrRanger/LearnerRegr/Learner/R6>}
INFO  [00:44:48.550] [mlr3] Calling train method of fallback 'regr.ranger' on task 'surrogate_task' with 329 observations {learner: <LearnerRegrRanger/LearnerRegr/Learner/R6>}
INFO  [00:44:49.482] [mlr3] Calling train method of fallback 'regr.ranger' on task 'surrogate_task' with 330 observations {learner: <LearnerRegrRanger/LearnerRegr/Learner/R6>}
INFO  [00:44:50.474] [mlr3] Calling train method of fallback 'regr.ranger' on task 'surrogate_task' with 331 observations {learner: <LearnerRegrRanger/LearnerRegr/Learner/R6>}
INFO  [00:44:51.453] [mlr3] Calling train method of fallback 'regr.ranger' on task 'surrogate_task' with 332 observations {learner: <LearnerRegrRanger/LearnerRegr/Learner/R6>}
INFO  [00:44:52.572] [mlr3] Calling train method of fallback 'regr.ranger' on task 'surrogate_task' with 333 observations {learner: <LearnerRegrRanger/LearnerRegr/Learner/R6>}
INFO  [00:44:53.520] [mlr3] Calling train method of fallback 'regr.ranger' on task 'surrogate_task' with 334 observations {learner: <LearnerRegrRanger/LearnerRegr/Learner/R6>}
INFO  [00:44:54.472] [mlr3] Calling train method of fallback 'regr.ranger' on task 'surrogate_task' with 335 observations {learner: <LearnerRegrRanger/LearnerRegr/Learner/R6>}
INFO  [00:44:55.490] [mlr3] Calling train method of fallback 'regr.ranger' on task 'surrogate_task' with 336 observations {learner: <LearnerRegrRanger/LearnerRegr/Learner/R6>}
INFO  [00:44:56.492] [mlr3] Calling train method of fallback 'regr.ranger' on task 'surrogate_task' with 337 observations {learner: <LearnerRegrRanger/LearnerRegr/Learner/R6>}
INFO  [00:44:57.521] [mlr3] Calling train method of fallback 'regr.ranger' on task 'surrogate_task' with 338 observations {learner: <LearnerRegrRanger/LearnerRegr/Learner/R6>}
INFO  [00:44:58.521] [mlr3] Calling train method of fallback 'regr.ranger' on task 'surrogate_task' with 339 observations {learner: <LearnerRegrRanger/LearnerRegr/Learner/R6>}
INFO  [00:44:59.508] [mlr3] Calling train method of fallback 'regr.ranger' on task 'surrogate_task' with 340 observations {learner: <LearnerRegrRanger/LearnerRegr/Learner/R6>}
INFO  [00:45:00.539] [mlr3] Calling train method of fallback 'regr.ranger' on task 'surrogate_task' with 341 observations {learner: <LearnerRegrRanger/LearnerRegr/Learner/R6>}
INFO  [00:45:04.350] [mlr3] Calling train method of fallback 'regr.ranger' on task 'surrogate_task' with 342 observations {learner: <LearnerRegrRanger/LearnerRegr/Learner/R6>}
INFO  [00:45:05.314] [mlr3] Calling train method of fallback 'regr.ranger' on task 'surrogate_task' with 343 observations {learner: <LearnerRegrRanger/LearnerRegr/Learner/R6>}
INFO  [00:45:06.376] [mlr3] Calling train method of fallback 'regr.ranger' on task 'surrogate_task' with 344 observations {learner: <LearnerRegrRanger/LearnerRegr/Learner/R6>}
INFO  [00:45:07.478] [mlr3] Calling train method of fallback 'regr.ranger' on task 'surrogate_task' with 345 observations {learner: <LearnerRegrRanger/LearnerRegr/Learner/R6>}
INFO  [00:45:08.527] [mlr3] Calling train method of fallback 'regr.ranger' on task 'surrogate_task' with 346 observations {learner: <LearnerRegrRanger/LearnerRegr/Learner/R6>}
INFO  [00:45:09.605] [mlr3] Calling train method of fallback 'regr.ranger' on task 'surrogate_task' with 347 observations {learner: <LearnerRegrRanger/LearnerRegr/Learner/R6>}
INFO  [00:45:10.694] [mlr3] Calling train method of fallback 'regr.ranger' on task 'surrogate_task' with 348 observations {learner: <LearnerRegrRanger/LearnerRegr/Learner/R6>}
INFO  [00:45:11.765] [mlr3] Calling train method of fallback 'regr.ranger' on task 'surrogate_task' with 349 observations {learner: <LearnerRegrRanger/LearnerRegr/Learner/R6>}
INFO  [00:45:12.797] [mlr3] Calling train method of fallback 'regr.ranger' on task 'surrogate_task' with 350 observations {learner: <LearnerRegrRanger/LearnerRegr/Learner/R6>}
INFO  [00:45:13.842] [mlr3] Calling train method of fallback 'regr.ranger' on task 'surrogate_task' with 351 observations {learner: <LearnerRegrRanger/LearnerRegr/Learner/R6>}
INFO  [00:45:14.955] [mlr3] Calling train method of fallback 'regr.ranger' on task 'surrogate_task' with 352 observations {learner: <LearnerRegrRanger/LearnerRegr/Learner/R6>}
INFO  [00:45:16.046] [mlr3] Calling train method of fallback 'regr.ranger' on task 'surrogate_task' with 353 observations {learner: <LearnerRegrRanger/LearnerRegr/Learner/R6>}
INFO  [00:45:17.540] [mlr3] Calling train method of fallback 'regr.ranger' on task 'surrogate_task' with 354 observations {learner: <LearnerRegrRanger/LearnerRegr/Learner/R6>}
INFO  [00:45:18.550] [mlr3] Calling train method of fallback 'regr.ranger' on task 'surrogate_task' with 355 observations {learner: <LearnerRegrRanger/LearnerRegr/Learner/R6>}
INFO  [00:45:19.556] [mlr3] Calling train method of fallback 'regr.ranger' on task 'surrogate_task' with 356 observations {learner: <LearnerRegrRanger/LearnerRegr/Learner/R6>}
INFO  [00:45:20.618] [mlr3] Calling train method of fallback 'regr.ranger' on task 'surrogate_task' with 357 observations {learner: <LearnerRegrRanger/LearnerRegr/Learner/R6>}
INFO  [00:45:21.649] [mlr3] Calling train method of fallback 'regr.ranger' on task 'surrogate_task' with 358 observations {learner: <LearnerRegrRanger/LearnerRegr/Learner/R6>}
INFO  [00:45:22.666] [mlr3] Calling train method of fallback 'regr.ranger' on task 'surrogate_task' with 359 observations {learner: <LearnerRegrRanger/LearnerRegr/Learner/R6>}
INFO  [00:45:23.758] [mlr3] Calling train method of fallback 'regr.ranger' on task 'surrogate_task' with 360 observations {learner: <LearnerRegrRanger/LearnerRegr/Learner/R6>}
INFO  [00:45:24.849] [mlr3] Calling train method of fallback 'regr.ranger' on task 'surrogate_task' with 361 observations {learner: <LearnerRegrRanger/LearnerRegr/Learner/R6>}
INFO  [00:45:25.834] [mlr3] Calling train method of fallback 'regr.ranger' on task 'surrogate_task' with 362 observations {learner: <LearnerRegrRanger/LearnerRegr/Learner/R6>}
INFO  [00:45:26.860] [mlr3] Calling train method of fallback 'regr.ranger' on task 'surrogate_task' with 363 observations {learner: <LearnerRegrRanger/LearnerRegr/Learner/R6>}
INFO  [00:45:27.874] [mlr3] Calling train method of fallback 'regr.ranger' on task 'surrogate_task' with 364 observations {learner: <LearnerRegrRanger/LearnerRegr/Learner/R6>}
INFO  [00:45:28.917] [mlr3] Calling train method of fallback 'regr.ranger' on task 'surrogate_task' with 365 observations {learner: <LearnerRegrRanger/LearnerRegr/Learner/R6>}
INFO  [00:45:29.898] [mlr3] Calling train method of fallback 'regr.ranger' on task 'surrogate_task' with 366 observations {learner: <LearnerRegrRanger/LearnerRegr/Learner/R6>}
INFO  [00:45:30.851] [mlr3] Calling train method of fallback 'regr.ranger' on task 'surrogate_task' with 367 observations {learner: <LearnerRegrRanger/LearnerRegr/Learner/R6>}
INFO  [00:45:31.823] [mlr3] Calling train method of fallback 'regr.ranger' on task 'surrogate_task' with 368 observations {learner: <LearnerRegrRanger/LearnerRegr/Learner/R6>}
INFO  [00:45:32.747] [mlr3] Calling train method of fallback 'regr.ranger' on task 'surrogate_task' with 369 observations {learner: <LearnerRegrRanger/LearnerRegr/Learner/R6>}
INFO  [00:45:33.726] [mlr3] Calling train method of fallback 'regr.ranger' on task 'surrogate_task' with 370 observations {learner: <LearnerRegrRanger/LearnerRegr/Learner/R6>}
INFO  [00:45:34.714] [mlr3] Calling train method of fallback 'regr.ranger' on task 'surrogate_task' with 371 observations {learner: <LearnerRegrRanger/LearnerRegr/Learner/R6>}
INFO  [00:45:35.687] [mlr3] Calling train method of fallback 'regr.ranger' on task 'surrogate_task' with 372 observations {learner: <LearnerRegrRanger/LearnerRegr/Learner/R6>}
INFO  [00:45:36.750] [mlr3] Calling train method of fallback 'regr.ranger' on task 'surrogate_task' with 373 observations {learner: <LearnerRegrRanger/LearnerRegr/Learner/R6>}
INFO  [00:45:37.814] [mlr3] Calling train method of fallback 'regr.ranger' on task 'surrogate_task' with 374 observations {learner: <LearnerRegrRanger/LearnerRegr/Learner/R6>}
INFO  [00:45:38.827] [mlr3] Calling train method of fallback 'regr.ranger' on task 'surrogate_task' with 375 observations {learner: <LearnerRegrRanger/LearnerRegr/Learner/R6>}
INFO  [00:45:39.916] [mlr3] Calling train method of fallback 'regr.ranger' on task 'surrogate_task' with 376 observations {learner: <LearnerRegrRanger/LearnerRegr/Learner/R6>}
INFO  [00:45:40.909] [mlr3] Calling train method of fallback 'regr.ranger' on task 'surrogate_task' with 377 observations {learner: <LearnerRegrRanger/LearnerRegr/Learner/R6>}
INFO  [00:45:41.942] [mlr3] Calling train method of fallback 'regr.ranger' on task 'surrogate_task' with 378 observations {learner: <LearnerRegrRanger/LearnerRegr/Learner/R6>}
INFO  [00:45:43.014] [mlr3] Calling train method of fallback 'regr.ranger' on task 'surrogate_task' with 379 observations {learner: <LearnerRegrRanger/LearnerRegr/Learner/R6>}
INFO  [00:45:44.049] [mlr3] Calling train method of fallback 'regr.ranger' on task 'surrogate_task' with 380 observations {learner: <LearnerRegrRanger/LearnerRegr/Learner/R6>}
INFO  [00:45:45.153] [mlr3] Calling train method of fallback 'regr.ranger' on task 'surrogate_task' with 381 observations {learner: <LearnerRegrRanger/LearnerRegr/Learner/R6>}
INFO  [00:45:46.164] [mlr3] Calling train method of fallback 'regr.ranger' on task 'surrogate_task' with 382 observations {learner: <LearnerRegrRanger/LearnerRegr/Learner/R6>}
INFO  [00:45:47.196] [mlr3] Calling train method of fallback 'regr.ranger' on task 'surrogate_task' with 383 observations {learner: <LearnerRegrRanger/LearnerRegr/Learner/R6>}
INFO  [00:45:48.233] [mlr3] Calling train method of fallback 'regr.ranger' on task 'surrogate_task' with 384 observations {learner: <LearnerRegrRanger/LearnerRegr/Learner/R6>}
INFO  [00:45:49.257] [mlr3] Calling train method of fallback 'regr.ranger' on task 'surrogate_task' with 385 observations {learner: <LearnerRegrRanger/LearnerRegr/Learner/R6>}
INFO  [00:45:50.381] [mlr3] Calling train method of fallback 'regr.ranger' on task 'surrogate_task' with 386 observations {learner: <LearnerRegrRanger/LearnerRegr/Learner/R6>}
INFO  [00:45:51.384] [mlr3] Calling train method of fallback 'regr.ranger' on task 'surrogate_task' with 387 observations {learner: <LearnerRegrRanger/LearnerRegr/Learner/R6>}
INFO  [00:45:52.449] [mlr3] Calling train method of fallback 'regr.ranger' on task 'surrogate_task' with 388 observations {learner: <LearnerRegrRanger/LearnerRegr/Learner/R6>}
INFO  [00:45:53.553] [mlr3] Calling train method of fallback 'regr.ranger' on task 'surrogate_task' with 388 observations {learner: <LearnerRegrRanger/LearnerRegr/Learner/R6>}
INFO  [00:45:54.665] [mlr3] Calling train method of fallback 'regr.ranger' on task 'surrogate_task' with 390 observations {learner: <LearnerRegrRanger/LearnerRegr/Learner/R6>}
INFO  [00:45:55.669] [mlr3] Calling train method of fallback 'regr.ranger' on task 'surrogate_task' with 391 observations {learner: <LearnerRegrRanger/LearnerRegr/Learner/R6>}
INFO  [00:45:56.704] [mlr3] Calling train method of fallback 'regr.ranger' on task 'surrogate_task' with 392 observations {learner: <LearnerRegrRanger/LearnerRegr/Learner/R6>}
INFO  [00:45:57.733] [mlr3] Calling train method of fallback 'regr.ranger' on task 'surrogate_task' with 393 observations {learner: <LearnerRegrRanger/LearnerRegr/Learner/R6>}
INFO  [00:45:58.734] [mlr3] Calling train method of fallback 'regr.ranger' on task 'surrogate_task' with 394 observations {learner: <LearnerRegrRanger/LearnerRegr/Learner/R6>}
INFO  [00:45:59.785] [mlr3] Calling train method of fallback 'regr.ranger' on task 'surrogate_task' with 395 observations {learner: <LearnerRegrRanger/LearnerRegr/Learner/R6>}
INFO  [00:46:00.792] [mlr3] Calling train method of fallback 'regr.ranger' on task 'surrogate_task' with 396 observations {learner: <LearnerRegrRanger/LearnerRegr/Learner/R6>}
INFO  [00:46:01.836] [mlr3] Calling train method of fallback 'regr.ranger' on task 'surrogate_task' with 397 observations {learner: <LearnerRegrRanger/LearnerRegr/Learner/R6>}
INFO  [00:46:02.905] [mlr3] Calling train method of fallback 'regr.ranger' on task 'surrogate_task' with 398 observations {learner: <LearnerRegrRanger/LearnerRegr/Learner/R6>}
INFO  [00:46:03.906] [mlr3] Calling train method of fallback 'regr.ranger' on task 'surrogate_task' with 399 observations {learner: <LearnerRegrRanger/LearnerRegr/Learner/R6>}
INFO  [00:46:04.984] [mlr3] Calling train method of fallback 'regr.ranger' on task 'surrogate_task' with 400 observations {learner: <LearnerRegrRanger/LearnerRegr/Learner/R6>}
INFO  [00:46:06.096] [mlr3] Calling train method of fallback 'regr.ranger' on task 'surrogate_task' with 401 observations {learner: <LearnerRegrRanger/LearnerRegr/Learner/R6>}
INFO  [00:46:07.143] [mlr3] Calling train method of fallback 'regr.ranger' on task 'surrogate_task' with 402 observations {learner: <LearnerRegrRanger/LearnerRegr/Learner/R6>}
INFO  [00:46:08.291] [mlr3] Calling train method of fallback 'regr.ranger' on task 'surrogate_task' with 403 observations {learner: <LearnerRegrRanger/LearnerRegr/Learner/R6>}
INFO  [00:46:09.306] [mlr3] Calling train method of fallback 'regr.ranger' on task 'surrogate_task' with 404 observations {learner: <LearnerRegrRanger/LearnerRegr/Learner/R6>}
INFO  [00:46:10.369] [mlr3] Calling train method of fallback 'regr.ranger' on task 'surrogate_task' with 405 observations {learner: <LearnerRegrRanger/LearnerRegr/Learner/R6>}
INFO  [00:46:11.473] [mlr3] Calling train method of fallback 'regr.ranger' on task 'surrogate_task' with 406 observations {learner: <LearnerRegrRanger/LearnerRegr/Learner/R6>}
INFO  [00:46:12.507] [mlr3] Calling train method of fallback 'regr.ranger' on task 'surrogate_task' with 407 observations {learner: <LearnerRegrRanger/LearnerRegr/Learner/R6>}
INFO  [00:46:13.545] [mlr3] Calling train method of fallback 'regr.ranger' on task 'surrogate_task' with 408 observations {learner: <LearnerRegrRanger/LearnerRegr/Learner/R6>}
INFO  [00:46:14.665] [mlr3] Calling train method of fallback 'regr.ranger' on task 'surrogate_task' with 409 observations {learner: <LearnerRegrRanger/LearnerRegr/Learner/R6>}
INFO  [00:46:15.740] [mlr3] Calling train method of fallback 'regr.ranger' on task 'surrogate_task' with 410 observations {learner: <LearnerRegrRanger/LearnerRegr/Learner/R6>}
INFO  [00:46:16.792] [mlr3] Calling train method of fallback 'regr.ranger' on task 'surrogate_task' with 411 observations {learner: <LearnerRegrRanger/LearnerRegr/Learner/R6>}
INFO  [00:46:17.866] [mlr3] Calling train method of fallback 'regr.ranger' on task 'surrogate_task' with 412 observations {learner: <LearnerRegrRanger/LearnerRegr/Learner/R6>}
INFO  [00:46:18.921] [mlr3] Calling train method of fallback 'regr.ranger' on task 'surrogate_task' with 413 observations {learner: <LearnerRegrRanger/LearnerRegr/Learner/R6>}
INFO  [00:46:20.001] [mlr3] Calling train method of fallback 'regr.ranger' on task 'surrogate_task' with 414 observations {learner: <LearnerRegrRanger/LearnerRegr/Learner/R6>}
INFO  [00:46:21.106] [mlr3] Calling train method of fallback 'regr.ranger' on task 'surrogate_task' with 415 observations {learner: <LearnerRegrRanger/LearnerRegr/Learner/R6>}
INFO  [00:46:22.181] [mlr3] Calling train method of fallback 'regr.ranger' on task 'surrogate_task' with 416 observations {learner: <LearnerRegrRanger/LearnerRegr/Learner/R6>}
INFO  [00:46:23.441] [mlr3] Calling train method of fallback 'regr.ranger' on task 'surrogate_task' with 417 observations {learner: <LearnerRegrRanger/LearnerRegr/Learner/R6>}
INFO  [00:46:24.543] [mlr3] Calling train method of fallback 'regr.ranger' on task 'surrogate_task' with 418 observations {learner: <LearnerRegrRanger/LearnerRegr/Learner/R6>}
INFO  [00:46:25.689] [mlr3] Calling train method of fallback 'regr.ranger' on task 'surrogate_task' with 419 observations {learner: <LearnerRegrRanger/LearnerRegr/Learner/R6>}
INFO  [00:46:26.777] [mlr3] Calling train method of fallback 'regr.ranger' on task 'surrogate_task' with 420 observations {learner: <LearnerRegrRanger/LearnerRegr/Learner/R6>}
INFO  [00:46:27.913] [mlr3] Calling train method of fallback 'regr.ranger' on task 'surrogate_task' with 421 observations {learner: <LearnerRegrRanger/LearnerRegr/Learner/R6>}
INFO  [00:46:29.039] [mlr3] Calling train method of fallback 'regr.ranger' on task 'surrogate_task' with 422 observations {learner: <LearnerRegrRanger/LearnerRegr/Learner/R6>}
INFO  [00:46:30.076] [mlr3] Calling train method of fallback 'regr.ranger' on task 'surrogate_task' with 423 observations {learner: <LearnerRegrRanger/LearnerRegr/Learner/R6>}
INFO  [00:46:31.165] [mlr3] Calling train method of fallback 'regr.ranger' on task 'surrogate_task' with 424 observations {learner: <LearnerRegrRanger/LearnerRegr/Learner/R6>}
INFO  [00:46:32.286] [mlr3] Calling train method of fallback 'regr.ranger' on task 'surrogate_task' with 425 observations {learner: <LearnerRegrRanger/LearnerRegr/Learner/R6>}
INFO  [00:46:33.457] [mlr3] Calling train method of fallback 'regr.ranger' on task 'surrogate_task' with 426 observations {learner: <LearnerRegrRanger/LearnerRegr/Learner/R6>}
INFO  [00:46:34.616] [mlr3] Calling train method of fallback 'regr.ranger' on task 'surrogate_task' with 427 observations {learner: <LearnerRegrRanger/LearnerRegr/Learner/R6>}
INFO  [00:46:35.705] [mlr3] Calling train method of fallback 'regr.ranger' on task 'surrogate_task' with 428 observations {learner: <LearnerRegrRanger/LearnerRegr/Learner/R6>}
INFO  [00:46:36.820] [mlr3] Calling train method of fallback 'regr.ranger' on task 'surrogate_task' with 429 observations {learner: <LearnerRegrRanger/LearnerRegr/Learner/R6>}
INFO  [00:46:37.920] [mlr3] Calling train method of fallback 'regr.ranger' on task 'surrogate_task' with 430 observations {learner: <LearnerRegrRanger/LearnerRegr/Learner/R6>}
INFO  [00:46:39.051] [mlr3] Calling train method of fallback 'regr.ranger' on task 'surrogate_task' with 431 observations {learner: <LearnerRegrRanger/LearnerRegr/Learner/R6>}
INFO  [00:46:40.223] [mlr3] Calling train method of fallback 'regr.ranger' on task 'surrogate_task' with 432 observations {learner: <LearnerRegrRanger/LearnerRegr/Learner/R6>}
INFO  [00:46:41.331] [mlr3] Calling train method of fallback 'regr.ranger' on task 'surrogate_task' with 432 observations {learner: <LearnerRegrRanger/LearnerRegr/Learner/R6>}
INFO  [00:46:42.470] [mlr3] Calling train method of fallback 'regr.ranger' on task 'surrogate_task' with 434 observations {learner: <LearnerRegrRanger/LearnerRegr/Learner/R6>}
INFO  [00:46:43.570] [mlr3] Calling train method of fallback 'regr.ranger' on task 'surrogate_task' with 435 observations {learner: <LearnerRegrRanger/LearnerRegr/Learner/R6>}
INFO  [00:46:44.697] [mlr3] Calling train method of fallback 'regr.ranger' on task 'surrogate_task' with 436 observations {learner: <LearnerRegrRanger/LearnerRegr/Learner/R6>}
INFO  [00:46:45.885] [mlr3] Calling train method of fallback 'regr.ranger' on task 'surrogate_task' with 437 observations {learner: <LearnerRegrRanger/LearnerRegr/Learner/R6>}
INFO  [00:46:47.056] [mlr3] Calling train method of fallback 'regr.ranger' on task 'surrogate_task' with 438 observations {learner: <LearnerRegrRanger/LearnerRegr/Learner/R6>}
INFO  [00:46:48.302] [mlr3] Calling train method of fallback 'regr.ranger' on task 'surrogate_task' with 439 observations {learner: <LearnerRegrRanger/LearnerRegr/Learner/R6>}
INFO  [00:46:49.429] [mlr3] Calling train method of fallback 'regr.ranger' on task 'surrogate_task' with 440 observations {learner: <LearnerRegrRanger/LearnerRegr/Learner/R6>}
INFO  [00:46:50.543] [mlr3] Calling train method of fallback 'regr.ranger' on task 'surrogate_task' with 441 observations {learner: <LearnerRegrRanger/LearnerRegr/Learner/R6>}
INFO  [00:46:51.820] [mlr3] Calling train method of fallback 'regr.ranger' on task 'surrogate_task' with 442 observations {learner: <LearnerRegrRanger/LearnerRegr/Learner/R6>}
INFO  [00:46:52.983] [mlr3] Calling train method of fallback 'regr.ranger' on task 'surrogate_task' with 443 observations {learner: <LearnerRegrRanger/LearnerRegr/Learner/R6>}
INFO  [00:46:54.172] [mlr3] Calling train method of fallback 'regr.ranger' on task 'surrogate_task' with 444 observations {learner: <LearnerRegrRanger/LearnerRegr/Learner/R6>}
INFO  [00:46:55.384] [mlr3] Calling train method of fallback 'regr.ranger' on task 'surrogate_task' with 445 observations {learner: <LearnerRegrRanger/LearnerRegr/Learner/R6>}
INFO  [00:46:56.926] [mlr3] Calling train method of fallback 'regr.ranger' on task 'surrogate_task' with 446 observations {learner: <LearnerRegrRanger/LearnerRegr/Learner/R6>}
INFO  [00:46:58.091] [mlr3] Calling train method of fallback 'regr.ranger' on task 'surrogate_task' with 447 observations {learner: <LearnerRegrRanger/LearnerRegr/Learner/R6>}
INFO  [00:46:59.322] [mlr3] Calling train method of fallback 'regr.ranger' on task 'surrogate_task' with 448 observations {learner: <LearnerRegrRanger/LearnerRegr/Learner/R6>}
INFO  [00:47:00.543] [mlr3] Calling train method of fallback 'regr.ranger' on task 'surrogate_task' with 449 observations {learner: <LearnerRegrRanger/LearnerRegr/Learner/R6>}
INFO  [00:47:01.764] [mlr3] Calling train method of fallback 'regr.ranger' on task 'surrogate_task' with 449 observations {learner: <LearnerRegrRanger/LearnerRegr/Learner/R6>}
INFO  [00:47:02.903] [mlr3] Calling train method of fallback 'regr.ranger' on task 'surrogate_task' with 451 observations {learner: <LearnerRegrRanger/LearnerRegr/Learner/R6>}
INFO  [00:47:04.067] [mlr3] Calling train method of fallback 'regr.ranger' on task 'surrogate_task' with 452 observations {learner: <LearnerRegrRanger/LearnerRegr/Learner/R6>}
INFO  [00:47:05.370] [mlr3] Calling train method of fallback 'regr.ranger' on task 'surrogate_task' with 453 observations {learner: <LearnerRegrRanger/LearnerRegr/Learner/R6>}
INFO  [00:47:06.528] [mlr3] Calling train method of fallback 'regr.ranger' on task 'surrogate_task' with 454 observations {learner: <LearnerRegrRanger/LearnerRegr/Learner/R6>}
INFO  [00:47:07.840] [mlr3] Calling train method of fallback 'regr.ranger' on task 'surrogate_task' with 455 observations {learner: <LearnerRegrRanger/LearnerRegr/Learner/R6>}
INFO  [00:47:09.140] [mlr3] Calling train method of fallback 'regr.ranger' on task 'surrogate_task' with 456 observations {learner: <LearnerRegrRanger/LearnerRegr/Learner/R6>}
INFO  [00:47:10.344] [mlr3] Calling train method of fallback 'regr.ranger' on task 'surrogate_task' with 457 observations {learner: <LearnerRegrRanger/LearnerRegr/Learner/R6>}
INFO  [00:47:11.480] [mlr3] Calling train method of fallback 'regr.ranger' on task 'surrogate_task' with 458 observations {learner: <LearnerRegrRanger/LearnerRegr/Learner/R6>}
INFO  [00:47:12.595] [mlr3] Calling train method of fallback 'regr.ranger' on task 'surrogate_task' with 459 observations {learner: <LearnerRegrRanger/LearnerRegr/Learner/R6>}
INFO  [00:47:13.857] [mlr3] Calling train method of fallback 'regr.ranger' on task 'surrogate_task' with 460 observations {learner: <LearnerRegrRanger/LearnerRegr/Learner/R6>}
INFO  [00:47:15.024] [mlr3] Calling train method of fallback 'regr.ranger' on task 'surrogate_task' with 461 observations {learner: <LearnerRegrRanger/LearnerRegr/Learner/R6>}
INFO  [00:47:16.138] [mlr3] Calling train method of fallback 'regr.ranger' on task 'surrogate_task' with 462 observations {learner: <LearnerRegrRanger/LearnerRegr/Learner/R6>}
INFO  [00:47:17.368] [mlr3] Calling train method of fallback 'regr.ranger' on task 'surrogate_task' with 463 observations {learner: <LearnerRegrRanger/LearnerRegr/Learner/R6>}
INFO  [00:47:18.560] [mlr3] Calling train method of fallback 'regr.ranger' on task 'surrogate_task' with 464 observations {learner: <LearnerRegrRanger/LearnerRegr/Learner/R6>}
INFO  [00:47:19.769] [mlr3] Calling train method of fallback 'regr.ranger' on task 'surrogate_task' with 465 observations {learner: <LearnerRegrRanger/LearnerRegr/Learner/R6>}
INFO  [00:47:20.936] [mlr3] Calling train method of fallback 'regr.ranger' on task 'surrogate_task' with 466 observations {learner: <LearnerRegrRanger/LearnerRegr/Learner/R6>}
INFO  [00:47:22.162] [mlr3] Calling train method of fallback 'regr.ranger' on task 'surrogate_task' with 467 observations {learner: <LearnerRegrRanger/LearnerRegr/Learner/R6>}
INFO  [00:47:23.493] [mlr3] Calling train method of fallback 'regr.ranger' on task 'surrogate_task' with 468 observations {learner: <LearnerRegrRanger/LearnerRegr/Learner/R6>}
INFO  [00:47:24.664] [mlr3] Calling train method of fallback 'regr.ranger' on task 'surrogate_task' with 469 observations {learner: <LearnerRegrRanger/LearnerRegr/Learner/R6>}
INFO  [00:47:25.862] [mlr3] Calling train method of fallback 'regr.ranger' on task 'surrogate_task' with 470 observations {learner: <LearnerRegrRanger/LearnerRegr/Learner/R6>}
INFO  [00:47:27.072] [mlr3] Calling train method of fallback 'regr.ranger' on task 'surrogate_task' with 471 observations {learner: <LearnerRegrRanger/LearnerRegr/Learner/R6>}
INFO  [00:47:28.238] [mlr3] Calling train method of fallback 'regr.ranger' on task 'surrogate_task' with 472 observations {learner: <LearnerRegrRanger/LearnerRegr/Learner/R6>}
INFO  [00:47:29.431] [mlr3] Calling train method of fallback 'regr.ranger' on task 'surrogate_task' with 473 observations {learner: <LearnerRegrRanger/LearnerRegr/Learner/R6>}
INFO  [00:47:30.683] [mlr3] Calling train method of fallback 'regr.ranger' on task 'surrogate_task' with 474 observations {learner: <LearnerRegrRanger/LearnerRegr/Learner/R6>}
INFO  [00:47:31.843] [mlr3] Calling train method of fallback 'regr.ranger' on task 'surrogate_task' with 475 observations {learner: <LearnerRegrRanger/LearnerRegr/Learner/R6>}
INFO  [00:47:33.519] 448 worker(s) running
INFO  [00:47:33.545] Results of 207 configuration(s):
INFO  [00:47:33.589]  classif.ce learning_rate num_leaves min_data_in_leaf feature_fraction
INFO  [00:47:33.589]     0.01780   -5.66026086        135              177        1.0000000
INFO  [00:47:33.589]     0.01768   -2.20480231        118              135        1.0000000
INFO  [00:47:33.589]     0.01760   -1.45055991        252              134        0.9191650
INFO  [00:47:33.589]     0.01792   -0.63927256        156              200        0.7343967
INFO  [00:47:33.589]     0.01776   -1.46125551        114              127        1.0000000
INFO  [00:47:33.589]     0.01762   -1.88281566        166              200        0.7326859
INFO  [00:47:33.589]     0.01780   -5.60047261         59              139        0.5266780
INFO  [00:47:33.589]     0.01758   -1.25734026        168               93        0.7575813
INFO  [00:47:33.589]     0.01788   -0.85076702        169              200        0.9202833
INFO  [00:47:33.589]     0.01776   -0.84248175        164              198        0.7338154
INFO  [00:47:33.589]     0.01776   -0.76381610        164              198        0.7413720
INFO  [00:47:33.589]     0.01758   -2.27417444        126              200        1.0000000
INFO  [00:47:33.589]     0.01766   -1.40493166         35              171        0.8727442
INFO  [00:47:33.589]     0.01762   -2.32122100        134              200        1.0000000
INFO  [00:47:33.589]     0.01848   -1.07166711        100               12        0.7490621
INFO  [00:47:33.589]     0.01770   -1.44498160        169              157        0.4177700
INFO  [00:47:33.589]     0.01772   -2.12640364        222               71        1.0000000
INFO  [00:47:33.589]     0.01758   -1.36224595        170              100        0.7473525
INFO  [00:47:33.589]     0.01772   -2.34095545        112              200        1.0000000
INFO  [00:47:33.589]     0.01766   -2.30696771        129               12        1.0000000
INFO  [00:47:33.589]     0.01766   -1.38061760        157              200        0.8437189
INFO  [00:47:33.589]     0.01768   -1.33026675        147               58        0.7600338
INFO  [00:47:33.589]     0.01772   -2.32207226        113               89        1.0000000
INFO  [00:47:33.589]     0.01766   -1.33497947        168              140        0.8086514
INFO  [00:47:33.589]     0.01778   -3.54236915         76              200        1.0000000
INFO  [00:47:33.589]     0.01780   -1.40475562        247              138        0.8147975
INFO  [00:47:33.589]     0.01772   -2.58716204        174              200        1.0000000
INFO  [00:47:33.589]     0.01780   -6.23533169         93              200        1.0000000
INFO  [00:47:33.589]     0.01764   -1.52124334        168              164        0.7723987
INFO  [00:47:33.589]     0.01770   -1.41938759        105              179        1.0000000
INFO  [00:47:33.589]     0.01780   -6.23696660         95              200        1.0000000
INFO  [00:47:33.589]     0.01766   -0.90954131        119              200        1.0000000
INFO  [00:47:33.589]     0.01770   -2.40973532        118               32        1.0000000
INFO  [00:47:33.589]     0.01766   -1.38990003        199              138        0.7354615
INFO  [00:47:33.589]     0.01778   -0.87267244        153              193        0.7183321
INFO  [00:47:33.589]     0.01776   -0.88257955        160               95        0.7724067
INFO  [00:47:33.589]     0.01764   -2.21363416        116              200        1.0000000
INFO  [00:47:33.589]     0.01766   -1.29208835        158              200        0.8383237
INFO  [00:47:33.589]     0.01770   -1.15681692         57              138        0.8474460
INFO  [00:47:33.589]     0.01762   -1.41488817        110              193        0.7708332
INFO  [00:47:33.589]     0.01770   -1.41822857        255               18        0.9909615
INFO  [00:47:33.589]     0.01780   -6.26767549        149              200        1.0000000
INFO  [00:47:33.589]     0.01774   -2.31588923        123              200        1.0000000
INFO  [00:47:33.589]     0.01778   -1.41549959        117               29        0.7505947
INFO  [00:47:33.589]     0.01776   -1.41468199        255               13        0.1729004
INFO  [00:47:33.589]     0.01772   -0.98985620        209               92        0.7633851
INFO  [00:47:33.589]     0.01760   -2.31130807        122              200        1.0000000
INFO  [00:47:33.589]     0.01766   -1.32946359        177              138        0.7544831
INFO  [00:47:33.589]     0.01762   -1.42285880        109              200        0.7568286
INFO  [00:47:33.589]     0.01762   -1.35828515        168              144        0.7480867
INFO  [00:47:33.589]     0.01772   -2.28062218        118              105        1.0000000
INFO  [00:47:33.589]     0.01780   -2.31722266        123              200        0.1616105
INFO  [00:47:33.589]     0.01776   -2.24666418        117              200        0.1176666
INFO  [00:47:33.589]     0.01778   -2.32023338        120              200        0.2197792
INFO  [00:47:33.589]     0.01752   -1.03937384        205               93        0.7578177
INFO  [00:47:33.589]     0.01774   -2.28030079        129              200        0.2163596
INFO  [00:47:33.589]     0.01762   -2.32675563        125              200        1.0000000
INFO  [00:47:33.589]     0.01760   -1.41938610        155              200        0.7633386
INFO  [00:47:33.589]     0.01772   -2.30189267        125              200        0.3684706
INFO  [00:47:33.589]     0.01762   -2.25476967        163              200        1.0000000
INFO  [00:47:33.589]     0.01762   -1.42682942        101              194        0.8420613
INFO  [00:47:33.589]     0.01774   -1.30017613        167               42        0.7541647
INFO  [00:47:33.589]     0.01770   -1.33671173        170              105        0.7455038
INFO  [00:47:33.589]     0.01776   -1.39811234        255               31        0.4735059
INFO  [00:47:33.589]     0.01772   -2.27677869        119              200        1.0000000
INFO  [00:47:33.589]     0.01774   -2.24785960        129              200        0.5020165
INFO  [00:47:33.589]     0.01756   -2.31888877        119              169        1.0000000
INFO  [00:47:33.589]     0.01764   -2.31998064        228              121        0.9983224
INFO  [00:47:33.589]     0.01764   -1.31756979        161               58        0.7388675
INFO  [00:47:33.589]     0.01780   -2.31378062        205              200        0.5539488
INFO  [00:47:33.589]     0.01766   -1.67784009        220              200        0.8810029
INFO  [00:47:33.589]     0.01758   -1.26531096        167              200        0.7394768
INFO  [00:47:33.589]     0.01768   -2.27900989        131              101        1.0000000
INFO  [00:47:33.589]     0.01768   -1.42521160        181              143        0.7554735
INFO  [00:47:33.589]     0.01770   -2.31747466         25              102        0.3489755
INFO  [00:47:33.589]     0.01764   -2.24860214         10               67        0.3756158
INFO  [00:47:33.589]     0.01764   -1.37346870        170              169        0.7491561
INFO  [00:47:33.589]     0.01772   -2.32142395        115              200        0.3636883
INFO  [00:47:33.589]     0.01766   -2.32315209        117               17        1.0000000
INFO  [00:47:33.589]     0.01780   -1.42527233        255               85        0.4423420
INFO  [00:47:33.589]     0.01780   -1.09242047        204               83        0.8069265
INFO  [00:47:33.589]     0.01776   -1.37078637        130               98        0.4702609
INFO  [00:47:33.589]     0.01764   -0.94921118        206               47        0.7915520
INFO  [00:47:33.589]     0.01780   -1.35835624         40               91        0.8420088
INFO  [00:47:33.589]     0.01764   -1.35733984        171              123        0.7506623
INFO  [00:47:33.589]     0.01768   -2.26773627        131              200        0.7497212
INFO  [00:47:33.589]     0.01768   -1.02942613        204               93        0.7549233
INFO  [00:47:33.589]     0.01768   -2.32266995        244              192        0.5968448
INFO  [00:47:33.589]     0.01762   -1.42617639        155              200        0.8291887
INFO  [00:47:33.589]     0.01778   -1.07709209        228               61        0.8896127
INFO  [00:47:33.589]     0.01778   -0.52594802        206               90        0.7600567
INFO  [00:47:33.589]     0.01770   -1.10086226         67              136        0.7502855
INFO  [00:47:33.589]     0.01762   -1.02019067        206                3        0.7623751
INFO  [00:47:33.589]     0.01764   -2.05626380        167              200        0.5105032
INFO  [00:47:33.589]     0.01758   -1.18084000        206               59        0.8565388
INFO  [00:47:33.589]     0.01766   -0.37892017         93               93        1.0000000
INFO  [00:47:33.589]     0.01764   -1.50275484        124              200        0.9499674
INFO  [00:47:33.589]     0.01770   -1.08398580        201              168        0.7648913
INFO  [00:47:33.589]     0.01762   -1.02967238         63               96        0.7546127
INFO  [00:47:33.589]     0.01764   -1.05846681        216              101        0.8225342
INFO  [00:47:33.589]     0.01762   -0.98922835        220               93        0.7491842
INFO  [00:47:33.589]     0.01758   -1.09411232        254              183        0.6120345
INFO  [00:47:33.589]     0.01764   -1.03413419        207              101        0.7869009
INFO  [00:47:33.589]     0.01774   -0.89488353        175              113        0.7485121
INFO  [00:47:33.589]     0.01766   -1.04813174        204              130        0.9597115
INFO  [00:47:33.589]     0.01760   -1.05314594        207               86        0.7574762
INFO  [00:47:33.589]     0.01768   -1.03716589        142               89        0.4032500
INFO  [00:47:33.589]     0.01750   -1.01691359         70               90        0.7581880
INFO  [00:47:33.589]     0.01796   -1.18240005        147               27        1.0000000
INFO  [00:47:33.589]     0.01780   -0.93662982         90               92        0.7576537
INFO  [00:47:33.589]     0.01772   -1.04450352        205               88        0.6826925
INFO  [00:47:33.589]     0.01762   -1.35475313         41               52        0.9355160
INFO  [00:47:33.589]     0.01780   -1.06539672         37              199        0.7588876
INFO  [00:47:33.589]     0.01774   -1.03069767         38               99        1.0000000
INFO  [00:47:33.589]     0.01772   -1.04715638        199               92        0.3615958
INFO  [00:47:33.589]     0.01770   -1.01334553        202               94        0.9901869
INFO  [00:47:33.589]     0.01762   -1.07042691        211               47        0.7665508
INFO  [00:47:33.589]     0.01750   -1.03172452        206              113        0.7694264
INFO  [00:47:33.589]     0.01772   -0.99771069         35               36        1.0000000
INFO  [00:47:33.589]     0.01780   -1.00728790        204              109        0.8016836
INFO  [00:47:33.589]     0.01774   -1.03947447        205               27        0.9430017
INFO  [00:47:33.589]     0.01766   -0.95744266        208               96        0.5530698
INFO  [00:47:33.589]     0.01772    0.00000000         64              155        0.7634509
INFO  [00:47:33.589]     0.01760   -1.00728390        205               93        0.5179223
INFO  [00:47:33.589]     0.01774   -0.46421363        242               22        0.5029094
INFO  [00:47:33.589]     0.01780   -0.99115370        206               83        0.7267670
INFO  [00:47:33.589]     0.01770   -1.00048352        205               34        1.0000000
INFO  [00:47:33.589]     0.01758   -1.01726296        151               37        0.7613758
INFO  [00:47:33.589]     0.01770   -1.07198150        129              200        1.0000000
INFO  [00:47:33.589]     0.01772   -0.78892259         41               93        0.7014603
INFO  [00:47:33.589]     0.01776   -1.01431712         68               88        0.7550468
INFO  [00:47:33.589]     0.01768   -0.73919643         51               64        0.7758787
INFO  [00:47:33.589]     0.01780   -1.00732818         77               78        0.7951873
INFO  [00:47:33.589]     0.01768   -0.88959141        255               70        0.8318126
INFO  [00:47:33.589]     0.01762   -1.03028921         72               38        0.7567976
INFO  [00:47:33.589]     0.01774   -1.01621889         70               90        0.9210285
INFO  [00:47:33.589]     0.01762   -1.01678099         63               88        0.7441489
INFO  [00:47:33.589]     0.01768   -1.02670370        209              165        0.7837407
INFO  [00:47:33.589]     0.01762   -1.02052349        255              137        0.9337073
INFO  [00:47:33.589]     0.01758   -1.02632222         69               90        0.7526744
INFO  [00:47:33.589]     0.01756   -0.99082291        206               87        0.7561147
INFO  [00:47:33.589]     0.01772   -1.02817596        227              125        0.7008633
INFO  [00:47:33.589]     0.01768   -1.01515460         74               89        0.2807192
INFO  [00:47:33.589]     0.01772   -1.01847069         71               97        0.7626274
INFO  [00:47:33.589]     0.01778   -1.02995733        101              113        0.7974564
INFO  [00:47:33.589]     0.01760   -1.03939254         53               89        0.4174024
INFO  [00:47:33.589]     0.01762   -0.76552174        255              132        0.7578108
INFO  [00:47:33.589]     0.01760   -0.98104850         26               80        0.7660437
INFO  [00:47:33.589]     0.01766   -1.01705167        205              110        0.7579667
INFO  [00:47:33.589]     0.01776   -0.07418828         46               36        0.2539782
INFO  [00:47:33.589]     0.01764   -1.03177128        205              109        0.7422407
INFO  [00:47:33.589]     0.01762   -0.84992766         42               90        0.2121128
INFO  [00:47:33.589]     0.01768   -1.03396341        176               90        0.7596348
INFO  [00:47:33.589]     0.01768   -1.00032667         81              100        0.7677049
INFO  [00:47:33.589]     0.01780   -0.90926845         37               57        0.7686021
INFO  [00:47:33.589]     0.01766   -0.97501900         69              200        0.7301292
INFO  [00:47:33.589]     0.01768   -1.00365946        196              117        0.7874009
INFO  [00:47:33.589]     0.01768   -1.02804757         50               34        0.4105483
INFO  [00:47:33.589]     0.01758   -1.02303248         70               90        0.8262081
INFO  [00:47:33.589]     0.01764   -0.97465096         71               88        0.7611097
INFO  [00:47:33.589]     0.01764   -1.03808718        196              110        0.7568128
INFO  [00:47:33.589]     0.01766   -0.98287085        125               94        0.1061345
INFO  [00:47:33.589]     0.01762   -1.00790240         20               95        0.5652346
INFO  [00:47:33.589]     0.01770   -1.03549446        196              118        0.7686120
INFO  [00:47:33.589]     0.01764   -1.02556610        208               60        0.7537269
INFO  [00:47:33.589]     0.01770   -0.92618679         74               88        0.7234313
INFO  [00:47:33.589]     0.01774   -1.01579186         71              113        0.7493698
INFO  [00:47:33.589]     0.01772   -1.03727283        206              117        0.9364544
INFO  [00:47:33.589]     0.01800   -1.01996092         69               92        0.7563533
INFO  [00:47:33.589]     0.01772   -0.96501001        168               24        0.5148126
INFO  [00:47:33.589]     0.01770   -1.03215219        207              115        0.7686833
INFO  [00:47:33.589]     0.01772   -0.97320028        221              117        0.3083407
INFO  [00:47:33.589]     0.01760   -1.30428924         55              114        0.9508103
INFO  [00:47:33.589]     0.01762   -1.26057724        192              112        0.8442902
INFO  [00:47:33.589]     0.01770   -1.01567729         10              200        0.5305914
INFO  [00:47:33.589]     0.01772   -1.02173263        204               43        0.2765575
INFO  [00:47:33.589]     0.01770   -1.00590051         69               34        0.8476425
INFO  [00:47:33.589]     0.01762   -1.01639526        179               34        0.6599490
INFO  [00:47:33.589]     0.01768   -1.12157669        202              130        0.7668663
INFO  [00:47:33.589]     0.01770   -1.03100902        208               14        0.7758061
INFO  [00:47:33.589]     0.01766   -1.00773490        202              192        0.7428162
INFO  [00:47:33.589]     0.01764   -1.04794087        208              113        0.6167028
INFO  [00:47:33.589]     0.01762   -1.03746038        217              113        0.7697007
INFO  [00:47:33.589]     0.01762   -1.20127099        210              137        0.6833719
INFO  [00:47:33.589]     0.01764   -1.18871941        206              200        0.7691515
INFO  [00:47:33.589]     0.01762   -1.00157928        206              113        0.7812280
INFO  [00:47:33.589]     0.01780   -4.54052920        212               45        0.3696361
INFO  [00:47:33.589]     0.01780   -4.42285536        208              104        0.1329202
INFO  [00:47:33.589]     0.01768   -0.88532887        206              115        0.5088431
INFO  [00:47:33.589]     0.01770   -0.88885971        206              114        0.5674881
INFO  [00:47:33.589]     0.01770   -1.07564421        201              189        0.7820976
INFO  [00:47:33.589]     0.01770   -1.00789353         75              200        0.8175347
INFO  [00:47:33.589]     0.01758   -0.99946712         11              200        0.8409306
INFO  [00:47:33.589]     0.01758   -0.98503431        207              113        0.7795014
INFO  [00:47:33.589]     0.01760   -1.11022202        205              105        0.7357104
INFO  [00:47:33.589]     0.01766   -0.96883034        163               25        0.3294821
INFO  [00:47:33.589]     0.01764   -1.03511499        196              108        0.7696509
INFO  [00:47:33.589]     0.01768   -1.48634460        203              111        0.8366892
INFO  [00:47:33.589]     0.01780   -1.03166690        239               80        0.8141731
INFO  [00:47:33.589]     0.01760   -0.94837140        139              107        0.8508545
INFO  [00:47:33.589]     0.01780   -5.64789867        175              143        0.7695098
INFO  [00:47:33.589]     0.01758   -1.02611903        163               27        0.7589967
INFO  [00:47:33.589]     0.01778   -1.10073572        131              111        0.1314285
INFO  [00:47:33.589]     0.01760   -1.23946309         32              138        0.8262160
INFO  [00:47:33.589]     0.01780   -6.72807817        129              110        0.7065934
INFO  [00:47:33.589]     0.01766   -0.71059719        216              106        0.7765889
INFO  [00:47:33.589]     0.01774   -1.02498340         65                4        0.7720145
INFO  [00:47:33.589]  classif.ce learning_rate num_leaves min_data_in_leaf feature_fraction
INFO  [00:47:33.589]  extra_trees  lambda_l1   lambda_l2 min_gain_to_split        timestamp_xs
INFO  [00:47:33.589]         TRUE -3.9748489 -4.12873200         -6.211208 2026-09-10 00:43:32
INFO  [00:47:33.589]         TRUE -3.3021665 -2.20348111         -3.814943 2026-09-10 00:43:36
INFO  [00:47:33.589]         TRUE -5.2722453  1.22726094         -6.213166 2026-09-10 00:43:39
INFO  [00:47:33.589]         TRUE -3.7175309 -2.77303488         -4.762748 2026-09-10 00:43:44
INFO  [00:47:33.589]        FALSE -4.6451555 -4.37047471         -6.237411 2026-09-10 00:43:33
INFO  [00:47:33.589]         TRUE -4.8572219  1.39688501         -6.387468 2026-09-10 00:43:40
INFO  [00:47:33.589]         TRUE -6.9077553  1.49409212         -6.158245 2026-09-10 00:43:43
INFO  [00:47:33.589]         TRUE -3.8686016  0.99813831         -6.282815 2026-09-10 00:43:45
INFO  [00:47:33.589]         TRUE -4.5772370 -3.18773807         -4.828516 2026-09-10 00:43:49
INFO  [00:47:33.589]         TRUE -4.5569412 -2.27240375         -4.738986 2026-09-10 00:43:48
INFO  [00:47:33.589]         TRUE -4.5666390 -1.65782844         -4.795010 2026-09-10 00:43:53
INFO  [00:47:33.589]         TRUE -3.9218924 -3.80728247         -6.222668 2026-09-10 00:43:36
INFO  [00:47:33.589]         TRUE -4.0776203 -1.14249665         -6.907755 2026-09-10 00:43:52
INFO  [00:47:33.589]         TRUE -1.2856666 -5.20007425         -5.931442 2026-09-10 00:43:47
INFO  [00:47:33.589]        FALSE -6.5769612 -1.29804986         -6.209536 2026-09-10 00:43:44
INFO  [00:47:33.589]         TRUE -4.3164138  0.97297475         -6.226840 2026-09-10 00:43:46
INFO  [00:47:33.589]         TRUE -3.7974013 -6.90775528         -2.804770 2026-09-10 00:43:50
INFO  [00:47:33.589]         TRUE -4.5593121  0.97726292         -6.787836 2026-09-10 00:43:51
INFO  [00:47:33.589]         TRUE  0.9484651 -3.96820445         -6.327008 2026-09-10 00:43:57
INFO  [00:47:33.589]         TRUE -3.4134226 -6.78592010         -6.179845 2026-09-10 00:43:42
INFO  [00:47:33.589]         TRUE -4.6961887  1.03423653         -6.172620 2026-09-10 00:43:55
INFO  [00:47:33.589]         TRUE -3.8443162  1.84574840         -6.348575 2026-09-10 00:43:54
INFO  [00:47:33.589]         TRUE  2.1150913 -3.92618219         -2.699977 2026-09-10 00:44:01
INFO  [00:47:33.589]         TRUE -3.8370973  1.00821440         -6.215552 2026-09-10 00:43:56
INFO  [00:47:33.589]         TRUE -3.6576762 -3.68049775         -6.201424 2026-09-10 00:43:53
INFO  [00:47:33.589]         TRUE  5.9102982  2.54701939         -6.209325 2026-09-10 00:44:10
INFO  [00:47:33.589]        FALSE -6.6020824 -3.97288021         -6.186863 2026-09-10 00:43:41
INFO  [00:47:33.589]         TRUE -3.4986137 -3.96629179         -4.584336 2026-09-10 00:43:58
INFO  [00:47:33.589]         TRUE -3.8835062  0.94810475         -6.232097 2026-09-10 00:44:00
INFO  [00:47:33.589]         TRUE -3.5365014 -3.87509560         -2.676059 2026-09-10 00:44:05
INFO  [00:47:33.589]         TRUE -3.7579788 -4.53057070         -4.106194 2026-09-10 00:43:59
INFO  [00:47:33.589]         TRUE -3.8943523 -3.39870252         -6.205237 2026-09-10 00:44:02
INFO  [00:47:33.589]        FALSE -6.6393940 -3.97857936         -6.218708 2026-09-10 00:43:38
INFO  [00:47:33.589]         TRUE -5.3615792  2.95974940         -6.304462 2026-09-10 00:44:09
INFO  [00:47:33.589]         TRUE -4.1234041 -1.99353578         -4.468141 2026-09-10 00:44:06
INFO  [00:47:33.589]         TRUE -4.5310095 -1.02853882         -6.193556 2026-09-10 00:44:08
INFO  [00:47:33.589]         TRUE -3.4203452 -3.19411057         -6.283722 2026-09-10 00:44:03
INFO  [00:47:33.589]         TRUE -3.8631586 -4.19956964         -6.139952 2026-09-10 00:44:07
INFO  [00:47:33.589]         TRUE -4.4277839  0.68419308         -6.212446 2026-09-10 00:44:15
INFO  [00:47:33.589]         TRUE -3.8805535 -0.40360580         -3.091570 2026-09-10 00:44:18
INFO  [00:47:33.589]         TRUE -1.2413954 -6.90775528         -2.685858 2026-09-10 00:44:20
INFO  [00:47:33.589]        FALSE  1.6392099 -3.57296706         -6.576378 2026-09-10 00:44:16
INFO  [00:47:33.589]         TRUE -3.6115847 -3.39983106         -6.207234 2026-09-10 00:44:11
INFO  [00:47:33.589]         TRUE -3.9703369 -6.80747113         -4.407914 2026-09-10 00:44:17
INFO  [00:47:33.589]         TRUE -4.9108051 -6.89790730         -6.205666 2026-09-10 00:44:12
INFO  [00:47:33.589]         TRUE -3.9704282  0.88841963         -6.292749 2026-09-10 00:44:19
INFO  [00:47:33.589]         TRUE -3.5116373 -4.07904101         -3.651003 2026-09-10 00:44:14
INFO  [00:47:33.589]         TRUE -3.7808344  1.34789818         -6.333825 2026-09-10 00:44:21
INFO  [00:47:33.589]         TRUE -6.3456044 -3.17688171         -6.132882 2026-09-10 00:44:13
INFO  [00:47:33.589]         TRUE -4.4226645  1.18120897         -6.581609 2026-09-10 00:44:22
INFO  [00:47:33.589]         TRUE -6.9077553 -4.19737694         -6.506760 2026-09-10 00:44:15
INFO  [00:47:33.589]         TRUE -5.9671296 -3.95873795         -5.703379 2026-09-10 00:44:26
INFO  [00:47:33.589]         TRUE -3.5693218 -6.90775528         -6.390839 2026-09-10 00:44:25
INFO  [00:47:33.589]         TRUE -6.3345798 -4.05908937         -5.029086 2026-09-10 00:44:24
INFO  [00:47:33.589]         TRUE -4.2329971  2.41477480         -6.285427 2026-09-10 00:44:33
INFO  [00:47:33.589]         TRUE -5.3549744 -4.79849585         -6.209045 2026-09-10 00:44:29
INFO  [00:47:33.589]         TRUE -4.0016494 -3.89650245         -6.218482 2026-09-10 00:44:23
INFO  [00:47:33.589]         TRUE -3.7206878 -3.77643623         -6.278600 2026-09-10 00:44:30
INFO  [00:47:33.589]         TRUE -4.1005578 -3.80980406         -4.542208 2026-09-10 00:44:27
INFO  [00:47:33.589]         TRUE -0.6563886 -3.59365690         -6.473596 2026-09-10 00:44:36
INFO  [00:47:33.589]         TRUE -3.8224026  0.99269023         -3.874511 2026-09-10 00:44:38
INFO  [00:47:33.589]         TRUE -6.4122824 -3.69115034         -6.886657 2026-09-10 00:44:34
INFO  [00:47:33.589]         TRUE -4.6151404  0.88534048         -6.872725 2026-09-10 00:44:39
INFO  [00:47:33.589]         TRUE -3.9601393 -3.99336771         -6.907755 2026-09-10 00:44:28
INFO  [00:47:33.589]         TRUE -4.2848645 -3.66564620         -6.654407 2026-09-10 00:44:32
INFO  [00:47:33.589]         TRUE -3.5315871 -3.96483117         -4.867061 2026-09-10 00:44:31
INFO  [00:47:33.589]         TRUE -3.5873405 -4.36101038         -3.151478 2026-09-10 00:44:37
INFO  [00:47:33.589]         TRUE  0.3408603 -3.84498960         -5.113362 2026-09-10 00:44:43
INFO  [00:47:33.589]         TRUE -4.7894922  1.18681569         -6.697249 2026-09-10 00:44:42
INFO  [00:47:33.589]         TRUE  6.5036120 -4.11230846         -3.206867 2026-09-10 00:44:48
INFO  [00:47:33.589]         TRUE -6.9077553 -4.03968429         -6.907755 2026-09-10 00:44:35
INFO  [00:47:33.589]         TRUE -3.9709216  0.99894632         -6.779664 2026-09-10 00:44:47
INFO  [00:47:33.589]         TRUE -3.5833536 -3.94378413         -3.842783 2026-09-10 00:44:41
INFO  [00:47:33.589]         TRUE -4.4092076  1.03015186         -6.576726 2026-09-10 00:44:49
INFO  [00:47:33.589]         TRUE -3.4279634 -3.83661435         -6.224608 2026-09-10 00:44:45
INFO  [00:47:33.589]         TRUE -4.4965912 -3.79322462         -2.532411 2026-09-10 00:44:50
INFO  [00:47:33.589]         TRUE -3.8616919  3.40878683         -6.695021 2026-09-10 00:44:55
INFO  [00:47:33.589]         TRUE -3.9337120 -4.06333886         -6.293893 2026-09-10 00:44:44
INFO  [00:47:33.589]         TRUE -5.5821671 -4.24243638         -2.429115 2026-09-10 00:44:54
INFO  [00:47:33.589]         TRUE  6.4333788 -4.24265663         -6.907755 2026-09-10 00:44:58
INFO  [00:47:33.589]         TRUE  5.6006211 -4.37551933         -6.281452 2026-09-10 00:45:10
INFO  [00:47:33.589]        FALSE -3.9773048 -3.92625041         -6.907755 2026-09-10 00:44:46
INFO  [00:47:33.589]         TRUE -4.3407776  2.93175890         -6.545103 2026-09-10 00:45:00
INFO  [00:47:33.589]        FALSE -6.8819728  6.77807920         -6.888343 2026-09-10 00:44:57
INFO  [00:47:33.589]         TRUE -4.4930248 -2.92865232         -6.763618 2026-09-10 00:44:53
INFO  [00:47:33.589]         TRUE -3.5496914 -4.22574968         -3.962264 2026-09-10 00:44:56
INFO  [00:47:33.589]         TRUE -4.2855825  2.51930253         -6.454982 2026-09-10 00:45:01
INFO  [00:47:33.589]         TRUE -4.5115306  0.98883919         -6.699060 2026-09-10 00:44:52
INFO  [00:47:33.589]         TRUE -2.4503630 -2.98684442         -6.465578 2026-09-10 00:44:59
INFO  [00:47:33.589]         TRUE -1.2802193 -3.60472075         -6.486013 2026-09-10 00:45:05
INFO  [00:47:33.589]         TRUE -2.7506690  0.36345308         -3.082439 2026-09-10 00:45:11
INFO  [00:47:33.589]         TRUE -4.2720672  1.00547350         -6.441307 2026-09-10 00:45:07
INFO  [00:47:33.589]         TRUE  2.0106713  2.44706531         -6.272375 2026-09-10 00:45:12
INFO  [00:47:33.589]         TRUE -3.8227585 -4.03825135         -4.705571 2026-09-10 00:44:51
INFO  [00:47:33.589]         TRUE -5.1655997  2.62366672         -6.298337 2026-09-10 00:45:08
INFO  [00:47:33.589]         TRUE -4.2829545  4.64604968         -6.256695 2026-09-10 00:45:13
INFO  [00:47:33.589]         TRUE -3.7007736 -3.76036310         -6.720187 2026-09-10 00:45:04
INFO  [00:47:33.589]         TRUE -4.2001952  2.35912631         -2.713363 2026-09-10 00:45:18
INFO  [00:47:33.589]         TRUE -4.2475360  2.35912263         -6.291759 2026-09-10 00:45:15
INFO  [00:47:33.589]         TRUE -4.0796221  2.70945188         -6.237813 2026-09-10 00:45:14
INFO  [00:47:33.589]         TRUE -4.2180566  2.49446838         -2.548435 2026-09-10 00:45:17
INFO  [00:47:33.589]         TRUE -4.1246369  2.38837272         -6.288115 2026-09-10 00:45:09
INFO  [00:47:33.589]         TRUE -4.6601361  2.49358131         -3.037313 2026-09-10 00:45:23
INFO  [00:47:33.589]         TRUE  2.6279371  2.48604317         -6.317337 2026-09-10 00:45:27
INFO  [00:47:33.589]         TRUE -4.6624737  0.82172661         -3.094424 2026-09-10 00:45:24
INFO  [00:47:33.589]         TRUE -3.8645080  1.86858947         -6.284644 2026-09-10 00:45:20
INFO  [00:47:33.589]         TRUE -3.8277578  2.74293215         -2.716460 2026-09-10 00:45:19
INFO  [00:47:33.589]         TRUE -4.6332598  2.41124483         -4.611885 2026-09-10 00:45:22
INFO  [00:47:33.589]         TRUE -2.4317405 -3.90670528         -2.711547 2026-09-10 00:45:25
INFO  [00:47:33.589]         TRUE  2.9657256  6.13747539         -4.266011 2026-09-10 00:45:31
INFO  [00:47:33.589]         TRUE -3.4452122  1.39208485         -6.183333 2026-09-10 00:45:26
INFO  [00:47:33.589]        FALSE -6.9077553  3.88854999         -6.907755 2026-09-10 00:45:21
INFO  [00:47:33.589]         TRUE  6.6081282  2.85289751         -3.894133 2026-09-10 00:45:40
INFO  [00:47:33.589]         TRUE -4.1062279 -3.44607345         -6.213773 2026-09-10 00:45:30
INFO  [00:47:33.589]         TRUE -4.2339263  4.30350388         -5.422663 2026-09-10 00:45:28
INFO  [00:47:33.589]         TRUE -3.3432690  2.75016933         -6.319427 2026-09-10 00:45:35
INFO  [00:47:33.589]         TRUE -4.9846446  2.67300399         -6.636074 2026-09-10 00:45:34
INFO  [00:47:33.589]         TRUE  1.9438811 -0.12125595         -6.576485 2026-09-10 00:45:39
INFO  [00:47:33.589]        FALSE  1.0241106  2.44841100         -6.680246 2026-09-10 00:45:37
INFO  [00:47:33.589]         TRUE  6.4366563  2.62843440         -6.276791 2026-09-10 00:45:45
INFO  [00:47:33.589]         TRUE -6.9077553 -2.23516236         -6.281196 2026-09-10 00:45:29
INFO  [00:47:33.589]         TRUE -4.4252618  2.88554461         -5.707454 2026-09-10 00:45:32
INFO  [00:47:33.589]         TRUE -4.3204339  2.47183047         -6.285665 2026-09-10 00:45:43
INFO  [00:47:33.589]         TRUE -4.2756811  2.40028804         -5.737558 2026-09-10 00:45:33
INFO  [00:47:33.589]         TRUE -4.4329050  2.42399534         -6.325903 2026-09-10 00:45:38
INFO  [00:47:33.589]         TRUE -5.0033247  6.75877868         -4.196166 2026-09-10 00:45:47
INFO  [00:47:33.589]        FALSE -2.4749923  2.62708988         -6.299526 2026-09-10 00:45:36
INFO  [00:47:33.589]         TRUE -3.6297475  2.49014800         -6.012125 2026-09-10 00:45:41
INFO  [00:47:33.589]         TRUE -2.5971133  0.83814383         -6.562109 2026-09-10 00:45:44
INFO  [00:47:33.589]        FALSE -6.9077553  2.42843795         -6.266493 2026-09-10 00:45:42
INFO  [00:47:33.589]         TRUE -3.9175009  0.98786765         -2.484635 2026-09-10 00:45:50
INFO  [00:47:33.589]        FALSE -6.9077553  2.41399348         -6.348246 2026-09-10 00:45:46
INFO  [00:47:33.589]         TRUE -4.6170860 -4.69937916         -4.589985 2026-09-10 00:45:52
INFO  [00:47:33.589]        FALSE -4.7620636  1.88007212         -6.246976 2026-09-10 00:45:48
INFO  [00:47:33.589]         TRUE -5.9264039  2.38709716         -4.474695 2026-09-10 00:45:53
INFO  [00:47:33.589]         TRUE -5.7955321 -1.04121939         -4.571561 2026-09-10 00:45:54
INFO  [00:47:33.589]         TRUE -4.8317447  3.13306231         -4.612784 2026-09-10 00:45:58
INFO  [00:47:33.589]         TRUE  1.8556164 -2.55725984         -6.750841 2026-09-10 00:46:00
INFO  [00:47:33.589]        FALSE -4.6391762  4.09302521         -4.636323 2026-09-10 00:45:49
INFO  [00:47:33.589]         TRUE -4.6218001  2.21294493         -4.814529 2026-09-10 00:45:56
INFO  [00:47:33.589]         TRUE -4.5406501  2.49847236         -4.571786 2026-09-10 00:45:59
INFO  [00:47:33.589]         TRUE  2.2117785 -1.29312698         -6.599762 2026-09-10 00:46:04
INFO  [00:47:33.589]         TRUE -4.6880733  2.37996364         -4.111418 2026-09-10 00:45:57
INFO  [00:47:33.589]         TRUE -0.9210026  1.62786028         -2.671847 2026-09-10 00:46:03
INFO  [00:47:33.589]        FALSE -2.1828685 -0.18129049         -4.418656 2026-09-10 00:46:01
INFO  [00:47:33.589]         TRUE -4.6582273  2.39771817         -6.792087 2026-09-10 00:45:55
INFO  [00:47:33.589]         TRUE -6.6317231  2.11796577         -6.587249 2026-09-10 00:46:02
INFO  [00:47:33.589]         TRUE -4.4671761  2.40131589         -4.609539 2026-09-10 00:46:07
INFO  [00:47:33.589]         TRUE -4.8775874  1.67951688         -4.619168 2026-09-10 00:46:05
INFO  [00:47:33.589]         TRUE -4.3437326  2.72212741         -2.468791 2026-09-10 00:46:08
INFO  [00:47:33.589]         TRUE -4.7862491  1.90052413         -4.662001 2026-09-10 00:46:09
INFO  [00:47:33.589]         TRUE -4.7374389  2.39662041         -4.590666 2026-09-10 00:46:06
INFO  [00:47:33.589]         TRUE -4.6299314  0.84682771         -4.712244 2026-09-10 00:46:11
INFO  [00:47:33.589]         TRUE -4.8963695  1.69450326         -6.684002 2026-09-10 00:46:12
INFO  [00:47:33.589]         TRUE -4.6610049  6.87591185         -4.698181 2026-09-10 00:46:20
INFO  [00:47:33.589]         TRUE -4.6468836  2.46225001         -2.399533 2026-09-10 00:46:18
INFO  [00:47:33.589]         TRUE  2.0311706 -0.13675402         -6.571081 2026-09-10 00:46:19
INFO  [00:47:33.589]         TRUE  1.5175042  2.05094615         -6.566446 2026-09-10 00:46:13
INFO  [00:47:33.589]         TRUE -4.6927221  2.59397181         -5.218498 2026-09-10 00:46:15
INFO  [00:47:33.589]         TRUE -4.5269740  2.40752150         -4.984998 2026-09-10 00:46:16
INFO  [00:47:33.589]         TRUE  2.0242931 -0.12040275         -6.811377 2026-09-10 00:46:21
INFO  [00:47:33.589]         TRUE -4.8586822  2.57165516         -4.610655 2026-09-10 00:46:17
INFO  [00:47:33.589]         TRUE -4.5211558  2.91556200         -5.117709 2026-09-10 00:46:14
INFO  [00:47:33.589]         TRUE  1.9720168 -5.10750458         -6.907755 2026-09-10 00:46:28
INFO  [00:47:33.589]         TRUE  1.8215762 -0.22440845         -6.907755 2026-09-10 00:46:27
INFO  [00:47:33.589]        FALSE -6.6345931  2.41257599         -4.844585 2026-09-10 00:46:22
INFO  [00:47:33.589]         TRUE -4.6646137  2.12709566         -5.344261 2026-09-10 00:46:26
INFO  [00:47:33.589]         TRUE  1.9760022 -4.44114276         -6.762977 2026-09-10 00:46:29
INFO  [00:47:33.589]        FALSE -4.6790056 -6.45765300         -4.897018 2026-09-10 00:46:25
INFO  [00:47:33.589]         TRUE -4.6508260  2.28410376         -4.440243 2026-09-10 00:46:24
INFO  [00:47:33.589]         TRUE  1.8513629  0.13462049         -6.907755 2026-09-10 00:46:34
INFO  [00:47:33.589]         TRUE  1.5996272  0.03809367         -6.737715 2026-09-10 00:46:31
INFO  [00:47:33.589]         TRUE  1.9301675  2.09542628         -6.907755 2026-09-10 00:46:35
INFO  [00:47:33.589]         TRUE  2.0853323  1.33226273         -6.582531 2026-09-10 00:46:37
INFO  [00:47:33.589]         TRUE -4.7262493  3.06340530         -5.216708 2026-09-10 00:46:30
INFO  [00:47:33.589]         TRUE  1.8099243  1.60616323         -6.611330 2026-09-10 00:46:32
INFO  [00:47:33.589]         TRUE -4.5955282  2.48849428         -4.602924 2026-09-10 00:46:36
INFO  [00:47:33.589]         TRUE  1.8307059  2.40945430         -6.442556 2026-09-10 00:46:40
INFO  [00:47:33.589]         TRUE  1.1284436 -0.11306698         -6.604209 2026-09-10 00:46:41
INFO  [00:47:33.589]         TRUE  1.9028001 -0.01772196         -6.556938 2026-09-10 00:46:43
INFO  [00:47:33.589]        FALSE -6.6711983  2.02021921         -5.328230 2026-09-10 00:46:38
INFO  [00:47:33.589]         TRUE  1.4048537  0.04166535         -6.587895 2026-09-10 00:46:39
INFO  [00:47:33.589]         TRUE  1.7189320 -0.49892528         -6.596536 2026-09-10 00:46:45
INFO  [00:47:33.589]         TRUE  1.9223547 -0.29951494         -6.480748 2026-09-10 00:46:44
INFO  [00:47:33.589]         TRUE  1.9499335 -0.10302962         -4.636738 2026-09-10 00:46:51
INFO  [00:47:33.589]         TRUE  1.9363540 -0.11179708         -2.810378 2026-09-10 00:46:53
INFO  [00:47:33.589]         TRUE  2.0232596  1.35004977         -6.578640 2026-09-10 00:46:47
INFO  [00:47:33.589]         TRUE  1.9910550 -0.31538677         -6.571557 2026-09-10 00:46:50
INFO  [00:47:33.589]         TRUE  1.8941934 -0.67174389         -6.571061 2026-09-10 00:46:46
INFO  [00:47:33.589]         TRUE  1.9491266 -0.07974447         -4.404631 2026-09-10 00:46:48
INFO  [00:47:33.589]         TRUE  1.9427032 -0.23816304         -6.577763 2026-09-10 00:46:54
INFO  [00:47:33.589]         TRUE  2.0280793  0.62999354         -6.571735 2026-09-10 00:46:56
INFO  [00:47:33.589]         TRUE  2.0035503  0.61656721         -6.570661 2026-09-10 00:46:57
INFO  [00:47:33.589]         TRUE  1.4503487 -0.07795734         -2.797277 2026-09-10 00:46:58
INFO  [00:47:33.589]         TRUE  1.9983286 -0.17774290         -6.646292 2026-09-10 00:47:00
INFO  [00:47:33.589]         TRUE -4.5083151  1.94132256         -4.575241 2026-09-10 00:46:52
INFO  [00:47:33.589]         TRUE  1.1510902 -6.45005533         -6.553013 2026-09-10 00:47:01
INFO  [00:47:33.589]         TRUE  1.9762481 -0.73672738         -6.647762 2026-09-10 00:47:03
INFO  [00:47:33.589]         TRUE  1.9363604  6.79361151         -6.486576 2026-09-10 00:47:06
INFO  [00:47:33.589]         TRUE  1.5804152 -0.14992067         -6.907755 2026-09-10 00:47:02
INFO  [00:47:33.589]         TRUE  1.9480843 -6.59302204         -6.656898 2026-09-10 00:47:07
INFO  [00:47:33.589]         TRUE -4.4491978  2.42508367         -4.603150 2026-09-10 00:47:04
INFO  [00:47:33.589]         TRUE  1.9460380  1.20630062         -6.522390 2026-09-10 00:47:08
INFO  [00:47:33.589]         TRUE  1.9626449 -0.15268824         -6.515493 2026-09-10 00:47:09
INFO  [00:47:33.589]         TRUE  1.9411291  0.41393992         -3.889466 2026-09-10 00:47:12
INFO  [00:47:33.589]         TRUE  1.5664840 -0.12495970         -3.082433 2026-09-10 00:47:14
INFO  [00:47:33.589]         TRUE  1.9423103 -0.13975528         -6.572809 2026-09-10 00:47:13
INFO  [00:47:33.589]  extra_trees  lambda_l1   lambda_l2 min_gain_to_split        timestamp_xs
INFO  [00:47:33.589]         timestamp_ys runtime_learners warnings errors internal_tuned_values
INFO  [00:47:33.589]  2026-09-10 00:44:04           30.495        0      0      num_iterations=1
INFO  [00:47:33.589]  2026-09-10 00:44:05           27.971        0      0     num_iterations=18
INFO  [00:47:33.589]  2026-09-10 00:44:06           26.044        0      0     num_iterations=21
INFO  [00:47:33.589]  2026-09-10 00:44:07           21.900        0      0      num_iterations=2
INFO  [00:47:33.589]  2026-09-10 00:44:08           34.107        0      0     num_iterations=10
INFO  [00:47:33.589]  2026-09-10 00:44:09           27.153        0      0     num_iterations=30
INFO  [00:47:33.589]  2026-09-10 00:44:12           27.503        0      0      num_iterations=1
INFO  [00:47:33.589]  2026-09-10 00:44:12           25.269        0      0     num_iterations=12
INFO  [00:47:33.589]  2026-09-10 00:44:13           23.259        0      0      num_iterations=9
INFO  [00:47:33.589]  2026-09-10 00:44:14           24.461        0      0      num_iterations=2
INFO  [00:47:33.589]  2026-09-10 00:44:16           21.620        0      0      num_iterations=2
INFO  [00:47:33.589]  2026-09-10 00:44:17           39.126        0      0     num_iterations=43
INFO  [00:47:33.589]  2026-09-10 00:44:18           24.579        0      0     num_iterations=12
INFO  [00:47:33.589]  2026-09-10 00:44:18           30.036        0      0     num_iterations=38
INFO  [00:47:33.589]  2026-09-10 00:44:18           32.768        0      0     num_iterations=59
INFO  [00:47:33.589]  2026-09-10 00:44:19           31.875        0      0     num_iterations=11
INFO  [00:47:33.589]  2026-09-10 00:44:20           28.357        0      0     num_iterations=12
INFO  [00:47:33.589]  2026-09-10 00:44:20           27.690        0      0     num_iterations=36
INFO  [00:47:33.589]  2026-09-10 00:44:21           22.473        0      0     num_iterations=23
INFO  [00:47:33.589]  2026-09-10 00:44:21           37.735        0      0     num_iterations=22
INFO  [00:47:33.589]  2026-09-10 00:44:22           25.126        0      0     num_iterations=12
INFO  [00:47:33.589]  2026-09-10 00:44:22           26.532        0      0     num_iterations=14
INFO  [00:47:33.589]  2026-09-10 00:44:23           20.635        0      0     num_iterations=19
INFO  [00:47:33.589]  2026-09-10 00:44:23           25.425        0      0     num_iterations=13
INFO  [00:47:33.589]  2026-09-10 00:44:24           30.166        0      0      num_iterations=9
INFO  [00:47:33.589]  2026-09-10 00:44:25           14.168        0      0      num_iterations=1
INFO  [00:47:33.589]  2026-09-10 00:44:26           43.840        0      0     num_iterations=21
INFO  [00:47:33.589]  2026-09-10 00:44:26           27.286        0      0      num_iterations=1
INFO  [00:47:33.589]  2026-09-10 00:44:28           27.129        0      0     num_iterations=18
INFO  [00:47:33.589]  2026-09-10 00:44:29           22.965        0      0      num_iterations=8
INFO  [00:47:33.589]  2026-09-10 00:44:30           29.392        0      0      num_iterations=1
INFO  [00:47:33.589]  2026-09-10 00:44:31           27.523        0      0      num_iterations=8
INFO  [00:47:33.589]  2026-09-10 00:44:31           51.717        0      0     num_iterations=13
INFO  [00:47:33.589]  2026-09-10 00:44:31           21.049        0      0     num_iterations=14
INFO  [00:47:33.589]  2026-09-10 00:44:33           25.457        0      0      num_iterations=2
INFO  [00:47:33.589]  2026-09-10 00:44:36           26.891        0      0      num_iterations=2
INFO  [00:47:33.589]  2026-09-10 00:44:37           32.888        0      0     num_iterations=29
INFO  [00:47:33.589]  2026-09-10 00:44:38           29.387        0      0      num_iterations=8
INFO  [00:47:33.589]  2026-09-10 00:44:40           23.697        0      0      num_iterations=7
INFO  [00:47:33.589]  2026-09-10 00:44:42           22.789        0      0     num_iterations=17
INFO  [00:47:33.589]  2026-09-10 00:44:43           21.573        0      0      num_iterations=4
INFO  [00:47:33.589]  2026-09-10 00:44:43           25.316        0      0      num_iterations=1
INFO  [00:47:33.589]  2026-09-10 00:44:43           31.170        0      0      num_iterations=7
INFO  [00:47:33.589]  2026-09-10 00:44:43           24.514        0      0      num_iterations=2
INFO  [00:47:33.589]  2026-09-10 00:44:45           31.666        0      0      num_iterations=6
INFO  [00:47:33.589]  2026-09-10 00:44:45           24.613        0      0      num_iterations=5
INFO  [00:47:33.589]  2026-09-10 00:44:46           31.232        0      0     num_iterations=46
INFO  [00:47:33.589]  2026-09-10 00:44:47           24.275        0      0      num_iterations=7
INFO  [00:47:33.589]  2026-09-10 00:44:47           32.896        0      0     num_iterations=21
INFO  [00:47:33.589]  2026-09-10 00:44:48           24.762        0      0     num_iterations=14
INFO  [00:47:33.589]  2026-09-10 00:44:49           33.544        0      0     num_iterations=14
INFO  [00:47:33.589]  2026-09-10 00:44:51           23.559        0      0      num_iterations=1
INFO  [00:47:33.589]  2026-09-10 00:44:51           24.773        0      0     num_iterations=14
INFO  [00:47:33.589]  2026-09-10 00:44:53           27.310        0      0      num_iterations=9
INFO  [00:47:33.589]  2026-09-10 00:44:58           23.765        0      0     num_iterations=17
INFO  [00:47:33.589]  2026-09-10 00:44:59           28.481        0      0     num_iterations=20
INFO  [00:47:33.589]  2026-09-10 00:44:59           34.422        0      0     num_iterations=23
INFO  [00:47:33.589]  2026-09-10 00:45:00           28.584        0      0     num_iterations=19
INFO  [00:47:33.589]  2026-09-10 00:45:01           32.270        0      0     num_iterations=25
INFO  [00:47:33.589]  2026-09-10 00:45:02           24.805        0      0     num_iterations=19
INFO  [00:47:33.589]  2026-09-10 00:45:04           24.285        0      0     num_iterations=19
INFO  [00:47:33.589]  2026-09-10 00:45:07           31.049        0      0      num_iterations=7
INFO  [00:47:33.589]  2026-09-10 00:45:07           25.827        0      0     num_iterations=16
INFO  [00:47:33.589]  2026-09-10 00:45:07           37.961        0      0      num_iterations=6
INFO  [00:47:33.589]  2026-09-10 00:45:08           34.845        0      0     num_iterations=14
INFO  [00:47:33.589]  2026-09-10 00:45:09           36.416        0      0     num_iterations=19
INFO  [00:47:33.589]  2026-09-10 00:45:09           30.599        0      0     num_iterations=43
INFO  [00:47:33.589]  2026-09-10 00:45:09           25.573        0      0     num_iterations=31
INFO  [00:47:33.589]  2026-09-10 00:45:10           26.929        0      0     num_iterations=19
INFO  [00:47:33.589]  2026-09-10 00:45:11           21.831        0      0      num_iterations=1
INFO  [00:47:33.589]  2026-09-10 00:45:13           36.213        0      0     num_iterations=20
INFO  [00:47:33.589]  2026-09-10 00:45:14           26.178        0      0     num_iterations=32
INFO  [00:47:33.589]  2026-09-10 00:45:14           32.385        0      0     num_iterations=19
INFO  [00:47:33.589]  2026-09-10 00:45:15           25.226        0      0     num_iterations=16
INFO  [00:47:33.589]  2026-09-10 00:45:16           29.571        0      0     num_iterations=25
INFO  [00:47:33.589]  2026-09-10 00:45:19           28.155        0      0     num_iterations=36
INFO  [00:47:33.589]  2026-09-10 00:45:19           23.410        0      0     num_iterations=40
INFO  [00:47:33.589]  2026-09-10 00:45:19           34.442        0      0     num_iterations=20
INFO  [00:47:33.589]  2026-09-10 00:45:21           25.922        0      0     num_iterations=16
INFO  [00:47:33.589]  2026-09-10 00:45:21           21.916        0      0      num_iterations=1
INFO  [00:47:33.589]  2026-09-10 00:45:24           12.603        0      0      num_iterations=1
INFO  [00:47:33.589]  2026-09-10 00:45:24           36.822        0      0      num_iterations=2
INFO  [00:47:33.589]  2026-09-10 00:45:24           23.018        0      0     num_iterations=12
INFO  [00:47:33.589]  2026-09-10 00:45:24           26.642        0      0      num_iterations=1
INFO  [00:47:33.589]  2026-09-10 00:45:25           30.659        0      0      num_iterations=8
INFO  [00:47:33.589]  2026-09-10 00:45:25           28.098        0      0     num_iterations=27
INFO  [00:47:33.589]  2026-09-10 00:45:25           22.740        0      0     num_iterations=11
INFO  [00:47:33.589]  2026-09-10 00:45:27           33.323        0      0     num_iterations=32
INFO  [00:47:33.589]  2026-09-10 00:45:28           27.614        0      0     num_iterations=27
INFO  [00:47:33.589]  2026-09-10 00:45:30           23.166        0      0      num_iterations=2
INFO  [00:47:33.589]  2026-09-10 00:45:31           19.196        0      0      num_iterations=2
INFO  [00:47:33.589]  2026-09-10 00:45:32           23.455        0      0      num_iterations=7
INFO  [00:47:33.589]  2026-09-10 00:45:32           18.531        0      0     num_iterations=14
INFO  [00:47:33.589]  2026-09-10 00:45:32           40.051        0      0     num_iterations=40
INFO  [00:47:33.589]  2026-09-10 00:45:32           23.242        0      0     num_iterations=16
INFO  [00:47:33.589]  2026-09-10 00:45:33           18.787        0      0     num_iterations=10
INFO  [00:47:33.589]  2026-09-10 00:45:36           29.941        0      0     num_iterations=15
INFO  [00:47:33.589]  2026-09-10 00:45:37           18.614        0      0     num_iterations=10
INFO  [00:47:33.589]  2026-09-10 00:45:38           21.714        0      0     num_iterations=14
INFO  [00:47:33.589]  2026-09-10 00:45:38           22.974        0      0     num_iterations=28
INFO  [00:47:33.589]  2026-09-10 00:45:39           20.568        0      0     num_iterations=13
INFO  [00:47:33.589]  2026-09-10 00:45:39           29.390        0      0     num_iterations=41
INFO  [00:47:33.589]  2026-09-10 00:45:44           19.926        0      0     num_iterations=15
INFO  [00:47:33.589]  2026-09-10 00:45:44           16.285        0      0     num_iterations=13
INFO  [00:47:33.589]  2026-09-10 00:45:45           20.224        0      0      num_iterations=5
INFO  [00:47:33.589]  2026-09-10 00:45:45           24.346        0      0     num_iterations=23
INFO  [00:47:33.589]  2026-09-10 00:45:46           25.885        0      0     num_iterations=12
INFO  [00:47:33.589]  2026-09-10 00:45:46           23.309        0      0     num_iterations=28
INFO  [00:47:33.589]  2026-09-10 00:45:48           21.419        0      0     num_iterations=12
INFO  [00:47:33.589]  2026-09-10 00:45:48           15.888        0      0      num_iterations=1
INFO  [00:47:33.589]  2026-09-10 00:45:50           22.185        0      0      num_iterations=8
INFO  [00:47:33.589]  2026-09-10 00:45:53           30.862        0      0     num_iterations=17
INFO  [00:47:33.589]  2026-09-10 00:45:53           12.361        0      0      num_iterations=1
INFO  [00:47:33.589]  2026-09-10 00:45:54           23.237        0      0      num_iterations=3
INFO  [00:47:33.589]  2026-09-10 00:45:56           26.737        0      0     num_iterations=21
INFO  [00:47:33.589]  2026-09-10 00:45:57           20.884        0      0      num_iterations=8
INFO  [00:47:33.589]  2026-09-10 00:45:57           22.080        0      0     num_iterations=16
INFO  [00:47:33.589]  2026-09-10 00:45:58           17.778        0      0     num_iterations=20
INFO  [00:47:33.589]  2026-09-10 00:45:59           20.632        0      0      num_iterations=6
INFO  [00:47:33.589]  2026-09-10 00:45:59           12.557        0      0      num_iterations=1
INFO  [00:47:33.589]  2026-09-10 00:46:01           30.338        0      0     num_iterations=26
INFO  [00:47:33.589]  2026-09-10 00:46:03           30.161        0      0     num_iterations=19
INFO  [00:47:33.589]  2026-09-10 00:46:04           19.439        0      0      num_iterations=3
INFO  [00:47:33.589]  2026-09-10 00:46:05           30.734        0      0     num_iterations=25
INFO  [00:47:33.589]  2026-09-10 00:46:06           27.208        0      0      num_iterations=3
INFO  [00:47:33.589]  2026-09-10 00:46:06           17.854        0      0      num_iterations=1
INFO  [00:47:33.589]  2026-09-10 00:46:07           29.953        0      0      num_iterations=5
INFO  [00:47:33.589]  2026-09-10 00:46:08           24.884        0      0     num_iterations=17
INFO  [00:47:33.589]  2026-09-10 00:46:09           23.065        0      0      num_iterations=5
INFO  [00:47:33.589]  2026-09-10 00:46:10           26.246        0      0     num_iterations=16
INFO  [00:47:33.589]  2026-09-10 00:46:11           18.894        0      0      num_iterations=3
INFO  [00:47:33.589]  2026-09-10 00:46:12           24.501        0      0      num_iterations=8
INFO  [00:47:33.589]  2026-09-10 00:46:14           21.562        0      0      num_iterations=1
INFO  [00:47:33.589]  2026-09-10 00:46:16           26.203        0      0      num_iterations=6
INFO  [00:47:33.589]  2026-09-10 00:46:16           22.496        0      0     num_iterations=10
INFO  [00:47:33.589]  2026-09-10 00:46:17           22.317        0      0     num_iterations=10
INFO  [00:47:33.589]  2026-09-10 00:46:19           20.252        0      0     num_iterations=16
INFO  [00:47:33.589]  2026-09-10 00:46:20           19.238        0      0     num_iterations=12
INFO  [00:47:33.589]  2026-09-10 00:46:21           29.672        0      0     num_iterations=23
INFO  [00:47:33.589]  2026-09-10 00:46:21           24.028        0      0     num_iterations=18
INFO  [00:47:33.589]  2026-09-10 00:46:21           21.457        0      0     num_iterations=19
INFO  [00:47:33.589]  2026-09-10 00:46:22           17.089        0      0     num_iterations=11
INFO  [00:47:33.589]  2026-09-10 00:46:24           25.792        0      0     num_iterations=20
INFO  [00:47:33.589]  2026-09-10 00:46:24           19.538        0      0      num_iterations=8
INFO  [00:47:33.589]  2026-09-10 00:46:25           22.344        0      0      num_iterations=4
INFO  [00:47:33.589]  2026-09-10 00:46:26           29.646        0      0     num_iterations=16
INFO  [00:47:33.589]  2026-09-10 00:46:26           22.787        0      0     num_iterations=12
INFO  [00:47:33.589]  2026-09-10 00:46:29           20.026        0      0     num_iterations=19
INFO  [00:47:33.589]  2026-09-10 00:46:29           22.273        0      0     num_iterations=18
INFO  [00:47:33.589]  2026-09-10 00:46:31           21.673        0      0      num_iterations=3
INFO  [00:47:33.589]  2026-09-10 00:46:32           21.240        0      0     num_iterations=13
INFO  [00:47:33.589]  2026-09-10 00:46:33           25.594        0      0     num_iterations=23
INFO  [00:47:33.589]  2026-09-10 00:46:35           23.204        0      0      num_iterations=7
INFO  [00:47:33.589]  2026-09-10 00:46:35           22.357        0      0      num_iterations=5
INFO  [00:47:33.589]  2026-09-10 00:46:38           16.236        0      0      num_iterations=1
INFO  [00:47:33.589]  2026-09-10 00:46:38           18.782        0      0      num_iterations=6
INFO  [00:47:33.589]  2026-09-10 00:46:39           18.616        0      0      num_iterations=6
INFO  [00:47:33.589]  2026-09-10 00:46:40           26.135        0      0     num_iterations=19
INFO  [00:47:33.589]  2026-09-10 00:46:40           23.891        0      0     num_iterations=26
INFO  [00:47:33.589]  2026-09-10 00:46:40           23.026        0      0     num_iterations=17
INFO  [00:47:33.589]  2026-09-10 00:46:40           17.993        0      0     num_iterations=15
INFO  [00:47:33.589]  2026-09-10 00:46:42           23.690        0      0     num_iterations=43
INFO  [00:47:33.589]  2026-09-10 00:46:43           27.937        0      0     num_iterations=22
INFO  [00:47:33.589]  2026-09-10 00:46:46           16.825        0      0     num_iterations=11
INFO  [00:47:33.589]  2026-09-10 00:46:46           18.352        0      0     num_iterations=18
INFO  [00:47:33.589]  2026-09-10 00:46:48           24.613        0      0      num_iterations=6
INFO  [00:47:33.589]  2026-09-10 00:46:49           21.668        0      0      num_iterations=6
INFO  [00:47:33.589]  2026-09-10 00:46:49           18.743        0      0      num_iterations=5
INFO  [00:47:33.589]  2026-09-10 00:46:51           24.547        0      0     num_iterations=37
INFO  [00:47:33.589]  2026-09-10 00:46:53           28.345        0      0     num_iterations=10
INFO  [00:47:33.589]  2026-09-10 00:46:54           19.187        0      0     num_iterations=17
INFO  [00:47:33.589]  2026-09-10 00:46:55           22.540        0      0     num_iterations=10
INFO  [00:47:33.589]  2026-09-10 00:46:55           19.565        0      0     num_iterations=26
INFO  [00:47:33.589]  2026-09-10 00:46:57           18.511        0      0     num_iterations=13
INFO  [00:47:33.589]  2026-09-10 00:46:58           26.663        0      0     num_iterations=17
INFO  [00:47:33.589]  2026-09-10 00:46:59           24.653        0      0     num_iterations=15
INFO  [00:47:33.589]  2026-09-10 00:46:59           21.897        0      0     num_iterations=16
INFO  [00:47:33.589]  2026-09-10 00:47:01           19.490        0      0     num_iterations=22
INFO  [00:47:33.589]  2026-09-10 00:47:02           19.561        0      0     num_iterations=10
INFO  [00:47:33.589]  2026-09-10 00:47:02           18.391        0      0     num_iterations=11
INFO  [00:47:33.589]  2026-09-10 00:47:03           23.599        0      0     num_iterations=10
INFO  [00:47:33.589]  2026-09-10 00:47:03           22.356        0      0     num_iterations=13
INFO  [00:47:33.589]  2026-09-10 00:47:04           18.215        0      0     num_iterations=11
INFO  [00:47:33.589]  2026-09-10 00:47:05           19.613        0      0     num_iterations=24
INFO  [00:47:33.589]  2026-09-10 00:47:10           17.593        0      0     num_iterations=11
INFO  [00:47:33.589]  2026-09-10 00:47:10           15.658        0      0      num_iterations=9
INFO  [00:47:33.589]  2026-09-10 00:47:11           22.740        0      0      num_iterations=1
INFO  [00:47:33.589]  2026-09-10 00:47:11           20.464        0      0      num_iterations=1
INFO  [00:47:33.589]  2026-09-10 00:47:12           24.668        0      0     num_iterations=10
INFO  [00:47:33.589]  2026-09-10 00:47:12           22.747        0      0      num_iterations=5
INFO  [00:47:33.589]  2026-09-10 00:47:14           18.041        0      0     num_iterations=12
INFO  [00:47:33.589]  2026-09-10 00:47:15           18.217        0      0      num_iterations=9
INFO  [00:47:33.589]  2026-09-10 00:47:16           18.142        0      0     num_iterations=17
INFO  [00:47:33.589]  2026-09-10 00:47:17           17.823        0      0     num_iterations=11
INFO  [00:47:33.589]  2026-09-10 00:47:18           17.744        0      0     num_iterations=15
INFO  [00:47:33.589]  2026-09-10 00:47:21           28.086        0      0     num_iterations=14
INFO  [00:47:33.589]  2026-09-10 00:47:22           19.869        0      0      num_iterations=8
INFO  [00:47:33.589]  2026-09-10 00:47:23           18.334        0      0     num_iterations=16
INFO  [00:47:33.589]  2026-09-10 00:47:23           16.490        0      0      num_iterations=1
INFO  [00:47:33.589]  2026-09-10 00:47:23           19.843        0      0     num_iterations=23
INFO  [00:47:33.589]  2026-09-10 00:47:27           18.661        0      0      num_iterations=1
INFO  [00:47:33.589]  2026-09-10 00:47:29           22.966        0      0     num_iterations=25
INFO  [00:47:33.589]  2026-09-10 00:47:29           19.286        0      0      num_iterations=5
INFO  [00:47:33.589]  2026-09-10 00:47:29           19.022        0      0     num_iterations=23
INFO  [00:47:33.589]  2026-09-10 00:47:30           17.172        0      0      num_iterations=1
INFO  [00:47:33.589]  2026-09-10 00:47:32           16.010        0      0      num_iterations=8
INFO  [00:47:33.589]  2026-09-10 00:47:33           18.434        0      0      num_iterations=4
INFO  [00:47:33.589]         timestamp_ys runtime_learners warnings errors internal_tuned_values
INFO  [00:47:33.589]      acq_cb timestamp_surrogate timestamp_acq_function timestamp_acq_optimizer
INFO  [00:47:33.589]  -10.710571 2026-09-10 00:43:31    2026-09-10 00:43:31     2026-09-10 00:43:31
INFO  [00:47:33.589]  -10.117124 2026-09-10 00:43:35    2026-09-10 00:43:35     2026-09-10 00:43:35
INFO  [00:47:33.589]  -10.130302 2026-09-10 00:43:38    2026-09-10 00:43:39     2026-09-10 00:43:39
INFO  [00:47:33.589]   -9.724851 2026-09-10 00:43:43    2026-09-10 00:43:43     2026-09-10 00:43:43
INFO  [00:47:33.589]  -10.391696 2026-09-10 00:43:32    2026-09-10 00:43:32     2026-09-10 00:43:32
INFO  [00:47:33.589]   -9.688298 2026-09-10 00:43:39    2026-09-10 00:43:39     2026-09-10 00:43:39
INFO  [00:47:33.589]   -9.099335 2026-09-10 00:43:42    2026-09-10 00:43:42     2026-09-10 00:43:42
INFO  [00:47:33.589]  -11.397024 2026-09-10 00:43:44    2026-09-10 00:43:45     2026-09-10 00:43:45
INFO  [00:47:33.589]   -9.954629 2026-09-10 00:43:48    2026-09-10 00:43:48     2026-09-10 00:43:48
INFO  [00:47:33.589]   -9.498399 2026-09-10 00:43:47    2026-09-10 00:43:47     2026-09-10 00:43:47
INFO  [00:47:33.589]  -10.122909 2026-09-10 00:43:53    2026-09-10 00:43:53     2026-09-10 00:43:53
INFO  [00:47:33.589]  -11.243538 2026-09-10 00:43:36    2026-09-10 00:43:36     2026-09-10 00:43:36
INFO  [00:47:33.589]  -10.317255 2026-09-10 00:43:51    2026-09-10 00:43:51     2026-09-10 00:43:51
INFO  [00:47:33.589]  -13.239423 2026-09-10 00:43:46    2026-09-10 00:43:47     2026-09-10 00:43:47
INFO  [00:47:33.589]  -12.552747 2026-09-10 00:43:44    2026-09-10 00:43:44     2026-09-10 00:43:44
INFO  [00:47:33.589]  -10.563507 2026-09-10 00:43:45    2026-09-10 00:43:46     2026-09-10 00:43:46
INFO  [00:47:33.589]  -10.404901 2026-09-10 00:43:49    2026-09-10 00:43:49     2026-09-10 00:43:49
INFO  [00:47:33.589]  -11.105441 2026-09-10 00:43:50    2026-09-10 00:43:50     2026-09-10 00:43:50
INFO  [00:47:33.589]  -10.647562 2026-09-10 00:43:56    2026-09-10 00:43:57     2026-09-10 00:43:57
INFO  [00:47:33.589]  -11.070457 2026-09-10 00:43:41    2026-09-10 00:43:41     2026-09-10 00:43:41
INFO  [00:47:33.589]  -10.308384 2026-09-10 00:43:54    2026-09-10 00:43:55     2026-09-10 00:43:55
INFO  [00:47:33.589]   -9.571635 2026-09-10 00:43:53    2026-09-10 00:43:54     2026-09-10 00:43:54
INFO  [00:47:33.589]  -10.463474 2026-09-10 00:44:00    2026-09-10 00:44:00     2026-09-10 00:44:00
INFO  [00:47:33.589]  -11.754637 2026-09-10 00:43:55    2026-09-10 00:43:56     2026-09-10 00:43:56
INFO  [00:47:33.589]  -11.668837 2026-09-10 00:43:52    2026-09-10 00:43:52     2026-09-10 00:43:52
INFO  [00:47:33.589]  -10.252531 2026-09-10 00:44:09    2026-09-10 00:44:09     2026-09-10 00:44:09
INFO  [00:47:33.589]  -10.539554 2026-09-10 00:43:40    2026-09-10 00:43:40     2026-09-10 00:43:40
INFO  [00:47:33.589]   -8.899417 2026-09-10 00:43:57    2026-09-10 00:43:57     2026-09-10 00:43:57
INFO  [00:47:33.589]  -10.005720 2026-09-10 00:43:59    2026-09-10 00:43:59     2026-09-10 00:43:59
INFO  [00:47:33.589]  -11.073991 2026-09-10 00:44:04    2026-09-10 00:44:04     2026-09-10 00:44:04
INFO  [00:47:33.589]  -10.993648 2026-09-10 00:43:58    2026-09-10 00:43:58     2026-09-10 00:43:58
INFO  [00:47:33.589]  -10.903586 2026-09-10 00:44:01    2026-09-10 00:44:01     2026-09-10 00:44:01
INFO  [00:47:33.589]  -10.308235 2026-09-10 00:43:37    2026-09-10 00:43:38     2026-09-10 00:43:38
INFO  [00:47:33.589]   -9.770467 2026-09-10 00:44:08    2026-09-10 00:44:08     2026-09-10 00:44:08
INFO  [00:47:33.589]   -9.566166 2026-09-10 00:44:05    2026-09-10 00:44:05     2026-09-10 00:44:05
INFO  [00:47:33.589]   -9.373613 2026-09-10 00:44:07    2026-09-10 00:44:07     2026-09-10 00:44:07
INFO  [00:47:33.589]  -11.435145 2026-09-10 00:44:02    2026-09-10 00:44:02     2026-09-10 00:44:02
INFO  [00:47:33.589]   -9.760050 2026-09-10 00:44:06    2026-09-10 00:44:06     2026-09-10 00:44:06
INFO  [00:47:33.589]   -9.976532 2026-09-10 00:44:15    2026-09-10 00:44:15     2026-09-10 00:44:15
INFO  [00:47:33.589]  -10.781037 2026-09-10 00:44:17    2026-09-10 00:44:18     2026-09-10 00:44:18
INFO  [00:47:33.589]   -9.439075 2026-09-10 00:44:19    2026-09-10 00:44:20     2026-09-10 00:44:20
INFO  [00:47:33.589]   -9.970149 2026-09-10 00:44:15    2026-09-10 00:44:16     2026-09-10 00:44:16
INFO  [00:47:33.589]  -13.145092 2026-09-10 00:44:10    2026-09-10 00:44:10     2026-09-10 00:44:10
INFO  [00:47:33.589]  -10.492128 2026-09-10 00:44:16    2026-09-10 00:44:17     2026-09-10 00:44:17
INFO  [00:47:33.589]  -11.207525 2026-09-10 00:44:11    2026-09-10 00:44:11     2026-09-10 00:44:11
INFO  [00:47:33.589]  -10.087202 2026-09-10 00:44:18    2026-09-10 00:44:19     2026-09-10 00:44:19
INFO  [00:47:33.589]  -11.028496 2026-09-10 00:44:13    2026-09-10 00:44:13     2026-09-10 00:44:13
INFO  [00:47:33.589]  -10.816981 2026-09-10 00:44:20    2026-09-10 00:44:20     2026-09-10 00:44:20
INFO  [00:47:33.589]  -11.331917 2026-09-10 00:44:12    2026-09-10 00:44:12     2026-09-10 00:44:12
INFO  [00:47:33.589]  -11.886832 2026-09-10 00:44:21    2026-09-10 00:44:22     2026-09-10 00:44:22
INFO  [00:47:33.589]  -10.090251 2026-09-10 00:44:14    2026-09-10 00:44:14     2026-09-10 00:44:14
INFO  [00:47:33.589]  -11.319243 2026-09-10 00:44:25    2026-09-10 00:44:25     2026-09-10 00:44:25
INFO  [00:47:33.589]  -10.023536 2026-09-10 00:44:24    2026-09-10 00:44:25     2026-09-10 00:44:25
INFO  [00:47:33.589]  -11.233445 2026-09-10 00:44:23    2026-09-10 00:44:24     2026-09-10 00:44:24
INFO  [00:47:33.589]  -10.262630 2026-09-10 00:44:32    2026-09-10 00:44:33     2026-09-10 00:44:33
INFO  [00:47:33.589]  -10.049072 2026-09-10 00:44:28    2026-09-10 00:44:28     2026-09-10 00:44:28
INFO  [00:47:33.589]  -12.205841 2026-09-10 00:44:22    2026-09-10 00:44:23     2026-09-10 00:44:23
INFO  [00:47:33.589]  -10.459595 2026-09-10 00:44:29    2026-09-10 00:44:29     2026-09-10 00:44:29
INFO  [00:47:33.589]  -10.029974 2026-09-10 00:44:26    2026-09-10 00:44:26     2026-09-10 00:44:26
INFO  [00:47:33.589]   -9.822862 2026-09-10 00:44:35    2026-09-10 00:44:36     2026-09-10 00:44:36
INFO  [00:47:33.589]  -10.177189 2026-09-10 00:44:37    2026-09-10 00:44:38     2026-09-10 00:44:38
INFO  [00:47:33.589]  -10.242928 2026-09-10 00:44:33    2026-09-10 00:44:34     2026-09-10 00:44:34
INFO  [00:47:33.589]  -11.074631 2026-09-10 00:44:38    2026-09-10 00:44:39     2026-09-10 00:44:39
INFO  [00:47:33.589]   -9.615833 2026-09-10 00:44:27    2026-09-10 00:44:27     2026-09-10 00:44:27
INFO  [00:47:33.589]  -10.597773 2026-09-10 00:44:31    2026-09-10 00:44:31     2026-09-10 00:44:31
INFO  [00:47:33.589]   -9.873010 2026-09-10 00:44:30    2026-09-10 00:44:31     2026-09-10 00:44:31
INFO  [00:47:33.589]  -11.668764 2026-09-10 00:44:36    2026-09-10 00:44:37     2026-09-10 00:44:37
INFO  [00:47:33.589]  -10.058737 2026-09-10 00:44:42    2026-09-10 00:44:42     2026-09-10 00:44:42
INFO  [00:47:33.589]   -9.980631 2026-09-10 00:44:41    2026-09-10 00:44:41     2026-09-10 00:44:41
INFO  [00:47:33.589]   -9.682789 2026-09-10 00:44:47    2026-09-10 00:44:47     2026-09-10 00:44:47
INFO  [00:47:33.589]  -10.277507 2026-09-10 00:44:34    2026-09-10 00:44:35     2026-09-10 00:44:35
INFO  [00:47:33.589]   -9.834993 2026-09-10 00:44:46    2026-09-10 00:44:46     2026-09-10 00:44:46
INFO  [00:47:33.589]  -10.142733 2026-09-10 00:44:39    2026-09-10 00:44:40     2026-09-10 00:44:40
INFO  [00:47:33.589]  -10.342411 2026-09-10 00:44:48    2026-09-10 00:44:48     2026-09-10 00:44:48
INFO  [00:47:33.589]  -10.123998 2026-09-10 00:44:44    2026-09-10 00:44:44     2026-09-10 00:44:44
INFO  [00:47:33.589]   -9.988370 2026-09-10 00:44:49    2026-09-10 00:44:49     2026-09-10 00:44:49
INFO  [00:47:33.589]  -10.504457 2026-09-10 00:44:54    2026-09-10 00:44:54     2026-09-10 00:44:54
INFO  [00:47:33.589]  -10.989237 2026-09-10 00:44:43    2026-09-10 00:44:43     2026-09-10 00:44:43
INFO  [00:47:33.589]   -9.710475 2026-09-10 00:44:53    2026-09-10 00:44:53     2026-09-10 00:44:53
INFO  [00:47:33.589]  -10.836996 2026-09-10 00:44:57    2026-09-10 00:44:57     2026-09-10 00:44:57
INFO  [00:47:33.589]  -10.152307 2026-09-10 00:45:09    2026-09-10 00:45:09     2026-09-10 00:45:09
INFO  [00:47:33.589]  -10.592252 2026-09-10 00:44:45    2026-09-10 00:44:45     2026-09-10 00:44:45
INFO  [00:47:33.589]  -11.284943 2026-09-10 00:44:59    2026-09-10 00:44:59     2026-09-10 00:44:59
INFO  [00:47:33.589]   -9.235481 2026-09-10 00:44:56    2026-09-10 00:44:56     2026-09-10 00:44:56
INFO  [00:47:33.589]  -10.581236 2026-09-10 00:44:52    2026-09-10 00:44:52     2026-09-10 00:44:52
INFO  [00:47:33.589]   -9.781796 2026-09-10 00:44:55    2026-09-10 00:44:55     2026-09-10 00:44:55
INFO  [00:47:33.589]  -12.222120 2026-09-10 00:45:00    2026-09-10 00:45:00     2026-09-10 00:45:00
INFO  [00:47:33.589]  -10.285303 2026-09-10 00:44:51    2026-09-10 00:44:51     2026-09-10 00:44:51
INFO  [00:47:33.589]  -10.372349 2026-09-10 00:44:58    2026-09-10 00:44:58     2026-09-10 00:44:58
INFO  [00:47:33.589]   -9.662843 2026-09-10 00:45:04    2026-09-10 00:45:05     2026-09-10 00:45:05
INFO  [00:47:33.589]   -8.829699 2026-09-10 00:45:10    2026-09-10 00:45:10     2026-09-10 00:45:10
INFO  [00:47:33.589]  -10.757784 2026-09-10 00:45:05    2026-09-10 00:45:06     2026-09-10 00:45:06
INFO  [00:47:33.589]  -10.797884 2026-09-10 00:45:11    2026-09-10 00:45:11     2026-09-10 00:45:11
INFO  [00:47:33.589]   -9.002155 2026-09-10 00:44:50    2026-09-10 00:44:50     2026-09-10 00:44:50
INFO  [00:47:33.589]  -10.708107 2026-09-10 00:45:07    2026-09-10 00:45:07     2026-09-10 00:45:07
INFO  [00:47:33.589]   -9.827554 2026-09-10 00:45:12    2026-09-10 00:45:12     2026-09-10 00:45:12
INFO  [00:47:33.589]   -9.349056 2026-09-10 00:45:01    2026-09-10 00:45:04     2026-09-10 00:45:04
INFO  [00:47:33.589]  -10.943569 2026-09-10 00:45:17    2026-09-10 00:45:17     2026-09-10 00:45:17
INFO  [00:47:33.589]  -11.567293 2026-09-10 00:45:14    2026-09-10 00:45:14     2026-09-10 00:45:14
INFO  [00:47:33.589]  -10.883639 2026-09-10 00:45:13    2026-09-10 00:45:13     2026-09-10 00:45:13
INFO  [00:47:33.589]  -10.500533 2026-09-10 00:45:15    2026-09-10 00:45:16     2026-09-10 00:45:16
INFO  [00:47:33.589]  -12.288872 2026-09-10 00:45:08    2026-09-10 00:45:08     2026-09-10 00:45:08
INFO  [00:47:33.589]   -9.819831 2026-09-10 00:45:22    2026-09-10 00:45:22     2026-09-10 00:45:22
INFO  [00:47:33.589]   -9.380921 2026-09-10 00:45:26    2026-09-10 00:45:26     2026-09-10 00:45:26
INFO  [00:47:33.589]   -9.933707 2026-09-10 00:45:23    2026-09-10 00:45:23     2026-09-10 00:45:23
INFO  [00:47:33.589]  -12.143212 2026-09-10 00:45:19    2026-09-10 00:45:19     2026-09-10 00:45:19
INFO  [00:47:33.589]  -10.169863 2026-09-10 00:45:18    2026-09-10 00:45:18     2026-09-10 00:45:18
INFO  [00:47:33.589]  -10.598869 2026-09-10 00:45:21    2026-09-10 00:45:21     2026-09-10 00:45:21
INFO  [00:47:33.589]   -8.654540 2026-09-10 00:45:24    2026-09-10 00:45:24     2026-09-10 00:45:24
INFO  [00:47:33.589]  -11.507521 2026-09-10 00:45:30    2026-09-10 00:45:30     2026-09-10 00:45:30
INFO  [00:47:33.589]  -12.493425 2026-09-10 00:45:25    2026-09-10 00:45:25     2026-09-10 00:45:25
INFO  [00:47:33.589]   -9.546185 2026-09-10 00:45:20    2026-09-10 00:45:20     2026-09-10 00:45:20
INFO  [00:47:33.589]   -9.265816 2026-09-10 00:45:39    2026-09-10 00:45:39     2026-09-10 00:45:39
INFO  [00:47:33.589]   -9.661018 2026-09-10 00:45:29    2026-09-10 00:45:29     2026-09-10 00:45:29
INFO  [00:47:33.589]  -11.010614 2026-09-10 00:45:27    2026-09-10 00:45:27     2026-09-10 00:45:27
INFO  [00:47:33.589]  -10.637244 2026-09-10 00:45:34    2026-09-10 00:45:34     2026-09-10 00:45:34
INFO  [00:47:33.589]  -10.025605 2026-09-10 00:45:33    2026-09-10 00:45:33     2026-09-10 00:45:33
INFO  [00:47:33.589]  -10.127997 2026-09-10 00:45:38    2026-09-10 00:45:38     2026-09-10 00:45:38
INFO  [00:47:33.589]  -11.549307 2026-09-10 00:45:36    2026-09-10 00:45:36     2026-09-10 00:45:36
INFO  [00:47:33.589]  -10.086793 2026-09-10 00:45:44    2026-09-10 00:45:45     2026-09-10 00:45:45
INFO  [00:47:33.589]  -12.131107 2026-09-10 00:45:28    2026-09-10 00:45:28     2026-09-10 00:45:28
INFO  [00:47:33.589]   -9.835931 2026-09-10 00:45:31    2026-09-10 00:45:31     2026-09-10 00:45:31
INFO  [00:47:33.589]   -9.765603 2026-09-10 00:45:42    2026-09-10 00:45:43     2026-09-10 00:45:43
INFO  [00:47:33.589]  -10.674550 2026-09-10 00:45:32    2026-09-10 00:45:32     2026-09-10 00:45:32
INFO  [00:47:33.589]   -9.677154 2026-09-10 00:45:37    2026-09-10 00:45:37     2026-09-10 00:45:37
INFO  [00:47:33.589]   -9.344314 2026-09-10 00:45:46    2026-09-10 00:45:47     2026-09-10 00:45:47
INFO  [00:47:33.589]  -10.696542 2026-09-10 00:45:35    2026-09-10 00:45:35     2026-09-10 00:45:35
INFO  [00:47:33.589]   -9.793099 2026-09-10 00:45:40    2026-09-10 00:45:40     2026-09-10 00:45:40
INFO  [00:47:33.589]   -8.967436 2026-09-10 00:45:43    2026-09-10 00:45:44     2026-09-10 00:45:44
INFO  [00:47:33.589]   -9.407827 2026-09-10 00:45:41    2026-09-10 00:45:41     2026-09-10 00:45:41
INFO  [00:47:33.589]  -11.379599 2026-09-10 00:45:49    2026-09-10 00:45:50     2026-09-10 00:45:50
INFO  [00:47:33.589]  -10.211812 2026-09-10 00:45:45    2026-09-10 00:45:46     2026-09-10 00:45:46
INFO  [00:47:33.589]  -10.560463 2026-09-10 00:45:50    2026-09-10 00:45:51     2026-09-10 00:45:51
INFO  [00:47:33.589]   -9.349810 2026-09-10 00:45:47    2026-09-10 00:45:48     2026-09-10 00:45:48
INFO  [00:47:33.589]  -11.530069 2026-09-10 00:45:52    2026-09-10 00:45:52     2026-09-10 00:45:52
INFO  [00:47:33.589]  -13.130425 2026-09-10 00:45:53    2026-09-10 00:45:53     2026-09-10 00:45:53
INFO  [00:47:33.589]  -12.828710 2026-09-10 00:45:57    2026-09-10 00:45:57     2026-09-10 00:45:57
INFO  [00:47:33.589]  -11.125657 2026-09-10 00:45:59    2026-09-10 00:45:59     2026-09-10 00:45:59
INFO  [00:47:33.589]  -11.482023 2026-09-10 00:45:48    2026-09-10 00:45:49     2026-09-10 00:45:49
INFO  [00:47:33.589]  -12.365256 2026-09-10 00:45:55    2026-09-10 00:45:55     2026-09-10 00:45:55
INFO  [00:47:33.589]   -9.578017 2026-09-10 00:45:58    2026-09-10 00:45:58     2026-09-10 00:45:58
INFO  [00:47:33.589]  -10.988348 2026-09-10 00:46:03    2026-09-10 00:46:03     2026-09-10 00:46:03
INFO  [00:47:33.589]  -10.578374 2026-09-10 00:45:56    2026-09-10 00:45:56     2026-09-10 00:45:56
INFO  [00:47:33.589]  -11.846532 2026-09-10 00:46:02    2026-09-10 00:46:02     2026-09-10 00:46:02
INFO  [00:47:33.589]  -10.653089 2026-09-10 00:46:00    2026-09-10 00:46:00     2026-09-10 00:46:00
INFO  [00:47:33.589]   -9.914325 2026-09-10 00:45:54    2026-09-10 00:45:54     2026-09-10 00:45:54
INFO  [00:47:33.589]   -9.259716 2026-09-10 00:46:01    2026-09-10 00:46:01     2026-09-10 00:46:01
INFO  [00:47:33.589]  -11.012249 2026-09-10 00:46:06    2026-09-10 00:46:07     2026-09-10 00:46:07
INFO  [00:47:33.589]  -12.566587 2026-09-10 00:46:04    2026-09-10 00:46:05     2026-09-10 00:46:05
INFO  [00:47:33.589]   -9.151127 2026-09-10 00:46:07    2026-09-10 00:46:08     2026-09-10 00:46:08
INFO  [00:47:33.589]  -11.860412 2026-09-10 00:46:08    2026-09-10 00:46:09     2026-09-10 00:46:09
INFO  [00:47:33.589]  -10.596094 2026-09-10 00:46:05    2026-09-10 00:46:06     2026-09-10 00:46:06
INFO  [00:47:33.589]  -11.228939 2026-09-10 00:46:09    2026-09-10 00:46:10     2026-09-10 00:46:10
INFO  [00:47:33.589]  -10.009679 2026-09-10 00:46:11    2026-09-10 00:46:11     2026-09-10 00:46:11
INFO  [00:47:33.589]   -9.423277 2026-09-10 00:46:19    2026-09-10 00:46:20     2026-09-10 00:46:20
INFO  [00:47:33.589]   -9.716532 2026-09-10 00:46:17    2026-09-10 00:46:17     2026-09-10 00:46:17
INFO  [00:47:33.589]   -9.622016 2026-09-10 00:46:18    2026-09-10 00:46:18     2026-09-10 00:46:18
INFO  [00:47:33.589]  -10.060815 2026-09-10 00:46:12    2026-09-10 00:46:12     2026-09-10 00:46:12
INFO  [00:47:33.589]  -12.517691 2026-09-10 00:46:14    2026-09-10 00:46:14     2026-09-10 00:46:14
INFO  [00:47:33.589]  -10.975889 2026-09-10 00:46:15    2026-09-10 00:46:15     2026-09-10 00:46:15
INFO  [00:47:33.589]  -11.330896 2026-09-10 00:46:20    2026-09-10 00:46:21     2026-09-10 00:46:21
INFO  [00:47:33.589]   -9.173689 2026-09-10 00:46:16    2026-09-10 00:46:16     2026-09-10 00:46:16
INFO  [00:47:33.589]   -9.230344 2026-09-10 00:46:13    2026-09-10 00:46:13     2026-09-10 00:46:13
INFO  [00:47:33.589]  -11.822284 2026-09-10 00:46:27    2026-09-10 00:46:27     2026-09-10 00:46:27
INFO  [00:47:33.589]  -10.397998 2026-09-10 00:46:26    2026-09-10 00:46:26     2026-09-10 00:46:26
INFO  [00:47:33.589]  -10.380795 2026-09-10 00:46:21    2026-09-10 00:46:22     2026-09-10 00:46:22
INFO  [00:47:33.589]  -10.818793 2026-09-10 00:46:25    2026-09-10 00:46:25     2026-09-10 00:46:25
INFO  [00:47:33.589]  -11.894544 2026-09-10 00:46:28    2026-09-10 00:46:29     2026-09-10 00:46:29
INFO  [00:47:33.589]   -9.908627 2026-09-10 00:46:24    2026-09-10 00:46:24     2026-09-10 00:46:24
INFO  [00:47:33.589]   -9.298422 2026-09-10 00:46:22    2026-09-10 00:46:23     2026-09-10 00:46:23
INFO  [00:47:33.589]  -11.871172 2026-09-10 00:46:32    2026-09-10 00:46:33     2026-09-10 00:46:33
INFO  [00:47:33.589]   -9.122541 2026-09-10 00:46:30    2026-09-10 00:46:31     2026-09-10 00:46:31
INFO  [00:47:33.589]   -9.596378 2026-09-10 00:46:34    2026-09-10 00:46:34     2026-09-10 00:46:34
INFO  [00:47:33.589]   -9.931221 2026-09-10 00:46:36    2026-09-10 00:46:36     2026-09-10 00:46:36
INFO  [00:47:33.589]   -9.875063 2026-09-10 00:46:29    2026-09-10 00:46:30     2026-09-10 00:46:30
INFO  [00:47:33.589]  -10.576481 2026-09-10 00:46:31    2026-09-10 00:46:32     2026-09-10 00:46:32
INFO  [00:47:33.589]  -10.314203 2026-09-10 00:46:35    2026-09-10 00:46:35     2026-09-10 00:46:35
INFO  [00:47:33.589]  -10.437065 2026-09-10 00:46:39    2026-09-10 00:46:40     2026-09-10 00:46:40
INFO  [00:47:33.589]   -9.243981 2026-09-10 00:46:40    2026-09-10 00:46:41     2026-09-10 00:46:41
INFO  [00:47:33.589]  -12.047809 2026-09-10 00:46:41    2026-09-10 00:46:42     2026-09-10 00:46:42
INFO  [00:47:33.589]   -8.687326 2026-09-10 00:46:37    2026-09-10 00:46:37     2026-09-10 00:46:37
INFO  [00:47:33.589]  -10.713826 2026-09-10 00:46:38    2026-09-10 00:46:39     2026-09-10 00:46:39
INFO  [00:47:33.589]  -10.674237 2026-09-10 00:46:44    2026-09-10 00:46:44     2026-09-10 00:46:44
INFO  [00:47:33.589]   -9.925317 2026-09-10 00:46:43    2026-09-10 00:46:43     2026-09-10 00:46:43
INFO  [00:47:33.589]   -9.533203 2026-09-10 00:46:50    2026-09-10 00:46:50     2026-09-10 00:46:50
INFO  [00:47:33.589]  -10.955511 2026-09-10 00:46:52    2026-09-10 00:46:53     2026-09-10 00:46:53
INFO  [00:47:33.589]  -10.694621 2026-09-10 00:46:46    2026-09-10 00:46:47     2026-09-10 00:46:47
INFO  [00:47:33.589]   -9.859158 2026-09-10 00:46:48    2026-09-10 00:46:49     2026-09-10 00:46:49
INFO  [00:47:33.589]  -10.725840 2026-09-10 00:46:45    2026-09-10 00:46:45     2026-09-10 00:46:45
INFO  [00:47:33.589]   -9.799622 2026-09-10 00:46:47    2026-09-10 00:46:48     2026-09-10 00:46:48
INFO  [00:47:33.589]  -11.079596 2026-09-10 00:46:53    2026-09-10 00:46:54     2026-09-10 00:46:54
INFO  [00:47:33.589]   -9.416713 2026-09-10 00:46:54    2026-09-10 00:46:55     2026-09-10 00:46:55
INFO  [00:47:33.589]   -9.070831 2026-09-10 00:46:56    2026-09-10 00:46:56     2026-09-10 00:46:56
INFO  [00:47:33.589]   -9.955477 2026-09-10 00:46:57    2026-09-10 00:46:58     2026-09-10 00:46:58
INFO  [00:47:33.589]   -9.691679 2026-09-10 00:46:58    2026-09-10 00:46:59     2026-09-10 00:46:59
INFO  [00:47:33.589]   -8.719321 2026-09-10 00:46:51    2026-09-10 00:46:51     2026-09-10 00:46:51
INFO  [00:47:33.589]  -10.042660 2026-09-10 00:47:00    2026-09-10 00:47:00     2026-09-10 00:47:00
INFO  [00:47:33.589]   -9.531653 2026-09-10 00:47:02    2026-09-10 00:47:02     2026-09-10 00:47:02
INFO  [00:47:33.589]  -10.741696 2026-09-10 00:47:04    2026-09-10 00:47:05     2026-09-10 00:47:05
INFO  [00:47:33.589]   -8.678146 2026-09-10 00:47:01    2026-09-10 00:47:01     2026-09-10 00:47:01
INFO  [00:47:33.589]   -8.969997 2026-09-10 00:47:06    2026-09-10 00:47:06     2026-09-10 00:47:06
INFO  [00:47:33.589]   -9.855503 2026-09-10 00:47:03    2026-09-10 00:47:04     2026-09-10 00:47:04
INFO  [00:47:33.589]  -10.108833 2026-09-10 00:47:07    2026-09-10 00:47:07     2026-09-10 00:47:07
INFO  [00:47:33.589]   -9.496937 2026-09-10 00:47:08    2026-09-10 00:47:09     2026-09-10 00:47:09
INFO  [00:47:33.589]   -8.988270 2026-09-10 00:47:10    2026-09-10 00:47:11     2026-09-10 00:47:11
INFO  [00:47:33.589]   -8.903581 2026-09-10 00:47:13    2026-09-10 00:47:13     2026-09-10 00:47:13
INFO  [00:47:33.589]  -11.309413 2026-09-10 00:47:12    2026-09-10 00:47:12     2026-09-10 00:47:12
INFO  [00:47:33.589]      acq_cb timestamp_surrogate timestamp_acq_function timestamp_acq_optimizer
INFO  [00:47:33.589]       timestamp_loop                                   worker_id
INFO  [00:47:33.589]  2026-09-10 00:43:32                 groovelike_mollusk_01975422
INFO  [00:47:33.589]  2026-09-10 00:43:36        dandriffy_flatcoatretriever_073f93ee
INFO  [00:47:33.589]  2026-09-10 00:43:39                  overseas_airedale_7a333fcd
INFO  [00:47:33.589]  2026-09-10 00:43:44             idiocratical_deermouse_a90adbf8
INFO  [00:47:33.589]  2026-09-10 00:43:33               talkable_sugarglider_55390ab0
INFO  [00:47:33.589]  2026-09-10 00:43:40           despotic_acornwoodpecker_0db3f47d
INFO  [00:47:33.589]  2026-09-10 00:43:43                    equitable_hyena_cdfc2c9e
INFO  [00:47:33.589]  2026-09-10 00:43:45                     rutile_narwhal_fc5778d7
INFO  [00:47:33.589]  2026-09-10 00:43:49                       fair_antbear_aafb7550
INFO  [00:47:33.589]  2026-09-10 00:43:48                     dermic_siamang_abea46aa
INFO  [00:47:33.589]  2026-09-10 00:43:53                   considerate_pika_e6effa1b
INFO  [00:47:33.589]  2026-09-10 00:43:36                   grasslike_scarab_74cbe6eb
INFO  [00:47:33.589]  2026-09-10 00:43:52             parenthetical_mantaray_5c1e03f4
INFO  [00:47:33.589]  2026-09-10 00:43:47                           neat_egg_2a7d93a0
INFO  [00:47:33.589]  2026-09-10 00:43:44                 psychiatric_hornet_a7934be9
INFO  [00:47:33.589]  2026-09-10 00:43:46                      fibrous_degus_d49ade63
INFO  [00:47:33.589]  2026-09-10 00:43:50               curvilinear_bellfrog_48a9f64d
INFO  [00:47:33.589]  2026-09-10 00:43:51            hardworking_anemonecrab_d9ab6706
INFO  [00:47:33.589]  2026-09-10 00:43:57                 lost_sableantelope_c8880ec4
INFO  [00:47:33.589]  2026-09-10 00:43:42                  desecrated_koodoo_08b86e7f
INFO  [00:47:33.589]  2026-09-10 00:43:55           magnesium_astrangiacoral_708929d5
INFO  [00:47:33.589]  2026-09-10 00:43:54             iced_xenurusunicinctus_4c68e29b
INFO  [00:47:33.589]  2026-09-10 00:44:01                    postwar_sparrow_d1dccf3e
INFO  [00:47:33.589]  2026-09-10 00:43:56                interspinous_cuckoo_150ab007
INFO  [00:47:33.589]  2026-09-10 00:43:53             quasipolitical_bluejay_f5755e7e
INFO  [00:47:33.589]  2026-09-10 00:44:10                   forest_dassierat_8e933942
INFO  [00:47:33.589]  2026-09-10 00:43:41                 egotistical_weevil_0cbffa15
INFO  [00:47:33.589]  2026-09-10 00:43:58        indigoid_americanriverotter_8665417b
INFO  [00:47:33.589]  2026-09-10 00:44:00                   nautical_anhinga_01c95a4a
INFO  [00:47:33.589]  2026-09-10 00:44:05                  carnous_aegeancat_cb1b0a7c
INFO  [00:47:33.589]  2026-09-10 00:43:59                piecemeal_goldeneye_48dd8e4f
INFO  [00:47:33.589]  2026-09-10 00:44:02              unconscious_tsetsefly_bf54265b
INFO  [00:47:33.589]  2026-09-10 00:43:38                 foreign_hornedtoad_d474671a
INFO  [00:47:33.589]  2026-09-10 00:44:09                colouristic_termite_1c8a8122
INFO  [00:47:33.589]  2026-09-10 00:44:06                    exclusive_panda_2ae42bb6
INFO  [00:47:33.589]  2026-09-10 00:44:08              poisoned_ichthyostega_fa779158
INFO  [00:47:33.589]  2026-09-10 00:44:03             interdestructive_fossa_70a96d48
INFO  [00:47:33.589]  2026-09-10 00:44:07                 analogical_haddock_deced1d1
INFO  [00:47:33.589]  2026-09-10 00:44:15                 successive_flicker_454b71ff
INFO  [00:47:33.589]  2026-09-10 00:44:18                       edgy_lobster_0a778577
INFO  [00:47:33.589]  2026-09-10 00:44:20        compentant_americanratsnake_86e31d07
INFO  [00:47:33.589]  2026-09-10 00:44:16               colourable_bellsnake_3fd3292a
INFO  [00:47:33.589]  2026-09-10 00:44:11           hemispherical_queensnake_4672f5d0
INFO  [00:47:33.589]  2026-09-10 00:44:17          national_duckbillplatypus_1c13ce11
INFO  [00:47:33.589]  2026-09-10 00:44:12                  glazed_sanderling_8498f902
INFO  [00:47:33.589]  2026-09-10 00:44:19                       modest_snail_efba9794
INFO  [00:47:33.589]  2026-09-10 00:44:14         blithesome_marbledmurrelet_920b2816
INFO  [00:47:33.589]  2026-09-10 00:44:21                        weak_amoeba_bf5a9f1c
INFO  [00:47:33.589]  2026-09-10 00:44:13              metazoic_carpenterant_04e42d30
INFO  [00:47:33.589]  2026-09-10 00:44:22                   followable_anole_1c1d47cd
INFO  [00:47:33.589]  2026-09-10 00:44:15                   basaltic_bighorn_24c0b2ad
INFO  [00:47:33.589]  2026-09-10 00:44:26                     rutile_narwhal_fc5778d7
INFO  [00:47:33.589]  2026-09-10 00:44:25                          alive_ass_7a21292b
INFO  [00:47:33.589]  2026-09-10 00:44:24               scopophobic_longspur_b898ce3d
INFO  [00:47:33.589]  2026-09-10 00:44:33                   forcible_clumber_67176714
INFO  [00:47:33.589]  2026-09-10 00:44:29               talkable_sugarglider_55390ab0
INFO  [00:47:33.589]  2026-09-10 00:44:23              welloff_gangesdolphin_b463ad79
INFO  [00:47:33.589]  2026-09-10 00:44:30                hemihedral_seahorse_fdf43a3f
INFO  [00:47:33.589]  2026-09-10 00:44:27        dandriffy_flatcoatretriever_073f93ee
INFO  [00:47:33.589]  2026-09-10 00:44:36                   talky_sunbittern_992a6eb5
INFO  [00:47:33.589]  2026-09-10 00:44:38                revisitable_katydid_2e1227ca
INFO  [00:47:33.589]  2026-09-10 00:44:34                 freezable_oxpecker_c13878cc
INFO  [00:47:33.589]  2026-09-10 00:44:39                unblacked_blackbird_95cada62
INFO  [00:47:33.589]  2026-09-10 00:44:28                telegraphic_dorking_2365826e
INFO  [00:47:33.589]  2026-09-10 00:44:32          breezy_africanharrierhawk_0864c0c3
INFO  [00:47:33.589]  2026-09-10 00:44:31             swampy_whitetaileddeer_5bba4500
INFO  [00:47:33.589]  2026-09-10 00:44:37                   forest_dassierat_8e933942
INFO  [00:47:33.589]  2026-09-10 00:44:43              poisoned_ichthyostega_fa779158
INFO  [00:47:33.589]  2026-09-10 00:44:42             metaphysical_slothbear_7f6b4244
INFO  [00:47:33.589]  2026-09-10 00:44:48           pedophobic_leafcutterant_1848ebd4
INFO  [00:47:33.589]  2026-09-10 00:44:35            plain_americanshorthair_dc128db0
INFO  [00:47:33.589]  2026-09-10 00:44:47                     hopeful_bronco_59cb946f
INFO  [00:47:33.589]  2026-09-10 00:44:41 corelative_germanwirehairedpointer_c2c79806
INFO  [00:47:33.589]  2026-09-10 00:44:49                ironhanded_bactrian_de45a390
INFO  [00:47:33.589]  2026-09-10 00:44:45                unadjoining_octopus_af1af810
INFO  [00:47:33.589]  2026-09-10 00:44:50               fatlike_graysquirrel_1a8463aa
INFO  [00:47:33.589]  2026-09-10 00:44:55                 groovelike_mollusk_01975422
INFO  [00:47:33.589]  2026-09-10 00:44:44             corrective_irishsetter_0708ec7f
INFO  [00:47:33.589]  2026-09-10 00:44:54                           neat_egg_2a7d93a0
INFO  [00:47:33.589]  2026-09-10 00:44:58  bullish_pseudodynerusquadrisectus_83a978e4
INFO  [00:47:33.589]  2026-09-10 00:45:10            flatterable_gallowaycow_3e53a776
INFO  [00:47:33.589]  2026-09-10 00:44:46                      coal_whiteeye_e32c4ad0
INFO  [00:47:33.589]  2026-09-10 00:45:00                 enumerable_primate_b28746cf
INFO  [00:47:33.589]  2026-09-10 00:44:57                      tweedy_conure_61a88296
INFO  [00:47:33.589]  2026-09-10 00:44:53                 unathletic_zenaida_72c68e32
INFO  [00:47:33.589]  2026-09-10 00:44:56                 egotistical_weevil_0cbffa15
INFO  [00:47:33.589]  2026-09-10 00:45:01                 chantable_leafbird_5412c725
INFO  [00:47:33.589]  2026-09-10 00:44:52                 dermographic_zeren_5d2dfd85
INFO  [00:47:33.589]  2026-09-10 00:44:59                     ice_vampirebat_ddee0687
INFO  [00:47:33.589]  2026-09-10 00:45:05                     assiduous_hind_ea28ff18
INFO  [00:47:33.589]  2026-09-10 00:45:11             depressant_honeybadger_e3844fd0
INFO  [00:47:33.589]  2026-09-10 00:45:07                       primary_gull_a3dd0f0a
INFO  [00:47:33.589]  2026-09-10 00:45:12                   intense_whiteeye_738c626f
INFO  [00:47:33.589]  2026-09-10 00:44:51         haunted_irukandjijellyfish_41021cd1
INFO  [00:47:33.589]  2026-09-10 00:45:08                   talky_sunbittern_992a6eb5
INFO  [00:47:33.589]  2026-09-10 00:45:13           pedophobic_leafcutterant_1848ebd4
INFO  [00:47:33.589]  2026-09-10 00:45:04                dissentient_pitbull_d1d78771
INFO  [00:47:33.589]  2026-09-10 00:45:18                 freezable_oxpecker_c13878cc
INFO  [00:47:33.589]  2026-09-10 00:45:15                     hopeful_bronco_59cb946f
INFO  [00:47:33.589]  2026-09-10 00:45:14          national_duckbillplatypus_1c13ce11
INFO  [00:47:33.589]  2026-09-10 00:45:17       overaggressive_metamorphosis_da82e8a7
INFO  [00:47:33.589]  2026-09-10 00:45:09                brassbound_johndory_d9148528
INFO  [00:47:33.589]  2026-09-10 00:45:23                 timely_gardensnake_3be03276
INFO  [00:47:33.589]  2026-09-10 00:45:27                 egotistical_weevil_0cbffa15
INFO  [00:47:33.589]  2026-09-10 00:45:24            plain_americanshorthair_dc128db0
INFO  [00:47:33.589]  2026-09-10 00:45:20                   soured_pronghorn_01c90b17
INFO  [00:47:33.589]  2026-09-10 00:45:19             swampy_whitetaileddeer_5bba4500
INFO  [00:47:33.589]  2026-09-10 00:45:22   marvellous_crownofthornsstarfish_e8321813
INFO  [00:47:33.589]  2026-09-10 00:45:25        compentant_americanratsnake_86e31d07
INFO  [00:47:33.589]  2026-09-10 00:45:31                      tweedy_conure_61a88296
INFO  [00:47:33.589]  2026-09-10 00:45:26          breezy_africanharrierhawk_0864c0c3
INFO  [00:47:33.589]  2026-09-10 00:45:21               talkable_sugarglider_55390ab0
INFO  [00:47:33.589]  2026-09-10 00:45:40                 unathletic_zenaida_72c68e32
INFO  [00:47:33.589]  2026-09-10 00:45:30                       trifling_hog_d6c6a3d4
INFO  [00:47:33.589]  2026-09-10 00:45:28                    equitable_hyena_cdfc2c9e
INFO  [00:47:33.589]  2026-09-10 00:45:35                  desecrated_koodoo_08b86e7f
INFO  [00:47:33.589]  2026-09-10 00:45:34                     rutile_narwhal_fc5778d7
INFO  [00:47:33.589]  2026-09-10 00:45:39            flatterable_gallowaycow_3e53a776
INFO  [00:47:33.589]  2026-09-10 00:45:37                      coal_whiteeye_e32c4ad0
INFO  [00:47:33.589]  2026-09-10 00:45:45 corelative_germanwirehairedpointer_c2c79806
INFO  [00:47:33.589]  2026-09-10 00:45:29                halffeminine_martin_b808771a
INFO  [00:47:33.589]  2026-09-10 00:45:32                unskillful_lunamoth_385e0048
INFO  [00:47:33.589]  2026-09-10 00:45:43                    rattish_skylark_a9cf0b5a
INFO  [00:47:33.589]  2026-09-10 00:45:33  bullish_pseudodynerusquadrisectus_83a978e4
INFO  [00:47:33.589]  2026-09-10 00:45:38             depressant_honeybadger_e3844fd0
INFO  [00:47:33.589]  2026-09-10 00:45:47                    downy_crossbill_8e435130
INFO  [00:47:33.589]  2026-09-10 00:45:36                       modest_snail_efba9794
INFO  [00:47:33.589]  2026-09-10 00:45:41                   paternal_macaque_75aca95a
INFO  [00:47:33.589]  2026-09-10 00:45:44               supreme_africancivet_fabdcc10
INFO  [00:47:33.589]  2026-09-10 00:45:42                   followable_anole_1c1d47cd
INFO  [00:47:33.589]  2026-09-10 00:45:50          breezy_africanharrierhawk_0864c0c3
INFO  [00:47:33.589]  2026-09-10 00:45:46         haunted_irukandjijellyfish_41021cd1
INFO  [00:47:33.589]  2026-09-10 00:45:52                piecemeal_goldeneye_48dd8e4f
INFO  [00:47:33.589]  2026-09-10 00:45:48                 condensative_molly_c3446ef1
INFO  [00:47:33.589]  2026-09-10 00:45:53                       almond_egret_dc2329a0
INFO  [00:47:33.589]  2026-09-10 00:45:54             iced_xenurusunicinctus_4c68e29b
INFO  [00:47:33.589]  2026-09-10 00:45:58                  desecrated_koodoo_08b86e7f
INFO  [00:47:33.589]  2026-09-10 00:46:00               meritocratic_gerenuk_ba958ef3
INFO  [00:47:33.589]  2026-09-10 00:45:49                balanced_harvestmen_c906e0ca
INFO  [00:47:33.589]  2026-09-10 00:45:56                corruptful_ungulate_9e2c8a41
INFO  [00:47:33.589]  2026-09-10 00:45:59                       trifling_hog_d6c6a3d4
INFO  [00:47:33.589]  2026-09-10 00:46:04                      coal_whiteeye_e32c4ad0
INFO  [00:47:33.589]  2026-09-10 00:45:57                   forcible_clumber_67176714
INFO  [00:47:33.589]  2026-09-10 00:46:03                   talky_sunbittern_992a6eb5
INFO  [00:47:33.589]  2026-09-10 00:46:01                       chancy_junco_694d8281
INFO  [00:47:33.589]  2026-09-10 00:45:55            jittery_xuanhuaceratops_3bf631e1
INFO  [00:47:33.589]  2026-09-10 00:46:02                 notaphilic_rattail_15b33dea
INFO  [00:47:33.589]  2026-09-10 00:46:07             depressant_honeybadger_e3844fd0
INFO  [00:47:33.589]  2026-09-10 00:46:05             metaphysical_slothbear_7f6b4244
INFO  [00:47:33.589]  2026-09-10 00:46:08              welloff_gangesdolphin_b463ad79
INFO  [00:47:33.589]  2026-09-10 00:46:09       overaggressive_metamorphosis_da82e8a7
INFO  [00:47:33.589]  2026-09-10 00:46:06           undivinable_northernpike_116da2f8
INFO  [00:47:33.589]  2026-09-10 00:46:11                nondramatic_kestrel_b056cab1
INFO  [00:47:33.589]  2026-09-10 00:46:12                   intense_whiteeye_738c626f
INFO  [00:47:33.589]  2026-09-10 00:46:20                  desecrated_koodoo_08b86e7f
INFO  [00:47:33.589]  2026-09-10 00:46:18                     rutile_narwhal_fc5778d7
INFO  [00:47:33.589]  2026-09-10 00:46:19                  illlooking_fulmar_f779d2c4
INFO  [00:47:33.589]  2026-09-10 00:46:13                           neat_egg_2a7d93a0
INFO  [00:47:33.589]  2026-09-10 00:46:15     representational_trumpeterswan_e78f557e
INFO  [00:47:33.589]  2026-09-10 00:46:16        unreligious_africanelephant_22491066
INFO  [00:47:33.589]  2026-09-10 00:46:21  bullish_pseudodynerusquadrisectus_83a978e4
INFO  [00:47:33.589]  2026-09-10 00:46:17               colourable_bellsnake_3fd3292a
INFO  [00:47:33.589]  2026-09-10 00:46:14                   nonangelic_anura_2e5c5f3a
INFO  [00:47:33.589]  2026-09-10 00:46:28                       trifling_hog_d6c6a3d4
INFO  [00:47:33.589]  2026-09-10 00:46:27                       chancy_junco_694d8281
INFO  [00:47:33.589]  2026-09-10 00:46:22               horrendous_wreckfish_e45e772b
INFO  [00:47:33.589]  2026-09-10 00:46:26                    foliaged_trogon_7da928dc
INFO  [00:47:33.589]  2026-09-10 00:46:29                    stylish_sealion_05b923ab
INFO  [00:47:33.589]  2026-09-10 00:46:25                  assistant_mollies_7bba29f2
INFO  [00:47:33.589]  2026-09-10 00:46:24               meritocratic_gerenuk_ba958ef3
INFO  [00:47:33.589]  2026-09-10 00:46:34                  handmade_bluebird_16d5edcb
INFO  [00:47:33.589]  2026-09-10 00:46:31        indigoid_americanriverotter_8665417b
INFO  [00:47:33.589]  2026-09-10 00:46:35                   forcible_clumber_67176714
INFO  [00:47:33.589]  2026-09-10 00:46:37                feasible_zebrafinch_5cf10eb1
INFO  [00:47:33.589]  2026-09-10 00:46:30             idiocratical_deermouse_a90adbf8
INFO  [00:47:33.589]  2026-09-10 00:46:32           seagoing_americanbulldog_05da8965
INFO  [00:47:33.589]  2026-09-10 00:46:36                phantomlike_yardant_269fc66f
INFO  [00:47:33.589]  2026-09-10 00:46:40              unconscious_tsetsefly_bf54265b
INFO  [00:47:33.589]  2026-09-10 00:46:41                halffeminine_martin_b808771a
INFO  [00:47:33.589]  2026-09-10 00:46:43             iced_xenurusunicinctus_4c68e29b
INFO  [00:47:33.589]  2026-09-10 00:46:38                 enumerable_primate_b28746cf
INFO  [00:47:33.589]  2026-09-10 00:46:39          breezy_africanharrierhawk_0864c0c3
INFO  [00:47:33.589]  2026-09-10 00:46:45                   followable_anole_1c1d47cd
INFO  [00:47:33.589]  2026-09-10 00:46:44             ecclesiological_donkey_003b6c5e
INFO  [00:47:33.589]  2026-09-10 00:46:51                           neat_egg_2a7d93a0
INFO  [00:47:33.589]  2026-09-10 00:46:53                 condensative_molly_c3446ef1
INFO  [00:47:33.589]  2026-09-10 00:46:47                   nonangelic_anura_2e5c5f3a
INFO  [00:47:33.589]  2026-09-10 00:46:50        forbidding_indochinesetiger_ef6b39eb
INFO  [00:47:33.589]  2026-09-10 00:46:46               colourable_bellsnake_3fd3292a
INFO  [00:47:33.589]  2026-09-10 00:46:48               supreme_africancivet_fabdcc10
INFO  [00:47:33.589]  2026-09-10 00:46:54                   forest_dassierat_8e933942
INFO  [00:47:33.589]  2026-09-10 00:46:56                 burgundy_iguanodon_88475b47
INFO  [00:47:33.589]  2026-09-10 00:46:57                balanced_harvestmen_c906e0ca
INFO  [00:47:33.589]  2026-09-10 00:46:58                   paternal_macaque_75aca95a
INFO  [00:47:33.589]  2026-09-10 00:47:00           seagoing_americanbulldog_05da8965
INFO  [00:47:33.589]  2026-09-10 00:46:52                 illadvised_tuatara_b42e4faf
INFO  [00:47:33.589]  2026-09-10 00:47:01                        free_taruca_c3e6ca69
INFO  [00:47:33.589]  2026-09-10 00:47:03                 successive_flicker_454b71ff
INFO  [00:47:33.589]  2026-09-10 00:47:06                     rutile_narwhal_fc5778d7
INFO  [00:47:33.589]  2026-09-10 00:47:02       uncontradicted_sockeyesalmon_0dfb3966
INFO  [00:47:33.589]  2026-09-10 00:47:07                  refundable_shrike_96622ce8
INFO  [00:47:33.589]  2026-09-10 00:47:04                halffeminine_martin_b808771a
INFO  [00:47:33.589]  2026-09-10 00:47:08                 timely_gardensnake_3be03276
INFO  [00:47:33.589]  2026-09-10 00:47:09               horrendous_wreckfish_e45e772b
INFO  [00:47:33.589]  2026-09-10 00:47:12                 enumerable_primate_b28746cf
INFO  [00:47:33.589]  2026-09-10 00:47:14               meritocratic_gerenuk_ba958ef3
INFO  [00:47:33.589]  2026-09-10 00:47:13         structural_azurevasesponge_2c2a550d
INFO  [00:47:33.589]       timestamp_loop                                   worker_id
INFO  [00:47:34.173] [mlr3] Calling train method of fallback 'regr.ranger' on task 'surrogate_task' with 476 observations {learner: <LearnerRegrRanger/LearnerRegr/Learner/R6>}
INFO  [00:47:35.388] [mlr3] Calling train method of fallback 'regr.ranger' on task 'surrogate_task' with 477 observations {learner: <LearnerRegrRanger/LearnerRegr/Learner/R6>}
INFO  [00:47:36.631] [mlr3] Calling train method of fallback 'regr.ranger' on task 'surrogate_task' with 478 observations {learner: <LearnerRegrRanger/LearnerRegr/Learner/R6>}
INFO  [00:47:37.824] [mlr3] Calling train method of fallback 'regr.ranger' on task 'surrogate_task' with 479 observations {learner: <LearnerRegrRanger/LearnerRegr/Learner/R6>}
INFO  [00:47:38.990] [mlr3] Calling train method of fallback 'regr.ranger' on task 'surrogate_task' with 480 observations {learner: <LearnerRegrRanger/LearnerRegr/Learner/R6>}
INFO  [00:47:40.250] [mlr3] Calling train method of fallback 'regr.ranger' on task 'surrogate_task' with 481 observations {learner: <LearnerRegrRanger/LearnerRegr/Learner/R6>}
INFO  [00:47:41.501] [mlr3] Calling train method of fallback 'regr.ranger' on task 'surrogate_task' with 482 observations {learner: <LearnerRegrRanger/LearnerRegr/Learner/R6>}
INFO  [00:47:42.620] [mlr3] Calling train method of fallback 'regr.ranger' on task 'surrogate_task' with 483 observations {learner: <LearnerRegrRanger/LearnerRegr/Learner/R6>}
INFO  [00:47:43.822] [mlr3] Calling train method of fallback 'regr.ranger' on task 'surrogate_task' with 484 observations {learner: <LearnerRegrRanger/LearnerRegr/Learner/R6>}
INFO  [00:47:44.963] [mlr3] Calling train method of fallback 'regr.ranger' on task 'surrogate_task' with 485 observations {learner: <LearnerRegrRanger/LearnerRegr/Learner/R6>}
INFO  [00:47:46.166] [mlr3] Calling train method of fallback 'regr.ranger' on task 'surrogate_task' with 486 observations {learner: <LearnerRegrRanger/LearnerRegr/Learner/R6>}
INFO  [00:47:47.398] [mlr3] Calling train method of fallback 'regr.ranger' on task 'surrogate_task' with 487 observations {learner: <LearnerRegrRanger/LearnerRegr/Learner/R6>}
INFO  [00:47:48.582] [mlr3] Calling train method of fallback 'regr.ranger' on task 'surrogate_task' with 488 observations {learner: <LearnerRegrRanger/LearnerRegr/Learner/R6>}
INFO  [00:47:49.878] [mlr3] Calling train method of fallback 'regr.ranger' on task 'surrogate_task' with 489 observations {learner: <LearnerRegrRanger/LearnerRegr/Learner/R6>}
INFO  [00:47:51.136] [mlr3] Calling train method of fallback 'regr.ranger' on task 'surrogate_task' with 490 observations {learner: <LearnerRegrRanger/LearnerRegr/Learner/R6>}
INFO  [00:47:52.312] [mlr3] Calling train method of fallback 'regr.ranger' on task 'surrogate_task' with 491 observations {learner: <LearnerRegrRanger/LearnerRegr/Learner/R6>}
INFO  [00:47:53.508] [mlr3] Calling train method of fallback 'regr.ranger' on task 'surrogate_task' with 492 observations {learner: <LearnerRegrRanger/LearnerRegr/Learner/R6>}
INFO  [00:47:54.736] [mlr3] Calling train method of fallback 'regr.ranger' on task 'surrogate_task' with 493 observations {learner: <LearnerRegrRanger/LearnerRegr/Learner/R6>}
INFO  [00:47:55.981] [mlr3] Calling train method of fallback 'regr.ranger' on task 'surrogate_task' with 494 observations {learner: <LearnerRegrRanger/LearnerRegr/Learner/R6>}
INFO  [00:47:57.197] [mlr3] Calling train method of fallback 'regr.ranger' on task 'surrogate_task' with 495 observations {learner: <LearnerRegrRanger/LearnerRegr/Learner/R6>}
INFO  [00:47:58.450] [mlr3] Calling train method of fallback 'regr.ranger' on task 'surrogate_task' with 496 observations {learner: <LearnerRegrRanger/LearnerRegr/Learner/R6>}
INFO  [00:47:59.733] [mlr3] Calling train method of fallback 'regr.ranger' on task 'surrogate_task' with 497 observations {learner: <LearnerRegrRanger/LearnerRegr/Learner/R6>}
INFO  [00:48:00.983] [mlr3] Calling train method of fallback 'regr.ranger' on task 'surrogate_task' with 498 observations {learner: <LearnerRegrRanger/LearnerRegr/Learner/R6>}
INFO  [00:48:02.261] [mlr3] Calling train method of fallback 'regr.ranger' on task 'surrogate_task' with 499 observations {learner: <LearnerRegrRanger/LearnerRegr/Learner/R6>}
INFO  [00:48:03.629] [mlr3] Calling train method of fallback 'regr.ranger' on task 'surrogate_task' with 500 observations {learner: <LearnerRegrRanger/LearnerRegr/Learner/R6>}
INFO  [00:48:04.908] [mlr3] Calling train method of fallback 'regr.ranger' on task 'surrogate_task' with 501 observations {learner: <LearnerRegrRanger/LearnerRegr/Learner/R6>}
INFO  [00:48:06.520] [mlr3] Calling train method of fallback 'regr.ranger' on task 'surrogate_task' with 502 observations {learner: <LearnerRegrRanger/LearnerRegr/Learner/R6>}
INFO  [00:48:07.671] [mlr3] Calling train method of fallback 'regr.ranger' on task 'surrogate_task' with 503 observations {learner: <LearnerRegrRanger/LearnerRegr/Learner/R6>}
INFO  [00:48:08.979] [mlr3] Calling train method of fallback 'regr.ranger' on task 'surrogate_task' with 504 observations {learner: <LearnerRegrRanger/LearnerRegr/Learner/R6>}
INFO  [00:48:10.166] [mlr3] Calling train method of fallback 'regr.ranger' on task 'surrogate_task' with 505 observations {learner: <LearnerRegrRanger/LearnerRegr/Learner/R6>}
INFO  [00:48:11.449] [mlr3] Calling train method of fallback 'regr.ranger' on task 'surrogate_task' with 506 observations {learner: <LearnerRegrRanger/LearnerRegr/Learner/R6>}
INFO  [00:48:12.669] [mlr3] Calling train method of fallback 'regr.ranger' on task 'surrogate_task' with 507 observations {learner: <LearnerRegrRanger/LearnerRegr/Learner/R6>}
INFO  [00:48:13.947] [mlr3] Calling train method of fallback 'regr.ranger' on task 'surrogate_task' with 508 observations {learner: <LearnerRegrRanger/LearnerRegr/Learner/R6>}
INFO  [00:48:15.135] [mlr3] Calling train method of fallback 'regr.ranger' on task 'surrogate_task' with 509 observations {learner: <LearnerRegrRanger/LearnerRegr/Learner/R6>}
INFO  [00:48:16.308] [mlr3] Calling train method of fallback 'regr.ranger' on task 'surrogate_task' with 510 observations {learner: <LearnerRegrRanger/LearnerRegr/Learner/R6>}
INFO  [00:48:17.597] [mlr3] Calling train method of fallback 'regr.ranger' on task 'surrogate_task' with 511 observations {learner: <LearnerRegrRanger/LearnerRegr/Learner/R6>}
INFO  [00:48:18.899] [mlr3] Calling train method of fallback 'regr.ranger' on task 'surrogate_task' with 512 observations {learner: <LearnerRegrRanger/LearnerRegr/Learner/R6>}
INFO  [00:48:20.172] [mlr3] Calling train method of fallback 'regr.ranger' on task 'surrogate_task' with 513 observations {learner: <LearnerRegrRanger/LearnerRegr/Learner/R6>}
INFO  [00:48:21.435] [mlr3] Calling train method of fallback 'regr.ranger' on task 'surrogate_task' with 514 observations {learner: <LearnerRegrRanger/LearnerRegr/Learner/R6>}
INFO  [00:48:22.665] [mlr3] Calling train method of fallback 'regr.ranger' on task 'surrogate_task' with 515 observations {learner: <LearnerRegrRanger/LearnerRegr/Learner/R6>}
INFO  [00:48:23.929] [mlr3] Calling train method of fallback 'regr.ranger' on task 'surrogate_task' with 516 observations {learner: <LearnerRegrRanger/LearnerRegr/Learner/R6>}
INFO  [00:48:25.291] [mlr3] Calling train method of fallback 'regr.ranger' on task 'surrogate_task' with 517 observations {learner: <LearnerRegrRanger/LearnerRegr/Learner/R6>}
INFO  [00:48:26.554] [mlr3] Calling train method of fallback 'regr.ranger' on task 'surrogate_task' with 518 observations {learner: <LearnerRegrRanger/LearnerRegr/Learner/R6>}
INFO  [00:48:27.813] [mlr3] Calling train method of fallback 'regr.ranger' on task 'surrogate_task' with 519 observations {learner: <LearnerRegrRanger/LearnerRegr/Learner/R6>}
INFO  [00:48:29.094] [mlr3] Calling train method of fallback 'regr.ranger' on task 'surrogate_task' with 520 observations {learner: <LearnerRegrRanger/LearnerRegr/Learner/R6>}
INFO  [00:48:30.380] [mlr3] Calling train method of fallback 'regr.ranger' on task 'surrogate_task' with 521 observations {learner: <LearnerRegrRanger/LearnerRegr/Learner/R6>}
INFO  [00:48:31.713] [mlr3] Calling train method of fallback 'regr.ranger' on task 'surrogate_task' with 522 observations {learner: <LearnerRegrRanger/LearnerRegr/Learner/R6>}
INFO  [00:48:33.007] [mlr3] Calling train method of fallback 'regr.ranger' on task 'surrogate_task' with 523 observations {learner: <LearnerRegrRanger/LearnerRegr/Learner/R6>}
INFO  [00:48:34.357] [mlr3] Calling train method of fallback 'regr.ranger' on task 'surrogate_task' with 524 observations {learner: <LearnerRegrRanger/LearnerRegr/Learner/R6>}
INFO  [00:48:35.761] [mlr3] Calling train method of fallback 'regr.ranger' on task 'surrogate_task' with 525 observations {learner: <LearnerRegrRanger/LearnerRegr/Learner/R6>}
INFO  [00:48:37.031] [mlr3] Calling train method of fallback 'regr.ranger' on task 'surrogate_task' with 526 observations {learner: <LearnerRegrRanger/LearnerRegr/Learner/R6>}
INFO  [00:48:38.271] [mlr3] Calling train method of fallback 'regr.ranger' on task 'surrogate_task' with 527 observations {learner: <LearnerRegrRanger/LearnerRegr/Learner/R6>}
INFO  [00:48:39.678] [mlr3] Calling train method of fallback 'regr.ranger' on task 'surrogate_task' with 528 observations {learner: <LearnerRegrRanger/LearnerRegr/Learner/R6>}
INFO  [00:48:40.877] [mlr3] Calling train method of fallback 'regr.ranger' on task 'surrogate_task' with 529 observations {learner: <LearnerRegrRanger/LearnerRegr/Learner/R6>}
INFO  [00:48:42.124] [mlr3] Calling train method of fallback 'regr.ranger' on task 'surrogate_task' with 530 observations {learner: <LearnerRegrRanger/LearnerRegr/Learner/R6>}
INFO  [00:48:43.349] [mlr3] Calling train method of fallback 'regr.ranger' on task 'surrogate_task' with 531 observations {learner: <LearnerRegrRanger/LearnerRegr/Learner/R6>}
INFO  [00:48:44.596] [mlr3] Calling train method of fallback 'regr.ranger' on task 'surrogate_task' with 532 observations {learner: <LearnerRegrRanger/LearnerRegr/Learner/R6>}
INFO  [00:48:45.793] [mlr3] Calling train method of fallback 'regr.ranger' on task 'surrogate_task' with 533 observations {learner: <LearnerRegrRanger/LearnerRegr/Learner/R6>}
INFO  [00:48:47.037] [mlr3] Calling train method of fallback 'regr.ranger' on task 'surrogate_task' with 534 observations {learner: <LearnerRegrRanger/LearnerRegr/Learner/R6>}
INFO  [00:48:48.223] [mlr3] Calling train method of fallback 'regr.ranger' on task 'surrogate_task' with 535 observations {learner: <LearnerRegrRanger/LearnerRegr/Learner/R6>}
INFO  [00:48:49.437] [mlr3] Calling train method of fallback 'regr.ranger' on task 'surrogate_task' with 536 observations {learner: <LearnerRegrRanger/LearnerRegr/Learner/R6>}
INFO  [00:48:50.700] [mlr3] Calling train method of fallback 'regr.ranger' on task 'surrogate_task' with 537 observations {learner: <LearnerRegrRanger/LearnerRegr/Learner/R6>}
INFO  [00:48:51.962] [mlr3] Calling train method of fallback 'regr.ranger' on task 'surrogate_task' with 538 observations {learner: <LearnerRegrRanger/LearnerRegr/Learner/R6>}
INFO  [00:48:53.188] [mlr3] Calling train method of fallback 'regr.ranger' on task 'surrogate_task' with 539 observations {learner: <LearnerRegrRanger/LearnerRegr/Learner/R6>}
INFO  [00:48:54.470] [mlr3] Calling train method of fallback 'regr.ranger' on task 'surrogate_task' with 540 observations {learner: <LearnerRegrRanger/LearnerRegr/Learner/R6>}
INFO  [00:48:55.728] [mlr3] Calling train method of fallback 'regr.ranger' on task 'surrogate_task' with 541 observations {learner: <LearnerRegrRanger/LearnerRegr/Learner/R6>}
INFO  [00:48:57.138] [mlr3] Calling train method of fallback 'regr.ranger' on task 'surrogate_task' with 542 observations {learner: <LearnerRegrRanger/LearnerRegr/Learner/R6>}
INFO  [00:49:01.926] [mlr3] Calling train method of fallback 'regr.ranger' on task 'surrogate_task' with 543 observations {learner: <LearnerRegrRanger/LearnerRegr/Learner/R6>}
INFO  [00:49:03.258] [mlr3] Calling train method of fallback 'regr.ranger' on task 'surrogate_task' with 544 observations {learner: <LearnerRegrRanger/LearnerRegr/Learner/R6>}
INFO  [00:49:04.637] [mlr3] Calling train method of fallback 'regr.ranger' on task 'surrogate_task' with 545 observations {learner: <LearnerRegrRanger/LearnerRegr/Learner/R6>}
INFO  [00:49:05.968] [mlr3] Calling train method of fallback 'regr.ranger' on task 'surrogate_task' with 546 observations {learner: <LearnerRegrRanger/LearnerRegr/Learner/R6>}
INFO  [00:49:07.317] [mlr3] Calling train method of fallback 'regr.ranger' on task 'surrogate_task' with 547 observations {learner: <LearnerRegrRanger/LearnerRegr/Learner/R6>}
INFO  [00:49:08.622] [mlr3] Calling train method of fallback 'regr.ranger' on task 'surrogate_task' with 548 observations {learner: <LearnerRegrRanger/LearnerRegr/Learner/R6>}
INFO  [00:49:09.957] [mlr3] Calling train method of fallback 'regr.ranger' on task 'surrogate_task' with 549 observations {learner: <LearnerRegrRanger/LearnerRegr/Learner/R6>}
INFO  [00:49:11.290] [mlr3] Calling train method of fallback 'regr.ranger' on task 'surrogate_task' with 550 observations {learner: <LearnerRegrRanger/LearnerRegr/Learner/R6>}
INFO  [00:49:12.591] [mlr3] Calling train method of fallback 'regr.ranger' on task 'surrogate_task' with 551 observations {learner: <LearnerRegrRanger/LearnerRegr/Learner/R6>}
INFO  [00:49:13.953] [mlr3] Calling train method of fallback 'regr.ranger' on task 'surrogate_task' with 552 observations {learner: <LearnerRegrRanger/LearnerRegr/Learner/R6>}
INFO  [00:49:15.285] [mlr3] Calling train method of fallback 'regr.ranger' on task 'surrogate_task' with 553 observations {learner: <LearnerRegrRanger/LearnerRegr/Learner/R6>}
INFO  [00:49:16.583] [mlr3] Calling train method of fallback 'regr.ranger' on task 'surrogate_task' with 554 observations {learner: <LearnerRegrRanger/LearnerRegr/Learner/R6>}
INFO  [00:49:18.069] [mlr3] Calling train method of fallback 'regr.ranger' on task 'surrogate_task' with 555 observations {learner: <LearnerRegrRanger/LearnerRegr/Learner/R6>}
INFO  [00:49:19.363] [mlr3] Calling train method of fallback 'regr.ranger' on task 'surrogate_task' with 556 observations {learner: <LearnerRegrRanger/LearnerRegr/Learner/R6>}
INFO  [00:49:20.735] [mlr3] Calling train method of fallback 'regr.ranger' on task 'surrogate_task' with 557 observations {learner: <LearnerRegrRanger/LearnerRegr/Learner/R6>}
INFO  [00:49:22.012] [mlr3] Calling train method of fallback 'regr.ranger' on task 'surrogate_task' with 558 observations {learner: <LearnerRegrRanger/LearnerRegr/Learner/R6>}
INFO  [00:49:23.327] [mlr3] Calling train method of fallback 'regr.ranger' on task 'surrogate_task' with 559 observations {learner: <LearnerRegrRanger/LearnerRegr/Learner/R6>}
INFO  [00:49:24.640] [mlr3] Calling train method of fallback 'regr.ranger' on task 'surrogate_task' with 560 observations {learner: <LearnerRegrRanger/LearnerRegr/Learner/R6>}
INFO  [00:49:25.942] [mlr3] Calling train method of fallback 'regr.ranger' on task 'surrogate_task' with 561 observations {learner: <LearnerRegrRanger/LearnerRegr/Learner/R6>}
INFO  [00:49:27.263] [mlr3] Calling train method of fallback 'regr.ranger' on task 'surrogate_task' with 562 observations {learner: <LearnerRegrRanger/LearnerRegr/Learner/R6>}
INFO  [00:49:28.559] [mlr3] Calling train method of fallback 'regr.ranger' on task 'surrogate_task' with 563 observations {learner: <LearnerRegrRanger/LearnerRegr/Learner/R6>}
INFO  [00:49:29.900] [mlr3] Calling train method of fallback 'regr.ranger' on task 'surrogate_task' with 564 observations {learner: <LearnerRegrRanger/LearnerRegr/Learner/R6>}
INFO  [00:49:31.266] [mlr3] Calling train method of fallback 'regr.ranger' on task 'surrogate_task' with 565 observations {learner: <LearnerRegrRanger/LearnerRegr/Learner/R6>}
INFO  [00:49:32.628] [mlr3] Calling train method of fallback 'regr.ranger' on task 'surrogate_task' with 566 observations {learner: <LearnerRegrRanger/LearnerRegr/Learner/R6>}
INFO  [00:49:33.983] [mlr3] Calling train method of fallback 'regr.ranger' on task 'surrogate_task' with 567 observations {learner: <LearnerRegrRanger/LearnerRegr/Learner/R6>}
INFO  [00:49:35.244] [mlr3] Calling train method of fallback 'regr.ranger' on task 'surrogate_task' with 568 observations {learner: <LearnerRegrRanger/LearnerRegr/Learner/R6>}
INFO  [00:49:36.576] [mlr3] Calling train method of fallback 'regr.ranger' on task 'surrogate_task' with 569 observations {learner: <LearnerRegrRanger/LearnerRegr/Learner/R6>}
INFO  [00:49:37.902] [mlr3] Calling train method of fallback 'regr.ranger' on task 'surrogate_task' with 570 observations {learner: <LearnerRegrRanger/LearnerRegr/Learner/R6>}
INFO  [00:49:39.299] [mlr3] Calling train method of fallback 'regr.ranger' on task 'surrogate_task' with 571 observations {learner: <LearnerRegrRanger/LearnerRegr/Learner/R6>}
INFO  [00:49:40.693] [mlr3] Calling train method of fallback 'regr.ranger' on task 'surrogate_task' with 572 observations {learner: <LearnerRegrRanger/LearnerRegr/Learner/R6>}
INFO  [00:49:42.084] [mlr3] Calling train method of fallback 'regr.ranger' on task 'surrogate_task' with 573 observations {learner: <LearnerRegrRanger/LearnerRegr/Learner/R6>}
INFO  [00:49:43.433] [mlr3] Calling train method of fallback 'regr.ranger' on task 'surrogate_task' with 573 observations {learner: <LearnerRegrRanger/LearnerRegr/Learner/R6>}
INFO  [00:49:44.769] [mlr3] Calling train method of fallback 'regr.ranger' on task 'surrogate_task' with 575 observations {learner: <LearnerRegrRanger/LearnerRegr/Learner/R6>}
INFO  [00:49:46.090] [mlr3] Calling train method of fallback 'regr.ranger' on task 'surrogate_task' with 576 observations {learner: <LearnerRegrRanger/LearnerRegr/Learner/R6>}
INFO  [00:49:47.439] [mlr3] Calling train method of fallback 'regr.ranger' on task 'surrogate_task' with 577 observations {learner: <LearnerRegrRanger/LearnerRegr/Learner/R6>}
INFO  [00:49:48.886] [mlr3] Calling train method of fallback 'regr.ranger' on task 'surrogate_task' with 578 observations {learner: <LearnerRegrRanger/LearnerRegr/Learner/R6>}
INFO  [00:49:50.352] [mlr3] Calling train method of fallback 'regr.ranger' on task 'surrogate_task' with 579 observations {learner: <LearnerRegrRanger/LearnerRegr/Learner/R6>}
INFO  [00:49:52.111] [mlr3] Calling train method of fallback 'regr.ranger' on task 'surrogate_task' with 580 observations {learner: <LearnerRegrRanger/LearnerRegr/Learner/R6>}
INFO  [00:49:53.552] [mlr3] Calling train method of fallback 'regr.ranger' on task 'surrogate_task' with 581 observations {learner: <LearnerRegrRanger/LearnerRegr/Learner/R6>}
INFO  [00:49:55.016] [mlr3] Calling train method of fallback 'regr.ranger' on task 'surrogate_task' with 582 observations {learner: <LearnerRegrRanger/LearnerRegr/Learner/R6>}
INFO  [00:49:56.564] [mlr3] Calling train method of fallback 'regr.ranger' on task 'surrogate_task' with 583 observations {learner: <LearnerRegrRanger/LearnerRegr/Learner/R6>}
INFO  [00:49:57.925] [mlr3] Calling train method of fallback 'regr.ranger' on task 'surrogate_task' with 584 observations {learner: <LearnerRegrRanger/LearnerRegr/Learner/R6>}
INFO  [00:49:59.285] [mlr3] Calling train method of fallback 'regr.ranger' on task 'surrogate_task' with 585 observations {learner: <LearnerRegrRanger/LearnerRegr/Learner/R6>}
INFO  [00:50:00.640] [mlr3] Calling train method of fallback 'regr.ranger' on task 'surrogate_task' with 586 observations {learner: <LearnerRegrRanger/LearnerRegr/Learner/R6>}
INFO  [00:50:02.015] [mlr3] Calling train method of fallback 'regr.ranger' on task 'surrogate_task' with 587 observations {learner: <LearnerRegrRanger/LearnerRegr/Learner/R6>}
INFO  [00:50:03.395] [mlr3] Calling train method of fallback 'regr.ranger' on task 'surrogate_task' with 588 observations {learner: <LearnerRegrRanger/LearnerRegr/Learner/R6>}
INFO  [00:50:04.753] [mlr3] Calling train method of fallback 'regr.ranger' on task 'surrogate_task' with 589 observations {learner: <LearnerRegrRanger/LearnerRegr/Learner/R6>}
INFO  [00:50:06.537] [mlr3] Calling train method of fallback 'regr.ranger' on task 'surrogate_task' with 590 observations {learner: <LearnerRegrRanger/LearnerRegr/Learner/R6>}
INFO  [00:50:07.895] [mlr3] Calling train method of fallback 'regr.ranger' on task 'surrogate_task' with 591 observations {learner: <LearnerRegrRanger/LearnerRegr/Learner/R6>}
INFO  [00:50:09.249] [mlr3] Calling train method of fallback 'regr.ranger' on task 'surrogate_task' with 592 observations {learner: <LearnerRegrRanger/LearnerRegr/Learner/R6>}
INFO  [00:50:10.642] [mlr3] Calling train method of fallback 'regr.ranger' on task 'surrogate_task' with 593 observations {learner: <LearnerRegrRanger/LearnerRegr/Learner/R6>}
INFO  [00:50:12.213] [mlr3] Calling train method of fallback 'regr.ranger' on task 'surrogate_task' with 594 observations {learner: <LearnerRegrRanger/LearnerRegr/Learner/R6>}
INFO  [00:50:13.596] [mlr3] Calling train method of fallback 'regr.ranger' on task 'surrogate_task' with 595 observations {learner: <LearnerRegrRanger/LearnerRegr/Learner/R6>}
INFO  [00:50:14.952] [mlr3] Calling train method of fallback 'regr.ranger' on task 'surrogate_task' with 596 observations {learner: <LearnerRegrRanger/LearnerRegr/Learner/R6>}
INFO  [00:50:16.327] [mlr3] Calling train method of fallback 'regr.ranger' on task 'surrogate_task' with 597 observations {learner: <LearnerRegrRanger/LearnerRegr/Learner/R6>}
INFO  [00:50:17.682] [mlr3] Calling train method of fallback 'regr.ranger' on task 'surrogate_task' with 598 observations {learner: <LearnerRegrRanger/LearnerRegr/Learner/R6>}
INFO  [00:50:19.023] [mlr3] Calling train method of fallback 'regr.ranger' on task 'surrogate_task' with 599 observations {learner: <LearnerRegrRanger/LearnerRegr/Learner/R6>}
INFO  [00:50:20.345] [mlr3] Calling train method of fallback 'regr.ranger' on task 'surrogate_task' with 600 observations {learner: <LearnerRegrRanger/LearnerRegr/Learner/R6>}
INFO  [00:50:21.689] [mlr3] Calling train method of fallback 'regr.ranger' on task 'surrogate_task' with 601 observations {learner: <LearnerRegrRanger/LearnerRegr/Learner/R6>}
INFO  [00:50:23.073] [mlr3] Calling train method of fallback 'regr.ranger' on task 'surrogate_task' with 602 observations {learner: <LearnerRegrRanger/LearnerRegr/Learner/R6>}
INFO  [00:50:24.468] [mlr3] Calling train method of fallback 'regr.ranger' on task 'surrogate_task' with 603 observations {learner: <LearnerRegrRanger/LearnerRegr/Learner/R6>}
INFO  [00:50:25.820] [mlr3] Calling train method of fallback 'regr.ranger' on task 'surrogate_task' with 604 observations {learner: <LearnerRegrRanger/LearnerRegr/Learner/R6>}
INFO  [00:50:27.319] [mlr3] Calling train method of fallback 'regr.ranger' on task 'surrogate_task' with 605 observations {learner: <LearnerRegrRanger/LearnerRegr/Learner/R6>}
INFO  [00:50:28.771] [mlr3] Calling train method of fallback 'regr.ranger' on task 'surrogate_task' with 606 observations {learner: <LearnerRegrRanger/LearnerRegr/Learner/R6>}
INFO  [00:50:30.239] [mlr3] Calling train method of fallback 'regr.ranger' on task 'surrogate_task' with 607 observations {learner: <LearnerRegrRanger/LearnerRegr/Learner/R6>}
INFO  [00:50:31.658] [mlr3] Calling train method of fallback 'regr.ranger' on task 'surrogate_task' with 608 observations {learner: <LearnerRegrRanger/LearnerRegr/Learner/R6>}
INFO  [00:50:33.070] [mlr3] Calling train method of fallback 'regr.ranger' on task 'surrogate_task' with 609 observations {learner: <LearnerRegrRanger/LearnerRegr/Learner/R6>}
INFO  [00:50:34.429] [mlr3] Calling train method of fallback 'regr.ranger' on task 'surrogate_task' with 610 observations {learner: <LearnerRegrRanger/LearnerRegr/Learner/R6>}
INFO  [00:50:35.807] [mlr3] Calling train method of fallback 'regr.ranger' on task 'surrogate_task' with 611 observations {learner: <LearnerRegrRanger/LearnerRegr/Learner/R6>}
INFO  [00:50:37.212] [mlr3] Calling train method of fallback 'regr.ranger' on task 'surrogate_task' with 612 observations {learner: <LearnerRegrRanger/LearnerRegr/Learner/R6>}
INFO  [00:50:38.628] [mlr3] Calling train method of fallback 'regr.ranger' on task 'surrogate_task' with 613 observations {learner: <LearnerRegrRanger/LearnerRegr/Learner/R6>}
INFO  [00:50:40.173] [mlr3] Calling train method of fallback 'regr.ranger' on task 'surrogate_task' with 614 observations {learner: <LearnerRegrRanger/LearnerRegr/Learner/R6>}
INFO  [00:50:41.639] [mlr3] Calling train method of fallback 'regr.ranger' on task 'surrogate_task' with 615 observations {learner: <LearnerRegrRanger/LearnerRegr/Learner/R6>}
INFO  [00:50:43.119] [mlr3] Calling train method of fallback 'regr.ranger' on task 'surrogate_task' with 616 observations {learner: <LearnerRegrRanger/LearnerRegr/Learner/R6>}
INFO  [00:50:44.528] [mlr3] Calling train method of fallback 'regr.ranger' on task 'surrogate_task' with 617 observations {learner: <LearnerRegrRanger/LearnerRegr/Learner/R6>}
INFO  [00:50:45.899] [mlr3] Calling train method of fallback 'regr.ranger' on task 'surrogate_task' with 618 observations {learner: <LearnerRegrRanger/LearnerRegr/Learner/R6>}
INFO  [00:50:47.384] [mlr3] Calling train method of fallback 'regr.ranger' on task 'surrogate_task' with 619 observations {learner: <LearnerRegrRanger/LearnerRegr/Learner/R6>}
INFO  [00:50:48.813] [mlr3] Calling train method of fallback 'regr.ranger' on task 'surrogate_task' with 620 observations {learner: <LearnerRegrRanger/LearnerRegr/Learner/R6>}
INFO  [00:50:50.270] [mlr3] Calling train method of fallback 'regr.ranger' on task 'surrogate_task' with 621 observations {learner: <LearnerRegrRanger/LearnerRegr/Learner/R6>}
INFO  [00:50:51.686] [mlr3] Calling train method of fallback 'regr.ranger' on task 'surrogate_task' with 622 observations {learner: <LearnerRegrRanger/LearnerRegr/Learner/R6>}
INFO  [00:50:53.214] [mlr3] Calling train method of fallback 'regr.ranger' on task 'surrogate_task' with 623 observations {learner: <LearnerRegrRanger/LearnerRegr/Learner/R6>}
INFO  [00:50:54.681] [mlr3] Calling train method of fallback 'regr.ranger' on task 'surrogate_task' with 624 observations {learner: <LearnerRegrRanger/LearnerRegr/Learner/R6>}
INFO  [00:50:56.078] [mlr3] Calling train method of fallback 'regr.ranger' on task 'surrogate_task' with 625 observations {learner: <LearnerRegrRanger/LearnerRegr/Learner/R6>}
INFO  [00:50:57.562] [mlr3] Calling train method of fallback 'regr.ranger' on task 'surrogate_task' with 626 observations {learner: <LearnerRegrRanger/LearnerRegr/Learner/R6>}
INFO  [00:50:59.037] [mlr3] Calling train method of fallback 'regr.ranger' on task 'surrogate_task' with 627 observations {learner: <LearnerRegrRanger/LearnerRegr/Learner/R6>}
INFO  [00:51:00.457] [mlr3] Calling train method of fallback 'regr.ranger' on task 'surrogate_task' with 628 observations {learner: <LearnerRegrRanger/LearnerRegr/Learner/R6>}
INFO  [00:51:01.855] [mlr3] Calling train method of fallback 'regr.ranger' on task 'surrogate_task' with 629 observations {learner: <LearnerRegrRanger/LearnerRegr/Learner/R6>}
INFO  [00:51:03.310] [mlr3] Calling train method of fallback 'regr.ranger' on task 'surrogate_task' with 630 observations {learner: <LearnerRegrRanger/LearnerRegr/Learner/R6>}
INFO  [00:51:04.754] [mlr3] Calling train method of fallback 'regr.ranger' on task 'surrogate_task' with 631 observations {learner: <LearnerRegrRanger/LearnerRegr/Learner/R6>}
INFO  [00:51:06.207] [mlr3] Calling train method of fallback 'regr.ranger' on task 'surrogate_task' with 632 observations {learner: <LearnerRegrRanger/LearnerRegr/Learner/R6>}
INFO  [00:51:07.715] [mlr3] Calling train method of fallback 'regr.ranger' on task 'surrogate_task' with 633 observations {learner: <LearnerRegrRanger/LearnerRegr/Learner/R6>}
INFO  [00:51:09.124] [mlr3] Calling train method of fallback 'regr.ranger' on task 'surrogate_task' with 634 observations {learner: <LearnerRegrRanger/LearnerRegr/Learner/R6>}
INFO  [00:51:10.567] [mlr3] Calling train method of fallback 'regr.ranger' on task 'surrogate_task' with 635 observations {learner: <LearnerRegrRanger/LearnerRegr/Learner/R6>}
INFO  [00:51:12.089] [mlr3] Calling train method of fallback 'regr.ranger' on task 'surrogate_task' with 636 observations {learner: <LearnerRegrRanger/LearnerRegr/Learner/R6>}
INFO  [00:51:13.517] [mlr3] Calling train method of fallback 'regr.ranger' on task 'surrogate_task' with 637 observations {learner: <LearnerRegrRanger/LearnerRegr/Learner/R6>}
INFO  [00:51:13.574] Finished optimizing after 624 evaluation(s)
INFO  [00:51:13.576] Result:
INFO  [00:51:13.580]  learning_rate num_leaves min_data_in_leaf feature_fraction extra_trees
INFO  [00:51:13.580]      -1.016914         70               90         0.758188        TRUE
INFO  [00:51:13.580]  lambda_l1 lambda_l2 min_gain_to_split internal_tuned_values learner_param_vals
INFO  [00:51:13.580]   -4.63326  2.411245         -4.611885     num_iterations=28         <list[12]>
INFO  [00:51:13.580]   x_domain classif.ce
INFO  [00:51:13.580]  <list[8]>     0.0175
INFO  [00:51:13.582] [rush] Kill worker 'ungeometrical_iberianbarbel_5f452052'
INFO  [00:51:13.584] [rush] Kill worker 'coveting_wyvern_634c0b47'
INFO  [00:51:13.586] [rush] Kill worker 'preliminary_stonefly_7430092a'
INFO  [00:51:13.587] [rush] Kill worker 'untheological_harvestmen_537b0003'
INFO  [00:51:13.589] [rush] Kill worker 'horrorstruck_cassowary_fd027a3c'
INFO  [00:51:13.591] [rush] Kill worker 'lustered_galapagosmockingbird_8129a9d8'
INFO  [00:51:13.593] [rush] Kill worker 'cosmographic_diplodocus_bf03cacb'
INFO  [00:51:13.595] [rush] Kill worker 'fireproof_harborporpoise_f95be3a0'
INFO  [00:51:13.596] [rush] Kill worker 'neurological_americanwirehair_3bbc26bd'
INFO  [00:51:13.598] [rush] Kill worker 'deprecative_eyra_35cb478d'
INFO  [00:51:13.600] [rush] Kill worker 'distorted_flatfish_127dfc8a'
INFO  [00:51:13.602] [rush] Kill worker 'supersweet_hydatidtapeworm_63a5826f'
INFO  [00:51:13.604] [rush] Kill worker 'larvicidal_bigmouthbass_00d29013'
INFO  [00:51:13.605] [rush] Kill worker 'colouristic_termite_1c8a8122'
INFO  [00:51:13.607] [rush] Kill worker 'extragalactic_rhino_12186dea'
INFO  [00:51:13.609] [rush] Kill worker 'almond_egret_dc2329a0'
INFO  [00:51:13.611] [rush] Kill worker 'idled_maiasaura_abbf05e0'
INFO  [00:51:13.613] [rush] Kill worker 'unwholesome_brahmanbull_ad77d712'
INFO  [00:51:13.615] [rush] Kill worker 'seismic_redstart_6e4aca25'
INFO  [00:51:13.616] [rush] Kill worker 'downy_crossbill_8e435130'
INFO  [00:51:13.618] [rush] Kill worker 'forest_dassierat_8e933942'
INFO  [00:51:13.620] [rush] Kill worker 'grey_shibainu_b49768e9'
INFO  [00:51:13.622] [rush] Kill worker 'lionhearted_frogmouth_df2a5cbe'
INFO  [00:51:13.623] [rush] Kill worker 'taxing_iberianmidwifetoad_0fff6e54'
INFO  [00:51:13.625] [rush] Kill worker 'thieving_madagascarhissingroach_5713d1e2'
INFO  [00:51:13.627] [rush] Kill worker 'highhanded_foxhound_d2e60d94'
INFO  [00:51:13.629] [rush] Kill worker 'carnous_paca_df3c4c13'
INFO  [00:51:13.631] [rush] Kill worker 'retouchable_utahprairiedog_e72f4869'
INFO  [00:51:13.634] [rush] Kill worker 'knotted_acornwoodpecker_6cc86c43'
INFO  [00:51:13.637] [rush] Kill worker 'songful_pike_042556ce'
ERROR [00:51:13.639] [rush] Failed to kill worker 'songful_pike_042556ce'
INFO  [00:51:13.642] [rush] Kill worker 'plain_americanshorthair_dc128db0'
ERROR [00:51:13.644] [rush] Failed to kill worker 'plain_americanshorthair_dc128db0'
INFO  [00:51:13.646] [rush] Kill worker 'pseudoreligious_westafricanantelope_b6f8f596'
ERROR [00:51:13.647] [rush] Failed to kill worker 'pseudoreligious_westafricanantelope_b6f8f596'
INFO  [00:51:13.649] [rush] Kill worker 'centric_fieldspaniel_19cb225c'
ERROR [00:51:13.651] [rush] Failed to kill worker 'centric_fieldspaniel_19cb225c'
INFO  [00:51:13.653] [rush] Kill worker 'analogical_haddock_deced1d1'
ERROR [00:51:13.655] [rush] Failed to kill worker 'analogical_haddock_deced1d1'
INFO  [00:51:13.657] [rush] Kill worker 'semiliberal_bass_f6e089c0'
ERROR [00:51:13.658] [rush] Failed to kill worker 'semiliberal_bass_f6e089c0'
INFO  [00:51:13.660] [rush] Kill worker 'carnous_aegeancat_cb1b0a7c'
ERROR [00:51:13.662] [rush] Failed to kill worker 'carnous_aegeancat_cb1b0a7c'
INFO  [00:51:13.664] [rush] Kill worker 'egotistical_weevil_0cbffa15'
ERROR [00:51:13.666] [rush] Failed to kill worker 'egotistical_weevil_0cbffa15'
INFO  [00:51:13.668] [rush] Kill worker 'personal_amethystsunbird_cd39f325'
INFO  [00:51:13.670] [rush] Kill worker 'modernistic_arabianoryx_6518180b'
ERROR [00:51:13.671] [rush] Failed to kill worker 'modernistic_arabianoryx_6518180b'
INFO  [00:51:13.673] [rush] Kill worker 'symmetric_mantid_2442194f'
ERROR [00:51:13.675] [rush] Failed to kill worker 'symmetric_mantid_2442194f'
INFO  [00:51:13.677] [rush] Kill worker 'patriotic_kingbird_552f00d7'
ERROR [00:51:13.679] [rush] Failed to kill worker 'patriotic_kingbird_552f00d7'
INFO  [00:51:13.681] [rush] Kill worker 'inartistic_woodstorks_f44d5fa3'
ERROR [00:51:13.683] [rush] Failed to kill worker 'inartistic_woodstorks_f44d5fa3'
INFO  [00:51:13.685] [rush] Kill worker 'wrinkly_squab_d7a6d6fe'
ERROR [00:51:13.687] [rush] Failed to kill worker 'wrinkly_squab_d7a6d6fe'
INFO  [00:51:13.689] [rush] Kill worker 'unmythological_bear_c6b8b9ab'
ERROR [00:51:13.691] [rush] Failed to kill worker 'unmythological_bear_c6b8b9ab'
INFO  [00:51:13.693] [rush] Kill worker 'unempty_mountainlion_c9b8f32b'
ERROR [00:51:13.694] [rush] Failed to kill worker 'unempty_mountainlion_c9b8f32b'
INFO  [00:51:13.696] [rush] Kill worker 'archetypal_meerkat_5d2698a6'
ERROR [00:51:13.698] [rush] Failed to kill worker 'archetypal_meerkat_5d2698a6'
INFO  [00:51:13.700] [rush] Kill worker 'secondary_smelts_a3906d78'
ERROR [00:51:13.702] [rush] Failed to kill worker 'secondary_smelts_a3906d78'
INFO  [00:51:13.704] [rush] Kill worker 'subpentagonal_trex_da681168'
ERROR [00:51:13.706] [rush] Failed to kill worker 'subpentagonal_trex_da681168'
INFO  [00:51:13.708] [rush] Kill worker 'ecstatic_narwhal_ce6d1e44'
INFO  [00:51:13.710] [rush] Kill worker 'definite_solenodon_7ff2acc4'
ERROR [00:51:13.711] [rush] Failed to kill worker 'definite_solenodon_7ff2acc4'
INFO  [00:51:13.713] [rush] Kill worker 'consistent_boubou_f0db93c1'
ERROR [00:51:13.715] [rush] Failed to kill worker 'consistent_boubou_f0db93c1'
ERROR [00:51:13.773] [rush] Lost 13 task(s): 4e14f1aa-f5c8-4546-aa20-b672cdf9e915, e7dc9aa0-b2ab-4705-a68c-110833ca817d, ad7c6eb6-e104-4398-afc3-8b04cb5c36c1, 09f5fb19-a801-4a0e-86fd-fce483003bda, 61ba80d8-0a1f-4da4-b16f-746312080f0b, 650e279e-563a-4411-ae3a-8f4e6d5c7c24, 93239cd2-0bdf-40da-9874-e17c56f8e995, 3aec14d6-5a63-4b5d-a500-8d0ae88a8f0c, 2ca1f9e1-b479-4b64-bb7e-de0c008fe7a7, 57a16af0-e70c-409a-85a6-47576c0bfab7, 84b6aaad-5fa3-49fb-8c61-ff7bad2f1e0a, 1095540d-8229-41cd-9580-73d641815581, b08d00c3-bfeb-4c83-a117-382b7ef9ed24
