Waiting for workers to connect... 132/448
Waiting for workers to connect... 150/448
Waiting for workers to connect... 169/448
Waiting for workers to connect... 186/448
Waiting for workers to connect... 203/448
Waiting for workers to connect... 221/448
Waiting for workers to connect... 238/448
Waiting for workers to connect... 251/448
Waiting for workers to connect... 277/448
Waiting for workers to connect... 293/448
Waiting for workers to connect... 311/448
Waiting for workers to connect... 330/448
Waiting for workers to connect... 358/448
Waiting for workers to connect... 374/448
Waiting for workers to connect... 391/448
Waiting for workers to connect... 409/448
Waiting for workers to connect... 435/448
Waiting for workers to connect... 448/448
INFO  [02:06:44.964] [rush] Starting 448 worker(s)
INFO  [02:06:55.823] [rush] 1 worker(s) registered
INFO  [02:06:55.826] Starting to optimize 8 parameter(s) with '<OptimizerAsyncMboCentral>' and '<TerminatorRunTime> [secs=600]' on 448 mirai worker(s)
INFO  [02:06:56.830] 2 worker(s) running
INFO  [02:06:56.845] Results of 100 configuration(s):
INFO  [02:06:56.855]  classif.ce learning_rate num_leaves min_data_in_leaf feature_fraction
INFO  [02:06:56.855]   0.3342134   -1.01896985        123               55        0.7767611
INFO  [02:06:56.855]   0.3245931   -2.52113641        252                5        0.5731852
INFO  [02:06:56.855]   0.3263229   -1.26613483        149              169        0.5401195
INFO  [02:06:56.855]   0.3348567   -5.85012793         84               15        0.6261717
INFO  [02:06:56.855]   0.4454423   -6.26242520         25              119        0.6090607
INFO  [02:06:56.855]   0.3325503   -0.17438935        166              172        0.4031397
INFO  [02:06:56.855]   0.3236939   -3.29680726        247               31        0.4380251
INFO  [02:06:56.855]   0.3415551   -5.03725387        217              140        0.7977936
INFO  [02:06:56.855]   0.3489116   -0.96626205         93               44        0.1388798
INFO  [02:06:56.855]   0.3316771   -1.82913792         97               88        0.8375502
INFO  [02:06:56.855]   0.3264619   -4.52878028        199              181        0.7836449
INFO  [02:06:56.855]   0.3341058   -0.73041111        112              186        0.5980133
INFO  [02:06:56.855]   0.3294653   -1.15682705        153              164        0.6509065
INFO  [02:06:56.855]   0.3276726   -2.93070938         24              107        0.5456583
INFO  [02:06:56.855]   0.4454423   -6.54836636        146              141        0.7276980
INFO  [02:06:56.855]   0.3320275   -3.63524008         21              174        0.7659488
INFO  [02:06:56.855]   0.3323779   -0.05657265         82               78        0.4832886
INFO  [02:06:56.855]   0.3301124   -1.86592017         15               68        0.3844392
INFO  [02:06:56.855]   0.3278728   -4.11976907        121               51        0.6106360
INFO  [02:06:56.855]   0.3287052   -4.58403086         87              193        0.5788200
INFO  [02:06:56.855]   0.4454423   -6.69857105        156              114        0.1558578
INFO  [02:06:56.855]   0.3270459   -2.28809431        157               35        0.8690922
INFO  [02:06:56.855]   0.3311543   -5.06382973        214               87        0.8289521
INFO  [02:06:56.855]   0.3314213   -0.26184132        119              152        0.3910703
INFO  [02:06:56.855]   0.3350291   -5.29905906         28              195        0.6990260
INFO  [02:06:56.855]   0.3463921   -1.38539037        124              132        0.3227766
INFO  [02:06:56.855]   0.3354296   -4.30288892         44              104        0.2372430
INFO  [02:06:56.855]   0.3500426   -2.86616996         34              188        0.1018071
INFO  [02:06:56.855]   0.3429418   -0.44926352         26              175        0.4929882
INFO  [02:06:56.855]   0.4454423   -6.79533079         20               72        0.8493251
INFO  [02:06:56.855]   0.3286385   -4.91983555        245              149        0.9663762
INFO  [02:06:56.855]   0.3457599   -5.74863550         94               23        0.2362522
INFO  [02:06:56.855]   0.3494104   -1.26185185        210               87        0.1979457
INFO  [02:06:56.855]   0.3309392   -4.23719853        102              154        0.6831009
INFO  [02:06:56.855]   0.3358374   -4.23218748        231              187        0.6668007
INFO  [02:06:56.855]   0.3434980   -0.80392729        251               90        0.6693965
INFO  [02:06:56.855]   0.3385387   -3.25843753        197               15        0.2400442
INFO  [02:06:56.855]   0.3380752   -1.86463496        133              139        0.7173296
INFO  [02:06:56.855]   0.3437891   -2.73955659        190              192        0.3321758
INFO  [02:06:56.855]   0.3246765   -3.87102358        116               22        0.4435158
INFO  [02:06:56.855]   0.3371723   -2.08000075        246              175        0.2713796
INFO  [02:06:56.855]   0.3242167   -2.12878932        118              174        0.3583810
INFO  [02:06:56.855]   0.3285958   -1.74339212        130              200        0.7196426
INFO  [02:06:56.855]   0.3466554   -5.48154740        212              192        0.4663456
INFO  [02:06:56.855]   0.3506525   -3.36805440        178              195        0.1060158
INFO  [02:06:56.855]   0.3296248   -5.32744280        119                3        0.5630486
INFO  [02:06:56.855]   0.3268271   -3.80938360        175              136        0.8170289
INFO  [02:06:56.855]   0.3332196   -1.36131780         77               33        0.5331521
INFO  [02:06:56.855]   0.3315714   -4.30399206        119              178        0.3418600
INFO  [02:06:56.855]   0.3334977   -2.66094012        247               83        0.4048843
INFO  [02:06:56.855]   0.3305518   -5.58728650        155              179        0.9415648
INFO  [02:06:56.855]   0.3359060   -1.53477060         63              172        0.2802256
INFO  [02:06:56.855]   0.3342597   -0.61891119         91              105        0.3011891
INFO  [02:06:56.855]   0.4454423   -6.12144427         32              190        0.2444647
INFO  [02:06:56.855]   0.3446382   -5.13731531         56              144        0.3767398
INFO  [02:06:56.855]   0.3334940   -5.45006399         52               92        0.8488523
INFO  [02:06:56.855]   0.3317958   -5.86359932        166               26        0.6546084
INFO  [02:06:56.855]   0.3331343   -0.43344908        188              142        0.9463949
INFO  [02:06:56.855]   0.3423931   -4.08986396        152               70        0.2329212
INFO  [02:06:56.855]   0.3399644   -5.18188062        128              171        0.9103811
INFO  [02:06:56.855]   0.4454423   -6.88714324        126                2        0.7607824
INFO  [02:06:56.855]   0.3370351   -5.14676088         78              139        0.5657994
INFO  [02:06:56.855]   0.3438577   -4.88480255         58              186        0.4440836
INFO  [02:06:56.855]   0.3456802   -1.53023008        222              117        0.3996652
INFO  [02:06:56.855]   0.3295710   -3.81302344        229              198        0.6274965
INFO  [02:06:56.855]   0.3312581   -5.96903857        149              160        0.9228698
INFO  [02:06:56.855]   0.3309151   -3.67205345        101              115        0.2834967
INFO  [02:06:56.855]   0.3333234   -0.12157291        199                1        0.8854726
INFO  [02:06:56.855]   0.3270515   -1.35840966        239               67        0.6757049
INFO  [02:06:56.855]   0.3281917   -1.24806831        221              181        0.8253098
INFO  [02:06:56.855]   0.3437780   -4.34427996        157              107        0.9257580
INFO  [02:06:56.855]   0.3263803   -4.93933946        255               47        0.7419157
INFO  [02:06:56.855]   0.3298028   -5.16279020        179               86        0.7300759
INFO  [02:06:56.855]   0.3470076   -2.29223242        235              153        0.3386200
INFO  [02:06:56.855]   0.3298880   -4.19585492        100              197        0.8525394
INFO  [02:06:56.855]   0.3281027   -3.02097940         25              172        0.7345904
INFO  [02:06:56.855]   0.3317884   -0.59456063        121               74        0.9290050
INFO  [02:06:56.855]   0.4454423   -6.39640035         18              165        0.2808266
INFO  [02:06:56.855]   0.4454423   -6.84138233         30              166        0.3874009
INFO  [02:06:56.855]   0.3293374   -1.28032706         72               85        0.9522999
INFO  [02:06:56.855]   0.3343802   -6.43003568        138              127        0.7998190
INFO  [02:06:56.855]   0.3295172   -0.81731049        250               42        0.5148985
INFO  [02:06:56.855]   0.3253810   -3.98151238        203              116        0.7099874
INFO  [02:06:56.855]   0.3415495   -3.24492696         37              162        0.3028214
INFO  [02:06:56.855]   0.4454423   -5.41722867        239               38        0.1419469
INFO  [02:06:56.855]   0.3329656   -5.95512000        128               43        0.4566287
INFO  [02:06:56.855]   0.3279340   -1.27929486        164              197        0.5622554
INFO  [02:06:56.855]   0.3295284   -2.82408094        191              199        0.6055734
INFO  [02:06:56.855]   0.3413567   -5.98514672         14               76        0.8526668
INFO  [02:06:56.855]   0.3303033   -1.28642173        248               43        0.7829144
INFO  [02:06:56.855]   0.4454423   -6.64717391        231               74        0.3087488
INFO  [02:06:56.855]   0.3439856   -4.67294755        162               68        0.4878112
INFO  [02:06:56.855]   0.3328359   -4.25132550         39              162        0.7182238
INFO  [02:06:56.855]   0.3358838   -0.18441149        176               23        0.2950162
INFO  [02:06:56.855]   0.3281527   -2.93888961         34              138        0.7952491
INFO  [02:06:56.855]   0.3416014   -6.10121907         72              192        0.3855348
INFO  [02:06:56.855]   0.3303886   -0.43555429        213               59        0.4613034
INFO  [02:06:56.855]   0.3367329   -0.76390735         70                7        0.5348452
INFO  [02:06:56.855]   0.3267622   -5.42024049        207               19        0.5184713
INFO  [02:06:56.855]   0.3299270   -2.06324177        221              134        0.3960380
INFO  [02:06:56.855]  classif.ce learning_rate num_leaves min_data_in_leaf feature_fraction
INFO  [02:06:56.855]  extra_trees   lambda_l1   lambda_l2 min_gain_to_split        timestamp_xs
INFO  [02:06:56.855]        FALSE  5.14118753  2.37165112         -3.810226 2026-09-10 02:06:44
INFO  [02:06:56.855]        FALSE  0.24280355  4.50798357         -5.688553 2026-09-10 02:06:44
INFO  [02:06:56.855]        FALSE -4.42020771 -1.85998069         -3.882082 2026-09-10 02:06:44
INFO  [02:06:56.855]        FALSE  3.75312622 -5.86744521         -4.506580 2026-09-10 02:06:44
INFO  [02:06:56.855]         TRUE  4.76265309 -3.26527695         -6.666615 2026-09-10 02:06:44
INFO  [02:06:56.855]        FALSE -3.03270609 -2.28985336         -3.151639 2026-09-10 02:06:44
INFO  [02:06:56.855]        FALSE -0.75800257  3.37015035         -3.371441 2026-09-10 02:06:44
INFO  [02:06:56.855]         TRUE  6.05367739  3.21045483         -5.978919 2026-09-10 02:06:44
INFO  [02:06:56.855]        FALSE  6.59357129 -6.32011570         -6.405138 2026-09-10 02:06:44
INFO  [02:06:56.855]        FALSE  4.88799695  4.36127816         -2.371237 2026-09-10 02:06:44
INFO  [02:06:56.855]        FALSE -6.77025176 -4.80518074         -5.389252 2026-09-10 02:06:44
INFO  [02:06:56.855]         TRUE  3.91560334  4.81288217         -5.111020 2026-09-10 02:06:44
INFO  [02:06:56.855]         TRUE -1.65694304 -5.72519947         -6.753541 2026-09-10 02:06:44
INFO  [02:06:56.855]        FALSE -3.42818311 -0.76189767         -5.124201 2026-09-10 02:06:44
INFO  [02:06:56.855]         TRUE  3.05116763 -1.00284700         -5.414924 2026-09-10 02:06:44
INFO  [02:06:56.855]         TRUE -2.57086143  3.40626414         -4.188040 2026-09-10 02:06:44
INFO  [02:06:56.855]         TRUE -4.23496224 -6.79650795         -3.156130 2026-09-10 02:06:44
INFO  [02:06:56.855]        FALSE  3.19740552 -4.67701641         -4.858237 2026-09-10 02:06:44
INFO  [02:06:56.855]        FALSE -0.48023291  6.67965848         -5.174368 2026-09-10 02:06:44
INFO  [02:06:56.855]        FALSE -2.72808416  3.40346664         -6.051574 2026-09-10 02:06:44
INFO  [02:06:56.855]         TRUE  5.70453118  5.07733087         -4.015605 2026-09-10 02:06:44
INFO  [02:06:56.855]        FALSE -2.25413681  1.00602541         -4.033518 2026-09-10 02:06:44
INFO  [02:06:56.855]         TRUE  1.54281648  1.19512229         -3.126845 2026-09-10 02:06:44
INFO  [02:06:56.855]        FALSE -4.33564797 -5.42340377         -5.733803 2026-09-10 02:06:44
INFO  [02:06:56.855]         TRUE -0.42956014  0.35894328         -5.960750 2026-09-10 02:06:44
INFO  [02:06:56.855]        FALSE  6.74375225 -2.74305305         -6.428558 2026-09-10 02:06:44
INFO  [02:06:56.855]        FALSE -5.16125220  1.18998644         -3.403404 2026-09-10 02:06:44
INFO  [02:06:56.855]         TRUE -2.07611237  3.85057991         -2.514813 2026-09-10 02:06:44
INFO  [02:06:56.855]        FALSE  6.23538888  6.42061156         -6.714954 2026-09-10 02:06:44
INFO  [02:06:56.855]        FALSE  3.81296392 -4.19841765         -6.168353 2026-09-10 02:06:44
INFO  [02:06:56.855]        FALSE -5.62521261 -2.92111283         -4.060865 2026-09-10 02:06:44
INFO  [02:06:56.855]        FALSE  4.07033527 -1.15927457         -5.885860 2026-09-10 02:06:44
INFO  [02:06:56.855]         TRUE -2.64161373 -2.22837279         -3.602742 2026-09-10 02:06:44
INFO  [02:06:56.855]         TRUE -1.06931771  5.11872940         -3.052374 2026-09-10 02:06:44
INFO  [02:06:56.855]         TRUE  4.50825232 -1.38069683         -3.441044 2026-09-10 02:06:44
INFO  [02:06:56.855]         TRUE  6.18322453  4.95534435         -5.758380 2026-09-10 02:06:44
INFO  [02:06:56.855]         TRUE -6.82322140 -1.66379624         -2.437049 2026-09-10 02:06:44
INFO  [02:06:56.855]        FALSE  6.04204110  0.05567208         -2.329346 2026-09-10 02:06:44
INFO  [02:06:56.855]        FALSE  5.94583231 -5.67044651         -5.701260 2026-09-10 02:06:44
INFO  [02:06:56.855]        FALSE -5.88084424 -6.06744531         -5.564840 2026-09-10 02:06:44
INFO  [02:06:56.855]         TRUE  0.09806555 -4.45774405         -3.374621 2026-09-10 02:06:44
INFO  [02:06:56.855]        FALSE  1.73323994 -0.94699215         -6.120416 2026-09-10 02:06:44
INFO  [02:06:56.855]         TRUE -3.40185817  3.01920037         -3.352203 2026-09-10 02:06:44
INFO  [02:06:56.855]         TRUE  5.27483421  2.04019663         -4.816546 2026-09-10 02:06:44
INFO  [02:06:56.855]         TRUE -1.59019920 -6.06054242         -4.453266 2026-09-10 02:06:44
INFO  [02:06:56.855]        FALSE -5.67766826  5.66085158         -3.043722 2026-09-10 02:06:44
INFO  [02:06:56.855]        FALSE -4.28748928  5.23067599         -4.590013 2026-09-10 02:06:44
INFO  [02:06:56.855]         TRUE  2.97831028 -5.01096654         -2.434962 2026-09-10 02:06:44
INFO  [02:06:56.855]        FALSE -4.35387416  2.87146082         -6.230874 2026-09-10 02:06:44
INFO  [02:06:56.855]        FALSE  4.62002311 -3.15082243         -3.766568 2026-09-10 02:06:44
INFO  [02:06:56.855]         TRUE  1.90128257 -1.24844147         -4.863332 2026-09-10 02:06:44
INFO  [02:06:56.855]         TRUE -2.07939252 -3.29862398         -3.892418 2026-09-10 02:06:44
INFO  [02:06:56.855]         TRUE -1.19244430 -1.08312407         -6.555710 2026-09-10 02:06:44
INFO  [02:06:56.855]         TRUE -6.83358173  3.11563163         -5.236559 2026-09-10 02:06:44
INFO  [02:06:56.855]         TRUE  5.39367632  6.44861308         -5.846908 2026-09-10 02:06:44
INFO  [02:06:56.855]        FALSE  0.60223147  5.32303130         -6.624098 2026-09-10 02:06:44
INFO  [02:06:56.855]         TRUE -2.02866936 -6.68941446         -5.097500 2026-09-10 02:06:44
INFO  [02:06:56.855]         TRUE -3.38456144 -2.09875755         -5.184773 2026-09-10 02:06:44
INFO  [02:06:56.855]         TRUE  2.75992846 -0.06753586         -3.432839 2026-09-10 02:06:44
INFO  [02:06:56.855]         TRUE  5.57513811  0.35369917         -5.081306 2026-09-10 02:06:44
INFO  [02:06:56.855]        FALSE -3.86625599 -4.43057287         -5.706835 2026-09-10 02:06:44
INFO  [02:06:56.855]        FALSE  5.45926817 -6.10289703         -6.800625 2026-09-10 02:06:44
INFO  [02:06:56.855]        FALSE  6.78771981  5.25606694         -4.108832 2026-09-10 02:06:44
INFO  [02:06:56.855]         TRUE  6.39516394 -5.74075870         -3.481583 2026-09-10 02:06:44
INFO  [02:06:56.855]         TRUE  0.07080022  3.65996143         -5.708111 2026-09-10 02:06:44
INFO  [02:06:56.855]        FALSE  1.08678280  2.53629095         -2.734428 2026-09-10 02:06:44
INFO  [02:06:56.855]        FALSE  0.11918298  3.72056043         -6.157163 2026-09-10 02:06:44
INFO  [02:06:56.855]        FALSE  3.00172968 -3.60304769         -3.676781 2026-09-10 02:06:44
INFO  [02:06:56.855]        FALSE -5.97566869 -2.69670762         -6.425083 2026-09-10 02:06:44
INFO  [02:06:56.855]        FALSE -6.29677835 -6.77273012         -6.043568 2026-09-10 02:06:44
INFO  [02:06:56.855]         TRUE  6.53939668  3.64686699         -3.444315 2026-09-10 02:06:44
INFO  [02:06:56.855]        FALSE -2.85135348 -3.96042930         -5.128356 2026-09-10 02:06:44
INFO  [02:06:56.855]         TRUE -6.04445855 -4.62508279         -6.353817 2026-09-10 02:06:44
INFO  [02:06:56.855]         TRUE  5.99873897 -3.14273839         -3.920941 2026-09-10 02:06:44
INFO  [02:06:56.855]         TRUE  2.14505717 -3.87658809         -4.894483 2026-09-10 02:06:44
INFO  [02:06:56.855]        FALSE -3.45878172 -2.77772410         -4.924240 2026-09-10 02:06:44
INFO  [02:06:56.855]         TRUE -2.68159112  0.83406272         -3.317723 2026-09-10 02:06:44
INFO  [02:06:56.855]        FALSE -3.36747971  0.70515139         -6.082270 2026-09-10 02:06:44
INFO  [02:06:56.855]         TRUE -3.36742253  4.95472225         -6.474849 2026-09-10 02:06:44
INFO  [02:06:56.855]        FALSE -3.94793115  4.85179339         -5.391527 2026-09-10 02:06:44
INFO  [02:06:56.855]         TRUE -6.24022007 -5.31860166         -6.527141 2026-09-10 02:06:44
INFO  [02:06:56.855]         TRUE  2.15311155  6.41716859         -5.083228 2026-09-10 02:06:44
INFO  [02:06:56.855]        FALSE -5.83579851  2.08369115         -4.292892 2026-09-10 02:06:44
INFO  [02:06:56.855]         TRUE  2.79672040 -1.99038145         -2.809448 2026-09-10 02:06:44
INFO  [02:06:56.855]         TRUE  5.24167299 -0.17445422         -3.396850 2026-09-10 02:06:44
INFO  [02:06:56.855]        FALSE -0.52213884  1.65824915         -5.676812 2026-09-10 02:06:44
INFO  [02:06:56.855]        FALSE  3.32418104 -4.91319860         -2.621569 2026-09-10 02:06:44
INFO  [02:06:56.855]         TRUE  0.29083618  4.17772918         -4.399722 2026-09-10 02:06:44
INFO  [02:06:56.855]        FALSE  4.89837592  5.42039152         -5.626565 2026-09-10 02:06:44
INFO  [02:06:56.855]        FALSE  4.36037011  1.49882999         -4.549188 2026-09-10 02:06:44
INFO  [02:06:56.855]        FALSE -6.23106220 -4.74107105         -5.654688 2026-09-10 02:06:44
INFO  [02:06:56.855]         TRUE  5.57983370  3.75375774         -5.562805 2026-09-10 02:06:44
INFO  [02:06:56.855]         TRUE -0.80154155  6.37474147         -2.832637 2026-09-10 02:06:44
INFO  [02:06:56.855]        FALSE  4.24130212 -6.16587879         -5.993530 2026-09-10 02:06:44
INFO  [02:06:56.855]        FALSE -0.34727916 -2.87534269         -2.784711 2026-09-10 02:06:44
INFO  [02:06:56.855]        FALSE  4.59061351  1.37487559         -6.310341 2026-09-10 02:06:44
INFO  [02:06:56.855]        FALSE -1.84441706  0.67970069         -4.738307 2026-09-10 02:06:44
INFO  [02:06:56.855]         TRUE  4.07855171 -1.57291944         -2.612264 2026-09-10 02:06:44
INFO  [02:06:56.855]        FALSE -4.92102904  1.53721470         -4.888941 2026-09-10 02:06:44
INFO  [02:06:56.855]         TRUE -1.66630384 -3.50274048         -3.757469 2026-09-10 02:06:44
INFO  [02:06:56.855]  extra_trees   lambda_l1   lambda_l2 min_gain_to_split        timestamp_xs
INFO  [02:06:56.855]         timestamp_ys
INFO  [02:06:56.855]  2026-09-10 02:06:44
INFO  [02:06:56.855]  2026-09-10 02:06:44
INFO  [02:06:56.855]  2026-09-10 02:06:44
INFO  [02:06:56.855]  2026-09-10 02:06:44
INFO  [02:06:56.855]  2026-09-10 02:06:44
INFO  [02:06:56.855]  2026-09-10 02:06:44
INFO  [02:06:56.855]  2026-09-10 02:06:44
INFO  [02:06:56.855]  2026-09-10 02:06:44
INFO  [02:06:56.855]  2026-09-10 02:06:44
INFO  [02:06:56.855]  2026-09-10 02:06:44
INFO  [02:06:56.855]  2026-09-10 02:06:44
INFO  [02:06:56.855]  2026-09-10 02:06:44
INFO  [02:06:56.855]  2026-09-10 02:06:44
INFO  [02:06:56.855]  2026-09-10 02:06:44
INFO  [02:06:56.855]  2026-09-10 02:06:44
INFO  [02:06:56.855]  2026-09-10 02:06:44
INFO  [02:06:56.855]  2026-09-10 02:06:44
INFO  [02:06:56.855]  2026-09-10 02:06:44
INFO  [02:06:56.855]  2026-09-10 02:06:44
INFO  [02:06:56.855]  2026-09-10 02:06:44
INFO  [02:06:56.855]  2026-09-10 02:06:44
INFO  [02:06:56.855]  2026-09-10 02:06:44
INFO  [02:06:56.855]  2026-09-10 02:06:44
INFO  [02:06:56.855]  2026-09-10 02:06:44
INFO  [02:06:56.855]  2026-09-10 02:06:44
INFO  [02:06:56.855]  2026-09-10 02:06:44
INFO  [02:06:56.855]  2026-09-10 02:06:44
INFO  [02:06:56.855]  2026-09-10 02:06:44
INFO  [02:06:56.855]  2026-09-10 02:06:44
INFO  [02:06:56.855]  2026-09-10 02:06:44
INFO  [02:06:56.855]  2026-09-10 02:06:44
INFO  [02:06:56.855]  2026-09-10 02:06:44
INFO  [02:06:56.855]  2026-09-10 02:06:44
INFO  [02:06:56.855]  2026-09-10 02:06:44
INFO  [02:06:56.855]  2026-09-10 02:06:44
INFO  [02:06:56.855]  2026-09-10 02:06:44
INFO  [02:06:56.855]  2026-09-10 02:06:44
INFO  [02:06:56.855]  2026-09-10 02:06:44
INFO  [02:06:56.855]  2026-09-10 02:06:44
INFO  [02:06:56.855]  2026-09-10 02:06:44
INFO  [02:06:56.855]  2026-09-10 02:06:44
INFO  [02:06:56.855]  2026-09-10 02:06:44
INFO  [02:06:56.855]  2026-09-10 02:06:44
INFO  [02:06:56.855]  2026-09-10 02:06:44
INFO  [02:06:56.855]  2026-09-10 02:06:44
INFO  [02:06:56.855]  2026-09-10 02:06:44
INFO  [02:06:56.855]  2026-09-10 02:06:44
INFO  [02:06:56.855]  2026-09-10 02:06:44
INFO  [02:06:56.855]  2026-09-10 02:06:44
INFO  [02:06:56.855]  2026-09-10 02:06:44
INFO  [02:06:56.855]  2026-09-10 02:06:44
INFO  [02:06:56.855]  2026-09-10 02:06:44
INFO  [02:06:56.855]  2026-09-10 02:06:44
INFO  [02:06:56.855]  2026-09-10 02:06:44
INFO  [02:06:56.855]  2026-09-10 02:06:44
INFO  [02:06:56.855]  2026-09-10 02:06:44
INFO  [02:06:56.855]  2026-09-10 02:06:44
INFO  [02:06:56.855]  2026-09-10 02:06:44
INFO  [02:06:56.855]  2026-09-10 02:06:44
INFO  [02:06:56.855]  2026-09-10 02:06:44
INFO  [02:06:56.855]  2026-09-10 02:06:44
INFO  [02:06:56.855]  2026-09-10 02:06:44
INFO  [02:06:56.855]  2026-09-10 02:06:44
INFO  [02:06:56.855]  2026-09-10 02:06:44
INFO  [02:06:56.855]  2026-09-10 02:06:44
INFO  [02:06:56.855]  2026-09-10 02:06:44
INFO  [02:06:56.855]  2026-09-10 02:06:44
INFO  [02:06:56.855]  2026-09-10 02:06:44
INFO  [02:06:56.855]  2026-09-10 02:06:44
INFO  [02:06:56.855]  2026-09-10 02:06:44
INFO  [02:06:56.855]  2026-09-10 02:06:44
INFO  [02:06:56.855]  2026-09-10 02:06:44
INFO  [02:06:56.855]  2026-09-10 02:06:44
INFO  [02:06:56.855]  2026-09-10 02:06:44
INFO  [02:06:56.855]  2026-09-10 02:06:44
INFO  [02:06:56.855]  2026-09-10 02:06:44
INFO  [02:06:56.855]  2026-09-10 02:06:44
INFO  [02:06:56.855]  2026-09-10 02:06:44
INFO  [02:06:56.855]  2026-09-10 02:06:44
INFO  [02:06:56.855]  2026-09-10 02:06:44
INFO  [02:06:56.855]  2026-09-10 02:06:44
INFO  [02:06:56.855]  2026-09-10 02:06:44
INFO  [02:06:56.855]  2026-09-10 02:06:44
INFO  [02:06:56.855]  2026-09-10 02:06:44
INFO  [02:06:56.855]  2026-09-10 02:06:44
INFO  [02:06:56.855]  2026-09-10 02:06:44
INFO  [02:06:56.855]  2026-09-10 02:06:44
INFO  [02:06:56.855]  2026-09-10 02:06:44
INFO  [02:06:56.855]  2026-09-10 02:06:44
INFO  [02:06:56.855]  2026-09-10 02:06:44
INFO  [02:06:56.855]  2026-09-10 02:06:44
INFO  [02:06:56.855]  2026-09-10 02:06:44
INFO  [02:06:56.855]  2026-09-10 02:06:44
INFO  [02:06:56.855]  2026-09-10 02:06:44
INFO  [02:06:56.855]  2026-09-10 02:06:44
INFO  [02:06:56.855]  2026-09-10 02:06:44
INFO  [02:06:56.855]  2026-09-10 02:06:44
INFO  [02:06:56.855]  2026-09-10 02:06:44
INFO  [02:06:56.855]  2026-09-10 02:06:44
INFO  [02:06:56.855]  2026-09-10 02:06:44
INFO  [02:06:56.855]         timestamp_ys
INFO  [02:06:56.998] [mlr3] Calling train method of fallback 'regr.ranger' on task 'surrogate_task' with 100 observations {learner: <LearnerRegrRanger/LearnerRegr/Learner/R6>}
INFO  [02:06:57.770] [mlr3] Calling train method of fallback 'regr.ranger' on task 'surrogate_task' with 101 observations {learner: <LearnerRegrRanger/LearnerRegr/Learner/R6>}
INFO  [02:06:59.426] 16 worker(s) running
INFO  [02:06:59.573] [mlr3] Calling train method of fallback 'regr.ranger' on task 'surrogate_task' with 102 observations {learner: <LearnerRegrRanger/LearnerRegr/Learner/R6>}
INFO  [02:07:00.288] [mlr3] Calling train method of fallback 'regr.ranger' on task 'surrogate_task' with 103 observations {learner: <LearnerRegrRanger/LearnerRegr/Learner/R6>}
INFO  [02:07:01.005] [mlr3] Calling train method of fallback 'regr.ranger' on task 'surrogate_task' with 103 observations {learner: <LearnerRegrRanger/LearnerRegr/Learner/R6>}
INFO  [02:07:01.818] [mlr3] Calling train method of fallback 'regr.ranger' on task 'surrogate_task' with 104 observations {learner: <LearnerRegrRanger/LearnerRegr/Learner/R6>}
INFO  [02:07:02.547] [mlr3] Calling train method of fallback 'regr.ranger' on task 'surrogate_task' with 105 observations {learner: <LearnerRegrRanger/LearnerRegr/Learner/R6>}
INFO  [02:07:03.266] [mlr3] Calling train method of fallback 'regr.ranger' on task 'surrogate_task' with 106 observations {learner: <LearnerRegrRanger/LearnerRegr/Learner/R6>}
INFO  [02:07:04.085] [mlr3] Calling train method of fallback 'regr.ranger' on task 'surrogate_task' with 107 observations {learner: <LearnerRegrRanger/LearnerRegr/Learner/R6>}
INFO  [02:07:04.823] [mlr3] Calling train method of fallback 'regr.ranger' on task 'surrogate_task' with 109 observations {learner: <LearnerRegrRanger/LearnerRegr/Learner/R6>}
INFO  [02:07:05.658] [mlr3] Calling train method of fallback 'regr.ranger' on task 'surrogate_task' with 109 observations {learner: <LearnerRegrRanger/LearnerRegr/Learner/R6>}
INFO  [02:07:06.384] [mlr3] Calling train method of fallback 'regr.ranger' on task 'surrogate_task' with 111 observations {learner: <LearnerRegrRanger/LearnerRegr/Learner/R6>}
INFO  [02:07:07.132] [mlr3] Calling train method of fallback 'regr.ranger' on task 'surrogate_task' with 111 observations {learner: <LearnerRegrRanger/LearnerRegr/Learner/R6>}
INFO  [02:07:07.919] [mlr3] Calling train method of fallback 'regr.ranger' on task 'surrogate_task' with 111 observations {learner: <LearnerRegrRanger/LearnerRegr/Learner/R6>}
INFO  [02:07:08.692] [mlr3] Calling train method of fallback 'regr.ranger' on task 'surrogate_task' with 112 observations {learner: <LearnerRegrRanger/LearnerRegr/Learner/R6>}
INFO  [02:07:09.480] [mlr3] Calling train method of fallback 'regr.ranger' on task 'surrogate_task' with 114 observations {learner: <LearnerRegrRanger/LearnerRegr/Learner/R6>}
INFO  [02:07:11.138] 37 worker(s) running
INFO  [02:07:11.293] [mlr3] Calling train method of fallback 'regr.ranger' on task 'surrogate_task' with 115 observations {learner: <LearnerRegrRanger/LearnerRegr/Learner/R6>}
INFO  [02:07:12.086] [mlr3] Calling train method of fallback 'regr.ranger' on task 'surrogate_task' with 115 observations {learner: <LearnerRegrRanger/LearnerRegr/Learner/R6>}
INFO  [02:07:12.843] [mlr3] Calling train method of fallback 'regr.ranger' on task 'surrogate_task' with 116 observations {learner: <LearnerRegrRanger/LearnerRegr/Learner/R6>}
INFO  [02:07:13.602] [mlr3] Calling train method of fallback 'regr.ranger' on task 'surrogate_task' with 117 observations {learner: <LearnerRegrRanger/LearnerRegr/Learner/R6>}
INFO  [02:07:14.445] [mlr3] Calling train method of fallback 'regr.ranger' on task 'surrogate_task' with 118 observations {learner: <LearnerRegrRanger/LearnerRegr/Learner/R6>}
INFO  [02:07:15.200] [mlr3] Calling train method of fallback 'regr.ranger' on task 'surrogate_task' with 119 observations {learner: <LearnerRegrRanger/LearnerRegr/Learner/R6>}
INFO  [02:07:16.021] [mlr3] Calling train method of fallback 'regr.ranger' on task 'surrogate_task' with 121 observations {learner: <LearnerRegrRanger/LearnerRegr/Learner/R6>}
INFO  [02:07:16.845] [mlr3] Calling train method of fallback 'regr.ranger' on task 'surrogate_task' with 122 observations {learner: <LearnerRegrRanger/LearnerRegr/Learner/R6>}
INFO  [02:07:17.671] [mlr3] Calling train method of fallback 'regr.ranger' on task 'surrogate_task' with 124 observations {learner: <LearnerRegrRanger/LearnerRegr/Learner/R6>}
INFO  [02:07:18.559] [mlr3] Calling train method of fallback 'regr.ranger' on task 'surrogate_task' with 125 observations {learner: <LearnerRegrRanger/LearnerRegr/Learner/R6>}
INFO  [02:07:19.579] [mlr3] Calling train method of fallback 'regr.ranger' on task 'surrogate_task' with 126 observations {learner: <LearnerRegrRanger/LearnerRegr/Learner/R6>}
INFO  [02:07:20.346] [mlr3] Calling train method of fallback 'regr.ranger' on task 'surrogate_task' with 127 observations {learner: <LearnerRegrRanger/LearnerRegr/Learner/R6>}
INFO  [02:07:21.147] [mlr3] Calling train method of fallback 'regr.ranger' on task 'surrogate_task' with 128 observations {learner: <LearnerRegrRanger/LearnerRegr/Learner/R6>}
INFO  [02:07:22.101] [mlr3] Calling train method of fallback 'regr.ranger' on task 'surrogate_task' with 129 observations {learner: <LearnerRegrRanger/LearnerRegr/Learner/R6>}
INFO  [02:07:22.901] [mlr3] Calling train method of fallback 'regr.ranger' on task 'surrogate_task' with 130 observations {learner: <LearnerRegrRanger/LearnerRegr/Learner/R6>}
INFO  [02:07:23.727] [mlr3] Calling train method of fallback 'regr.ranger' on task 'surrogate_task' with 131 observations {learner: <LearnerRegrRanger/LearnerRegr/Learner/R6>}
INFO  [02:07:24.589] [mlr3] Calling train method of fallback 'regr.ranger' on task 'surrogate_task' with 132 observations {learner: <LearnerRegrRanger/LearnerRegr/Learner/R6>}
INFO  [02:07:25.457] [mlr3] Calling train method of fallback 'regr.ranger' on task 'surrogate_task' with 133 observations {learner: <LearnerRegrRanger/LearnerRegr/Learner/R6>}
INFO  [02:07:26.212] [mlr3] Calling train method of fallback 'regr.ranger' on task 'surrogate_task' with 133 observations {learner: <LearnerRegrRanger/LearnerRegr/Learner/R6>}
INFO  [02:07:26.988] [mlr3] Calling train method of fallback 'regr.ranger' on task 'surrogate_task' with 134 observations {learner: <LearnerRegrRanger/LearnerRegr/Learner/R6>}
INFO  [02:07:27.798] [mlr3] Calling train method of fallback 'regr.ranger' on task 'surrogate_task' with 135 observations {learner: <LearnerRegrRanger/LearnerRegr/Learner/R6>}
INFO  [02:07:28.593] [mlr3] Calling train method of fallback 'regr.ranger' on task 'surrogate_task' with 137 observations {learner: <LearnerRegrRanger/LearnerRegr/Learner/R6>}
INFO  [02:07:30.242] 90 worker(s) running
INFO  [02:07:30.450] [mlr3] Calling train method of fallback 'regr.ranger' on task 'surrogate_task' with 138 observations {learner: <LearnerRegrRanger/LearnerRegr/Learner/R6>}
INFO  [02:07:31.387] [mlr3] Calling train method of fallback 'regr.ranger' on task 'surrogate_task' with 139 observations {learner: <LearnerRegrRanger/LearnerRegr/Learner/R6>}
INFO  [02:07:32.303] [mlr3] Calling train method of fallback 'regr.ranger' on task 'surrogate_task' with 140 observations {learner: <LearnerRegrRanger/LearnerRegr/Learner/R6>}
INFO  [02:07:33.125] [mlr3] Calling train method of fallback 'regr.ranger' on task 'surrogate_task' with 141 observations {learner: <LearnerRegrRanger/LearnerRegr/Learner/R6>}
INFO  [02:07:34.029] [mlr3] Calling train method of fallback 'regr.ranger' on task 'surrogate_task' with 142 observations {learner: <LearnerRegrRanger/LearnerRegr/Learner/R6>}
INFO  [02:07:34.885] [mlr3] Calling train method of fallback 'regr.ranger' on task 'surrogate_task' with 142 observations {learner: <LearnerRegrRanger/LearnerRegr/Learner/R6>}
INFO  [02:07:35.683] [mlr3] Calling train method of fallback 'regr.ranger' on task 'surrogate_task' with 144 observations {learner: <LearnerRegrRanger/LearnerRegr/Learner/R6>}
INFO  [02:07:36.528] [mlr3] Calling train method of fallback 'regr.ranger' on task 'surrogate_task' with 145 observations {learner: <LearnerRegrRanger/LearnerRegr/Learner/R6>}
INFO  [02:07:37.335] [mlr3] Calling train method of fallback 'regr.ranger' on task 'surrogate_task' with 146 observations {learner: <LearnerRegrRanger/LearnerRegr/Learner/R6>}
INFO  [02:07:38.145] [mlr3] Calling train method of fallback 'regr.ranger' on task 'surrogate_task' with 147 observations {learner: <LearnerRegrRanger/LearnerRegr/Learner/R6>}
INFO  [02:07:39.008] [mlr3] Calling train method of fallback 'regr.ranger' on task 'surrogate_task' with 148 observations {learner: <LearnerRegrRanger/LearnerRegr/Learner/R6>}
INFO  [02:07:39.926] [mlr3] Calling train method of fallback 'regr.ranger' on task 'surrogate_task' with 149 observations {learner: <LearnerRegrRanger/LearnerRegr/Learner/R6>}
INFO  [02:07:40.792] [mlr3] Calling train method of fallback 'regr.ranger' on task 'surrogate_task' with 149 observations {learner: <LearnerRegrRanger/LearnerRegr/Learner/R6>}
INFO  [02:07:41.676] [mlr3] Calling train method of fallback 'regr.ranger' on task 'surrogate_task' with 151 observations {learner: <LearnerRegrRanger/LearnerRegr/Learner/R6>}
INFO  [02:07:42.560] [mlr3] Calling train method of fallback 'regr.ranger' on task 'surrogate_task' with 152 observations {learner: <LearnerRegrRanger/LearnerRegr/Learner/R6>}
INFO  [02:07:43.485] [mlr3] Calling train method of fallback 'regr.ranger' on task 'surrogate_task' with 153 observations {learner: <LearnerRegrRanger/LearnerRegr/Learner/R6>}
INFO  [02:07:44.383] [mlr3] Calling train method of fallback 'regr.ranger' on task 'surrogate_task' with 154 observations {learner: <LearnerRegrRanger/LearnerRegr/Learner/R6>}
INFO  [02:07:45.321] [mlr3] Calling train method of fallback 'regr.ranger' on task 'surrogate_task' with 155 observations {learner: <LearnerRegrRanger/LearnerRegr/Learner/R6>}
INFO  [02:07:46.265] [mlr3] Calling train method of fallback 'regr.ranger' on task 'surrogate_task' with 156 observations {learner: <LearnerRegrRanger/LearnerRegr/Learner/R6>}
INFO  [02:07:47.146] [mlr3] Calling train method of fallback 'regr.ranger' on task 'surrogate_task' with 157 observations {learner: <LearnerRegrRanger/LearnerRegr/Learner/R6>}
INFO  [02:07:48.131] [mlr3] Calling train method of fallback 'regr.ranger' on task 'surrogate_task' with 158 observations {learner: <LearnerRegrRanger/LearnerRegr/Learner/R6>}
INFO  [02:07:49.039] [mlr3] Calling train method of fallback 'regr.ranger' on task 'surrogate_task' with 159 observations {learner: <LearnerRegrRanger/LearnerRegr/Learner/R6>}
INFO  [02:07:49.928] [mlr3] Calling train method of fallback 'regr.ranger' on task 'surrogate_task' with 160 observations {learner: <LearnerRegrRanger/LearnerRegr/Learner/R6>}
INFO  [02:07:50.878] [mlr3] Calling train method of fallback 'regr.ranger' on task 'surrogate_task' with 161 observations {learner: <LearnerRegrRanger/LearnerRegr/Learner/R6>}
INFO  [02:07:51.799] [mlr3] Calling train method of fallback 'regr.ranger' on task 'surrogate_task' with 162 observations {learner: <LearnerRegrRanger/LearnerRegr/Learner/R6>}
INFO  [02:07:52.756] [mlr3] Calling train method of fallback 'regr.ranger' on task 'surrogate_task' with 163 observations {learner: <LearnerRegrRanger/LearnerRegr/Learner/R6>}
INFO  [02:07:53.581] [mlr3] Calling train method of fallback 'regr.ranger' on task 'surrogate_task' with 163 observations {learner: <LearnerRegrRanger/LearnerRegr/Learner/R6>}
INFO  [02:07:54.521] [mlr3] Calling train method of fallback 'regr.ranger' on task 'surrogate_task' with 165 observations {learner: <LearnerRegrRanger/LearnerRegr/Learner/R6>}
INFO  [02:07:55.483] [mlr3] Calling train method of fallback 'regr.ranger' on task 'surrogate_task' with 166 observations {learner: <LearnerRegrRanger/LearnerRegr/Learner/R6>}
INFO  [02:07:56.510] [mlr3] Calling train method of fallback 'regr.ranger' on task 'surrogate_task' with 167 observations {learner: <LearnerRegrRanger/LearnerRegr/Learner/R6>}
INFO  [02:07:57.406] [mlr3] Calling train method of fallback 'regr.ranger' on task 'surrogate_task' with 168 observations {learner: <LearnerRegrRanger/LearnerRegr/Learner/R6>}
INFO  [02:07:58.332] [mlr3] Calling train method of fallback 'regr.ranger' on task 'surrogate_task' with 169 observations {learner: <LearnerRegrRanger/LearnerRegr/Learner/R6>}
INFO  [02:07:59.791] [mlr3] Calling train method of fallback 'regr.ranger' on task 'surrogate_task' with 169 observations {learner: <LearnerRegrRanger/LearnerRegr/Learner/R6>}
INFO  [02:08:00.665] [mlr3] Calling train method of fallback 'regr.ranger' on task 'surrogate_task' with 170 observations {learner: <LearnerRegrRanger/LearnerRegr/Learner/R6>}
INFO  [02:08:01.545] [mlr3] Calling train method of fallback 'regr.ranger' on task 'surrogate_task' with 172 observations {learner: <LearnerRegrRanger/LearnerRegr/Learner/R6>}
INFO  [02:08:02.499] [mlr3] Calling train method of fallback 'regr.ranger' on task 'surrogate_task' with 173 observations {learner: <LearnerRegrRanger/LearnerRegr/Learner/R6>}
INFO  [02:08:03.405] [mlr3] Calling train method of fallback 'regr.ranger' on task 'surrogate_task' with 174 observations {learner: <LearnerRegrRanger/LearnerRegr/Learner/R6>}
INFO  [02:08:04.314] [mlr3] Calling train method of fallback 'regr.ranger' on task 'surrogate_task' with 175 observations {learner: <LearnerRegrRanger/LearnerRegr/Learner/R6>}
INFO  [02:08:05.208] [mlr3] Calling train method of fallback 'regr.ranger' on task 'surrogate_task' with 176 observations {learner: <LearnerRegrRanger/LearnerRegr/Learner/R6>}
INFO  [02:08:06.053] [mlr3] Calling train method of fallback 'regr.ranger' on task 'surrogate_task' with 177 observations {learner: <LearnerRegrRanger/LearnerRegr/Learner/R6>}
INFO  [02:08:06.936] [mlr3] Calling train method of fallback 'regr.ranger' on task 'surrogate_task' with 177 observations {learner: <LearnerRegrRanger/LearnerRegr/Learner/R6>}
INFO  [02:08:07.865] [mlr3] Calling train method of fallback 'regr.ranger' on task 'surrogate_task' with 179 observations {learner: <LearnerRegrRanger/LearnerRegr/Learner/R6>}
INFO  [02:08:08.740] [mlr3] Calling train method of fallback 'regr.ranger' on task 'surrogate_task' with 180 observations {learner: <LearnerRegrRanger/LearnerRegr/Learner/R6>}
INFO  [02:08:09.605] [mlr3] Calling train method of fallback 'regr.ranger' on task 'surrogate_task' with 181 observations {learner: <LearnerRegrRanger/LearnerRegr/Learner/R6>}
INFO  [02:08:10.511] [mlr3] Calling train method of fallback 'regr.ranger' on task 'surrogate_task' with 182 observations {learner: <LearnerRegrRanger/LearnerRegr/Learner/R6>}
INFO  [02:08:11.401] [mlr3] Calling train method of fallback 'regr.ranger' on task 'surrogate_task' with 183 observations {learner: <LearnerRegrRanger/LearnerRegr/Learner/R6>}
INFO  [02:08:12.335] [mlr3] Calling train method of fallback 'regr.ranger' on task 'surrogate_task' with 184 observations {learner: <LearnerRegrRanger/LearnerRegr/Learner/R6>}
INFO  [02:08:14.465] [mlr3] Calling train method of fallback 'regr.ranger' on task 'surrogate_task' with 185 observations {learner: <LearnerRegrRanger/LearnerRegr/Learner/R6>}
INFO  [02:08:15.309] [mlr3] Calling train method of fallback 'regr.ranger' on task 'surrogate_task' with 186 observations {learner: <LearnerRegrRanger/LearnerRegr/Learner/R6>}
INFO  [02:08:16.219] [mlr3] Calling train method of fallback 'regr.ranger' on task 'surrogate_task' with 187 observations {learner: <LearnerRegrRanger/LearnerRegr/Learner/R6>}
INFO  [02:08:17.095] [mlr3] Calling train method of fallback 'regr.ranger' on task 'surrogate_task' with 188 observations {learner: <LearnerRegrRanger/LearnerRegr/Learner/R6>}
INFO  [02:08:18.026] [mlr3] Calling train method of fallback 'regr.ranger' on task 'surrogate_task' with 188 observations {learner: <LearnerRegrRanger/LearnerRegr/Learner/R6>}
INFO  [02:08:19.662] 108 worker(s) running
INFO  [02:08:19.889] [mlr3] Calling train method of fallback 'regr.ranger' on task 'surrogate_task' with 190 observations {learner: <LearnerRegrRanger/LearnerRegr/Learner/R6>}
INFO  [02:08:20.819] [mlr3] Calling train method of fallback 'regr.ranger' on task 'surrogate_task' with 191 observations {learner: <LearnerRegrRanger/LearnerRegr/Learner/R6>}
INFO  [02:08:21.674] [mlr3] Calling train method of fallback 'regr.ranger' on task 'surrogate_task' with 192 observations {learner: <LearnerRegrRanger/LearnerRegr/Learner/R6>}
INFO  [02:08:22.527] [mlr3] Calling train method of fallback 'regr.ranger' on task 'surrogate_task' with 193 observations {learner: <LearnerRegrRanger/LearnerRegr/Learner/R6>}
INFO  [02:08:23.404] [mlr3] Calling train method of fallback 'regr.ranger' on task 'surrogate_task' with 193 observations {learner: <LearnerRegrRanger/LearnerRegr/Learner/R6>}
INFO  [02:08:24.217] [mlr3] Calling train method of fallback 'regr.ranger' on task 'surrogate_task' with 194 observations {learner: <LearnerRegrRanger/LearnerRegr/Learner/R6>}
INFO  [02:08:25.146] [mlr3] Calling train method of fallback 'regr.ranger' on task 'surrogate_task' with 196 observations {learner: <LearnerRegrRanger/LearnerRegr/Learner/R6>}
INFO  [02:08:25.991] [mlr3] Calling train method of fallback 'regr.ranger' on task 'surrogate_task' with 196 observations {learner: <LearnerRegrRanger/LearnerRegr/Learner/R6>}
INFO  [02:08:26.903] [mlr3] Calling train method of fallback 'regr.ranger' on task 'surrogate_task' with 198 observations {learner: <LearnerRegrRanger/LearnerRegr/Learner/R6>}
INFO  [02:08:28.040] [mlr3] Calling train method of fallback 'regr.ranger' on task 'surrogate_task' with 198 observations {learner: <LearnerRegrRanger/LearnerRegr/Learner/R6>}
INFO  [02:08:28.979] [mlr3] Calling train method of fallback 'regr.ranger' on task 'surrogate_task' with 200 observations {learner: <LearnerRegrRanger/LearnerRegr/Learner/R6>}
INFO  [02:08:29.819] [mlr3] Calling train method of fallback 'regr.ranger' on task 'surrogate_task' with 200 observations {learner: <LearnerRegrRanger/LearnerRegr/Learner/R6>}
INFO  [02:08:30.885] [mlr3] Calling train method of fallback 'regr.ranger' on task 'surrogate_task' with 202 observations {learner: <LearnerRegrRanger/LearnerRegr/Learner/R6>}
INFO  [02:08:31.970] [mlr3] Calling train method of fallback 'regr.ranger' on task 'surrogate_task' with 203 observations {learner: <LearnerRegrRanger/LearnerRegr/Learner/R6>}
INFO  [02:08:32.901] [mlr3] Calling train method of fallback 'regr.ranger' on task 'surrogate_task' with 204 observations {learner: <LearnerRegrRanger/LearnerRegr/Learner/R6>}
INFO  [02:08:33.844] [mlr3] Calling train method of fallback 'regr.ranger' on task 'surrogate_task' with 205 observations {learner: <LearnerRegrRanger/LearnerRegr/Learner/R6>}
INFO  [02:08:34.854] [mlr3] Calling train method of fallback 'regr.ranger' on task 'surrogate_task' with 206 observations {learner: <LearnerRegrRanger/LearnerRegr/Learner/R6>}
INFO  [02:08:35.724] [mlr3] Calling train method of fallback 'regr.ranger' on task 'surrogate_task' with 207 observations {learner: <LearnerRegrRanger/LearnerRegr/Learner/R6>}
INFO  [02:08:37.441] 112 worker(s) running
INFO  [02:08:37.705] [mlr3] Calling train method of fallback 'regr.ranger' on task 'surrogate_task' with 208 observations {learner: <LearnerRegrRanger/LearnerRegr/Learner/R6>}
INFO  [02:08:38.646] [mlr3] Calling train method of fallback 'regr.ranger' on task 'surrogate_task' with 208 observations {learner: <LearnerRegrRanger/LearnerRegr/Learner/R6>}
INFO  [02:08:39.560] [mlr3] Calling train method of fallback 'regr.ranger' on task 'surrogate_task' with 210 observations {learner: <LearnerRegrRanger/LearnerRegr/Learner/R6>}
INFO  [02:08:40.514] [mlr3] Calling train method of fallback 'regr.ranger' on task 'surrogate_task' with 211 observations {learner: <LearnerRegrRanger/LearnerRegr/Learner/R6>}
INFO  [02:08:42.156] 114 worker(s) running
INFO  [02:08:42.495] [mlr3] Calling train method of fallback 'regr.ranger' on task 'surrogate_task' with 212 observations {learner: <LearnerRegrRanger/LearnerRegr/Learner/R6>}
INFO  [02:08:43.423] [mlr3] Calling train method of fallback 'regr.ranger' on task 'surrogate_task' with 212 observations {learner: <LearnerRegrRanger/LearnerRegr/Learner/R6>}
INFO  [02:08:45.092] 116 worker(s) running
INFO  [02:08:45.346] [mlr3] Calling train method of fallback 'regr.ranger' on task 'surrogate_task' with 214 observations {learner: <LearnerRegrRanger/LearnerRegr/Learner/R6>}
INFO  [02:08:46.354] [mlr3] Calling train method of fallback 'regr.ranger' on task 'surrogate_task' with 215 observations {learner: <LearnerRegrRanger/LearnerRegr/Learner/R6>}
INFO  [02:08:48.019] 120 worker(s) running
INFO  [02:08:48.280] [mlr3] Calling train method of fallback 'regr.ranger' on task 'surrogate_task' with 216 observations {learner: <LearnerRegrRanger/LearnerRegr/Learner/R6>}
INFO  [02:08:49.211] [mlr3] Calling train method of fallback 'regr.ranger' on task 'surrogate_task' with 217 observations {learner: <LearnerRegrRanger/LearnerRegr/Learner/R6>}
INFO  [02:08:50.202] [mlr3] Calling train method of fallback 'regr.ranger' on task 'surrogate_task' with 218 observations {learner: <LearnerRegrRanger/LearnerRegr/Learner/R6>}
INFO  [02:08:51.125] [mlr3] Calling train method of fallback 'regr.ranger' on task 'surrogate_task' with 219 observations {learner: <LearnerRegrRanger/LearnerRegr/Learner/R6>}
INFO  [02:08:52.863] 121 worker(s) running
INFO  [02:08:53.128] [mlr3] Calling train method of fallback 'regr.ranger' on task 'surrogate_task' with 220 observations {learner: <LearnerRegrRanger/LearnerRegr/Learner/R6>}
INFO  [02:08:55.808] 122 worker(s) running
INFO  [02:08:56.103] [mlr3] Calling train method of fallback 'regr.ranger' on task 'surrogate_task' with 221 observations {learner: <LearnerRegrRanger/LearnerRegr/Learner/R6>}
INFO  [02:08:57.792] 195 worker(s) running
INFO  [02:08:58.237] [mlr3] Calling train method of fallback 'regr.ranger' on task 'surrogate_task' with 222 observations {learner: <LearnerRegrRanger/LearnerRegr/Learner/R6>}
INFO  [02:08:59.266] [mlr3] Calling train method of fallback 'regr.ranger' on task 'surrogate_task' with 223 observations {learner: <LearnerRegrRanger/LearnerRegr/Learner/R6>}
INFO  [02:09:00.236] [mlr3] Calling train method of fallback 'regr.ranger' on task 'surrogate_task' with 223 observations {learner: <LearnerRegrRanger/LearnerRegr/Learner/R6>}
INFO  [02:09:01.227] [mlr3] Calling train method of fallback 'regr.ranger' on task 'surrogate_task' with 225 observations {learner: <LearnerRegrRanger/LearnerRegr/Learner/R6>}
INFO  [02:09:02.106] [mlr3] Calling train method of fallback 'regr.ranger' on task 'surrogate_task' with 226 observations {learner: <LearnerRegrRanger/LearnerRegr/Learner/R6>}
INFO  [02:09:03.035] [mlr3] Calling train method of fallback 'regr.ranger' on task 'surrogate_task' with 227 observations {learner: <LearnerRegrRanger/LearnerRegr/Learner/R6>}
INFO  [02:09:04.104] [mlr3] Calling train method of fallback 'regr.ranger' on task 'surrogate_task' with 227 observations {learner: <LearnerRegrRanger/LearnerRegr/Learner/R6>}
INFO  [02:09:05.097] [mlr3] Calling train method of fallback 'regr.ranger' on task 'surrogate_task' with 229 observations {learner: <LearnerRegrRanger/LearnerRegr/Learner/R6>}
INFO  [02:09:06.146] [mlr3] Calling train method of fallback 'regr.ranger' on task 'surrogate_task' with 230 observations {learner: <LearnerRegrRanger/LearnerRegr/Learner/R6>}
INFO  [02:09:07.112] [mlr3] Calling train method of fallback 'regr.ranger' on task 'surrogate_task' with 230 observations {learner: <LearnerRegrRanger/LearnerRegr/Learner/R6>}
INFO  [02:09:08.179] [mlr3] Calling train method of fallback 'regr.ranger' on task 'surrogate_task' with 232 observations {learner: <LearnerRegrRanger/LearnerRegr/Learner/R6>}
INFO  [02:09:09.098] [mlr3] Calling train method of fallback 'regr.ranger' on task 'surrogate_task' with 232 observations {learner: <LearnerRegrRanger/LearnerRegr/Learner/R6>}
INFO  [02:09:10.175] [mlr3] Calling train method of fallback 'regr.ranger' on task 'surrogate_task' with 234 observations {learner: <LearnerRegrRanger/LearnerRegr/Learner/R6>}
INFO  [02:09:11.153] [mlr3] Calling train method of fallback 'regr.ranger' on task 'surrogate_task' with 234 observations {learner: <LearnerRegrRanger/LearnerRegr/Learner/R6>}
INFO  [02:09:12.135] [mlr3] Calling train method of fallback 'regr.ranger' on task 'surrogate_task' with 236 observations {learner: <LearnerRegrRanger/LearnerRegr/Learner/R6>}
INFO  [02:09:13.108] [mlr3] Calling train method of fallback 'regr.ranger' on task 'surrogate_task' with 237 observations {learner: <LearnerRegrRanger/LearnerRegr/Learner/R6>}
INFO  [02:09:14.164] [mlr3] Calling train method of fallback 'regr.ranger' on task 'surrogate_task' with 238 observations {learner: <LearnerRegrRanger/LearnerRegr/Learner/R6>}
INFO  [02:09:15.043] [mlr3] Calling train method of fallback 'regr.ranger' on task 'surrogate_task' with 238 observations {learner: <LearnerRegrRanger/LearnerRegr/Learner/R6>}
INFO  [02:09:16.072] [mlr3] Calling train method of fallback 'regr.ranger' on task 'surrogate_task' with 240 observations {learner: <LearnerRegrRanger/LearnerRegr/Learner/R6>}
INFO  [02:09:17.028] [mlr3] Calling train method of fallback 'regr.ranger' on task 'surrogate_task' with 241 observations {learner: <LearnerRegrRanger/LearnerRegr/Learner/R6>}
INFO  [02:09:18.018] [mlr3] Calling train method of fallback 'regr.ranger' on task 'surrogate_task' with 242 observations {learner: <LearnerRegrRanger/LearnerRegr/Learner/R6>}
INFO  [02:09:19.041] [mlr3] Calling train method of fallback 'regr.ranger' on task 'surrogate_task' with 243 observations {learner: <LearnerRegrRanger/LearnerRegr/Learner/R6>}
INFO  [02:09:20.073] [mlr3] Calling train method of fallback 'regr.ranger' on task 'surrogate_task' with 244 observations {learner: <LearnerRegrRanger/LearnerRegr/Learner/R6>}
INFO  [02:09:21.018] [mlr3] Calling train method of fallback 'regr.ranger' on task 'surrogate_task' with 245 observations {learner: <LearnerRegrRanger/LearnerRegr/Learner/R6>}
INFO  [02:09:22.002] [mlr3] Calling train method of fallback 'regr.ranger' on task 'surrogate_task' with 246 observations {learner: <LearnerRegrRanger/LearnerRegr/Learner/R6>}
INFO  [02:09:23.048] [mlr3] Calling train method of fallback 'regr.ranger' on task 'surrogate_task' with 247 observations {learner: <LearnerRegrRanger/LearnerRegr/Learner/R6>}
INFO  [02:09:23.995] [mlr3] Calling train method of fallback 'regr.ranger' on task 'surrogate_task' with 247 observations {learner: <LearnerRegrRanger/LearnerRegr/Learner/R6>}
INFO  [02:09:25.050] [mlr3] Calling train method of fallback 'regr.ranger' on task 'surrogate_task' with 249 observations {learner: <LearnerRegrRanger/LearnerRegr/Learner/R6>}
INFO  [02:09:26.033] [mlr3] Calling train method of fallback 'regr.ranger' on task 'surrogate_task' with 250 observations {learner: <LearnerRegrRanger/LearnerRegr/Learner/R6>}
INFO  [02:09:27.043] [mlr3] Calling train method of fallback 'regr.ranger' on task 'surrogate_task' with 251 observations {learner: <LearnerRegrRanger/LearnerRegr/Learner/R6>}
INFO  [02:09:28.050] [mlr3] Calling train method of fallback 'regr.ranger' on task 'surrogate_task' with 252 observations {learner: <LearnerRegrRanger/LearnerRegr/Learner/R6>}
INFO  [02:09:29.094] [mlr3] Calling train method of fallback 'regr.ranger' on task 'surrogate_task' with 253 observations {learner: <LearnerRegrRanger/LearnerRegr/Learner/R6>}
INFO  [02:09:30.080] [mlr3] Calling train method of fallback 'regr.ranger' on task 'surrogate_task' with 254 observations {learner: <LearnerRegrRanger/LearnerRegr/Learner/R6>}
INFO  [02:09:31.061] [mlr3] Calling train method of fallback 'regr.ranger' on task 'surrogate_task' with 255 observations {learner: <LearnerRegrRanger/LearnerRegr/Learner/R6>}
INFO  [02:09:32.073] [mlr3] Calling train method of fallback 'regr.ranger' on task 'surrogate_task' with 256 observations {learner: <LearnerRegrRanger/LearnerRegr/Learner/R6>}
INFO  [02:09:33.155] [mlr3] Calling train method of fallback 'regr.ranger' on task 'surrogate_task' with 257 observations {learner: <LearnerRegrRanger/LearnerRegr/Learner/R6>}
INFO  [02:09:34.147] [mlr3] Calling train method of fallback 'regr.ranger' on task 'surrogate_task' with 258 observations {learner: <LearnerRegrRanger/LearnerRegr/Learner/R6>}
INFO  [02:09:35.084] [mlr3] Calling train method of fallback 'regr.ranger' on task 'surrogate_task' with 258 observations {learner: <LearnerRegrRanger/LearnerRegr/Learner/R6>}
INFO  [02:09:36.152] [mlr3] Calling train method of fallback 'regr.ranger' on task 'surrogate_task' with 260 observations {learner: <LearnerRegrRanger/LearnerRegr/Learner/R6>}
INFO  [02:09:37.124] [mlr3] Calling train method of fallback 'regr.ranger' on task 'surrogate_task' with 261 observations {learner: <LearnerRegrRanger/LearnerRegr/Learner/R6>}
INFO  [02:09:38.142] [mlr3] Calling train method of fallback 'regr.ranger' on task 'surrogate_task' with 262 observations {learner: <LearnerRegrRanger/LearnerRegr/Learner/R6>}
INFO  [02:09:39.284] [mlr3] Calling train method of fallback 'regr.ranger' on task 'surrogate_task' with 263 observations {learner: <LearnerRegrRanger/LearnerRegr/Learner/R6>}
INFO  [02:09:40.417] [mlr3] Calling train method of fallback 'regr.ranger' on task 'surrogate_task' with 264 observations {learner: <LearnerRegrRanger/LearnerRegr/Learner/R6>}
INFO  [02:09:41.404] [mlr3] Calling train method of fallback 'regr.ranger' on task 'surrogate_task' with 265 observations {learner: <LearnerRegrRanger/LearnerRegr/Learner/R6>}
INFO  [02:09:42.508] [mlr3] Calling train method of fallback 'regr.ranger' on task 'surrogate_task' with 266 observations {learner: <LearnerRegrRanger/LearnerRegr/Learner/R6>}
INFO  [02:09:43.555] [mlr3] Calling train method of fallback 'regr.ranger' on task 'surrogate_task' with 267 observations {learner: <LearnerRegrRanger/LearnerRegr/Learner/R6>}
INFO  [02:09:44.581] [mlr3] Calling train method of fallback 'regr.ranger' on task 'surrogate_task' with 268 observations {learner: <LearnerRegrRanger/LearnerRegr/Learner/R6>}
INFO  [02:09:45.646] [mlr3] Calling train method of fallback 'regr.ranger' on task 'surrogate_task' with 269 observations {learner: <LearnerRegrRanger/LearnerRegr/Learner/R6>}
INFO  [02:09:46.688] [mlr3] Calling train method of fallback 'regr.ranger' on task 'surrogate_task' with 270 observations {learner: <LearnerRegrRanger/LearnerRegr/Learner/R6>}
INFO  [02:09:47.630] [mlr3] Calling train method of fallback 'regr.ranger' on task 'surrogate_task' with 271 observations {learner: <LearnerRegrRanger/LearnerRegr/Learner/R6>}
INFO  [02:09:48.687] [mlr3] Calling train method of fallback 'regr.ranger' on task 'surrogate_task' with 272 observations {learner: <LearnerRegrRanger/LearnerRegr/Learner/R6>}
INFO  [02:09:49.739] [mlr3] Calling train method of fallback 'regr.ranger' on task 'surrogate_task' with 273 observations {learner: <LearnerRegrRanger/LearnerRegr/Learner/R6>}
INFO  [02:09:50.759] [mlr3] Calling train method of fallback 'regr.ranger' on task 'surrogate_task' with 274 observations {learner: <LearnerRegrRanger/LearnerRegr/Learner/R6>}
INFO  [02:09:51.873] [mlr3] Calling train method of fallback 'regr.ranger' on task 'surrogate_task' with 275 observations {learner: <LearnerRegrRanger/LearnerRegr/Learner/R6>}
INFO  [02:09:52.904] [mlr3] Calling train method of fallback 'regr.ranger' on task 'surrogate_task' with 276 observations {learner: <LearnerRegrRanger/LearnerRegr/Learner/R6>}
INFO  [02:09:54.067] [mlr3] Calling train method of fallback 'regr.ranger' on task 'surrogate_task' with 277 observations {learner: <LearnerRegrRanger/LearnerRegr/Learner/R6>}
INFO  [02:09:55.169] [mlr3] Calling train method of fallback 'regr.ranger' on task 'surrogate_task' with 278 observations {learner: <LearnerRegrRanger/LearnerRegr/Learner/R6>}
INFO  [02:09:56.264] [mlr3] Calling train method of fallback 'regr.ranger' on task 'surrogate_task' with 279 observations {learner: <LearnerRegrRanger/LearnerRegr/Learner/R6>}
INFO  [02:09:57.342] [mlr3] Calling train method of fallback 'regr.ranger' on task 'surrogate_task' with 280 observations {learner: <LearnerRegrRanger/LearnerRegr/Learner/R6>}
INFO  [02:09:58.466] [mlr3] Calling train method of fallback 'regr.ranger' on task 'surrogate_task' with 281 observations {learner: <LearnerRegrRanger/LearnerRegr/Learner/R6>}
INFO  [02:09:59.556] [mlr3] Calling train method of fallback 'regr.ranger' on task 'surrogate_task' with 282 observations {learner: <LearnerRegrRanger/LearnerRegr/Learner/R6>}
INFO  [02:10:00.704] [mlr3] Calling train method of fallback 'regr.ranger' on task 'surrogate_task' with 283 observations {learner: <LearnerRegrRanger/LearnerRegr/Learner/R6>}
INFO  [02:10:01.764] [mlr3] Calling train method of fallback 'regr.ranger' on task 'surrogate_task' with 284 observations {learner: <LearnerRegrRanger/LearnerRegr/Learner/R6>}
INFO  [02:10:02.761] [mlr3] Calling train method of fallback 'regr.ranger' on task 'surrogate_task' with 285 observations {learner: <LearnerRegrRanger/LearnerRegr/Learner/R6>}
INFO  [02:10:03.813] [mlr3] Calling train method of fallback 'regr.ranger' on task 'surrogate_task' with 286 observations {learner: <LearnerRegrRanger/LearnerRegr/Learner/R6>}
INFO  [02:10:04.889] [mlr3] Calling train method of fallback 'regr.ranger' on task 'surrogate_task' with 287 observations {learner: <LearnerRegrRanger/LearnerRegr/Learner/R6>}
INFO  [02:10:05.934] [mlr3] Calling train method of fallback 'regr.ranger' on task 'surrogate_task' with 288 observations {learner: <LearnerRegrRanger/LearnerRegr/Learner/R6>}
INFO  [02:10:07.084] [mlr3] Calling train method of fallback 'regr.ranger' on task 'surrogate_task' with 289 observations {learner: <LearnerRegrRanger/LearnerRegr/Learner/R6>}
INFO  [02:10:08.154] [mlr3] Calling train method of fallback 'regr.ranger' on task 'surrogate_task' with 290 observations {learner: <LearnerRegrRanger/LearnerRegr/Learner/R6>}
INFO  [02:10:09.277] [mlr3] Calling train method of fallback 'regr.ranger' on task 'surrogate_task' with 291 observations {learner: <LearnerRegrRanger/LearnerRegr/Learner/R6>}
INFO  [02:10:10.303] [mlr3] Calling train method of fallback 'regr.ranger' on task 'surrogate_task' with 292 observations {learner: <LearnerRegrRanger/LearnerRegr/Learner/R6>}
INFO  [02:10:11.513] [mlr3] Calling train method of fallback 'regr.ranger' on task 'surrogate_task' with 293 observations {learner: <LearnerRegrRanger/LearnerRegr/Learner/R6>}
INFO  [02:10:12.611] [mlr3] Calling train method of fallback 'regr.ranger' on task 'surrogate_task' with 294 observations {learner: <LearnerRegrRanger/LearnerRegr/Learner/R6>}
INFO  [02:10:13.677] [mlr3] Calling train method of fallback 'regr.ranger' on task 'surrogate_task' with 295 observations {learner: <LearnerRegrRanger/LearnerRegr/Learner/R6>}
INFO  [02:10:15.457] 448 worker(s) running
INFO  [02:10:15.482] Results of 13 configuration(s):
INFO  [02:10:15.490]  classif.ce learning_rate num_leaves min_data_in_leaf feature_fraction
INFO  [02:10:15.490]   0.3286014     -1.416751         10                1        0.5099042
INFO  [02:10:15.490]   0.3270960     -2.151243         68               70        0.4381139
INFO  [02:10:15.490]   0.3292095     -1.378001         10                1        0.5079103
INFO  [02:10:15.490]   0.3246209     -2.128662        206              118        0.5695793
INFO  [02:10:15.490]   0.3242872     -2.375648        255               36        0.6122893
INFO  [02:10:15.490]   0.3261523     -1.210124        144              170        0.5420235
INFO  [02:10:15.490]   0.3239201     -2.451609        232               30        0.4437219
INFO  [02:10:15.490]   0.3264341     -1.205006        142              174        0.5456419
INFO  [02:10:15.490]   0.3248934     -2.051386        208              122        0.5698137
INFO  [02:10:15.490]   0.3250269     -1.978831        209              126        0.5823178
INFO  [02:10:15.490]   0.3244003     -1.869293        178              175        0.3721747
INFO  [02:10:15.490]   0.3251437     -2.004971        119               70        0.5732984
INFO  [02:10:15.490]   0.3246116     -1.769079        118              173        0.3858581
INFO  [02:10:15.490]  extra_trees lambda_l1  lambda_l2 min_gain_to_split        timestamp_xs
INFO  [02:10:15.490]        FALSE -6.743044 -0.5628826         -6.806418 2026-09-10 02:07:13
INFO  [02:10:15.490]        FALSE  2.498623 -0.2349767         -2.610897 2026-09-10 02:07:25
INFO  [02:10:15.490]        FALSE -6.907755  0.7181793         -6.907755 2026-09-10 02:07:35
INFO  [02:10:15.490]        FALSE -4.422797  2.2927285         -5.432665 2026-09-10 02:07:42
INFO  [02:10:15.490]        FALSE -2.838942  1.6854596         -4.250974 2026-09-10 02:07:26
INFO  [02:10:15.490]        FALSE -5.151294  3.6457141         -4.467301 2026-09-10 02:08:26
INFO  [02:10:15.490]        FALSE -1.126947  1.4318268         -3.391651 2026-09-10 02:07:15
INFO  [02:10:15.490]        FALSE -6.907755 -3.2816482         -6.062433 2026-09-10 02:08:36
INFO  [02:10:15.490]        FALSE -4.478600  1.8818527         -5.488157 2026-09-10 02:08:05
INFO  [02:10:15.490]        FALSE -4.579585  2.2546741         -5.452814 2026-09-10 02:08:27
INFO  [02:10:15.490]        FALSE  1.508573  3.3732882         -6.083355 2026-09-10 02:07:10
INFO  [02:10:15.490]        FALSE -4.567287  0.3272187         -5.498643 2026-09-10 02:08:16
INFO  [02:10:15.490]        FALSE  1.707517 -0.8370388         -6.114923 2026-09-10 02:07:38
INFO  [02:10:15.490]         timestamp_ys                                 worker_id runtime_learners
INFO  [02:10:15.490]  2026-09-10 02:09:14                unfeared_killdeer_313ee79e          120.175
INFO  [02:10:15.490]  2026-09-10 02:09:30     maritime_redheadedwoodpecker_8f6b4cd6          124.506
INFO  [02:10:15.490]  2026-09-10 02:09:33                 vestigial_beaver_3a9f0ed3          117.354
INFO  [02:10:15.490]  2026-09-10 02:09:34              actinide_arctichare_2490253c          110.795
INFO  [02:10:15.490]  2026-09-10 02:09:39                    isleted_skunk_7acb2dc2          131.577
INFO  [02:10:15.490]  2026-09-10 02:09:46            natural_amazondolphin_aad8cae5           79.360
INFO  [02:10:15.490]  2026-09-10 02:09:51                  candied_barnowl_6c5ee0bf          155.785
INFO  [02:10:15.490]  2026-09-10 02:09:53                  subsonic_willet_e7caf8af           76.686
INFO  [02:10:15.490]  2026-09-10 02:09:57                       airy_moose_0a21e919          112.193
INFO  [02:10:15.490]  2026-09-10 02:10:08                bicolor_solitaire_1658dbf4          100.059
INFO  [02:10:15.490]  2026-09-10 02:10:11          silvicolous_iberianmole_4abfca5c          171.499
INFO  [02:10:15.490]  2026-09-10 02:10:14            transcendental_beaver_b9bd2f7e          116.617
INFO  [02:10:15.490]  2026-09-10 02:10:15 battlescarred_argentineruddyduck_aaa94e5b          155.911
INFO  [02:10:15.490]  warnings errors internal_tuned_values    acq_cb timestamp_surrogate
INFO  [02:10:15.490]         0      0    num_iterations=607 -7.442351 2026-09-10 02:07:12
INFO  [02:10:15.490]         0      0    num_iterations=276 -6.712550 2026-09-10 02:07:24
INFO  [02:10:15.490]         0      0    num_iterations=567 -7.733154 2026-09-10 02:07:34
INFO  [02:10:15.490]         0      0    num_iterations=163 -5.820815 2026-09-10 02:07:41
INFO  [02:10:15.490]         0      0    num_iterations=222 -6.044317 2026-09-10 02:07:26
INFO  [02:10:15.490]         0      0    num_iterations=108 -5.254289 2026-09-10 02:08:25
INFO  [02:10:15.490]         0      0    num_iterations=263 -6.796972 2026-09-10 02:07:14
INFO  [02:10:15.490]         0      0    num_iterations=129 -5.797060 2026-09-10 02:08:35
INFO  [02:10:15.490]         0      0    num_iterations=177 -6.994296 2026-09-10 02:08:04
INFO  [02:10:15.490]         0      0    num_iterations=133 -7.063420 2026-09-10 02:08:26
INFO  [02:10:15.490]         0      0    num_iterations=254 -6.392473 2026-09-10 02:07:09
INFO  [02:10:15.490]         0      0    num_iterations=297 -7.233529 2026-09-10 02:08:16
INFO  [02:10:15.490]         0      0    num_iterations=296 -5.644098 2026-09-10 02:07:37
INFO  [02:10:15.490]  timestamp_acq_function timestamp_acq_optimizer      timestamp_loop
INFO  [02:10:15.490]     2026-09-10 02:07:12     2026-09-10 02:07:12 2026-09-10 02:07:13
INFO  [02:10:15.490]     2026-09-10 02:07:24     2026-09-10 02:07:24 2026-09-10 02:07:25
INFO  [02:10:15.490]     2026-09-10 02:07:34     2026-09-10 02:07:34 2026-09-10 02:07:35
INFO  [02:10:15.490]     2026-09-10 02:07:41     2026-09-10 02:07:41 2026-09-10 02:07:42
INFO  [02:10:15.490]     2026-09-10 02:07:26     2026-09-10 02:07:26 2026-09-10 02:07:26
INFO  [02:10:15.490]     2026-09-10 02:08:26     2026-09-10 02:08:26 2026-09-10 02:08:26
INFO  [02:10:15.490]     2026-09-10 02:07:14     2026-09-10 02:07:14 2026-09-10 02:07:15
INFO  [02:10:15.490]     2026-09-10 02:08:35     2026-09-10 02:08:35 2026-09-10 02:08:36
INFO  [02:10:15.490]     2026-09-10 02:08:04     2026-09-10 02:08:04 2026-09-10 02:08:05
INFO  [02:10:15.490]     2026-09-10 02:08:26     2026-09-10 02:08:26 2026-09-10 02:08:27
INFO  [02:10:15.490]     2026-09-10 02:07:09     2026-09-10 02:07:09 2026-09-10 02:07:10
INFO  [02:10:15.490]     2026-09-10 02:08:16     2026-09-10 02:08:16 2026-09-10 02:08:16
INFO  [02:10:15.490]     2026-09-10 02:07:38     2026-09-10 02:07:38 2026-09-10 02:07:38
INFO  [02:10:15.862] [mlr3] Calling train method of fallback 'regr.ranger' on task 'surrogate_task' with 296 observations {learner: <LearnerRegrRanger/LearnerRegr/Learner/R6>}
INFO  [02:10:17.048] [mlr3] Calling train method of fallback 'regr.ranger' on task 'surrogate_task' with 297 observations {learner: <LearnerRegrRanger/LearnerRegr/Learner/R6>}
INFO  [02:10:18.172] [mlr3] Calling train method of fallback 'regr.ranger' on task 'surrogate_task' with 298 observations {learner: <LearnerRegrRanger/LearnerRegr/Learner/R6>}
INFO  [02:10:19.243] [mlr3] Calling train method of fallback 'regr.ranger' on task 'surrogate_task' with 299 observations {learner: <LearnerRegrRanger/LearnerRegr/Learner/R6>}
INFO  [02:10:20.362] [mlr3] Calling train method of fallback 'regr.ranger' on task 'surrogate_task' with 300 observations {learner: <LearnerRegrRanger/LearnerRegr/Learner/R6>}
INFO  [02:10:21.483] [mlr3] Calling train method of fallback 'regr.ranger' on task 'surrogate_task' with 301 observations {learner: <LearnerRegrRanger/LearnerRegr/Learner/R6>}
INFO  [02:10:22.530] [mlr3] Calling train method of fallback 'regr.ranger' on task 'surrogate_task' with 302 observations {learner: <LearnerRegrRanger/LearnerRegr/Learner/R6>}
INFO  [02:10:23.715] [mlr3] Calling train method of fallback 'regr.ranger' on task 'surrogate_task' with 303 observations {learner: <LearnerRegrRanger/LearnerRegr/Learner/R6>}
INFO  [02:10:24.773] [mlr3] Calling train method of fallback 'regr.ranger' on task 'surrogate_task' with 304 observations {learner: <LearnerRegrRanger/LearnerRegr/Learner/R6>}
INFO  [02:10:25.882] [mlr3] Calling train method of fallback 'regr.ranger' on task 'surrogate_task' with 305 observations {learner: <LearnerRegrRanger/LearnerRegr/Learner/R6>}
INFO  [02:10:26.998] [mlr3] Calling train method of fallback 'regr.ranger' on task 'surrogate_task' with 306 observations {learner: <LearnerRegrRanger/LearnerRegr/Learner/R6>}
INFO  [02:10:28.156] [mlr3] Calling train method of fallback 'regr.ranger' on task 'surrogate_task' with 307 observations {learner: <LearnerRegrRanger/LearnerRegr/Learner/R6>}
INFO  [02:10:29.194] [mlr3] Calling train method of fallback 'regr.ranger' on task 'surrogate_task' with 308 observations {learner: <LearnerRegrRanger/LearnerRegr/Learner/R6>}
INFO  [02:10:30.346] [mlr3] Calling train method of fallback 'regr.ranger' on task 'surrogate_task' with 309 observations {learner: <LearnerRegrRanger/LearnerRegr/Learner/R6>}
INFO  [02:10:31.454] [mlr3] Calling train method of fallback 'regr.ranger' on task 'surrogate_task' with 310 observations {learner: <LearnerRegrRanger/LearnerRegr/Learner/R6>}
INFO  [02:10:32.631] [mlr3] Calling train method of fallback 'regr.ranger' on task 'surrogate_task' with 311 observations {learner: <LearnerRegrRanger/LearnerRegr/Learner/R6>}
INFO  [02:10:33.691] [mlr3] Calling train method of fallback 'regr.ranger' on task 'surrogate_task' with 312 observations {learner: <LearnerRegrRanger/LearnerRegr/Learner/R6>}
INFO  [02:10:34.859] [mlr3] Calling train method of fallback 'regr.ranger' on task 'surrogate_task' with 313 observations {learner: <LearnerRegrRanger/LearnerRegr/Learner/R6>}
INFO  [02:10:35.977] [mlr3] Calling train method of fallback 'regr.ranger' on task 'surrogate_task' with 314 observations {learner: <LearnerRegrRanger/LearnerRegr/Learner/R6>}
INFO  [02:10:37.091] [mlr3] Calling train method of fallback 'regr.ranger' on task 'surrogate_task' with 315 observations {learner: <LearnerRegrRanger/LearnerRegr/Learner/R6>}
INFO  [02:10:38.236] [mlr3] Calling train method of fallback 'regr.ranger' on task 'surrogate_task' with 316 observations {learner: <LearnerRegrRanger/LearnerRegr/Learner/R6>}
INFO  [02:10:39.397] [mlr3] Calling train method of fallback 'regr.ranger' on task 'surrogate_task' with 317 observations {learner: <LearnerRegrRanger/LearnerRegr/Learner/R6>}
INFO  [02:10:40.514] [mlr3] Calling train method of fallback 'regr.ranger' on task 'surrogate_task' with 318 observations {learner: <LearnerRegrRanger/LearnerRegr/Learner/R6>}
INFO  [02:10:41.694] [mlr3] Calling train method of fallback 'regr.ranger' on task 'surrogate_task' with 319 observations {learner: <LearnerRegrRanger/LearnerRegr/Learner/R6>}
INFO  [02:10:43.014] [mlr3] Calling train method of fallback 'regr.ranger' on task 'surrogate_task' with 320 observations {learner: <LearnerRegrRanger/LearnerRegr/Learner/R6>}
INFO  [02:10:44.160] [mlr3] Calling train method of fallback 'regr.ranger' on task 'surrogate_task' with 321 observations {learner: <LearnerRegrRanger/LearnerRegr/Learner/R6>}
INFO  [02:10:45.556] [mlr3] Calling train method of fallback 'regr.ranger' on task 'surrogate_task' with 322 observations {learner: <LearnerRegrRanger/LearnerRegr/Learner/R6>}
INFO  [02:10:46.696] [mlr3] Calling train method of fallback 'regr.ranger' on task 'surrogate_task' with 323 observations {learner: <LearnerRegrRanger/LearnerRegr/Learner/R6>}
INFO  [02:10:47.861] [mlr3] Calling train method of fallback 'regr.ranger' on task 'surrogate_task' with 324 observations {learner: <LearnerRegrRanger/LearnerRegr/Learner/R6>}
INFO  [02:10:49.075] [mlr3] Calling train method of fallback 'regr.ranger' on task 'surrogate_task' with 325 observations {learner: <LearnerRegrRanger/LearnerRegr/Learner/R6>}
INFO  [02:10:50.197] [mlr3] Calling train method of fallback 'regr.ranger' on task 'surrogate_task' with 326 observations {learner: <LearnerRegrRanger/LearnerRegr/Learner/R6>}
INFO  [02:10:51.415] [mlr3] Calling train method of fallback 'regr.ranger' on task 'surrogate_task' with 327 observations {learner: <LearnerRegrRanger/LearnerRegr/Learner/R6>}
INFO  [02:10:52.628] [mlr3] Calling train method of fallback 'regr.ranger' on task 'surrogate_task' with 328 observations {learner: <LearnerRegrRanger/LearnerRegr/Learner/R6>}
INFO  [02:10:53.705] [mlr3] Calling train method of fallback 'regr.ranger' on task 'surrogate_task' with 329 observations {learner: <LearnerRegrRanger/LearnerRegr/Learner/R6>}
INFO  [02:10:54.876] [mlr3] Calling train method of fallback 'regr.ranger' on task 'surrogate_task' with 330 observations {learner: <LearnerRegrRanger/LearnerRegr/Learner/R6>}
INFO  [02:10:56.040] [mlr3] Calling train method of fallback 'regr.ranger' on task 'surrogate_task' with 331 observations {learner: <LearnerRegrRanger/LearnerRegr/Learner/R6>}
INFO  [02:10:57.197] [mlr3] Calling train method of fallback 'regr.ranger' on task 'surrogate_task' with 332 observations {learner: <LearnerRegrRanger/LearnerRegr/Learner/R6>}
INFO  [02:10:58.348] [mlr3] Calling train method of fallback 'regr.ranger' on task 'surrogate_task' with 333 observations {learner: <LearnerRegrRanger/LearnerRegr/Learner/R6>}
INFO  [02:10:59.509] [mlr3] Calling train method of fallback 'regr.ranger' on task 'surrogate_task' with 334 observations {learner: <LearnerRegrRanger/LearnerRegr/Learner/R6>}
INFO  [02:11:00.689] [mlr3] Calling train method of fallback 'regr.ranger' on task 'surrogate_task' with 335 observations {learner: <LearnerRegrRanger/LearnerRegr/Learner/R6>}
INFO  [02:11:01.771] [mlr3] Calling train method of fallback 'regr.ranger' on task 'surrogate_task' with 336 observations {learner: <LearnerRegrRanger/LearnerRegr/Learner/R6>}
INFO  [02:11:02.981] [mlr3] Calling train method of fallback 'regr.ranger' on task 'surrogate_task' with 337 observations {learner: <LearnerRegrRanger/LearnerRegr/Learner/R6>}
INFO  [02:11:04.124] [mlr3] Calling train method of fallback 'regr.ranger' on task 'surrogate_task' with 338 observations {learner: <LearnerRegrRanger/LearnerRegr/Learner/R6>}
INFO  [02:11:05.298] [mlr3] Calling train method of fallback 'regr.ranger' on task 'surrogate_task' with 339 observations {learner: <LearnerRegrRanger/LearnerRegr/Learner/R6>}
INFO  [02:11:06.399] [mlr3] Calling train method of fallback 'regr.ranger' on task 'surrogate_task' with 340 observations {learner: <LearnerRegrRanger/LearnerRegr/Learner/R6>}
INFO  [02:11:07.613] [mlr3] Calling train method of fallback 'regr.ranger' on task 'surrogate_task' with 341 observations {learner: <LearnerRegrRanger/LearnerRegr/Learner/R6>}
INFO  [02:11:08.767] [mlr3] Calling train method of fallback 'regr.ranger' on task 'surrogate_task' with 342 observations {learner: <LearnerRegrRanger/LearnerRegr/Learner/R6>}
INFO  [02:11:09.939] [mlr3] Calling train method of fallback 'regr.ranger' on task 'surrogate_task' with 343 observations {learner: <LearnerRegrRanger/LearnerRegr/Learner/R6>}
INFO  [02:11:11.112] [mlr3] Calling train method of fallback 'regr.ranger' on task 'surrogate_task' with 344 observations {learner: <LearnerRegrRanger/LearnerRegr/Learner/R6>}
INFO  [02:11:12.355] [mlr3] Calling train method of fallback 'regr.ranger' on task 'surrogate_task' with 345 observations {learner: <LearnerRegrRanger/LearnerRegr/Learner/R6>}
INFO  [02:11:13.502] [mlr3] Calling train method of fallback 'regr.ranger' on task 'surrogate_task' with 346 observations {learner: <LearnerRegrRanger/LearnerRegr/Learner/R6>}
INFO  [02:11:14.693] [mlr3] Calling train method of fallback 'regr.ranger' on task 'surrogate_task' with 347 observations {learner: <LearnerRegrRanger/LearnerRegr/Learner/R6>}
INFO  [02:11:15.874] [mlr3] Calling train method of fallback 'regr.ranger' on task 'surrogate_task' with 348 observations {learner: <LearnerRegrRanger/LearnerRegr/Learner/R6>}
INFO  [02:11:17.101] [mlr3] Calling train method of fallback 'regr.ranger' on task 'surrogate_task' with 349 observations {learner: <LearnerRegrRanger/LearnerRegr/Learner/R6>}
INFO  [02:11:18.259] [mlr3] Calling train method of fallback 'regr.ranger' on task 'surrogate_task' with 350 observations {learner: <LearnerRegrRanger/LearnerRegr/Learner/R6>}
INFO  [02:11:19.756] [mlr3] Calling train method of fallback 'regr.ranger' on task 'surrogate_task' with 351 observations {learner: <LearnerRegrRanger/LearnerRegr/Learner/R6>}
INFO  [02:11:20.875] [mlr3] Calling train method of fallback 'regr.ranger' on task 'surrogate_task' with 352 observations {learner: <LearnerRegrRanger/LearnerRegr/Learner/R6>}
INFO  [02:11:22.042] [mlr3] Calling train method of fallback 'regr.ranger' on task 'surrogate_task' with 353 observations {learner: <LearnerRegrRanger/LearnerRegr/Learner/R6>}
INFO  [02:11:23.200] [mlr3] Calling train method of fallback 'regr.ranger' on task 'surrogate_task' with 354 observations {learner: <LearnerRegrRanger/LearnerRegr/Learner/R6>}
INFO  [02:11:24.375] [mlr3] Calling train method of fallback 'regr.ranger' on task 'surrogate_task' with 355 observations {learner: <LearnerRegrRanger/LearnerRegr/Learner/R6>}
INFO  [02:11:25.532] [mlr3] Calling train method of fallback 'regr.ranger' on task 'surrogate_task' with 356 observations {learner: <LearnerRegrRanger/LearnerRegr/Learner/R6>}
INFO  [02:11:26.774] [mlr3] Calling train method of fallback 'regr.ranger' on task 'surrogate_task' with 357 observations {learner: <LearnerRegrRanger/LearnerRegr/Learner/R6>}
INFO  [02:11:27.915] [mlr3] Calling train method of fallback 'regr.ranger' on task 'surrogate_task' with 358 observations {learner: <LearnerRegrRanger/LearnerRegr/Learner/R6>}
INFO  [02:11:29.082] [mlr3] Calling train method of fallback 'regr.ranger' on task 'surrogate_task' with 359 observations {learner: <LearnerRegrRanger/LearnerRegr/Learner/R6>}
INFO  [02:11:30.269] [mlr3] Calling train method of fallback 'regr.ranger' on task 'surrogate_task' with 360 observations {learner: <LearnerRegrRanger/LearnerRegr/Learner/R6>}
INFO  [02:11:31.426] [mlr3] Calling train method of fallback 'regr.ranger' on task 'surrogate_task' with 361 observations {learner: <LearnerRegrRanger/LearnerRegr/Learner/R6>}
INFO  [02:11:32.630] [mlr3] Calling train method of fallback 'regr.ranger' on task 'surrogate_task' with 362 observations {learner: <LearnerRegrRanger/LearnerRegr/Learner/R6>}
INFO  [02:11:33.834] [mlr3] Calling train method of fallback 'regr.ranger' on task 'surrogate_task' with 363 observations {learner: <LearnerRegrRanger/LearnerRegr/Learner/R6>}
INFO  [02:11:34.979] [mlr3] Calling train method of fallback 'regr.ranger' on task 'surrogate_task' with 364 observations {learner: <LearnerRegrRanger/LearnerRegr/Learner/R6>}
INFO  [02:11:36.093] [mlr3] Calling train method of fallback 'regr.ranger' on task 'surrogate_task' with 365 observations {learner: <LearnerRegrRanger/LearnerRegr/Learner/R6>}
INFO  [02:11:37.234] [mlr3] Calling train method of fallback 'regr.ranger' on task 'surrogate_task' with 366 observations {learner: <LearnerRegrRanger/LearnerRegr/Learner/R6>}
INFO  [02:11:38.402] [mlr3] Calling train method of fallback 'regr.ranger' on task 'surrogate_task' with 367 observations {learner: <LearnerRegrRanger/LearnerRegr/Learner/R6>}
INFO  [02:11:39.553] [mlr3] Calling train method of fallback 'regr.ranger' on task 'surrogate_task' with 368 observations {learner: <LearnerRegrRanger/LearnerRegr/Learner/R6>}
INFO  [02:11:40.767] [mlr3] Calling train method of fallback 'regr.ranger' on task 'surrogate_task' with 369 observations {learner: <LearnerRegrRanger/LearnerRegr/Learner/R6>}
INFO  [02:11:41.912] [mlr3] Calling train method of fallback 'regr.ranger' on task 'surrogate_task' with 369 observations {learner: <LearnerRegrRanger/LearnerRegr/Learner/R6>}
INFO  [02:11:43.095] [mlr3] Calling train method of fallback 'regr.ranger' on task 'surrogate_task' with 371 observations {learner: <LearnerRegrRanger/LearnerRegr/Learner/R6>}
INFO  [02:11:44.297] [mlr3] Calling train method of fallback 'regr.ranger' on task 'surrogate_task' with 372 observations {learner: <LearnerRegrRanger/LearnerRegr/Learner/R6>}
INFO  [02:11:45.519] [mlr3] Calling train method of fallback 'regr.ranger' on task 'surrogate_task' with 373 observations {learner: <LearnerRegrRanger/LearnerRegr/Learner/R6>}
INFO  [02:11:46.699] [mlr3] Calling train method of fallback 'regr.ranger' on task 'surrogate_task' with 374 observations {learner: <LearnerRegrRanger/LearnerRegr/Learner/R6>}
INFO  [02:11:47.899] [mlr3] Calling train method of fallback 'regr.ranger' on task 'surrogate_task' with 375 observations {learner: <LearnerRegrRanger/LearnerRegr/Learner/R6>}
INFO  [02:11:49.104] [mlr3] Calling train method of fallback 'regr.ranger' on task 'surrogate_task' with 376 observations {learner: <LearnerRegrRanger/LearnerRegr/Learner/R6>}
INFO  [02:11:50.298] [mlr3] Calling train method of fallback 'regr.ranger' on task 'surrogate_task' with 377 observations {learner: <LearnerRegrRanger/LearnerRegr/Learner/R6>}
INFO  [02:11:51.542] [mlr3] Calling train method of fallback 'regr.ranger' on task 'surrogate_task' with 378 observations {learner: <LearnerRegrRanger/LearnerRegr/Learner/R6>}
INFO  [02:11:52.756] [mlr3] Calling train method of fallback 'regr.ranger' on task 'surrogate_task' with 379 observations {learner: <LearnerRegrRanger/LearnerRegr/Learner/R6>}
INFO  [02:11:53.982] [mlr3] Calling train method of fallback 'regr.ranger' on task 'surrogate_task' with 380 observations {learner: <LearnerRegrRanger/LearnerRegr/Learner/R6>}
INFO  [02:11:55.316] [mlr3] Calling train method of fallback 'regr.ranger' on task 'surrogate_task' with 381 observations {learner: <LearnerRegrRanger/LearnerRegr/Learner/R6>}
INFO  [02:11:56.496] [mlr3] Calling train method of fallback 'regr.ranger' on task 'surrogate_task' with 382 observations {learner: <LearnerRegrRanger/LearnerRegr/Learner/R6>}
INFO  [02:11:57.687] [mlr3] Calling train method of fallback 'regr.ranger' on task 'surrogate_task' with 383 observations {learner: <LearnerRegrRanger/LearnerRegr/Learner/R6>}
INFO  [02:11:58.901] [mlr3] Calling train method of fallback 'regr.ranger' on task 'surrogate_task' with 384 observations {learner: <LearnerRegrRanger/LearnerRegr/Learner/R6>}
INFO  [02:12:00.172] [mlr3] Calling train method of fallback 'regr.ranger' on task 'surrogate_task' with 385 observations {learner: <LearnerRegrRanger/LearnerRegr/Learner/R6>}
INFO  [02:12:01.356] [mlr3] Calling train method of fallback 'regr.ranger' on task 'surrogate_task' with 386 observations {learner: <LearnerRegrRanger/LearnerRegr/Learner/R6>}
INFO  [02:12:02.638] [mlr3] Calling train method of fallback 'regr.ranger' on task 'surrogate_task' with 387 observations {learner: <LearnerRegrRanger/LearnerRegr/Learner/R6>}
INFO  [02:12:03.869] [mlr3] Calling train method of fallback 'regr.ranger' on task 'surrogate_task' with 388 observations {learner: <LearnerRegrRanger/LearnerRegr/Learner/R6>}
INFO  [02:12:05.072] [mlr3] Calling train method of fallback 'regr.ranger' on task 'surrogate_task' with 389 observations {learner: <LearnerRegrRanger/LearnerRegr/Learner/R6>}
INFO  [02:12:06.298] [mlr3] Calling train method of fallback 'regr.ranger' on task 'surrogate_task' with 390 observations {learner: <LearnerRegrRanger/LearnerRegr/Learner/R6>}
INFO  [02:12:07.551] [mlr3] Calling train method of fallback 'regr.ranger' on task 'surrogate_task' with 391 observations {learner: <LearnerRegrRanger/LearnerRegr/Learner/R6>}
INFO  [02:12:08.770] [mlr3] Calling train method of fallback 'regr.ranger' on task 'surrogate_task' with 391 observations {learner: <LearnerRegrRanger/LearnerRegr/Learner/R6>}
INFO  [02:12:10.039] [mlr3] Calling train method of fallback 'regr.ranger' on task 'surrogate_task' with 393 observations {learner: <LearnerRegrRanger/LearnerRegr/Learner/R6>}
INFO  [02:12:11.264] [mlr3] Calling train method of fallback 'regr.ranger' on task 'surrogate_task' with 394 observations {learner: <LearnerRegrRanger/LearnerRegr/Learner/R6>}
INFO  [02:12:12.567] [mlr3] Calling train method of fallback 'regr.ranger' on task 'surrogate_task' with 395 observations {learner: <LearnerRegrRanger/LearnerRegr/Learner/R6>}
INFO  [02:12:13.730] [mlr3] Calling train method of fallback 'regr.ranger' on task 'surrogate_task' with 395 observations {learner: <LearnerRegrRanger/LearnerRegr/Learner/R6>}
INFO  [02:12:14.909] [mlr3] Calling train method of fallback 'regr.ranger' on task 'surrogate_task' with 397 observations {learner: <LearnerRegrRanger/LearnerRegr/Learner/R6>}
INFO  [02:12:16.168] [mlr3] Calling train method of fallback 'regr.ranger' on task 'surrogate_task' with 398 observations {learner: <LearnerRegrRanger/LearnerRegr/Learner/R6>}
INFO  [02:12:17.381] [mlr3] Calling train method of fallback 'regr.ranger' on task 'surrogate_task' with 399 observations {learner: <LearnerRegrRanger/LearnerRegr/Learner/R6>}
INFO  [02:12:18.581] [mlr3] Calling train method of fallback 'regr.ranger' on task 'surrogate_task' with 400 observations {learner: <LearnerRegrRanger/LearnerRegr/Learner/R6>}
INFO  [02:12:19.870] [mlr3] Calling train method of fallback 'regr.ranger' on task 'surrogate_task' with 401 observations {learner: <LearnerRegrRanger/LearnerRegr/Learner/R6>}
INFO  [02:12:21.416] [mlr3] Calling train method of fallback 'regr.ranger' on task 'surrogate_task' with 402 observations {learner: <LearnerRegrRanger/LearnerRegr/Learner/R6>}
INFO  [02:12:22.795] [mlr3] Calling train method of fallback 'regr.ranger' on task 'surrogate_task' with 403 observations {learner: <LearnerRegrRanger/LearnerRegr/Learner/R6>}
INFO  [02:12:24.035] [mlr3] Calling train method of fallback 'regr.ranger' on task 'surrogate_task' with 404 observations {learner: <LearnerRegrRanger/LearnerRegr/Learner/R6>}
INFO  [02:12:25.549] [mlr3] Calling train method of fallback 'regr.ranger' on task 'surrogate_task' with 405 observations {learner: <LearnerRegrRanger/LearnerRegr/Learner/R6>}
INFO  [02:12:26.804] [mlr3] Calling train method of fallback 'regr.ranger' on task 'surrogate_task' with 406 observations {learner: <LearnerRegrRanger/LearnerRegr/Learner/R6>}
INFO  [02:12:28.095] [mlr3] Calling train method of fallback 'regr.ranger' on task 'surrogate_task' with 407 observations {learner: <LearnerRegrRanger/LearnerRegr/Learner/R6>}
INFO  [02:12:29.307] [mlr3] Calling train method of fallback 'regr.ranger' on task 'surrogate_task' with 408 observations {learner: <LearnerRegrRanger/LearnerRegr/Learner/R6>}
INFO  [02:12:30.672] [mlr3] Calling train method of fallback 'regr.ranger' on task 'surrogate_task' with 409 observations {learner: <LearnerRegrRanger/LearnerRegr/Learner/R6>}
INFO  [02:12:32.012] [mlr3] Calling train method of fallback 'regr.ranger' on task 'surrogate_task' with 410 observations {learner: <LearnerRegrRanger/LearnerRegr/Learner/R6>}
INFO  [02:12:33.288] [mlr3] Calling train method of fallback 'regr.ranger' on task 'surrogate_task' with 411 observations {learner: <LearnerRegrRanger/LearnerRegr/Learner/R6>}
INFO  [02:12:34.550] [mlr3] Calling train method of fallback 'regr.ranger' on task 'surrogate_task' with 412 observations {learner: <LearnerRegrRanger/LearnerRegr/Learner/R6>}
INFO  [02:12:35.849] [mlr3] Calling train method of fallback 'regr.ranger' on task 'surrogate_task' with 413 observations {learner: <LearnerRegrRanger/LearnerRegr/Learner/R6>}
INFO  [02:12:37.202] [mlr3] Calling train method of fallback 'regr.ranger' on task 'surrogate_task' with 414 observations {learner: <LearnerRegrRanger/LearnerRegr/Learner/R6>}
INFO  [02:12:38.421] [mlr3] Calling train method of fallback 'regr.ranger' on task 'surrogate_task' with 415 observations {learner: <LearnerRegrRanger/LearnerRegr/Learner/R6>}
INFO  [02:12:39.742] [mlr3] Calling train method of fallback 'regr.ranger' on task 'surrogate_task' with 416 observations {learner: <LearnerRegrRanger/LearnerRegr/Learner/R6>}
INFO  [02:12:41.010] [mlr3] Calling train method of fallback 'regr.ranger' on task 'surrogate_task' with 417 observations {learner: <LearnerRegrRanger/LearnerRegr/Learner/R6>}
INFO  [02:12:42.463] [mlr3] Calling train method of fallback 'regr.ranger' on task 'surrogate_task' with 418 observations {learner: <LearnerRegrRanger/LearnerRegr/Learner/R6>}
INFO  [02:12:43.854] [mlr3] Calling train method of fallback 'regr.ranger' on task 'surrogate_task' with 419 observations {learner: <LearnerRegrRanger/LearnerRegr/Learner/R6>}
INFO  [02:12:45.178] [mlr3] Calling train method of fallback 'regr.ranger' on task 'surrogate_task' with 420 observations {learner: <LearnerRegrRanger/LearnerRegr/Learner/R6>}
INFO  [02:12:46.421] [mlr3] Calling train method of fallback 'regr.ranger' on task 'surrogate_task' with 421 observations {learner: <LearnerRegrRanger/LearnerRegr/Learner/R6>}
INFO  [02:12:47.811] [mlr3] Calling train method of fallback 'regr.ranger' on task 'surrogate_task' with 422 observations {learner: <LearnerRegrRanger/LearnerRegr/Learner/R6>}
INFO  [02:12:49.263] [mlr3] Calling train method of fallback 'regr.ranger' on task 'surrogate_task' with 423 observations {learner: <LearnerRegrRanger/LearnerRegr/Learner/R6>}
INFO  [02:12:50.582] [mlr3] Calling train method of fallback 'regr.ranger' on task 'surrogate_task' with 424 observations {learner: <LearnerRegrRanger/LearnerRegr/Learner/R6>}
INFO  [02:12:51.908] [mlr3] Calling train method of fallback 'regr.ranger' on task 'surrogate_task' with 425 observations {learner: <LearnerRegrRanger/LearnerRegr/Learner/R6>}
INFO  [02:12:53.141] [mlr3] Calling train method of fallback 'regr.ranger' on task 'surrogate_task' with 426 observations {learner: <LearnerRegrRanger/LearnerRegr/Learner/R6>}
INFO  [02:12:54.383] [mlr3] Calling train method of fallback 'regr.ranger' on task 'surrogate_task' with 427 observations {learner: <LearnerRegrRanger/LearnerRegr/Learner/R6>}
INFO  [02:12:55.646] [mlr3] Calling train method of fallback 'regr.ranger' on task 'surrogate_task' with 428 observations {learner: <LearnerRegrRanger/LearnerRegr/Learner/R6>}
INFO  [02:12:56.899] [mlr3] Calling train method of fallback 'regr.ranger' on task 'surrogate_task' with 429 observations {learner: <LearnerRegrRanger/LearnerRegr/Learner/R6>}
INFO  [02:12:58.193] [mlr3] Calling train method of fallback 'regr.ranger' on task 'surrogate_task' with 430 observations {learner: <LearnerRegrRanger/LearnerRegr/Learner/R6>}
INFO  [02:12:59.522] [mlr3] Calling train method of fallback 'regr.ranger' on task 'surrogate_task' with 431 observations {learner: <LearnerRegrRanger/LearnerRegr/Learner/R6>}
INFO  [02:13:00.874] [mlr3] Calling train method of fallback 'regr.ranger' on task 'surrogate_task' with 432 observations {learner: <LearnerRegrRanger/LearnerRegr/Learner/R6>}
INFO  [02:13:02.152] [mlr3] Calling train method of fallback 'regr.ranger' on task 'surrogate_task' with 433 observations {learner: <LearnerRegrRanger/LearnerRegr/Learner/R6>}
INFO  [02:13:03.449] [mlr3] Calling train method of fallback 'regr.ranger' on task 'surrogate_task' with 434 observations {learner: <LearnerRegrRanger/LearnerRegr/Learner/R6>}
INFO  [02:13:04.781] [mlr3] Calling train method of fallback 'regr.ranger' on task 'surrogate_task' with 435 observations {learner: <LearnerRegrRanger/LearnerRegr/Learner/R6>}
INFO  [02:13:06.112] [mlr3] Calling train method of fallback 'regr.ranger' on task 'surrogate_task' with 436 observations {learner: <LearnerRegrRanger/LearnerRegr/Learner/R6>}
INFO  [02:13:07.377] [mlr3] Calling train method of fallback 'regr.ranger' on task 'surrogate_task' with 437 observations {learner: <LearnerRegrRanger/LearnerRegr/Learner/R6>}
INFO  [02:13:08.624] [mlr3] Calling train method of fallback 'regr.ranger' on task 'surrogate_task' with 438 observations {learner: <LearnerRegrRanger/LearnerRegr/Learner/R6>}
INFO  [02:13:10.090] [mlr3] Calling train method of fallback 'regr.ranger' on task 'surrogate_task' with 439 observations {learner: <LearnerRegrRanger/LearnerRegr/Learner/R6>}
INFO  [02:13:11.490] [mlr3] Calling train method of fallback 'regr.ranger' on task 'surrogate_task' with 440 observations {learner: <LearnerRegrRanger/LearnerRegr/Learner/R6>}
INFO  [02:13:12.750] [mlr3] Calling train method of fallback 'regr.ranger' on task 'surrogate_task' with 441 observations {learner: <LearnerRegrRanger/LearnerRegr/Learner/R6>}
INFO  [02:13:14.071] [mlr3] Calling train method of fallback 'regr.ranger' on task 'surrogate_task' with 442 observations {learner: <LearnerRegrRanger/LearnerRegr/Learner/R6>}
INFO  [02:13:15.418] [mlr3] Calling train method of fallback 'regr.ranger' on task 'surrogate_task' with 443 observations {learner: <LearnerRegrRanger/LearnerRegr/Learner/R6>}
INFO  [02:13:16.715] [mlr3] Calling train method of fallback 'regr.ranger' on task 'surrogate_task' with 444 observations {learner: <LearnerRegrRanger/LearnerRegr/Learner/R6>}
INFO  [02:13:18.058] [mlr3] Calling train method of fallback 'regr.ranger' on task 'surrogate_task' with 445 observations {learner: <LearnerRegrRanger/LearnerRegr/Learner/R6>}
INFO  [02:13:19.442] [mlr3] Calling train method of fallback 'regr.ranger' on task 'surrogate_task' with 446 observations {learner: <LearnerRegrRanger/LearnerRegr/Learner/R6>}
INFO  [02:13:20.745] [mlr3] Calling train method of fallback 'regr.ranger' on task 'surrogate_task' with 447 observations {learner: <LearnerRegrRanger/LearnerRegr/Learner/R6>}
INFO  [02:13:22.065] [mlr3] Calling train method of fallback 'regr.ranger' on task 'surrogate_task' with 448 observations {learner: <LearnerRegrRanger/LearnerRegr/Learner/R6>}
INFO  [02:13:23.403] [mlr3] Calling train method of fallback 'regr.ranger' on task 'surrogate_task' with 449 observations {learner: <LearnerRegrRanger/LearnerRegr/Learner/R6>}
INFO  [02:13:24.792] [mlr3] Calling train method of fallback 'regr.ranger' on task 'surrogate_task' with 450 observations {learner: <LearnerRegrRanger/LearnerRegr/Learner/R6>}
INFO  [02:13:26.053] [mlr3] Calling train method of fallback 'regr.ranger' on task 'surrogate_task' with 451 observations {learner: <LearnerRegrRanger/LearnerRegr/Learner/R6>}
INFO  [02:13:27.443] [mlr3] Calling train method of fallback 'regr.ranger' on task 'surrogate_task' with 452 observations {learner: <LearnerRegrRanger/LearnerRegr/Learner/R6>}
INFO  [02:13:28.991] [mlr3] Calling train method of fallback 'regr.ranger' on task 'surrogate_task' with 453 observations {learner: <LearnerRegrRanger/LearnerRegr/Learner/R6>}
INFO  [02:13:30.424] [mlr3] Calling train method of fallback 'regr.ranger' on task 'surrogate_task' with 454 observations {learner: <LearnerRegrRanger/LearnerRegr/Learner/R6>}
INFO  [02:13:31.757] [mlr3] Calling train method of fallback 'regr.ranger' on task 'surrogate_task' with 455 observations {learner: <LearnerRegrRanger/LearnerRegr/Learner/R6>}
INFO  [02:13:33.230] [mlr3] Calling train method of fallback 'regr.ranger' on task 'surrogate_task' with 456 observations {learner: <LearnerRegrRanger/LearnerRegr/Learner/R6>}
INFO  [02:13:34.639] [mlr3] Calling train method of fallback 'regr.ranger' on task 'surrogate_task' with 457 observations {learner: <LearnerRegrRanger/LearnerRegr/Learner/R6>}
INFO  [02:13:35.965] [mlr3] Calling train method of fallback 'regr.ranger' on task 'surrogate_task' with 458 observations {learner: <LearnerRegrRanger/LearnerRegr/Learner/R6>}
INFO  [02:13:37.278] [mlr3] Calling train method of fallback 'regr.ranger' on task 'surrogate_task' with 459 observations {learner: <LearnerRegrRanger/LearnerRegr/Learner/R6>}
INFO  [02:13:38.661] [mlr3] Calling train method of fallback 'regr.ranger' on task 'surrogate_task' with 460 observations {learner: <LearnerRegrRanger/LearnerRegr/Learner/R6>}
INFO  [02:13:40.087] [mlr3] Calling train method of fallback 'regr.ranger' on task 'surrogate_task' with 461 observations {learner: <LearnerRegrRanger/LearnerRegr/Learner/R6>}
INFO  [02:13:41.401] [mlr3] Calling train method of fallback 'regr.ranger' on task 'surrogate_task' with 462 observations {learner: <LearnerRegrRanger/LearnerRegr/Learner/R6>}
INFO  [02:13:42.731] [mlr3] Calling train method of fallback 'regr.ranger' on task 'surrogate_task' with 463 observations {learner: <LearnerRegrRanger/LearnerRegr/Learner/R6>}
INFO  [02:13:44.108] [mlr3] Calling train method of fallback 'regr.ranger' on task 'surrogate_task' with 464 observations {learner: <LearnerRegrRanger/LearnerRegr/Learner/R6>}
INFO  [02:13:45.464] [mlr3] Calling train method of fallback 'regr.ranger' on task 'surrogate_task' with 465 observations {learner: <LearnerRegrRanger/LearnerRegr/Learner/R6>}
INFO  [02:13:46.838] [mlr3] Calling train method of fallback 'regr.ranger' on task 'surrogate_task' with 466 observations {learner: <LearnerRegrRanger/LearnerRegr/Learner/R6>}
INFO  [02:13:48.157] [mlr3] Calling train method of fallback 'regr.ranger' on task 'surrogate_task' with 467 observations {learner: <LearnerRegrRanger/LearnerRegr/Learner/R6>}
INFO  [02:13:49.606] [mlr3] Calling train method of fallback 'regr.ranger' on task 'surrogate_task' with 468 observations {learner: <LearnerRegrRanger/LearnerRegr/Learner/R6>}
INFO  [02:13:51.016] [mlr3] Calling train method of fallback 'regr.ranger' on task 'surrogate_task' with 469 observations {learner: <LearnerRegrRanger/LearnerRegr/Learner/R6>}
INFO  [02:13:52.334] [mlr3] Calling train method of fallback 'regr.ranger' on task 'surrogate_task' with 470 observations {learner: <LearnerRegrRanger/LearnerRegr/Learner/R6>}
INFO  [02:13:53.704] [mlr3] Calling train method of fallback 'regr.ranger' on task 'surrogate_task' with 471 observations {learner: <LearnerRegrRanger/LearnerRegr/Learner/R6>}
INFO  [02:13:55.137] [mlr3] Calling train method of fallback 'regr.ranger' on task 'surrogate_task' with 472 observations {learner: <LearnerRegrRanger/LearnerRegr/Learner/R6>}
INFO  [02:13:56.594] [mlr3] Calling train method of fallback 'regr.ranger' on task 'surrogate_task' with 473 observations {learner: <LearnerRegrRanger/LearnerRegr/Learner/R6>}
INFO  [02:13:57.903] [mlr3] Calling train method of fallback 'regr.ranger' on task 'surrogate_task' with 474 observations {learner: <LearnerRegrRanger/LearnerRegr/Learner/R6>}
INFO  [02:13:59.236] [mlr3] Calling train method of fallback 'regr.ranger' on task 'surrogate_task' with 475 observations {learner: <LearnerRegrRanger/LearnerRegr/Learner/R6>}
INFO  [02:14:00.647] [mlr3] Calling train method of fallback 'regr.ranger' on task 'surrogate_task' with 476 observations {learner: <LearnerRegrRanger/LearnerRegr/Learner/R6>}
INFO  [02:14:01.992] [mlr3] Calling train method of fallback 'regr.ranger' on task 'surrogate_task' with 477 observations {learner: <LearnerRegrRanger/LearnerRegr/Learner/R6>}
INFO  [02:14:03.430] [mlr3] Calling train method of fallback 'regr.ranger' on task 'surrogate_task' with 478 observations {learner: <LearnerRegrRanger/LearnerRegr/Learner/R6>}
INFO  [02:14:04.775] [mlr3] Calling train method of fallback 'regr.ranger' on task 'surrogate_task' with 479 observations {learner: <LearnerRegrRanger/LearnerRegr/Learner/R6>}
INFO  [02:14:06.152] [mlr3] Calling train method of fallback 'regr.ranger' on task 'surrogate_task' with 480 observations {learner: <LearnerRegrRanger/LearnerRegr/Learner/R6>}
INFO  [02:14:07.508] [mlr3] Calling train method of fallback 'regr.ranger' on task 'surrogate_task' with 481 observations {learner: <LearnerRegrRanger/LearnerRegr/Learner/R6>}
INFO  [02:14:08.905] [mlr3] Calling train method of fallback 'regr.ranger' on task 'surrogate_task' with 482 observations {learner: <LearnerRegrRanger/LearnerRegr/Learner/R6>}
INFO  [02:14:10.339] [mlr3] Calling train method of fallback 'regr.ranger' on task 'surrogate_task' with 483 observations {learner: <LearnerRegrRanger/LearnerRegr/Learner/R6>}
INFO  [02:14:11.713] [mlr3] Calling train method of fallback 'regr.ranger' on task 'surrogate_task' with 484 observations {learner: <LearnerRegrRanger/LearnerRegr/Learner/R6>}
INFO  [02:14:13.138] [mlr3] Calling train method of fallback 'regr.ranger' on task 'surrogate_task' with 485 observations {learner: <LearnerRegrRanger/LearnerRegr/Learner/R6>}
INFO  [02:14:14.583] [mlr3] Calling train method of fallback 'regr.ranger' on task 'surrogate_task' with 486 observations {learner: <LearnerRegrRanger/LearnerRegr/Learner/R6>}
INFO  [02:14:15.965] [mlr3] Calling train method of fallback 'regr.ranger' on task 'surrogate_task' with 487 observations {learner: <LearnerRegrRanger/LearnerRegr/Learner/R6>}
INFO  [02:14:17.370] [mlr3] Calling train method of fallback 'regr.ranger' on task 'surrogate_task' with 488 observations {learner: <LearnerRegrRanger/LearnerRegr/Learner/R6>}
INFO  [02:14:18.795] [mlr3] Calling train method of fallback 'regr.ranger' on task 'surrogate_task' with 489 observations {learner: <LearnerRegrRanger/LearnerRegr/Learner/R6>}
INFO  [02:14:20.171] [mlr3] Calling train method of fallback 'regr.ranger' on task 'surrogate_task' with 490 observations {learner: <LearnerRegrRanger/LearnerRegr/Learner/R6>}
INFO  [02:14:21.488] [mlr3] Calling train method of fallback 'regr.ranger' on task 'surrogate_task' with 491 observations {learner: <LearnerRegrRanger/LearnerRegr/Learner/R6>}
INFO  [02:14:22.830] [mlr3] Calling train method of fallback 'regr.ranger' on task 'surrogate_task' with 492 observations {learner: <LearnerRegrRanger/LearnerRegr/Learner/R6>}
INFO  [02:14:24.203] [mlr3] Calling train method of fallback 'regr.ranger' on task 'surrogate_task' with 493 observations {learner: <LearnerRegrRanger/LearnerRegr/Learner/R6>}
INFO  [02:14:25.663] [mlr3] Calling train method of fallback 'regr.ranger' on task 'surrogate_task' with 494 observations {learner: <LearnerRegrRanger/LearnerRegr/Learner/R6>}
INFO  [02:14:27.058] [mlr3] Calling train method of fallback 'regr.ranger' on task 'surrogate_task' with 495 observations {learner: <LearnerRegrRanger/LearnerRegr/Learner/R6>}
INFO  [02:14:28.454] [mlr3] Calling train method of fallback 'regr.ranger' on task 'surrogate_task' with 496 observations {learner: <LearnerRegrRanger/LearnerRegr/Learner/R6>}
INFO  [02:14:30.022] [mlr3] Calling train method of fallback 'regr.ranger' on task 'surrogate_task' with 497 observations {learner: <LearnerRegrRanger/LearnerRegr/Learner/R6>}
INFO  [02:14:31.476] [mlr3] Calling train method of fallback 'regr.ranger' on task 'surrogate_task' with 498 observations {learner: <LearnerRegrRanger/LearnerRegr/Learner/R6>}
INFO  [02:14:32.926] [mlr3] Calling train method of fallback 'regr.ranger' on task 'surrogate_task' with 499 observations {learner: <LearnerRegrRanger/LearnerRegr/Learner/R6>}
INFO  [02:14:34.302] [mlr3] Calling train method of fallback 'regr.ranger' on task 'surrogate_task' with 500 observations {learner: <LearnerRegrRanger/LearnerRegr/Learner/R6>}
INFO  [02:14:35.779] [mlr3] Calling train method of fallback 'regr.ranger' on task 'surrogate_task' with 501 observations {learner: <LearnerRegrRanger/LearnerRegr/Learner/R6>}
INFO  [02:14:37.200] [mlr3] Calling train method of fallback 'regr.ranger' on task 'surrogate_task' with 502 observations {learner: <LearnerRegrRanger/LearnerRegr/Learner/R6>}
INFO  [02:14:38.589] [mlr3] Calling train method of fallback 'regr.ranger' on task 'surrogate_task' with 503 observations {learner: <LearnerRegrRanger/LearnerRegr/Learner/R6>}
INFO  [02:14:39.984] [mlr3] Calling train method of fallback 'regr.ranger' on task 'surrogate_task' with 504 observations {learner: <LearnerRegrRanger/LearnerRegr/Learner/R6>}
INFO  [02:14:41.471] [mlr3] Calling train method of fallback 'regr.ranger' on task 'surrogate_task' with 505 observations {learner: <LearnerRegrRanger/LearnerRegr/Learner/R6>}
INFO  [02:14:42.833] [mlr3] Calling train method of fallback 'regr.ranger' on task 'surrogate_task' with 506 observations {learner: <LearnerRegrRanger/LearnerRegr/Learner/R6>}
INFO  [02:14:44.278] [mlr3] Calling train method of fallback 'regr.ranger' on task 'surrogate_task' with 507 observations {learner: <LearnerRegrRanger/LearnerRegr/Learner/R6>}
INFO  [02:14:45.747] [mlr3] Calling train method of fallback 'regr.ranger' on task 'surrogate_task' with 508 observations {learner: <LearnerRegrRanger/LearnerRegr/Learner/R6>}
INFO  [02:14:47.245] [mlr3] Calling train method of fallback 'regr.ranger' on task 'surrogate_task' with 509 observations {learner: <LearnerRegrRanger/LearnerRegr/Learner/R6>}
INFO  [02:14:48.633] [mlr3] Calling train method of fallback 'regr.ranger' on task 'surrogate_task' with 509 observations {learner: <LearnerRegrRanger/LearnerRegr/Learner/R6>}
INFO  [02:14:50.145] [mlr3] Calling train method of fallback 'regr.ranger' on task 'surrogate_task' with 511 observations {learner: <LearnerRegrRanger/LearnerRegr/Learner/R6>}
INFO  [02:14:51.551] [mlr3] Calling train method of fallback 'regr.ranger' on task 'surrogate_task' with 512 observations {learner: <LearnerRegrRanger/LearnerRegr/Learner/R6>}
INFO  [02:14:52.947] [mlr3] Calling train method of fallback 'regr.ranger' on task 'surrogate_task' with 513 observations {learner: <LearnerRegrRanger/LearnerRegr/Learner/R6>}
INFO  [02:14:54.359] [mlr3] Calling train method of fallback 'regr.ranger' on task 'surrogate_task' with 514 observations {learner: <LearnerRegrRanger/LearnerRegr/Learner/R6>}
INFO  [02:14:55.803] [mlr3] Calling train method of fallback 'regr.ranger' on task 'surrogate_task' with 515 observations {learner: <LearnerRegrRanger/LearnerRegr/Learner/R6>}
INFO  [02:14:57.237] [mlr3] Calling train method of fallback 'regr.ranger' on task 'surrogate_task' with 516 observations {learner: <LearnerRegrRanger/LearnerRegr/Learner/R6>}
INFO  [02:14:58.629] [mlr3] Calling train method of fallback 'regr.ranger' on task 'surrogate_task' with 517 observations {learner: <LearnerRegrRanger/LearnerRegr/Learner/R6>}
INFO  [02:15:00.093] [mlr3] Calling train method of fallback 'regr.ranger' on task 'surrogate_task' with 518 observations {learner: <LearnerRegrRanger/LearnerRegr/Learner/R6>}
INFO  [02:15:01.510] [mlr3] Calling train method of fallback 'regr.ranger' on task 'surrogate_task' with 519 observations {learner: <LearnerRegrRanger/LearnerRegr/Learner/R6>}
INFO  [02:15:02.955] [mlr3] Calling train method of fallback 'regr.ranger' on task 'surrogate_task' with 520 observations {learner: <LearnerRegrRanger/LearnerRegr/Learner/R6>}
INFO  [02:15:04.409] [mlr3] Calling train method of fallback 'regr.ranger' on task 'surrogate_task' with 521 observations {learner: <LearnerRegrRanger/LearnerRegr/Learner/R6>}
INFO  [02:15:05.888] [mlr3] Calling train method of fallback 'regr.ranger' on task 'surrogate_task' with 522 observations {learner: <LearnerRegrRanger/LearnerRegr/Learner/R6>}
INFO  [02:15:07.291] [mlr3] Calling train method of fallback 'regr.ranger' on task 'surrogate_task' with 523 observations {learner: <LearnerRegrRanger/LearnerRegr/Learner/R6>}
INFO  [02:15:08.695] [mlr3] Calling train method of fallback 'regr.ranger' on task 'surrogate_task' with 524 observations {learner: <LearnerRegrRanger/LearnerRegr/Learner/R6>}
INFO  [02:15:10.515] [mlr3] Calling train method of fallback 'regr.ranger' on task 'surrogate_task' with 525 observations {learner: <LearnerRegrRanger/LearnerRegr/Learner/R6>}
INFO  [02:15:11.928] [mlr3] Calling train method of fallback 'regr.ranger' on task 'surrogate_task' with 526 observations {learner: <LearnerRegrRanger/LearnerRegr/Learner/R6>}
INFO  [02:15:13.369] [mlr3] Calling train method of fallback 'regr.ranger' on task 'surrogate_task' with 527 observations {learner: <LearnerRegrRanger/LearnerRegr/Learner/R6>}
INFO  [02:15:14.788] [mlr3] Calling train method of fallback 'regr.ranger' on task 'surrogate_task' with 528 observations {learner: <LearnerRegrRanger/LearnerRegr/Learner/R6>}
INFO  [02:15:16.157] [mlr3] Calling train method of fallback 'regr.ranger' on task 'surrogate_task' with 529 observations {learner: <LearnerRegrRanger/LearnerRegr/Learner/R6>}
INFO  [02:15:17.587] [mlr3] Calling train method of fallback 'regr.ranger' on task 'surrogate_task' with 530 observations {learner: <LearnerRegrRanger/LearnerRegr/Learner/R6>}
INFO  [02:15:19.000] [mlr3] Calling train method of fallback 'regr.ranger' on task 'surrogate_task' with 531 observations {learner: <LearnerRegrRanger/LearnerRegr/Learner/R6>}
INFO  [02:15:20.417] [mlr3] Calling train method of fallback 'regr.ranger' on task 'surrogate_task' with 532 observations {learner: <LearnerRegrRanger/LearnerRegr/Learner/R6>}
INFO  [02:15:21.961] [mlr3] Calling train method of fallback 'regr.ranger' on task 'surrogate_task' with 533 observations {learner: <LearnerRegrRanger/LearnerRegr/Learner/R6>}
INFO  [02:15:23.677] [mlr3] Calling train method of fallback 'regr.ranger' on task 'surrogate_task' with 534 observations {learner: <LearnerRegrRanger/LearnerRegr/Learner/R6>}
INFO  [02:15:25.117] [mlr3] Calling train method of fallback 'regr.ranger' on task 'surrogate_task' with 535 observations {learner: <LearnerRegrRanger/LearnerRegr/Learner/R6>}
INFO  [02:15:26.530] [mlr3] Calling train method of fallback 'regr.ranger' on task 'surrogate_task' with 536 observations {learner: <LearnerRegrRanger/LearnerRegr/Learner/R6>}
INFO  [02:15:28.255] [mlr3] Calling train method of fallback 'regr.ranger' on task 'surrogate_task' with 537 observations {learner: <LearnerRegrRanger/LearnerRegr/Learner/R6>}
INFO  [02:15:29.820] [mlr3] Calling train method of fallback 'regr.ranger' on task 'surrogate_task' with 538 observations {learner: <LearnerRegrRanger/LearnerRegr/Learner/R6>}
INFO  [02:15:31.229] [mlr3] Calling train method of fallback 'regr.ranger' on task 'surrogate_task' with 539 observations {learner: <LearnerRegrRanger/LearnerRegr/Learner/R6>}
INFO  [02:15:32.670] [mlr3] Calling train method of fallback 'regr.ranger' on task 'surrogate_task' with 540 observations {learner: <LearnerRegrRanger/LearnerRegr/Learner/R6>}
INFO  [02:15:34.154] [mlr3] Calling train method of fallback 'regr.ranger' on task 'surrogate_task' with 541 observations {learner: <LearnerRegrRanger/LearnerRegr/Learner/R6>}
INFO  [02:15:35.593] [mlr3] Calling train method of fallback 'regr.ranger' on task 'surrogate_task' with 542 observations {learner: <LearnerRegrRanger/LearnerRegr/Learner/R6>}
INFO  [02:15:37.044] [mlr3] Calling train method of fallback 'regr.ranger' on task 'surrogate_task' with 543 observations {learner: <LearnerRegrRanger/LearnerRegr/Learner/R6>}
INFO  [02:15:38.487] [mlr3] Calling train method of fallback 'regr.ranger' on task 'surrogate_task' with 544 observations {learner: <LearnerRegrRanger/LearnerRegr/Learner/R6>}
INFO  [02:15:39.937] [mlr3] Calling train method of fallback 'regr.ranger' on task 'surrogate_task' with 545 observations {learner: <LearnerRegrRanger/LearnerRegr/Learner/R6>}
INFO  [02:15:41.374] [mlr3] Calling train method of fallback 'regr.ranger' on task 'surrogate_task' with 546 observations {learner: <LearnerRegrRanger/LearnerRegr/Learner/R6>}
INFO  [02:15:42.883] [mlr3] Calling train method of fallback 'regr.ranger' on task 'surrogate_task' with 547 observations {learner: <LearnerRegrRanger/LearnerRegr/Learner/R6>}
INFO  [02:15:44.385] [mlr3] Calling train method of fallback 'regr.ranger' on task 'surrogate_task' with 548 observations {learner: <LearnerRegrRanger/LearnerRegr/Learner/R6>}
INFO  [02:15:45.841] [mlr3] Calling train method of fallback 'regr.ranger' on task 'surrogate_task' with 549 observations {learner: <LearnerRegrRanger/LearnerRegr/Learner/R6>}
INFO  [02:15:47.321] [mlr3] Calling train method of fallback 'regr.ranger' on task 'surrogate_task' with 550 observations {learner: <LearnerRegrRanger/LearnerRegr/Learner/R6>}
INFO  [02:15:48.817] [mlr3] Calling train method of fallback 'regr.ranger' on task 'surrogate_task' with 551 observations {learner: <LearnerRegrRanger/LearnerRegr/Learner/R6>}
INFO  [02:15:50.333] [mlr3] Calling train method of fallback 'regr.ranger' on task 'surrogate_task' with 552 observations {learner: <LearnerRegrRanger/LearnerRegr/Learner/R6>}
INFO  [02:15:51.840] [mlr3] Calling train method of fallback 'regr.ranger' on task 'surrogate_task' with 553 observations {learner: <LearnerRegrRanger/LearnerRegr/Learner/R6>}
INFO  [02:15:53.318] [mlr3] Calling train method of fallback 'regr.ranger' on task 'surrogate_task' with 554 observations {learner: <LearnerRegrRanger/LearnerRegr/Learner/R6>}
INFO  [02:15:54.953] [mlr3] Calling train method of fallback 'regr.ranger' on task 'surrogate_task' with 555 observations {learner: <LearnerRegrRanger/LearnerRegr/Learner/R6>}
INFO  [02:15:56.516] [mlr3] Calling train method of fallback 'regr.ranger' on task 'surrogate_task' with 556 observations {learner: <LearnerRegrRanger/LearnerRegr/Learner/R6>}
INFO  [02:15:57.953] [mlr3] Calling train method of fallback 'regr.ranger' on task 'surrogate_task' with 556 observations {learner: <LearnerRegrRanger/LearnerRegr/Learner/R6>}
INFO  [02:15:59.482] [mlr3] Calling train method of fallback 'regr.ranger' on task 'surrogate_task' with 558 observations {learner: <LearnerRegrRanger/LearnerRegr/Learner/R6>}
INFO  [02:16:00.973] [mlr3] Calling train method of fallback 'regr.ranger' on task 'surrogate_task' with 559 observations {learner: <LearnerRegrRanger/LearnerRegr/Learner/R6>}
INFO  [02:16:02.659] [mlr3] Calling train method of fallback 'regr.ranger' on task 'surrogate_task' with 560 observations {learner: <LearnerRegrRanger/LearnerRegr/Learner/R6>}
INFO  [02:16:04.557] Results of 222 configuration(s):
INFO  [02:16:04.597]  classif.ce learning_rate num_leaves min_data_in_leaf feature_fraction
INFO  [02:16:04.597]   0.3243725    -2.6165429        255               10        0.5429885
INFO  [02:16:04.597]   0.3241834    -2.1437893        160               34        0.3603474
INFO  [02:16:04.597]   0.3270237    -1.2793343        227               65        0.6709488
INFO  [02:16:04.597]   0.3247359    -2.1485853        119              171        0.3620640
INFO  [02:16:04.597]   0.3240110    -2.1333344        227               34        0.3600222
INFO  [02:16:04.597]   0.3371241    -2.7924181        255                7        0.6359288
INFO  [02:16:04.597]   0.3291316    -1.4702259        254              124        1.0000000
INFO  [02:16:04.597]   0.3269736    -1.3396182        193              189        0.7338574
INFO  [02:16:04.597]   0.3253254    -2.0073202        120              167        0.5671897
INFO  [02:16:04.597]   0.3378842    -2.3693840        255               35        0.6201015
INFO  [02:16:04.597]   0.3239702    -2.1297016        163               61        0.3774768
INFO  [02:16:04.597]   0.3241185    -2.0573671        176              175        0.3597074
INFO  [02:16:04.597]   0.3244244    -2.4627483        255                5        0.5692557
INFO  [02:16:04.597]   0.3244670    -2.5559899        255                8        0.6170099
INFO  [02:16:04.597]   0.3249602    -2.5053125        118              173        0.5737806
INFO  [02:16:04.597]   0.3242909    -2.1059695        125              176        0.3580652
INFO  [02:16:04.597]   0.3244096    -2.4596320        249                6        0.5628697
INFO  [02:16:04.597]   0.3245597    -2.5656669        252              124        0.5807955
INFO  [02:16:04.597]   0.3237162    -2.9340934        241               32        0.4413088
INFO  [02:16:04.597]   0.3279043    -2.2425394        255               38        0.9443163
INFO  [02:16:04.597]   0.3255201    -2.3852727        255                3        0.6944636
INFO  [02:16:04.597]   0.3243039    -2.1286454        150              175        0.3641333
INFO  [02:16:04.597]   0.3250788    -2.1214401         49              110        0.3643015
INFO  [02:16:04.597]   0.3253810    -2.7279115        209                3        0.7321561
INFO  [02:16:04.597]   0.3242112    -2.5265351        255               13        0.6161845
INFO  [02:16:04.597]   0.3278283    -2.2110083        255               94        0.9484398
INFO  [02:16:04.597]   0.3241797    -2.4762064        252                5        0.5900808
INFO  [02:16:04.597]   0.3253866    -2.4849092         95              181        0.5729374
INFO  [02:16:04.597]   0.3253495    -2.0001224         98               69        0.5930947
INFO  [02:16:04.597]   0.3242464    -3.1209864        114               21        0.4447133
INFO  [02:16:04.597]   0.3310412    -3.2941707         21              117        0.5517759
INFO  [02:16:04.597]   0.3338055    -3.2203632         10              117        0.5655531
INFO  [02:16:04.597]   0.3309726    -3.2893812         20               30        0.4398975
INFO  [02:16:04.597]   0.3267140    -2.3783964        158               35        0.9140018
INFO  [02:16:04.597]   0.3279136    -2.1176970        112              177        0.3522469
INFO  [02:16:04.597]   0.3287126    -3.3500378         56                8        0.8040362
INFO  [02:16:04.597]   0.3254830    -2.8182569        220                4        0.7441359
INFO  [02:16:04.597]   0.3279822    -2.1726955        118              126        0.3539883
INFO  [02:16:04.597]   0.3243113    -2.6273827        118              174        0.4198673
INFO  [02:16:04.597]   0.3232731    -3.2068088        255               18        0.4401717
INFO  [02:16:04.597]   0.3243966    -2.4928276        252                6        0.5618972
INFO  [02:16:04.597]   0.3248749    -2.4652067        103              200        0.6290008
INFO  [02:16:04.597]   0.3249009    -1.9774744        220               45        0.5709321
INFO  [02:16:04.597]   0.3241778    -2.5721542        117              174        0.4377084
INFO  [02:16:04.597]   0.3253940    -1.6266131        184              129        0.6121406
INFO  [02:16:04.597]   0.3242260    -2.3511115        255               37        0.6002026
INFO  [02:16:04.597]   0.3246153    -2.0314545        213              128        0.5488723
INFO  [02:16:04.597]   0.3242149    -2.1451929        245               36        0.3591409
INFO  [02:16:04.597]   0.3256628    -2.5773107        209                1        0.7352944
INFO  [02:16:04.597]   0.3290297    -2.1084779         52              178        0.3515383
INFO  [02:16:04.597]   0.3259558    -2.1369721         65              118        0.5427713
INFO  [02:16:04.597]   0.3261263    -2.1269037         42              173        0.5754968
INFO  [02:16:04.597]   0.3247229    -1.7951395        118              182        0.3793373
INFO  [02:16:04.597]   0.3268457    -2.8102201        118              109        0.7893224
INFO  [02:16:04.597]   0.3242130    -2.9343275        242              174        0.4581974
INFO  [02:16:04.597]   0.3245523    -1.9315850        134              181        0.3574657
INFO  [02:16:04.597]   0.3241519    -2.2975770        255              137        0.6091270
INFO  [02:16:04.597]   0.3248434    -1.9882018        216              139        0.5742006
INFO  [02:16:04.597]   0.3252754    -2.4864197         97              181        0.5621213
INFO  [02:16:04.597]   0.3243762    -2.0622502        204               30        0.4410945
INFO  [02:16:04.597]   0.3245097    -2.1288382        206              119        0.5771951
INFO  [02:16:04.597]   0.3244893    -2.0733166        121              200        0.6181874
INFO  [02:16:04.597]   0.3269625    -2.8853849         56               13        0.8323906
INFO  [02:16:04.597]   0.3244689    -1.8831318        183              123        0.5751490
INFO  [02:16:04.597]   0.3237922    -2.9399249        247               32        0.4298702
INFO  [02:16:04.597]   0.3295636    -3.2753469         20              117        0.5551657
INFO  [02:16:04.597]   0.3252754    -1.9022857        145               75        0.5759796
INFO  [02:16:04.597]   0.3234325    -3.2972461        247               30        0.5110059
INFO  [02:16:04.597]   0.3471096    -1.8087271        165              177        0.1080638
INFO  [02:16:04.597]   0.3255535    -2.5754044        203                1        0.7732999
INFO  [02:16:04.597]   0.3236253    -2.4473952        246               30        0.4736614
INFO  [02:16:04.597]   0.3248619    -1.6105529        121              175        0.4038640
INFO  [02:16:04.597]   0.3383180    -4.1467814        255               21        0.5465631
INFO  [02:16:04.597]   0.3242853    -2.2355432        161               62        0.4468766
INFO  [02:16:04.597]   0.3241111    -2.4948137        255               40        0.6134271
INFO  [02:16:04.597]   0.3246487    -1.7598332        230              173        0.3869469
INFO  [02:16:04.597]   0.3262672    -1.7624154         27              174        0.3997694
INFO  [02:16:04.597]   0.3277078    -3.2950835        195                1        1.0000000
INFO  [02:16:04.597]   0.3278394    -3.3019886         62               10        0.8102274
INFO  [02:16:04.597]   0.3237977    -2.3641988        228                7        0.4496075
INFO  [02:16:04.597]   0.3240814    -2.4426169        232               99        0.4397302
INFO  [02:16:04.597]   0.3234251    -2.9057339        255               14        0.4521802
INFO  [02:16:04.597]   0.3238960    -3.1124853        247               33        0.5857382
INFO  [02:16:04.597]   0.3237291    -3.2901649        248               10        0.4429415
INFO  [02:16:04.597]   0.3242038    -3.3098024        247              115        0.3888134
INFO  [02:16:04.597]   0.3250381    -1.9444058        255              124        0.5672449
INFO  [02:16:04.597]   0.3245245    -2.0956461        183              162        0.3734009
INFO  [02:16:04.597]   0.3237050    -2.4018689        234               20        0.4931920
INFO  [02:16:04.597]   0.3269773    -2.1303877        209               34        0.3640439
INFO  [02:16:04.597]   0.3246228    -1.9010169        178              188        0.3662900
INFO  [02:16:04.597]   0.3246265    -2.0906812        207              121        0.5648971
INFO  [02:16:04.597]   0.3470966    -2.5835634        255                1        0.1372287
INFO  [02:16:04.597]   0.3239980    -2.3644504        228                5        0.5885410
INFO  [02:16:04.597]   0.3250622    -2.1465158        125              200        0.6023915
INFO  [02:16:04.597]   0.3251363    -2.1339915        226               34        0.3642689
INFO  [02:16:04.597]   0.3241834    -2.1957570        172               51        0.4449190
INFO  [02:16:04.597]   0.3416904    -2.0743423        159              175        0.3570666
INFO  [02:16:04.597]   0.3241148    -2.2109043        157               35        0.3591382
INFO  [02:16:04.597]   0.3251548    -2.0507191        124               65        0.5978198
INFO  [02:16:04.597]   0.3249954    -1.7613947        114               65        0.3845031
INFO  [02:16:04.597]   0.3244337    -1.8175194        175              107        0.3755960
INFO  [02:16:04.597]   0.3241074    -3.3243906        237               21        0.4350176
INFO  [02:16:04.597]   0.3328933    -3.2200209         11               81        0.5675470
INFO  [02:16:04.597]   0.3255090    -3.5183126        202              127        0.7101878
INFO  [02:16:04.597]   0.3247062    -3.2956761        153               31        0.4374848
INFO  [02:16:04.597]   0.3242761    -2.0808020        169              116        0.4964042
INFO  [02:16:04.597]   0.3245838    -1.8263038        172              101        0.3654203
INFO  [02:16:04.597]   0.3473487    -2.1360883        176               43        0.1945156
INFO  [02:16:04.597]   0.3309689    -0.2294941        245              132        0.5555091
INFO  [02:16:04.597]   0.3248601    -2.4539594         98              200        0.6292473
INFO  [02:16:04.597]   0.3242631    -1.8065473        162               61        0.3608732
INFO  [02:16:04.597]   0.3241685    -2.1326267        225              173        0.3596691
INFO  [02:16:04.597]   0.3260985    -3.5520023        187               36        0.8269823
INFO  [02:16:04.597]   0.3257704    -2.0879289        173              163        0.7096853
INFO  [02:16:04.597]   0.3283882    -1.9168923        144               31        0.3516724
INFO  [02:16:04.597]   0.3245208    -1.9484525        165               60        0.3709795
INFO  [02:16:04.597]   0.3242798    -1.8887646        179              175        0.3886781
INFO  [02:16:04.597]   0.3264452    -3.4776842        199                1        0.8194936
INFO  [02:16:04.597]   0.3240276    -2.1392742        255               98        0.3597017
INFO  [02:16:04.597]   0.3250362    -2.0634546        122              170        0.6310106
INFO  [02:16:04.597]   0.3242872    -3.2238110        250               32        0.4259737
INFO  [02:16:04.597]   0.3248805    -2.9659390        105              173        0.4406286
INFO  [02:16:04.597]   0.3246802    -2.1703603        128              119        0.6037385
INFO  [02:16:04.597]   0.3255905    -2.0021001         58              200        0.5715496
INFO  [02:16:04.597]   0.3244930    -2.4927330        252                1        0.5734374
INFO  [02:16:04.597]   0.3237477    -3.2585091        246               31        0.4448602
INFO  [02:16:04.597]   0.3236884    -2.5493972        255                8        0.5680966
INFO  [02:16:04.597]   0.3236995    -3.1599666        244               31        0.4602755
INFO  [02:16:04.597]   0.3244633    -1.9140411        163               55        0.3618532
INFO  [02:16:04.597]   0.3237551    -2.3193687        223               32        0.3601849
INFO  [02:16:04.597]   0.3274167    -2.0279499        158               45        0.2640344
INFO  [02:16:04.597]   0.3254014    -2.0757925        176              157        0.6989067
INFO  [02:16:04.597]   0.3253124    -3.1755251         95               22        0.4727006
INFO  [02:16:04.597]   0.3239683    -2.4532147        255               34        0.6118793
INFO  [02:16:04.597]   0.3247488    -1.8903254        168               99        0.3654511
INFO  [02:16:04.597]   0.3243539    -2.4001758        236               34        0.5692807
INFO  [02:16:04.597]   0.3241259    -2.4764533        207               29        0.4364143
INFO  [02:16:04.597]   0.3252420    -2.1071803        116               72        0.6124940
INFO  [02:16:04.597]   0.3248100    -2.9865366        104              173        0.5720028
INFO  [02:16:04.597]   0.3247674    -2.1391984        166              179        0.3627262
INFO  [02:16:04.597]   0.3236772    -3.2400934        249               31        0.4381648
INFO  [02:16:04.597]   0.3245671    -2.2166893        161              169        0.3592040
INFO  [02:16:04.597]   0.3242130    -2.4810890        253                3        0.5521636
INFO  [02:16:04.597]   0.3340428    -2.9294697        233               33        0.4411584
INFO  [02:16:04.597]   0.3241074    -2.5399387        255                5        0.5766054
INFO  [02:16:04.597]   0.3243224    -2.4532576        245               12        0.5699124
INFO  [02:16:04.597]   0.3240944    -2.1356937        255               36        0.3626690
INFO  [02:16:04.597]   0.3245653    -2.1582744        140               34        0.3775932
INFO  [02:16:04.597]   0.3249194    -2.3494775        252                4        0.5413804
INFO  [02:16:04.597]   0.3245671    -1.8333383        179              176        0.3695010
INFO  [02:16:04.597]   0.3259187    -3.8559175        205              117        0.7308497
INFO  [02:16:04.597]   0.3239405    -3.4193397        255               31        0.4849644
INFO  [02:16:04.597]   0.3237069    -2.4679593        206               29        0.4295610
INFO  [02:16:04.597]   0.3245634    -2.0619672        118              173        0.3697586
INFO  [02:16:04.597]   0.3245875    -2.2456638        255               40        0.5919988
INFO  [02:16:04.597]   0.3240165    -2.4650753        211                6        0.5927289
INFO  [02:16:04.597]   0.3250140    -2.4581360        115              171        0.3576482
INFO  [02:16:04.597]   0.3244244    -3.2842797        247               54        0.4494462
INFO  [02:16:04.597]   0.3246580    -2.5371033        255               15        0.5700103
INFO  [02:16:04.597]   0.3245171    -2.0751423        103              173        0.4822034
INFO  [02:16:04.597]   0.3240332    -2.5859349        255               11        0.5937837
INFO  [02:16:04.597]   0.3267882    -2.7709857        129               30        0.8572720
INFO  [02:16:04.597]   0.3256202    -3.9510077        201              113        0.6553834
INFO  [02:16:04.597]   0.3241481    -2.1275293        175              176        0.3588764
INFO  [02:16:04.597]   0.3257259    -3.8992816        199              101        0.6450699
INFO  [02:16:04.597]   0.3245820    -1.9036346        204               33        0.4447573
INFO  [02:16:04.597]   0.3255961    -3.9336544        200              120        0.7160308
INFO  [02:16:04.597]   0.3251159    -2.5066402        255               10        0.6495465
INFO  [02:16:04.597]   0.3241852    -2.2741529        255               32        0.6036774
INFO  [02:16:04.597]   0.3243929    -2.3927202        255              137        0.6068524
INFO  [02:16:04.597]   0.3238460    -3.8324651        199               20        0.5397667
INFO  [02:16:04.597]   0.3244874    -2.6765451        255              123        0.5759274
INFO  [02:16:04.597]   0.3245987    -2.0511979        214               36        0.5696976
INFO  [02:16:04.597]   0.3243558    -2.5266245        221              114        0.5634568
INFO  [02:16:04.597]   0.3257092    -1.9924716         59              200        0.5687440
INFO  [02:16:04.597]   0.3243261    -2.4763529        246               31        0.5104080
INFO  [02:16:04.597]   0.3261338    -3.9882810        141               24        0.7799185
INFO  [02:16:04.597]   0.3243558    -2.4300741        255               10        0.6109759
INFO  [02:16:04.597]   0.3246079    -2.2136380        207              127        0.5752208
INFO  [02:16:04.597]   0.3243150    -2.1247236        177              179        0.4682639
INFO  [02:16:04.597]   0.3247043    -3.2931040        245              119        0.5062728
INFO  [02:16:04.597]   0.3248675    -2.1513610        121              173        0.3595331
INFO  [02:16:04.597]   0.3268160    -2.0855432         36              137        0.6948663
INFO  [02:16:04.597]   0.3245931    -2.9669490        183               16        0.5770160
INFO  [02:16:04.597]   0.3334551    -2.1252503         14              175        0.3391617
INFO  [02:16:04.597]   0.3242019    -2.5587983        254              190        0.6111833
INFO  [02:16:04.597]   0.3233880    -2.6142684        239               26        0.4424634
INFO  [02:16:04.597]   0.3256999    -3.7360423        146               19        0.7724577
INFO  [02:16:04.597]   0.3241945    -2.0249831        122              166        0.3700074
INFO  [02:16:04.597]   0.3255701    -3.4651714        145               31        0.4264595
INFO  [02:16:04.597]   0.3241760    -2.2529507        208               56        0.4870042
INFO  [02:16:04.597]   0.3244948    -2.9422965        179                9        0.5643758
INFO  [02:16:04.597]   0.3236884    -4.0008658        255               22        0.5491339
INFO  [02:16:04.597]   0.3255535    -3.9922887        207              116        0.7236008
INFO  [02:16:04.597]   0.3239257    -2.8851398        238               31        0.4395010
INFO  [02:16:04.597]   0.3248916    -2.1382805        103              200        0.6057545
INFO  [02:16:04.597]   0.3261727    -3.9106326        144               21        0.7720742
INFO  [02:16:04.597]   0.3256610    -2.4853153         85              200        0.6132941
INFO  [02:16:04.597]   0.3252828    -2.5719913        118              200        0.5718060
INFO  [02:16:04.597]   0.3249750    -3.7801533        166                5        0.5392392
INFO  [02:16:04.597]   0.3281583    -3.3338009         57                1        0.8104417
INFO  [02:16:04.597]   0.3244262    -2.4517890        252                5        0.5730773
INFO  [02:16:04.597]   0.3243410    -2.4224545        255              120        0.6091502
INFO  [02:16:04.597]   0.3253087    -3.9904553        246              114        0.7055754
INFO  [02:16:04.597]   0.3239294    -3.2968726        238               21        0.4091580
INFO  [02:16:04.597]   0.3235808    -2.2958130        238                6        0.4545742
INFO  [02:16:04.597]   0.3254941    -3.9712689        173              169        0.7502471
INFO  [02:16:04.597]   0.3240072    -2.3479089        245               14        0.4751828
INFO  [02:16:04.597]   0.3238923    -2.5551300        201               28        0.4466354
INFO  [02:16:04.597]   0.3257036    -3.4336985        129               31        0.4315583
INFO  [02:16:04.597]   0.3251289    -2.0272898        215               68        0.5439460
INFO  [02:16:04.597]   0.3292225    -4.2142963         51               28        0.4482165
INFO  [02:16:04.597]   0.3236939    -2.4453053        233               13        0.4430034
INFO  [02:16:04.597]   0.3242538    -3.9203434        255               72        0.5440436
INFO  [02:16:04.597]   0.3239164    -2.6056036        244              174        0.5217134
INFO  [02:16:04.597]   0.3236698    -2.7349418        231               43        0.4423963
INFO  [02:16:04.597]   0.3241018    -2.1188483        145               34        0.3603094
INFO  [02:16:04.597]   0.3232360    -3.0711007        255                1        0.5849119
INFO  [02:16:04.597]   0.3243558    -2.0659879        175              176        0.3783244
INFO  [02:16:04.597]   0.3240981    -2.1469013        247               44        0.3909381
INFO  [02:16:04.597]   0.3233343    -2.9659723        255               17        0.4312928
INFO  [02:16:04.597]   0.3252735    -3.9598871        210              147        0.7803328
INFO  [02:16:04.597]  classif.ce learning_rate num_leaves min_data_in_leaf feature_fraction
INFO  [02:16:04.597]  extra_trees   lambda_l1  lambda_l2 min_gain_to_split        timestamp_xs
INFO  [02:16:04.597]        FALSE -5.80819211  3.7291976         -4.758130 2026-09-10 02:07:17
INFO  [02:16:04.597]        FALSE -0.23171368  3.5959632         -3.176906 2026-09-10 02:07:27
INFO  [02:16:04.597]        FALSE -5.90390837 -0.9699453         -6.401590 2026-09-10 02:09:23
INFO  [02:16:04.597]        FALSE  1.74161344  2.6807497         -6.863234 2026-09-10 02:07:12
INFO  [02:16:04.597]        FALSE -0.77666744  3.3530633         -3.371023 2026-09-10 02:07:50
INFO  [02:16:04.597]        FALSE  5.83916815  3.7264410         -5.370900 2026-09-10 02:09:03
INFO  [02:16:04.597]        FALSE -6.90775528  1.2116277         -6.907755 2026-09-10 02:09:37
INFO  [02:16:04.597]        FALSE -6.90775528 -1.8344305         -4.361732 2026-09-10 02:09:34
INFO  [02:16:04.597]        FALSE -4.62300289  0.2699903         -5.612361 2026-09-10 02:08:51
INFO  [02:16:04.597]        FALSE  6.02463080  1.6931832         -4.280206 2026-09-10 02:09:43
INFO  [02:16:04.597]        FALSE -6.51571085  3.6560300         -3.365514 2026-09-10 02:07:41
INFO  [02:16:04.597]        FALSE  1.59604905 -0.8663159         -5.968542 2026-09-10 02:07:59
INFO  [02:16:04.597]        FALSE -2.22796189  4.2935293         -6.100266 2026-09-10 02:07:54
INFO  [02:16:04.597]        FALSE  0.25149710  3.4950253         -5.381565 2026-09-10 02:08:02
INFO  [02:16:04.597]        FALSE -4.50743689 -2.0532714         -5.569620 2026-09-10 02:08:07
INFO  [02:16:04.597]        FALSE  1.98341449 -0.9482321         -6.032637 2026-09-10 02:07:46
INFO  [02:16:04.597]        FALSE  0.32967340  4.4703410         -6.437721 2026-09-10 02:07:34
INFO  [02:16:04.597]        FALSE -6.90775528  4.5134993         -4.432140 2026-09-10 02:07:28
INFO  [02:16:04.597]        FALSE -1.13890998  2.0612499         -3.431876 2026-09-10 02:07:02
INFO  [02:16:04.597]        FALSE -3.04283438 -0.1783560         -4.564289 2026-09-10 02:09:41
INFO  [02:16:04.597]        FALSE -0.81469021  5.1224206         -6.059905 2026-09-10 02:08:09
INFO  [02:16:04.597]        FALSE  1.36124388  3.3568325         -5.804091 2026-09-10 02:08:00
INFO  [02:16:04.597]        FALSE  1.76945912 -1.0292096         -6.144249 2026-09-10 02:07:49
INFO  [02:16:04.597]        FALSE -5.84076040  4.6073065         -4.653003 2026-09-10 02:07:51
INFO  [02:16:04.597]        FALSE  0.36528586  3.6749786         -5.250677 2026-09-10 02:08:23
INFO  [02:16:04.597]        FALSE -3.95377013  0.4149298         -4.349721 2026-09-10 02:09:54
INFO  [02:16:04.597]        FALSE  0.25692184  1.0343140         -5.696539 2026-09-10 02:09:10
INFO  [02:16:04.597]        FALSE -4.48470768 -2.5494082         -5.596734 2026-09-10 02:08:48
INFO  [02:16:04.597]        FALSE -5.02266342  0.3032405         -3.219568 2026-09-10 02:09:28
INFO  [02:16:04.597]        FALSE -5.79858821 -5.9035260         -6.796163 2026-09-10 02:07:05
INFO  [02:16:04.597]        FALSE -5.99433085  4.4378375         -4.333893 2026-09-10 02:07:29
INFO  [02:16:04.597]        FALSE -6.90775528 -4.9243341         -3.867459 2026-09-10 02:08:17
INFO  [02:16:04.597]        FALSE  1.71333882 -0.6528034         -3.336135 2026-09-10 02:07:03
INFO  [02:16:04.597]        FALSE -2.55672264 -3.4204115         -4.220548 2026-09-10 02:09:47
INFO  [02:16:04.597]        FALSE  1.81593965 -0.9828317         -6.124905 2026-09-10 02:07:08
INFO  [02:16:04.597]        FALSE -5.28944074  2.3416717         -4.910720 2026-09-10 02:08:34
INFO  [02:16:04.597]        FALSE -5.83290913  4.5829026         -4.696613 2026-09-10 02:08:20
INFO  [02:16:04.597]        FALSE  1.71525397 -0.6662231         -5.887201 2026-09-10 02:07:09
INFO  [02:16:04.597]        FALSE  1.64874180 -1.1194205         -6.164604 2026-09-10 02:07:36
INFO  [02:16:04.597]        FALSE -0.36575273 -0.5179005         -4.134988 2026-09-10 02:07:01
INFO  [02:16:04.597]        FALSE  1.06739964  4.5643711         -5.478965 2026-09-10 02:08:08
INFO  [02:16:04.597]        FALSE -4.17081274 -2.7979465         -5.641043 2026-09-10 02:09:07
INFO  [02:16:04.597]        FALSE -5.28873828  2.1161877         -5.490989 2026-09-10 02:10:08
INFO  [02:16:04.597]        FALSE  1.67801173 -1.0770612         -6.146132 2026-09-10 02:07:04
INFO  [02:16:04.597]        FALSE -0.24100356 -0.7539818         -6.395934 2026-09-10 02:10:37
INFO  [02:16:04.597]        FALSE -3.45816732  2.1927063         -4.240019 2026-09-10 02:09:51
INFO  [02:16:04.597]        FALSE -4.66342486  2.6909755         -5.555924 2026-09-10 02:10:03
INFO  [02:16:04.597]        FALSE -0.64708810 -4.5447671         -2.573242 2026-09-10 02:09:48
INFO  [02:16:04.597]        FALSE -5.90545916  5.2575075         -5.972371 2026-09-10 02:08:18
INFO  [02:16:04.597]        FALSE  2.23146925 -0.9456056         -6.137553 2026-09-10 02:08:11
INFO  [02:16:04.597]        FALSE -2.91968469  1.7714901         -5.416097 2026-09-10 02:09:49
INFO  [02:16:04.597]        FALSE  0.21025266 -6.0459121         -4.265583 2026-09-10 02:09:46
INFO  [02:16:04.597]        FALSE  1.68991991 -1.0868160         -6.466548 2026-09-10 02:09:35
INFO  [02:16:04.597]        FALSE -0.75616485 -1.0267930         -3.417685 2026-09-10 02:09:12
INFO  [02:16:04.597]        FALSE -2.18176174  1.6359839         -3.514572 2026-09-10 02:08:12
INFO  [02:16:04.597]        FALSE  1.86583761 -1.1083326         -5.900206 2026-09-10 02:09:24
INFO  [02:16:04.597]        FALSE -2.28523908  1.8971145         -3.371687 2026-09-10 02:09:45
INFO  [02:16:04.597]        FALSE -4.68885866  2.4031035         -5.019779 2026-09-10 02:10:26
INFO  [02:16:04.597]        FALSE -4.47585116 -2.6096487         -5.436166 2026-09-10 02:09:44
INFO  [02:16:04.597]        FALSE -4.46183855  1.8879305         -5.475370 2026-09-10 02:10:02
INFO  [02:16:04.597]        FALSE -4.39258082  2.7346755         -5.446009 2026-09-10 02:10:12
INFO  [02:16:04.597]        FALSE  2.05816487 -2.3256124         -6.056148 2026-09-10 02:09:32
INFO  [02:16:04.597]        FALSE -4.58738054  2.0905609         -5.145451 2026-09-10 02:09:06
INFO  [02:16:04.597]        FALSE  0.88556333  2.1193047         -6.067194 2026-09-10 02:10:18
INFO  [02:16:04.597]        FALSE -1.15205123  3.2144894         -3.367399 2026-09-10 02:07:32
INFO  [02:16:04.597]        FALSE -6.64288701 -4.9590182         -4.325517 2026-09-10 02:08:01
INFO  [02:16:04.597]        FALSE -4.52214190  0.2394660         -5.613538 2026-09-10 02:10:51
INFO  [02:16:04.597]        FALSE -0.56656579 -4.7871768         -5.605039 2026-09-10 02:07:40
INFO  [02:16:04.597]        FALSE  1.54613138  1.0765000         -6.100157 2026-09-10 02:10:23
INFO  [02:16:04.597]        FALSE -5.88523896  5.6178422         -6.132870 2026-09-10 02:08:40
INFO  [02:16:04.597]        FALSE -4.36889937  1.3658033         -3.322831 2026-09-10 02:10:01
INFO  [02:16:04.597]        FALSE  1.71749786 -0.2846494         -6.115763 2026-09-10 02:10:09
INFO  [02:16:04.597]        FALSE  6.02944966 -4.9248415         -6.176892 2026-09-10 02:07:47
INFO  [02:16:04.597]        FALSE -6.54711697  3.9999207         -3.040345 2026-09-10 02:09:42
INFO  [02:16:04.597]        FALSE -2.89182728  0.9785702         -4.950006 2026-09-10 02:10:07
INFO  [02:16:04.597]        FALSE  0.46564592 -0.8092248         -6.098854 2026-09-10 02:10:39
INFO  [02:16:04.597]        FALSE -2.79102280  3.4483259         -6.109427 2026-09-10 02:10:16
INFO  [02:16:04.597]        FALSE -4.08352157  1.7632270         -4.308646 2026-09-10 02:09:21
INFO  [02:16:04.597]        FALSE -5.47387165  2.3543867         -4.951599 2026-09-10 02:08:32
INFO  [02:16:04.597]        FALSE -1.19924022  1.2843770         -3.334626 2026-09-10 02:09:55
INFO  [02:16:04.597]        FALSE -1.09897926  1.7465919         -3.487187 2026-09-10 02:09:59
INFO  [02:16:04.597]        FALSE -0.09829225 -0.4312715         -4.099470 2026-09-10 02:09:05
INFO  [02:16:04.597]        FALSE -4.29110822  3.9230911         -2.623060 2026-09-10 02:07:39
INFO  [02:16:04.597]        FALSE -0.65615121  3.0398989         -3.295924 2026-09-10 02:07:00
INFO  [02:16:04.597]        FALSE -0.81490666  2.6349774         -5.065431 2026-09-10 02:07:19
INFO  [02:16:04.597]        FALSE -6.90775528  2.3215186         -4.774762 2026-09-10 02:11:13
INFO  [02:16:04.597]        FALSE -4.56361790  1.8472833         -6.870835 2026-09-10 02:10:56
INFO  [02:16:04.597]        FALSE -1.10090739  1.5536528         -3.376604 2026-09-10 02:10:06
INFO  [02:16:04.597]        FALSE  3.21214305  3.5259722         -3.200307 2026-09-10 02:10:48
INFO  [02:16:04.597]        FALSE  0.81729284  3.6438220         -6.184125 2026-09-10 02:10:17
INFO  [02:16:04.597]        FALSE -4.79765017  4.6731956         -5.451965 2026-09-10 02:10:14
INFO  [02:16:04.597]        FALSE -5.74902631  5.8488538         -4.867492 2026-09-10 02:09:01
INFO  [02:16:04.597]        FALSE -1.16018530  1.2851558         -3.261398 2026-09-10 02:10:55
INFO  [02:16:04.597]        FALSE  1.99392567  4.4287930         -5.015222 2026-09-10 02:09:36
INFO  [02:16:04.597]        FALSE  2.72164820  3.2990522         -3.273850 2026-09-10 02:10:35
INFO  [02:16:04.597]        FALSE -6.81254340  3.9684967         -2.821963 2026-09-10 02:09:56
INFO  [02:16:04.597]        FALSE  5.45283583 -0.8436708         -5.868590 2026-09-10 02:11:08
INFO  [02:16:04.597]        FALSE -0.22499741  3.7242143         -3.153649 2026-09-10 02:10:27
INFO  [02:16:04.597]        FALSE -4.41586792  1.8139740         -5.375032 2026-09-10 02:11:07
INFO  [02:16:04.597]        FALSE -4.57795460  3.6165530         -3.206652 2026-09-10 02:10:53
INFO  [02:16:04.597]        FALSE  1.49274052  3.2433814         -6.057454 2026-09-10 02:10:24
INFO  [02:16:04.597]        FALSE -0.77239849  3.3318520         -2.813791 2026-09-10 02:07:03
INFO  [02:16:04.597]        FALSE -6.90775528 -4.8454979         -3.933757 2026-09-10 02:09:33
INFO  [02:16:04.597]        FALSE -5.83764344  2.0729141         -4.277235 2026-09-10 02:07:55
INFO  [02:16:04.597]        FALSE -5.99586279  3.4389901         -6.114372 2026-09-10 02:07:20
INFO  [02:16:04.597]        FALSE  1.60830427  3.4065305         -6.099507 2026-09-10 02:10:21
INFO  [02:16:04.597]        FALSE  0.71573950  2.3341905         -6.068398 2026-09-10 02:11:04
INFO  [02:16:04.597]        FALSE -1.13200946  3.6045011         -3.367748 2026-09-10 02:10:59
INFO  [02:16:04.597]        FALSE -4.67121760  3.2229377         -5.419736 2026-09-10 02:12:23
INFO  [02:16:04.597]        FALSE -4.25327658 -2.6965440         -5.678685 2026-09-10 02:10:25
INFO  [02:16:04.597]        FALSE  0.95599637  2.6077686         -2.926053 2026-09-10 02:11:21
INFO  [02:16:04.597]        FALSE  1.71193549  2.2738620         -3.369871 2026-09-10 02:10:49
INFO  [02:16:04.597]        FALSE -4.25142933  1.4624606         -4.542154 2026-09-10 02:08:47
INFO  [02:16:04.597]        FALSE -6.51966046  3.7589679         -2.918744 2026-09-10 02:11:18
INFO  [02:16:04.597]        FALSE -0.22839420  3.5019324         -3.126559 2026-09-10 02:10:42
INFO  [02:16:04.597]        FALSE -6.28556615  3.7785607         -3.599483 2026-09-10 02:10:52
INFO  [02:16:04.597]        FALSE  1.78368242  4.2925099         -6.059164 2026-09-10 02:10:19
INFO  [02:16:04.597]        FALSE -4.10688186  1.6628048         -4.407284 2026-09-10 02:09:18
INFO  [02:16:04.597]        FALSE -0.74140149  3.7318636         -3.759894 2026-09-10 02:10:57
INFO  [02:16:04.597]        FALSE  2.68995303 -2.5806339         -6.098246 2026-09-10 02:10:36
INFO  [02:16:04.597]        FALSE -0.74932820  4.2762455         -3.355618 2026-09-10 02:06:57
INFO  [02:16:04.597]        FALSE -0.40308202 -0.7238450         -5.211027 2026-09-10 02:09:27
INFO  [02:16:04.597]        FALSE  2.06782840  4.5411834         -5.064859 2026-09-10 02:10:00
INFO  [02:16:04.597]        FALSE  2.05570335 -1.8617352         -6.089139 2026-09-10 02:11:02
INFO  [02:16:04.597]        FALSE  0.21598701  4.4070142         -5.873739 2026-09-10 02:10:22
INFO  [02:16:04.597]        FALSE -0.84921102  2.9148187         -3.935050 2026-09-10 02:07:20
INFO  [02:16:04.597]        FALSE -5.59816390 -6.6509277         -4.672540 2026-09-10 02:11:28
INFO  [02:16:04.597]        FALSE -0.71279395  3.2966726         -3.874057 2026-09-10 02:07:21
INFO  [02:16:04.597]        FALSE  1.19367338  2.5638504         -2.932164 2026-09-10 02:11:39
INFO  [02:16:04.597]        FALSE -0.89658459 -1.5038404         -3.386654 2026-09-10 02:11:22
INFO  [02:16:04.597]        FALSE -6.90775528 -5.4240680         -3.376751 2026-09-10 02:10:54
INFO  [02:16:04.597]        FALSE -6.46640666  3.9776770         -2.837205 2026-09-10 02:11:53
INFO  [02:16:04.597]        FALSE -5.88055304 -5.9958480         -6.787204 2026-09-10 02:09:31
INFO  [02:16:04.597]        FALSE -3.71113886  2.3403051         -4.239821 2026-09-10 02:11:34
INFO  [02:16:04.597]        FALSE -2.76599614  2.4549391         -6.070946 2026-09-10 02:12:02
INFO  [02:16:04.597]        FALSE -2.36679900  1.4776510         -3.400690 2026-09-10 02:11:25
INFO  [02:16:04.597]        FALSE -0.24645273  4.2077588         -4.634487 2026-09-10 02:09:58
INFO  [02:16:04.597]        FALSE -4.64607172  0.2968036         -5.494214 2026-09-10 02:11:58
INFO  [02:16:04.597]        FALSE -0.33138539 -0.7301109         -5.135187 2026-09-10 02:10:05
INFO  [02:16:04.597]        FALSE -6.70948830  3.4671723         -4.898470 2026-09-10 02:11:27
INFO  [02:16:04.597]        FALSE -1.88817918  3.3524196         -3.593718 2026-09-10 02:08:03
INFO  [02:16:04.597]        FALSE -1.11690967  0.5716369         -6.076945 2026-09-10 02:11:37
INFO  [02:16:04.597]        FALSE  0.29405879  1.3038215         -5.678295 2026-09-10 02:11:36
INFO  [02:16:04.597]        FALSE  4.77897632  2.1099282         -3.433546 2026-09-10 02:11:17
INFO  [02:16:04.597]        FALSE -2.18339613  3.7016977         -3.410734 2026-09-10 02:11:00
INFO  [02:16:04.597]        FALSE -1.16192757  3.3618834         -6.111460 2026-09-10 02:11:20
INFO  [02:16:04.597]        FALSE -0.83135267  3.7998191         -3.906521 2026-09-10 02:11:29
INFO  [02:16:04.597]        FALSE -6.31534102  3.6324091         -3.236520 2026-09-10 02:11:14
INFO  [02:16:04.597]        FALSE  0.42217549  6.9077553         -5.192958 2026-09-10 02:08:12
INFO  [02:16:04.597]        FALSE  1.70081978  3.5681532         -6.002352 2026-09-10 02:11:10
INFO  [02:16:04.597]        FALSE -5.83404132 -0.5968519         -4.204660 2026-09-10 02:08:30
INFO  [02:16:04.597]        FALSE -0.75104842  3.6446487         -3.359061 2026-09-10 02:07:07
INFO  [02:16:04.597]        FALSE -1.14396696  4.2055713         -4.680567 2026-09-10 02:10:04
INFO  [02:16:04.597]        FALSE  1.52370438 -0.8417045         -5.951749 2026-09-10 02:11:26
INFO  [02:16:04.597]        FALSE -3.84468743  2.0630426         -4.249412 2026-09-10 02:12:16
INFO  [02:16:04.597]        FALSE  0.26743103  1.0365236         -6.869797 2026-09-10 02:11:47
INFO  [02:16:04.597]        FALSE  0.48879947  4.3666079         -6.907755 2026-09-10 02:10:29
INFO  [02:16:04.597]        FALSE -0.97817094 -6.9077553         -4.091102 2026-09-10 02:09:50
INFO  [02:16:04.597]        FALSE -1.76619038  4.4979684         -6.542097 2026-09-10 02:11:16
INFO  [02:16:04.597]        FALSE  1.58038717 -0.9258596         -6.138513 2026-09-10 02:11:33
INFO  [02:16:04.597]        FALSE  0.31339866  1.9133110         -5.709890 2026-09-10 02:11:40
INFO  [02:16:04.597]        FALSE -5.76817608  0.9717215         -4.529819 2026-09-10 02:12:09
INFO  [02:16:04.597]        FALSE -5.98404208 -1.3352840         -4.350181 2026-09-10 02:07:37
INFO  [02:16:04.597]        FALSE  1.39659119 -0.8764061         -5.941964 2026-09-10 02:11:32
INFO  [02:16:04.597]        FALSE -5.97471462 -1.4238508         -4.237465 2026-09-10 02:08:23
INFO  [02:16:04.597]        FALSE -6.16559729  2.1575585         -5.661991 2026-09-10 02:12:39
INFO  [02:16:04.597]        FALSE -5.90518115  1.4860737         -3.362367 2026-09-10 02:07:53
INFO  [02:16:04.597]        FALSE  0.26192467  3.6017250         -5.381918 2026-09-10 02:11:49
INFO  [02:16:04.597]        FALSE -3.26219555  1.9809715         -5.487142 2026-09-10 02:12:28
INFO  [02:16:04.597]        FALSE -2.56971128  1.8248481         -3.103566 2026-09-10 02:12:22
INFO  [02:16:04.597]        FALSE -4.59288827 -1.6304033         -5.484425 2026-09-10 02:07:26
INFO  [02:16:04.597]        FALSE -6.90775528  4.5539242         -4.292530 2026-09-10 02:10:34
INFO  [02:16:04.597]        FALSE -5.26881577  2.3036693         -5.474514 2026-09-10 02:12:47
INFO  [02:16:04.597]        FALSE -0.38671377  1.8266718         -5.591746 2026-09-10 02:12:15
INFO  [02:16:04.597]        FALSE  2.37433285 -2.2943123         -6.154728 2026-09-10 02:12:13
INFO  [02:16:04.597]        FALSE -4.70738137 -4.9201359         -5.538223 2026-09-10 02:12:44
INFO  [02:16:04.597]        FALSE -5.86736302 -6.1049381         -5.473796 2026-09-10 02:08:29
INFO  [02:16:04.597]        FALSE -1.15667065  4.1822803         -5.740616 2026-09-10 02:11:52
INFO  [02:16:04.597]        FALSE -2.94748466  2.8112715         -5.568391 2026-09-10 02:12:32
INFO  [02:16:04.597]        FALSE  0.55446253 -0.9822560         -5.950785 2026-09-10 02:12:04
INFO  [02:16:04.597]        FALSE -0.77000074  5.0496651         -3.356672 2026-09-10 02:07:44
INFO  [02:16:04.597]        FALSE  1.59275471  2.8613827         -6.907755 2026-09-10 02:11:51
INFO  [02:16:04.597]        FALSE -6.90775528  3.8470004         -3.244431 2026-09-10 02:12:31
INFO  [02:16:04.597]        FALSE -1.54461013  4.9179825         -2.632419 2026-09-10 02:09:20
INFO  [02:16:04.597]        FALSE  1.48752349  3.3523676         -6.034173 2026-09-10 02:11:23
INFO  [02:16:04.597]        FALSE -6.90775528  3.6398443         -4.653156 2026-09-10 02:11:48
INFO  [02:16:04.597]        FALSE -0.95609925  1.9511695         -3.424779 2026-09-10 02:11:43
INFO  [02:16:04.597]        FALSE -5.11557518 -6.5207277         -5.444647 2026-09-10 02:09:22
INFO  [02:16:04.597]        FALSE  2.41938322 -0.9423172         -5.471974 2026-09-10 02:11:09
INFO  [02:16:04.597]        FALSE -6.19786860  4.7183803         -5.967621 2026-09-10 02:07:22
INFO  [02:16:04.597]        FALSE -6.85611405  2.3391261         -2.649197 2026-09-10 02:12:25
INFO  [02:16:04.597]        FALSE -0.22629740  4.7380598         -3.322175 2026-09-10 02:08:50
INFO  [02:16:04.597]        FALSE -3.24500681 -4.2929660         -6.324937 2026-09-10 02:07:18
INFO  [02:16:04.597]        FALSE -6.90775528 -1.0864013         -4.409848 2026-09-10 02:08:05
INFO  [02:16:04.597]        FALSE -1.60603106  2.0724002         -4.802266 2026-09-10 02:11:30
INFO  [02:16:04.597]        FALSE  0.15677538 -2.2300975         -6.055127 2026-09-10 02:12:37
INFO  [02:16:04.597]        FALSE -5.35992198 -6.3966047         -5.453837 2026-09-10 02:08:59
INFO  [02:16:04.597]        FALSE -2.80620994 -4.6352544         -5.629818 2026-09-10 02:12:56
INFO  [02:16:04.597]        FALSE -4.20165900 -2.3609057         -6.206733 2026-09-10 02:12:34
INFO  [02:16:04.597]        FALSE -4.80450684  3.4853005         -5.514053 2026-09-10 02:07:37
INFO  [02:16:04.597]        FALSE -5.14945457  2.5271343         -4.439597 2026-09-10 02:11:41
INFO  [02:16:04.597]        FALSE -2.14173517  4.5114978         -5.549493 2026-09-10 02:12:19
INFO  [02:16:04.597]        FALSE -2.47045753  1.3905654         -4.226737 2026-09-10 02:12:51
INFO  [02:16:04.597]        FALSE -6.87012109  1.8686501         -4.351520 2026-09-10 02:07:32
INFO  [02:16:04.597]        FALSE -0.04733656  3.4784582         -3.099418 2026-09-10 02:09:00
INFO  [02:16:04.597]        FALSE -1.31503155  1.4482285         -3.637052 2026-09-10 02:13:01
INFO  [02:16:04.597]        FALSE -5.47508404 -4.9783643         -4.895813 2026-09-10 02:08:10
INFO  [02:16:04.597]        FALSE -4.25335939 -1.7736911         -3.324024 2026-09-10 02:13:14
INFO  [02:16:04.597]        FALSE -3.77145603 -3.8756527         -3.178700 2026-09-10 02:13:00
INFO  [02:16:04.597]        FALSE -6.41888617  4.7177025         -6.298278 2026-09-10 02:07:52
INFO  [02:16:04.597]        FALSE -4.95903961  5.9213269         -5.461313 2026-09-10 02:12:35
INFO  [02:16:04.597]        FALSE -1.99254170 -6.4183960         -4.894346 2026-09-10 02:07:24
INFO  [02:16:04.597]        FALSE -1.16160925  1.0597824         -4.096083 2026-09-10 02:13:17
INFO  [02:16:04.597]        FALSE -3.44762146 -3.9176617         -6.381742 2026-09-10 02:08:43
INFO  [02:16:04.597]        FALSE -2.13789116  1.6518222         -3.373424 2026-09-10 02:12:48
INFO  [02:16:04.597]        FALSE -5.72738582  1.4281977         -3.417667 2026-09-10 02:11:54
INFO  [02:16:04.597]        FALSE -0.35844275  3.4559192         -3.382514 2026-09-10 02:12:43
INFO  [02:16:04.597]        FALSE -0.45950531 -0.6647444         -4.135175 2026-09-10 02:11:56
INFO  [02:16:04.597]        FALSE  1.58872755 -0.6573757         -6.007814 2026-09-10 02:12:59
INFO  [02:16:04.597]        FALSE -1.21258969  1.4656584         -3.140095 2026-09-10 02:13:05
INFO  [02:16:04.597]        FALSE -0.51730473 -0.5037447         -4.128987 2026-09-10 02:12:03
INFO  [02:16:04.597]        FALSE -4.17525066 -4.3878220         -4.307401 2026-09-10 02:08:25
INFO  [02:16:04.597]  extra_trees   lambda_l1  lambda_l2 min_gain_to_split        timestamp_xs
INFO  [02:16:04.597]         timestamp_ys                                        worker_id
INFO  [02:16:04.597]  2026-09-10 02:10:19                            frowzy_bufeo_1e0e6b7e
INFO  [02:16:04.597]  2026-09-10 02:10:24                         dehydrated_bats_e5a421e6
INFO  [02:16:04.597]  2026-09-10 02:10:25                            asphalt_flee_0d3cb623
INFO  [02:16:04.597]  2026-09-10 02:10:28                   aquicultural_bellfrog_3321f707
INFO  [02:16:04.597]  2026-09-10 02:10:42                    ornithologic_giraffe_ffaffa0f
INFO  [02:16:04.597]  2026-09-10 02:10:43                  measled_snoutbutterfly_31dce430
INFO  [02:16:04.597]  2026-09-10 02:10:44                           arty_morayeel_62bead85
INFO  [02:16:04.597]  2026-09-10 02:10:46                quasilegislative_skimmer_f19185bf
INFO  [02:16:04.597]  2026-09-10 02:10:48     nonfinancial_blacknorwegianelkhound_ec3aff43
INFO  [02:16:04.597]  2026-09-10 02:10:49                       permier_swordfish_43a37f3c
INFO  [02:16:04.597]  2026-09-10 02:10:50                         unliterate_duck_b369c781
INFO  [02:16:04.597]  2026-09-10 02:10:53                       unequalled_beaver_5f76f208
INFO  [02:16:04.597]  2026-09-10 02:10:53             worried_americanredsquirrel_5ec497f3
INFO  [02:16:04.597]  2026-09-10 02:10:55                      pseudonoble_quahog_65215f1e
INFO  [02:16:04.597]  2026-09-10 02:10:57                         auspicious_hoki_cc7d1192
INFO  [02:16:04.597]  2026-09-10 02:10:59                nutlike_dogwoodtwigborer_dd23754e
INFO  [02:16:04.597]  2026-09-10 02:11:08                     nontoxic_chuckwalla_2a702732
INFO  [02:16:04.597]  2026-09-10 02:11:09                      geomedical_yardant_1934d02e
INFO  [02:16:04.597]  2026-09-10 02:11:16                       entodermic_towhee_7717da5a
INFO  [02:16:04.597]  2026-09-10 02:11:16                           monkeyish_emu_135acfbe
INFO  [02:16:04.597]  2026-09-10 02:11:19                          drawn_finwhale_a4e5e74c
INFO  [02:16:04.597]  2026-09-10 02:11:19                         elemental_perch_ae3a8718
INFO  [02:16:04.597]  2026-09-10 02:11:23     bixbite_goldenmantledgroundsquirrel_24a21086
INFO  [02:16:04.597]  2026-09-10 02:11:23                          sawdusty_hyena_69319e97
INFO  [02:16:04.597]  2026-09-10 02:11:32                   allergic_waterbuffalo_57de7c54
INFO  [02:16:04.597]  2026-09-10 02:11:32              homely_yellowbelliedmarmot_9d45ce52
INFO  [02:16:04.597]  2026-09-10 02:11:33                      precambrian_hapuka_9024c11b
INFO  [02:16:04.597]  2026-09-10 02:11:34                         elvish_stinkpot_71dc9f1b
INFO  [02:16:04.597]  2026-09-10 02:11:38                        watertight_polyp_278d6a43
INFO  [02:16:04.597]  2026-09-10 02:11:39                    sharpwitted_woodcock_52a07856
INFO  [02:16:04.597]  2026-09-10 02:11:42                   pseudopriestly_cooter_4285b925
INFO  [02:16:04.597]  2026-09-10 02:11:43                         annoying_drever_81bef118
INFO  [02:16:04.597]  2026-09-10 02:11:44                  bilinear_adeliepenguin_adcbe844
INFO  [02:16:04.597]  2026-09-10 02:11:47                    gastrovascular_junco_0df11acc
INFO  [02:16:04.597]  2026-09-10 02:11:50                       doubtful_shoveler_1d5c3b31
INFO  [02:16:04.597]  2026-09-10 02:11:51                        well_eelelephant_6c53b4c6
INFO  [02:16:04.597]  2026-09-10 02:11:51                        fillable_serpent_647d2720
INFO  [02:16:04.597]  2026-09-10 02:11:53                          violent_cicada_136982ee
INFO  [02:16:04.597]  2026-09-10 02:11:54                             slow_osprey_b4bab07b
INFO  [02:16:04.597]  2026-09-10 02:11:54                        dimwitted_bobcat_4855e577
INFO  [02:16:04.597]  2026-09-10 02:11:58           hardhearted_iberianchiffchaff_47052c7c
INFO  [02:16:04.597]  2026-09-10 02:12:01                    epidermic_woodpecker_76e51ed6
INFO  [02:16:04.597]  2026-09-10 02:12:01                stegophilic_arabianhorse_46775576
INFO  [02:16:04.597]  2026-09-10 02:12:02                            plump_impala_e986e9c0
INFO  [02:16:04.597]  2026-09-10 02:12:04                     feudalist_dalmatian_cc45c72b
INFO  [02:16:04.597]  2026-09-10 02:12:08               veryveryverymad_barasinga_51bcbee9
INFO  [02:16:04.597]  2026-09-10 02:12:09                  silverish_purplemarten_7b80bc30
INFO  [02:16:04.597]  2026-09-10 02:12:09                     expanded_siamesecat_bcc3cccf
INFO  [02:16:04.597]  2026-09-10 02:12:10                    remorseless_nematode_54d52c15
INFO  [02:16:04.597]  2026-09-10 02:12:12              spendthrift_harborporpoise_981ac07a
INFO  [02:16:04.597]  2026-09-10 02:12:12               semiacidulated_copperhead_331a3446
INFO  [02:16:04.597]  2026-09-10 02:12:12                         ethical_walleye_39cdcc29
INFO  [02:16:04.597]  2026-09-10 02:12:13                        constituent_ibex_2772586c
INFO  [02:16:04.597]  2026-09-10 02:12:14                         granite_mollies_b36d9b73
INFO  [02:16:04.597]  2026-09-10 02:12:14                     aesthetic_eskimodog_a21f0397
INFO  [02:16:04.597]  2026-09-10 02:12:16                            smooth_crane_d814d7f7
INFO  [02:16:04.597]  2026-09-10 02:12:17                          hydrogen_llama_8ec49436
INFO  [02:16:04.597]  2026-09-10 02:12:19                            asphalt_flee_0d3cb623
INFO  [02:16:04.597]  2026-09-10 02:12:21                          glowing_quelea_f34e6035
INFO  [02:16:04.597]  2026-09-10 02:12:22                        vestigial_beaver_3a9f0ed3
INFO  [02:16:04.597]  2026-09-10 02:12:23                     vile_utahprairiedog_cdf36a0c
INFO  [02:16:04.597]  2026-09-10 02:12:26 chromosomal_goldenmantledgroundsquirrel_5ceee13a
INFO  [02:16:04.597]  2026-09-10 02:12:27                            houndy_horse_edf82e69
INFO  [02:16:04.597]  2026-09-10 02:12:30                           wakeless_rail_e065a9a7
INFO  [02:16:04.597]  2026-09-10 02:12:31                  abaft_italianbrownbear_b42ae3d8
INFO  [02:16:04.597]  2026-09-10 02:12:33             supercolossal_beardedcollie_3e541b73
INFO  [02:16:04.597]  2026-09-10 02:12:34    unsustainable_antelopegroundsquirrel_78d7685b
INFO  [02:16:04.597]  2026-09-10 02:12:34                       microbian_barnowl_47def644
INFO  [02:16:04.597]  2026-09-10 02:12:37                      master_canadagoose_85cad1c9
INFO  [02:16:04.597]  2026-09-10 02:12:40                     enuncuative_grouper_9102ef07
INFO  [02:16:04.597]  2026-09-10 02:12:42               dissatisfactory_bandicoot_e191e587
INFO  [02:16:04.597]  2026-09-10 02:12:45                         skyblue_walleye_0a3161ae
INFO  [02:16:04.597]  2026-09-10 02:12:46                          unsainted_boar_1c2e1e2a
INFO  [02:16:04.597]  2026-09-10 02:12:46                          sericate_fluke_bdce0997
INFO  [02:16:04.597]  2026-09-10 02:12:46                 lightsome_dwarfmongoose_baf5b1fc
INFO  [02:16:04.597]  2026-09-10 02:12:47                   gnomological_flounder_382d9311
INFO  [02:16:04.597]  2026-09-10 02:12:49         connectable_redheadedwoodpecker_788daa4d
INFO  [02:16:04.597]  2026-09-10 02:12:51                   unsympathetic_aruanas_2a466311
INFO  [02:16:04.597]  2026-09-10 02:12:55                  antigovernmental_elver_c6d2b806
INFO  [02:16:04.597]  2026-09-10 02:12:56                           cyan_mudpuppy_69a2f0d0
INFO  [02:16:04.597]  2026-09-10 02:12:59                        nonfragrant_ling_245c7ea4
INFO  [02:16:04.597]  2026-09-10 02:12:59                        tailored_tamarin_66e1eadb
INFO  [02:16:04.597]  2026-09-10 02:13:02                  emulsifiable_centipede_3f784e17
INFO  [02:16:04.597]  2026-09-10 02:13:03                             sunlit_hare_ba06ea7a
INFO  [02:16:04.597]  2026-09-10 02:13:05              frangible_corydorascatfish_769153f6
INFO  [02:16:04.597]  2026-09-10 02:13:05                          lustrous_coney_8d52fc23
INFO  [02:16:04.597]  2026-09-10 02:13:06                           squishy_fluke_6e6f6944
INFO  [02:16:04.597]  2026-09-10 02:13:08                        favourite_sponge_8a3e315c
INFO  [02:16:04.597]  2026-09-10 02:13:08                     uncommon_anglerfish_1599a00c
INFO  [02:16:04.597]  2026-09-10 02:13:09                      psychiatrical_lark_8ef8e179
INFO  [02:16:04.597]  2026-09-10 02:13:10                        petite_chickadee_e1328ec2
INFO  [02:16:04.597]  2026-09-10 02:13:11              retired_americanriverotter_886154b9
INFO  [02:16:04.597]  2026-09-10 02:13:11                         dehydrated_bats_e5a421e6
INFO  [02:16:04.597]  2026-09-10 02:13:12              quasidesolate_horseshoebat_6ebc354d
INFO  [02:16:04.597]  2026-09-10 02:13:13                            sanidine_eft_dd99c977
INFO  [02:16:04.597]  2026-09-10 02:13:14                   fragrant_quadrisectus_7a949d51
INFO  [02:16:04.597]  2026-09-10 02:13:16                          expanded_coqui_9983c0a5
INFO  [02:16:04.597]  2026-09-10 02:13:18                           isleted_skunk_7acb2dc2
INFO  [02:16:04.597]  2026-09-10 02:13:19                             sylphy_hake_2e76a225
INFO  [02:16:04.597]  2026-09-10 02:13:22                         maximum_cheetah_e6411750
INFO  [02:16:04.597]  2026-09-10 02:13:24                biotechnological_blesbok_98872560
INFO  [02:16:04.597]  2026-09-10 02:13:25               grievous_africanfisheagle_6b28aabb
INFO  [02:16:04.597]  2026-09-10 02:13:27                   uncrystalline_swallow_045daf31
INFO  [02:16:04.597]  2026-09-10 02:13:27                        smoggy_tarantula_8856b5d2
INFO  [02:16:04.597]  2026-09-10 02:13:28                     semitheatric_towhee_79637341
INFO  [02:16:04.597]  2026-09-10 02:13:28                  newsworthy_bassethound_d4ae9517
INFO  [02:16:04.597]  2026-09-10 02:13:29                      effortful_screamer_bf6421a4
INFO  [02:16:04.597]  2026-09-10 02:13:29                      blackcoated_coyote_e5eba0dc
INFO  [02:16:04.597]  2026-09-10 02:13:32                       ununquadium_larva_9f9de46e
INFO  [02:16:04.597]  2026-09-10 02:13:37               quasiterritorial_wallaroo_6edb82a5
INFO  [02:16:04.597]  2026-09-10 02:13:37               condemned_xuanhuaceratops_5ae6a5b8
INFO  [02:16:04.597]  2026-09-10 02:13:39                           innocent_esok_bd9b7ada
INFO  [02:16:04.597]  2026-09-10 02:13:40                     condemnable_caracal_46e2a925
INFO  [02:16:04.597]  2026-09-10 02:13:41                     handdrawn_arrowworm_2e2830d4
INFO  [02:16:04.597]  2026-09-10 02:13:42                   rounded_adeliepenguin_86aa64d9
INFO  [02:16:04.597]  2026-09-10 02:13:44                    enneasyllabic_cooter_69dc4258
INFO  [02:16:04.597]  2026-09-10 02:13:44                    groundable_devilfish_74683003
INFO  [02:16:04.597]  2026-09-10 02:13:44                 wearing_whitetaileddeer_03dee7db
INFO  [02:16:04.597]  2026-09-10 02:13:45                      pseudonoble_quahog_65215f1e
INFO  [02:16:04.597]  2026-09-10 02:13:45                           unlovely_dore_61110504
INFO  [02:16:04.597]  2026-09-10 02:13:48                          deadbeat_snake_b4f146a9
INFO  [02:16:04.597]  2026-09-10 02:13:48                    closefitting_watussi_63c93dce
INFO  [02:16:04.597]  2026-09-10 02:13:48                             elegant_bug_7b07f63a
INFO  [02:16:04.597]  2026-09-10 02:13:48                  ketonic_germanpinscher_46c210b8
INFO  [02:16:04.597]  2026-09-10 02:13:49            lygophilic_blackfootedferret_8e62c147
INFO  [02:16:04.597]  2026-09-10 02:13:50                        denim_pomeranian_f0266a31
INFO  [02:16:04.597]  2026-09-10 02:13:54   depleted_asiaticgreaterfreshwaterclam_d7ca8442
INFO  [02:16:04.597]  2026-09-10 02:13:54                         desperate_zebra_17cb9092
INFO  [02:16:04.597]  2026-09-10 02:13:56                          sawdusty_hyena_69319e97
INFO  [02:16:04.597]  2026-09-10 02:13:58                   bloodshot_easternnewt_dc5368c0
INFO  [02:16:04.597]  2026-09-10 02:14:05          extraterrestrial_abyssiniancat_49e07d10
INFO  [02:16:04.597]  2026-09-10 02:14:09                       unequalled_beaver_5f76f208
INFO  [02:16:04.597]  2026-09-10 02:14:09                        amphisbaenic_hog_a8bf1ae1
INFO  [02:16:04.597]  2026-09-10 02:14:10                     actinide_arctichare_2490253c
INFO  [02:16:04.597]  2026-09-10 02:14:10                   unpraiseworthy_chafer_3fd3f6a6
INFO  [02:16:04.597]  2026-09-10 02:14:10                      sanitary_hamadryad_755d72ea
INFO  [02:16:04.597]  2026-09-10 02:14:11                   relative_elephantseal_84f19c3c
INFO  [02:16:04.597]  2026-09-10 02:14:12               communionable_dwarfrabbit_13eb6470
INFO  [02:16:04.597]  2026-09-10 02:14:13                   natural_amazondolphin_aad8cae5
INFO  [02:16:04.597]  2026-09-10 02:14:14                         irongray_rodent_06e03e87
INFO  [02:16:04.597]  2026-09-10 02:14:14                      basehearted_willet_ae2768e8
INFO  [02:16:04.597]  2026-09-10 02:14:15                          drawn_finwhale_a4e5e74c
INFO  [02:16:04.597]  2026-09-10 02:14:18               subalgebraical_blacklemur_7bd72f50
INFO  [02:16:04.597]  2026-09-10 02:14:19                  measled_snoutbutterfly_31dce430
INFO  [02:16:04.597]  2026-09-10 02:14:19                    ornithologic_giraffe_ffaffa0f
INFO  [02:16:04.597]  2026-09-10 02:14:20                         elemental_perch_ae3a8718
INFO  [02:16:04.597]  2026-09-10 02:14:20                           monkeyish_emu_135acfbe
INFO  [02:16:04.597]  2026-09-10 02:14:20     nonfinancial_blacknorwegianelkhound_ec3aff43
INFO  [02:16:04.597]  2026-09-10 02:14:21                    differentiable_upupa_30e1d09f
INFO  [02:16:04.597]  2026-09-10 02:14:22                           national_oryx_1a599356
INFO  [02:16:04.597]  2026-09-10 02:14:24          overparticular_marbledmurrelet_739f5d83
INFO  [02:16:04.597]  2026-09-10 02:14:25                daring_indusriverdolphin_7baf0ee7
INFO  [02:16:04.597]  2026-09-10 02:14:27                        trihedral_wyvern_24c0f271
INFO  [02:16:04.597]  2026-09-10 02:14:30                       threatful_gadwall_9045d7f7
INFO  [02:16:04.597]  2026-09-10 02:14:30                       unfeared_killdeer_313ee79e
INFO  [02:16:04.597]  2026-09-10 02:14:32                          unique_furseal_7719315b
INFO  [02:16:04.597]  2026-09-10 02:14:32                           glamorous_ant_f15b3b36
INFO  [02:16:04.597]  2026-09-10 02:14:33                    disciplinal_dodobird_9556c4b0
INFO  [02:16:04.597]  2026-09-10 02:14:35                        topsecret_barbet_a5da933e
INFO  [02:16:04.597]  2026-09-10 02:14:36                   communital_indianabat_cf16715e
INFO  [02:16:04.597]  2026-09-10 02:14:37                              okay_coypu_2b34679c
INFO  [02:16:04.597]  2026-09-10 02:14:39                        watertight_polyp_278d6a43
INFO  [02:16:04.597]  2026-09-10 02:14:42                     portrayable_dorking_b5b0cf06
INFO  [02:16:04.597]  2026-09-10 02:14:43                   unaggressive_polliwog_6989a3d1
INFO  [02:16:04.597]  2026-09-10 02:14:44                   dietetic_thoroughbred_69117db1
INFO  [02:16:04.597]  2026-09-10 02:14:45                 semipolitical_blueshark_bbbb1539
INFO  [02:16:04.597]  2026-09-10 02:14:45                 ultramundane_samoyeddog_ce87b052
INFO  [02:16:04.597]  2026-09-10 02:14:46                     unpleasurable_bongo_7609979c
INFO  [02:16:04.597]  2026-09-10 02:14:48                         deflated_donkey_0f4d2d8d
INFO  [02:16:04.597]  2026-09-10 02:14:48                        fillable_serpent_647d2720
INFO  [02:16:04.597]  2026-09-10 02:14:48                     spidery_waterthrush_f5c1a547
INFO  [02:16:04.597]  2026-09-10 02:14:50                           unnoted_steed_563dc0d6
INFO  [02:16:04.597]  2026-09-10 02:14:50                    sharpwitted_woodcock_52a07856
INFO  [02:16:04.597]  2026-09-10 02:14:50                     expanded_siamesecat_bcc3cccf
INFO  [02:16:04.597]  2026-09-10 02:14:51                  bilinear_adeliepenguin_adcbe844
INFO  [02:16:04.597]  2026-09-10 02:14:51               cryogenic_africanelephant_b6eb522f
INFO  [02:16:04.597]  2026-09-10 02:14:52              pristine_amethystinepython_a7cc8eee
INFO  [02:16:04.597]  2026-09-10 02:14:54                      diet_ethiopianwolf_f633d4b4
INFO  [02:16:04.597]  2026-09-10 02:14:56                        vestigial_beaver_3a9f0ed3
INFO  [02:16:04.597]  2026-09-10 02:14:59                    untrusting_pronghorn_c37a8819
INFO  [02:16:04.597]  2026-09-10 02:14:59                    quasidelighted_okapi_a5b63058
INFO  [02:16:04.597]  2026-09-10 02:15:00                       doubtful_shoveler_1d5c3b31
INFO  [02:16:04.597]  2026-09-10 02:15:02                           wakeless_rail_e065a9a7
INFO  [02:16:04.597]  2026-09-10 02:15:05               classconscious_chevrotain_c7b529fb
INFO  [02:16:04.597]  2026-09-10 02:15:05                   sediment_microvenator_90a9af1c
INFO  [02:16:04.597]  2026-09-10 02:15:09                      precambrian_hapuka_9024c11b
INFO  [02:16:04.597]  2026-09-10 02:15:09                   pseudopriestly_cooter_4285b925
INFO  [02:16:04.597]  2026-09-10 02:15:10                 overparticular_alleycat_cc90b103
INFO  [02:16:04.597]  2026-09-10 02:15:11                     knitted_bengaltiger_1ab1dad0
INFO  [02:16:04.597]  2026-09-10 02:15:11       hexametral_australiansilkyterrier_91f00f01
INFO  [02:16:04.597]  2026-09-10 02:15:13                       entodermic_towhee_7717da5a
INFO  [02:16:04.597]  2026-09-10 02:15:16                    touristic_turtledove_65b64b1c
INFO  [02:16:04.597]  2026-09-10 02:15:17                  rainbowy_asianelephant_793c2668
INFO  [02:16:04.597]  2026-09-10 02:15:18                        ununtrium_wrasse_41b614df
INFO  [02:16:04.597]  2026-09-10 02:15:18          heartbreaking_indianrockpython_1f7062b2
INFO  [02:16:04.597]  2026-09-10 02:15:20        battlescarred_argentineruddyduck_aaa94e5b
INFO  [02:16:04.597]  2026-09-10 02:15:21                       stenchful_giraffe_f795a893
INFO  [02:16:04.597]  2026-09-10 02:15:24                 lightsome_dwarfmongoose_baf5b1fc
INFO  [02:16:04.597]  2026-09-10 02:15:24                  dwarfed_juliabutterfly_86144973
INFO  [02:16:04.597]  2026-09-10 02:15:25                       gnarled_beauceron_c3ba2644
INFO  [02:16:04.597]  2026-09-10 02:15:36                         unlucky_catbird_27005c17
INFO  [02:16:04.597]  2026-09-10 02:15:37                            smooth_crane_d814d7f7
INFO  [02:16:04.597]  2026-09-10 02:15:39                          glum_bluewhale_640cedd2
INFO  [02:16:04.597]  2026-09-10 02:15:39                    normal_archaeopteryx_c84002b5
INFO  [02:16:04.597]  2026-09-10 02:15:41        dendrophilic_westafricanantelope_f63de60a
INFO  [02:16:04.597]  2026-09-10 02:15:43 chromosomal_goldenmantledgroundsquirrel_5ceee13a
INFO  [02:16:04.597]  2026-09-10 02:15:47                    unliterary_dassierat_123cd63f
INFO  [02:16:04.597]  2026-09-10 02:15:48                       bicolor_solitaire_1658dbf4
INFO  [02:16:04.597]  2026-09-10 02:15:48                  monochrome_iriomotecat_8a1161b1
INFO  [02:16:04.597]  2026-09-10 02:15:51                      decayable_longspur_524f6437
INFO  [02:16:04.597]  2026-09-10 02:15:51              ultramicroscopical_mouflon_5caef57d
INFO  [02:16:04.597]  2026-09-10 02:15:52                transhuman_imperialeagle_3c2f8463
INFO  [02:16:04.597]  2026-09-10 02:15:53                   fragrant_quadrisectus_7a949d51
INFO  [02:16:04.597]  2026-09-10 02:15:53                     miraculous_seahorse_77662576
INFO  [02:16:04.597]  2026-09-10 02:15:54                         spiky_zebradove_fad3e602
INFO  [02:16:04.597]  2026-09-10 02:15:55                          violent_cicada_136982ee
INFO  [02:16:04.597]  2026-09-10 02:15:56                  abaft_italianbrownbear_b42ae3d8
INFO  [02:16:04.597]  2026-09-10 02:15:56                quasilegislative_skimmer_f19185bf
INFO  [02:16:04.597]  2026-09-10 02:15:59                          spatial_borzoi_fb1f5200
INFO  [02:16:04.597]  2026-09-10 02:16:02                           ominous_snipe_60e85e77
INFO  [02:16:04.597]  2026-09-10 02:16:02                             slow_osprey_b4bab07b
INFO  [02:16:04.597]  2026-09-10 02:16:04                  predisastrous_seahorse_33ee8447
INFO  [02:16:04.597]         timestamp_ys                                        worker_id
INFO  [02:16:04.597]  runtime_learners warnings errors internal_tuned_values    acq_cb
INFO  [02:16:04.597]           180.588        0      0    num_iterations=260 -6.456540
INFO  [02:16:04.597]           175.882        0      0    num_iterations=337 -5.918141
INFO  [02:16:04.597]            61.370        0      0     num_iterations=65 -5.249417
INFO  [02:16:04.597]           194.708        0      0    num_iterations=358 -6.476932
INFO  [02:16:04.597]           171.282        0      0    num_iterations=278 -6.152562
INFO  [02:16:04.597]            99.018        0      0    num_iterations=213 -5.764131
INFO  [02:16:04.597]            65.651        0      0     num_iterations=47 -6.156923
INFO  [02:16:04.597]            70.912        0      0     num_iterations=71 -5.320582
INFO  [02:16:04.597]           116.370        0      0    num_iterations=244 -5.848898
INFO  [02:16:04.597]            65.191        0      0    num_iterations=133 -6.194147
INFO  [02:16:04.597]           188.683        0      0    num_iterations=370 -6.949198
INFO  [02:16:04.597]           173.432        0      0    num_iterations=280 -6.376735
INFO  [02:16:04.597]           178.814        0      0    num_iterations=232 -6.403916
INFO  [02:16:04.597]           172.980        0      0    num_iterations=243 -6.005596
INFO  [02:16:04.597]           169.463        0      0    num_iterations=394 -5.509434
INFO  [02:16:04.597]           192.237        0      0    num_iterations=338 -6.123178
INFO  [02:16:04.597]           213.362        0      0    num_iterations=287 -6.043337
INFO  [02:16:04.597]           220.216        0      0    num_iterations=279 -5.878100
INFO  [02:16:04.597]           253.447        0      0    num_iterations=423 -7.432917
INFO  [02:16:04.597]            94.932        0      0    num_iterations=124 -6.441100
INFO  [02:16:04.597]           188.961        0      0    num_iterations=214 -6.302385
INFO  [02:16:04.597]           198.353        0      0    num_iterations=336 -8.242803
INFO  [02:16:04.597]           212.989        0      0    num_iterations=607 -6.517491
INFO  [02:16:04.597]           211.273        0      0    num_iterations=291 -5.645970
INFO  [02:16:04.597]           188.796        0      0    num_iterations=266 -7.157525
INFO  [02:16:04.597]            97.366        0      0    num_iterations=105 -7.474105
INFO  [02:16:04.597]           141.705        0      0    num_iterations=210 -5.742426
INFO  [02:16:04.597]           164.374        0      0    num_iterations=418 -7.282933
INFO  [02:16:04.597]           128.927        0      0    num_iterations=364 -6.100160
INFO  [02:16:04.597]           273.298        0      0    num_iterations=655 -6.368224
INFO  [02:16:04.597]           252.710        0      0    num_iterations=826 -5.738145
INFO  [02:16:04.597]           204.870        0      0    num_iterations=849 -5.861861
INFO  [02:16:04.597]           280.516        0      0    num_iterations=944 -6.954542
INFO  [02:16:04.597]           119.890        0      0    num_iterations=224 -5.413569
INFO  [02:16:04.597]           280.725        0      0    num_iterations=557 -6.617462
INFO  [02:16:04.597]           195.537        0      0    num_iterations=452 -6.890480
INFO  [02:16:04.597]           209.866        0      0    num_iterations=272 -6.320690
INFO  [02:16:04.597]           283.656        0      0    num_iterations=552 -6.439166
INFO  [02:16:04.597]           257.826        0      0    num_iterations=500 -7.322395
INFO  [02:16:04.597]           292.438        0      0    num_iterations=468 -7.597414
INFO  [02:16:04.597]           229.807        0      0    num_iterations=291 -6.198535
INFO  [02:16:04.597]           172.092        0      0    num_iterations=394 -7.554915
INFO  [02:16:04.597]           111.982        0      0    num_iterations=186 -8.268431
INFO  [02:16:04.597]           296.950        0      0    num_iterations=578 -6.625816
INFO  [02:16:04.597]            85.902        0      0    num_iterations=113 -5.905796
INFO  [02:16:04.597]           135.800        0      0    num_iterations=204 -6.410145
INFO  [02:16:04.597]           124.740        0      0    num_iterations=178 -6.243676
INFO  [02:16:04.597]           140.237        0      0    num_iterations=234 -6.334488
INFO  [02:16:04.597]           231.229        0      0    num_iterations=284 -7.701222
INFO  [02:16:04.597]           240.225        0      0    num_iterations=602 -6.453687
INFO  [02:16:04.597]           142.344        0      0    num_iterations=436 -5.774792
INFO  [02:16:04.597]           145.926        0      0    num_iterations=491 -6.299818
INFO  [02:16:04.597]           157.147        0      0    num_iterations=286 -6.890924
INFO  [02:16:04.597]           180.899        0      0    num_iterations=379 -5.426779
INFO  [02:16:04.597]           241.823        0      0    num_iterations=358 -6.359455
INFO  [02:16:04.597]           170.784        0      0    num_iterations=287 -6.760531
INFO  [02:16:04.597]           151.844        0      0    num_iterations=222 -6.266665
INFO  [02:16:04.597]           112.153        0      0    num_iterations=160 -6.169775
INFO  [02:16:04.597]           156.648        0      0    num_iterations=376 -7.120941
INFO  [02:16:04.597]           140.063        0      0    num_iterations=267 -6.460481
INFO  [02:16:04.597]           130.410        0      0    num_iterations=199 -6.760392
INFO  [02:16:04.597]           172.836        0      0    num_iterations=294 -5.766465
INFO  [02:16:04.597]           200.195        0      0    num_iterations=588 -5.576360
INFO  [02:16:04.597]           130.761        0      0    num_iterations=206 -6.534343
INFO  [02:16:04.597]           297.614        0      0    num_iterations=448 -7.138190
INFO  [02:16:04.597]           271.363        0      0    num_iterations=981 -6.103789
INFO  [02:16:04.597]           102.443        0      0    num_iterations=211 -6.601149
INFO  [02:16:04.597]           292.664        0      0    num_iterations=501 -5.973352
INFO  [02:16:04.597]           133.551        0      0    num_iterations=302 -6.109900
INFO  [02:16:04.597]           239.563        0      0    num_iterations=271 -7.720890
INFO  [02:16:04.597]           160.515        0      0    num_iterations=264 -7.055539
INFO  [02:16:04.597]           155.026        0      0    num_iterations=278 -7.021751
INFO  [02:16:04.597]           297.142        0      0    num_iterations=654 -6.703048
INFO  [02:16:04.597]           183.087        0      0    num_iterations=306 -6.818155
INFO  [02:16:04.597]           158.125        0      0    num_iterations=264 -6.012252
INFO  [02:16:04.597]           127.702        0      0    num_iterations=171 -6.125658
INFO  [02:16:04.597]           152.297        0      0    num_iterations=623 -6.512614
INFO  [02:16:04.597]           209.219        0      0    num_iterations=330 -5.642148
INFO  [02:16:04.597]           261.751        0      0    num_iterations=693 -5.336544
INFO  [02:16:04.597]           180.216        0      0    num_iterations=326 -6.537030
INFO  [02:16:04.597]           178.695        0      0    num_iterations=281 -7.024156
INFO  [02:16:04.597]           233.309        0      0    num_iterations=373 -6.872573
INFO  [02:16:04.597]           321.476        0      0    num_iterations=451 -5.937458
INFO  [02:16:04.597]           361.696        0      0    num_iterations=537 -8.048330
INFO  [02:16:04.597]           345.372        0      0    num_iterations=510 -6.313082
INFO  [02:16:04.597]           111.928        0      0    num_iterations=136 -6.787398
INFO  [02:16:04.597]           128.799        0      0    num_iterations=206 -6.336920
INFO  [02:16:04.597]           180.478        0      0    num_iterations=301 -6.462274
INFO  [02:16:04.597]           139.152        0      0    num_iterations=229 -6.980984
INFO  [02:16:04.597]           171.300        0      0    num_iterations=252 -6.967393
INFO  [02:16:04.597]           175.008        0      0    num_iterations=233 -6.517883
INFO  [02:16:04.597]           248.407        0      0    num_iterations=570 -6.539655
INFO  [02:16:04.597]           135.564        0      0    num_iterations=243 -7.590881
INFO  [02:16:04.597]           214.775        0      0    num_iterations=341 -5.566505
INFO  [02:16:04.597]           157.611        0      0    num_iterations=233 -7.803933
INFO  [02:16:04.597]           196.666        0      0    num_iterations=337 -7.996874
INFO  [02:16:04.597]           127.539        0      0    num_iterations=449 -6.780253
INFO  [02:16:04.597]           170.750        0      0    num_iterations=300 -6.449537
INFO  [02:16:04.597]           132.053        0      0    num_iterations=312 -6.647482
INFO  [02:16:04.597]           148.561        0      0    num_iterations=329 -6.151192
INFO  [02:16:04.597]           178.942        0      0    num_iterations=277 -6.155184
INFO  [02:16:04.597]           381.233        0      0    num_iterations=560 -7.510526
INFO  [02:16:04.597]           232.427        0      0    num_iterations=922 -7.725663
INFO  [02:16:04.597]           331.891        0      0    num_iterations=494 -6.001348
INFO  [02:16:04.597]           367.192        0      0    num_iterations=655 -6.689873
INFO  [02:16:04.597]           186.734        0      0    num_iterations=275 -6.300879
INFO  [02:16:04.597]           143.956        0      0    num_iterations=241 -7.608246
INFO  [02:16:04.597]           149.552        0      0    num_iterations=352 -6.873894
INFO  [02:16:04.597]            68.230        0      0     num_iterations=37 -6.364340
INFO  [02:16:04.597]           190.753        0      0    num_iterations=474 -8.087644
INFO  [02:16:04.597]           135.469        0      0    num_iterations=246 -6.987511
INFO  [02:16:04.597]           168.631        0      0    num_iterations=235 -6.855952
INFO  [02:16:04.597]           292.804        0      0    num_iterations=451 -5.395981
INFO  [02:16:04.597]           141.819        0      0    num_iterations=181 -7.452185
INFO  [02:16:04.597]           179.458        0      0    num_iterations=366 -6.803046
INFO  [02:16:04.597]           171.283        0      0    num_iterations=311 -7.205520
INFO  [02:16:04.597]           204.067        0      0    num_iterations=273 -5.992471
INFO  [02:16:04.597]           265.232        0      0    num_iterations=405 -5.857323
INFO  [02:16:04.597]           167.494        0      0    num_iterations=224 -7.625238
INFO  [02:16:04.597]           188.303        0      0    num_iterations=276 -6.847133
INFO  [02:16:04.597]           409.899        0      0    num_iterations=550 -8.329111
INFO  [02:16:04.597]           260.043        0      0    num_iterations=561 -5.432685
INFO  [02:16:04.597]           227.000        0      0    num_iterations=351 -6.248106
INFO  [02:16:04.597]           165.361        0      0    num_iterations=401 -6.665575
INFO  [02:16:04.597]           206.273        0      0    num_iterations=261 -5.880953
INFO  [02:16:04.597]           388.914        0      0    num_iterations=591 -6.591130
INFO  [02:16:04.597]           145.098        0      0    num_iterations=249 -6.817855
INFO  [02:16:04.597]           392.143        0      0    num_iterations=582 -6.779058
INFO  [02:16:04.597]           136.848        0      0    num_iterations=245 -8.203066
INFO  [02:16:04.597]           154.563        0      0    num_iterations=266 -7.154653
INFO  [02:16:04.597]           190.571        0      0    num_iterations=421 -6.760176
INFO  [02:16:04.597]           135.779        0      0    num_iterations=200 -8.510558
INFO  [02:16:04.597]           277.003        0      0    num_iterations=662 -8.327202
INFO  [02:16:04.597]           155.207        0      0    num_iterations=236 -8.718878
INFO  [02:16:04.597]           127.422        0      0    num_iterations=229 -7.327259
INFO  [02:16:04.597]           164.442        0      0    num_iterations=291 -7.021571
INFO  [02:16:04.597]           252.582        0      0    num_iterations=377 -6.270144
INFO  [02:16:04.597]           133.243        0      0    num_iterations=333 -6.375573
INFO  [02:16:04.597]           247.371        0      0    num_iterations=559 -6.065867
INFO  [02:16:04.597]           166.197        0      0    num_iterations=276 -7.200436
INFO  [02:16:04.597]           370.995        0      0    num_iterations=538 -6.273686
INFO  [02:16:04.597]           156.899        0      0    num_iterations=302 -7.077205
INFO  [02:16:04.597]           160.419        0      0    num_iterations=250 -7.675116
INFO  [02:16:04.597]           180.882        0      0    num_iterations=420 -7.593998
INFO  [02:16:04.597]           199.136        0      0    num_iterations=283 -6.649362
INFO  [02:16:04.597]           179.036        0      0    num_iterations=275 -7.139367
INFO  [02:16:04.597]           170.616        0      0    num_iterations=230 -7.511884
INFO  [02:16:04.597]           185.894        0      0    num_iterations=372 -7.210413
INFO  [02:16:04.597]           367.247        0      0    num_iterations=417 -7.570282
INFO  [02:16:04.597]           191.142        0      0    num_iterations=271 -6.324830
INFO  [02:16:04.597]           353.201        0      0    num_iterations=497 -5.442622
INFO  [02:16:04.597]           436.420        0      0    num_iterations=605 -6.554566
INFO  [02:16:04.597]           261.655        0      0    num_iterations=405 -6.799625
INFO  [02:16:04.597]           182.760        0      0    num_iterations=343 -7.178092
INFO  [02:16:04.597]           133.372        0      0    num_iterations=199 -6.717018
INFO  [02:16:04.597]           163.832        0      0    num_iterations=294 -7.221472
INFO  [02:16:04.597]           241.811        0      0    num_iterations=454 -6.739379
INFO  [02:16:04.597]           282.450        0      0    num_iterations=438 -6.384775
INFO  [02:16:04.597]           198.143        0      0    num_iterations=242 -7.182869
INFO  [02:16:04.597]           182.116        0      0    num_iterations=367 -7.286227
INFO  [02:16:04.597]           176.929        0      0    num_iterations=267 -7.512206
INFO  [02:16:04.597]           149.654        0      0    num_iterations=283 -5.968819
INFO  [02:16:04.597]           423.391        0      0    num_iterations=621 -6.114114
INFO  [02:16:04.597]           190.710        0      0    num_iterations=302 -7.822242
INFO  [02:16:04.597]           380.080        0      0    num_iterations=534 -7.795210
INFO  [02:16:04.597]           125.121        0      0    num_iterations=215 -6.727301
INFO  [02:16:04.597]           410.681        0      0    num_iterations=592 -5.699527
INFO  [02:16:04.597]           175.526        0      0    num_iterations=216 -7.491908
INFO  [02:16:04.597]           138.412        0      0    num_iterations=224 -6.851908
INFO  [02:16:04.597]           145.951        0      0    num_iterations=200 -6.972712
INFO  [02:16:04.597]           441.736        0      0    num_iterations=743 -5.784460
INFO  [02:16:04.597]           254.864        0      0    num_iterations=315 -6.120319
INFO  [02:16:04.597]           122.844        0      0    num_iterations=220 -6.844008
INFO  [02:16:04.597]           154.544        0      0    num_iterations=235 -6.607713
INFO  [02:16:04.597]           157.613        0      0    num_iterations=344 -8.072074
INFO  [02:16:04.597]           125.962        0      0    num_iterations=198 -7.027281
INFO  [02:16:04.597]           381.803        0      0    num_iterations=655 -5.484744
INFO  [02:16:04.597]           181.305        0      0    num_iterations=227 -7.088604
INFO  [02:16:04.597]           143.040        0      0    num_iterations=216 -6.857344
INFO  [02:16:04.597]           173.793        0      0    num_iterations=288 -6.813302
INFO  [02:16:04.597]           434.896        0      0    num_iterations=495 -6.037650
INFO  [02:16:04.597]           189.378        0      0    num_iterations=330 -6.727767
INFO  [02:16:04.597]           150.145        0      0    num_iterations=525 -7.770877
INFO  [02:16:04.597]           343.167        0      0    num_iterations=479 -6.872881
INFO  [02:16:04.597]           221.426        0      0    num_iterations=942 -7.495961
INFO  [02:16:04.597]           200.037        0      0    num_iterations=264 -6.780727
INFO  [02:16:04.597]           205.623        0      0    num_iterations=348 -7.937663
INFO  [02:16:04.597]           347.256        0      0    num_iterations=641 -6.671742
INFO  [02:16:04.597]           241.384        0      0    num_iterations=412 -6.474060
INFO  [02:16:04.597]           468.173        0      0    num_iterations=740 -7.955383
INFO  [02:16:04.597]           167.778        0      0    num_iterations=302 -6.576112
INFO  [02:16:04.597]           385.482        0      0    num_iterations=564 -6.348775
INFO  [02:16:04.597]           478.191        0      0    num_iterations=719 -6.102067
INFO  [02:16:04.597]           432.053        0      0    num_iterations=623 -6.636983
INFO  [02:16:04.597]           226.986        0      0    num_iterations=351 -7.267014
INFO  [02:16:04.597]           161.708        0      0    num_iterations=394 -6.634576
INFO  [02:16:04.597]           381.123        0      0    num_iterations=681 -6.035019
INFO  [02:16:04.597]           147.711        0      0    num_iterations=350 -6.633044
INFO  [02:16:04.597]           169.924        0      0    num_iterations=358 -6.624358
INFO  [02:16:04.597]           467.941        0      0    num_iterations=731 -6.681024
INFO  [02:16:04.597]           234.036        0      0    num_iterations=581 -7.729830
INFO  [02:16:04.597]           197.554        0      0    num_iterations=262 -7.093430
INFO  [02:16:04.597]           166.962        0      0    num_iterations=240 -7.069628
INFO  [02:16:04.597]           486.592        0      0    num_iterations=624 -5.799958
INFO  [02:16:04.597]           400.056        0      0    num_iterations=561 -5.799631
INFO  [02:16:04.597]           161.578        0      0    num_iterations=274 -7.697032
INFO  [02:16:04.597]           456.729        0      0    num_iterations=713 -5.545899
INFO  [02:16:04.597]           153.141        0      0    num_iterations=284 -7.859519
INFO  [02:16:04.597]           167.972        0      0    num_iterations=313 -6.943680
INFO  [02:16:04.597]           477.944        0      0    num_iterations=811 -6.194796
INFO  [02:16:04.597]           195.554        0      0    num_iterations=212 -7.025046
INFO  [02:16:04.597]           507.098        0      0   num_iterations=1197 -6.094070
INFO  [02:16:04.597]           155.537        0      0    num_iterations=248 -7.809704
INFO  [02:16:04.597]           429.783        0      0    num_iterations=600 -5.722731
INFO  [02:16:04.597]           185.055        0      0    num_iterations=270 -7.206957
INFO  [02:16:04.597]           240.194        0      0    num_iterations=412 -6.895770
INFO  [02:16:04.597]           192.456        0      0    num_iterations=373 -6.647062
INFO  [02:16:04.597]           240.046        0      0    num_iterations=402 -7.189490
INFO  [02:16:04.597]           179.623        0      0    num_iterations=267 -7.184512
INFO  [02:16:04.597]           175.704        0      0    num_iterations=294 -7.144383
INFO  [02:16:04.597]           238.751        0      0    num_iterations=382 -6.888683
INFO  [02:16:04.597]           458.133        0      0    num_iterations=660 -5.386514
INFO  [02:16:04.597]  runtime_learners warnings errors internal_tuned_values    acq_cb
INFO  [02:16:04.597]  timestamp_surrogate timestamp_acq_function timestamp_acq_optimizer
INFO  [02:16:04.597]  2026-09-10 02:07:16    2026-09-10 02:07:16     2026-09-10 02:07:16
INFO  [02:16:04.597]  2026-09-10 02:07:26    2026-09-10 02:07:27     2026-09-10 02:07:27
INFO  [02:16:04.597]  2026-09-10 02:09:22    2026-09-10 02:09:23     2026-09-10 02:09:23
INFO  [02:16:04.597]  2026-09-10 02:07:11    2026-09-10 02:07:12     2026-09-10 02:07:12
INFO  [02:16:04.597]  2026-09-10 02:07:49    2026-09-10 02:07:50     2026-09-10 02:07:50
INFO  [02:16:04.597]  2026-09-10 02:09:02    2026-09-10 02:09:03     2026-09-10 02:09:03
INFO  [02:16:04.597]  2026-09-10 02:09:36    2026-09-10 02:09:37     2026-09-10 02:09:37
INFO  [02:16:04.597]  2026-09-10 02:09:33    2026-09-10 02:09:34     2026-09-10 02:09:34
INFO  [02:16:04.597]  2026-09-10 02:08:50    2026-09-10 02:08:51     2026-09-10 02:08:51
INFO  [02:16:04.597]  2026-09-10 02:09:42    2026-09-10 02:09:42     2026-09-10 02:09:42
INFO  [02:16:04.597]  2026-09-10 02:07:40    2026-09-10 02:07:40     2026-09-10 02:07:40
INFO  [02:16:04.597]  2026-09-10 02:07:58    2026-09-10 02:07:58     2026-09-10 02:07:58
INFO  [02:16:04.597]  2026-09-10 02:07:53    2026-09-10 02:07:53     2026-09-10 02:07:53
INFO  [02:16:04.597]  2026-09-10 02:08:01    2026-09-10 02:08:01     2026-09-10 02:08:01
INFO  [02:16:04.597]  2026-09-10 02:08:06    2026-09-10 02:08:06     2026-09-10 02:08:06
INFO  [02:16:04.597]  2026-09-10 02:07:46    2026-09-10 02:07:46     2026-09-10 02:07:46
INFO  [02:16:04.597]  2026-09-10 02:07:33    2026-09-10 02:07:34     2026-09-10 02:07:34
INFO  [02:16:04.597]  2026-09-10 02:07:27    2026-09-10 02:07:27     2026-09-10 02:07:27
INFO  [02:16:04.597]  2026-09-10 02:07:01    2026-09-10 02:07:01     2026-09-10 02:07:01
INFO  [02:16:04.597]  2026-09-10 02:09:40    2026-09-10 02:09:40     2026-09-10 02:09:40
INFO  [02:16:04.597]  2026-09-10 02:08:08    2026-09-10 02:08:08     2026-09-10 02:08:08
INFO  [02:16:04.597]  2026-09-10 02:07:59    2026-09-10 02:07:59     2026-09-10 02:07:59
INFO  [02:16:04.597]  2026-09-10 02:07:48    2026-09-10 02:07:49     2026-09-10 02:07:49
INFO  [02:16:04.597]  2026-09-10 02:07:50    2026-09-10 02:07:50     2026-09-10 02:07:50
INFO  [02:16:04.597]  2026-09-10 02:08:22    2026-09-10 02:08:22     2026-09-10 02:08:22
INFO  [02:16:04.597]  2026-09-10 02:09:53    2026-09-10 02:09:54     2026-09-10 02:09:54
INFO  [02:16:04.597]  2026-09-10 02:09:09    2026-09-10 02:09:10     2026-09-10 02:09:10
INFO  [02:16:04.597]  2026-09-10 02:08:48    2026-09-10 02:08:48     2026-09-10 02:08:48
INFO  [02:16:04.597]  2026-09-10 02:09:27    2026-09-10 02:09:28     2026-09-10 02:09:28
INFO  [02:16:04.597]  2026-09-10 02:07:04    2026-09-10 02:07:04     2026-09-10 02:07:04
INFO  [02:16:04.597]  2026-09-10 02:07:28    2026-09-10 02:07:28     2026-09-10 02:07:28
INFO  [02:16:04.597]  2026-09-10 02:08:16    2026-09-10 02:08:17     2026-09-10 02:08:17
INFO  [02:16:04.597]  2026-09-10 02:07:02    2026-09-10 02:07:02     2026-09-10 02:07:02
INFO  [02:16:04.597]  2026-09-10 02:09:46    2026-09-10 02:09:46     2026-09-10 02:09:46
INFO  [02:16:04.597]  2026-09-10 02:07:07    2026-09-10 02:07:07     2026-09-10 02:07:07
INFO  [02:16:04.597]  2026-09-10 02:08:33    2026-09-10 02:08:33     2026-09-10 02:08:33
INFO  [02:16:04.597]  2026-09-10 02:08:19    2026-09-10 02:08:19     2026-09-10 02:08:19
INFO  [02:16:04.597]  2026-09-10 02:07:08    2026-09-10 02:07:08     2026-09-10 02:07:08
INFO  [02:16:04.597]  2026-09-10 02:07:35    2026-09-10 02:07:35     2026-09-10 02:07:35
INFO  [02:16:04.597]  2026-09-10 02:07:00    2026-09-10 02:07:01     2026-09-10 02:07:01
INFO  [02:16:04.597]  2026-09-10 02:08:07    2026-09-10 02:08:07     2026-09-10 02:08:07
INFO  [02:16:04.597]  2026-09-10 02:09:06    2026-09-10 02:09:07     2026-09-10 02:09:07
INFO  [02:16:04.597]  2026-09-10 02:10:07    2026-09-10 02:10:08     2026-09-10 02:10:08
INFO  [02:16:04.597]  2026-09-10 02:07:03    2026-09-10 02:07:04     2026-09-10 02:07:04
INFO  [02:16:04.597]  2026-09-10 02:10:36    2026-09-10 02:10:37     2026-09-10 02:10:37
INFO  [02:16:04.597]  2026-09-10 02:09:50    2026-09-10 02:09:50     2026-09-10 02:09:50
INFO  [02:16:04.597]  2026-09-10 02:10:02    2026-09-10 02:10:02     2026-09-10 02:10:02
INFO  [02:16:04.597]  2026-09-10 02:09:47    2026-09-10 02:09:47     2026-09-10 02:09:47
INFO  [02:16:04.597]  2026-09-10 02:08:17    2026-09-10 02:08:18     2026-09-10 02:08:18
INFO  [02:16:04.597]  2026-09-10 02:08:10    2026-09-10 02:08:10     2026-09-10 02:08:10
INFO  [02:16:04.597]  2026-09-10 02:09:48    2026-09-10 02:09:48     2026-09-10 02:09:48
INFO  [02:16:04.597]  2026-09-10 02:09:45    2026-09-10 02:09:45     2026-09-10 02:09:45
INFO  [02:16:04.597]  2026-09-10 02:09:34    2026-09-10 02:09:35     2026-09-10 02:09:35
INFO  [02:16:04.597]  2026-09-10 02:09:11    2026-09-10 02:09:12     2026-09-10 02:09:12
INFO  [02:16:04.597]  2026-09-10 02:08:11    2026-09-10 02:08:11     2026-09-10 02:08:11
INFO  [02:16:04.597]  2026-09-10 02:09:23    2026-09-10 02:09:24     2026-09-10 02:09:24
INFO  [02:16:04.597]  2026-09-10 02:09:44    2026-09-10 02:09:44     2026-09-10 02:09:44
INFO  [02:16:04.597]  2026-09-10 02:10:25    2026-09-10 02:10:25     2026-09-10 02:10:25
INFO  [02:16:04.597]  2026-09-10 02:09:43    2026-09-10 02:09:43     2026-09-10 02:09:43
INFO  [02:16:04.597]  2026-09-10 02:10:01    2026-09-10 02:10:01     2026-09-10 02:10:01
INFO  [02:16:04.597]  2026-09-10 02:10:11    2026-09-10 02:10:11     2026-09-10 02:10:11
INFO  [02:16:04.597]  2026-09-10 02:09:31    2026-09-10 02:09:32     2026-09-10 02:09:32
INFO  [02:16:04.597]  2026-09-10 02:09:05    2026-09-10 02:09:06     2026-09-10 02:09:06
INFO  [02:16:04.597]  2026-09-10 02:10:17    2026-09-10 02:10:18     2026-09-10 02:10:18
INFO  [02:16:04.597]  2026-09-10 02:07:32    2026-09-10 02:07:32     2026-09-10 02:07:32
INFO  [02:16:04.597]  2026-09-10 02:08:00    2026-09-10 02:08:00     2026-09-10 02:08:00
INFO  [02:16:04.597]  2026-09-10 02:10:49    2026-09-10 02:10:50     2026-09-10 02:10:50
INFO  [02:16:04.597]  2026-09-10 02:07:39    2026-09-10 02:07:39     2026-09-10 02:07:39
INFO  [02:16:04.597]  2026-09-10 02:10:22    2026-09-10 02:10:22     2026-09-10 02:10:22
INFO  [02:16:04.597]  2026-09-10 02:08:39    2026-09-10 02:08:39     2026-09-10 02:08:39
INFO  [02:16:04.597]  2026-09-10 02:10:00    2026-09-10 02:10:00     2026-09-10 02:10:00
INFO  [02:16:04.597]  2026-09-10 02:10:08    2026-09-10 02:10:09     2026-09-10 02:10:09
INFO  [02:16:04.597]  2026-09-10 02:07:46    2026-09-10 02:07:47     2026-09-10 02:07:47
INFO  [02:16:04.597]  2026-09-10 02:09:41    2026-09-10 02:09:41     2026-09-10 02:09:41
INFO  [02:16:04.597]  2026-09-10 02:10:06    2026-09-10 02:10:07     2026-09-10 02:10:07
INFO  [02:16:04.597]  2026-09-10 02:10:37    2026-09-10 02:10:38     2026-09-10 02:10:38
INFO  [02:16:04.597]  2026-09-10 02:10:15    2026-09-10 02:10:15     2026-09-10 02:10:15
INFO  [02:16:04.597]  2026-09-10 02:09:20    2026-09-10 02:09:21     2026-09-10 02:09:21
INFO  [02:16:04.597]  2026-09-10 02:08:31    2026-09-10 02:08:31     2026-09-10 02:08:31
INFO  [02:16:04.597]  2026-09-10 02:09:54    2026-09-10 02:09:55     2026-09-10 02:09:55
INFO  [02:16:04.597]  2026-09-10 02:09:58    2026-09-10 02:09:58     2026-09-10 02:09:58
INFO  [02:16:04.597]  2026-09-10 02:09:04    2026-09-10 02:09:05     2026-09-10 02:09:05
INFO  [02:16:04.597]  2026-09-10 02:07:38    2026-09-10 02:07:39     2026-09-10 02:07:39
INFO  [02:16:04.597]  2026-09-10 02:07:00    2026-09-10 02:07:00     2026-09-10 02:07:00
INFO  [02:16:04.597]  2026-09-10 02:07:18    2026-09-10 02:07:18     2026-09-10 02:07:18
INFO  [02:16:04.597]  2026-09-10 02:11:11    2026-09-10 02:11:12     2026-09-10 02:11:12
INFO  [02:16:04.597]  2026-09-10 02:10:55    2026-09-10 02:10:56     2026-09-10 02:10:56
INFO  [02:16:04.597]  2026-09-10 02:10:05    2026-09-10 02:10:05     2026-09-10 02:10:05
INFO  [02:16:04.597]  2026-09-10 02:10:47    2026-09-10 02:10:47     2026-09-10 02:10:47
INFO  [02:16:04.597]  2026-09-10 02:10:16    2026-09-10 02:10:17     2026-09-10 02:10:17
INFO  [02:16:04.597]  2026-09-10 02:10:13    2026-09-10 02:10:13     2026-09-10 02:10:13
INFO  [02:16:04.597]  2026-09-10 02:09:00    2026-09-10 02:09:01     2026-09-10 02:09:01
INFO  [02:16:04.597]  2026-09-10 02:10:54    2026-09-10 02:10:54     2026-09-10 02:10:54
INFO  [02:16:04.597]  2026-09-10 02:09:35    2026-09-10 02:09:36     2026-09-10 02:09:36
INFO  [02:16:04.597]  2026-09-10 02:10:34    2026-09-10 02:10:34     2026-09-10 02:10:34
INFO  [02:16:04.597]  2026-09-10 02:09:55    2026-09-10 02:09:56     2026-09-10 02:09:56
INFO  [02:16:04.597]  2026-09-10 02:11:07    2026-09-10 02:11:07     2026-09-10 02:11:07
INFO  [02:16:04.597]  2026-09-10 02:10:26    2026-09-10 02:10:27     2026-09-10 02:10:27
INFO  [02:16:04.597]  2026-09-10 02:11:06    2026-09-10 02:11:06     2026-09-10 02:11:06
INFO  [02:16:04.597]  2026-09-10 02:10:52    2026-09-10 02:10:52     2026-09-10 02:10:52
INFO  [02:16:04.597]  2026-09-10 02:10:23    2026-09-10 02:10:23     2026-09-10 02:10:23
INFO  [02:16:04.597]  2026-09-10 02:07:03    2026-09-10 02:07:03     2026-09-10 02:07:03
INFO  [02:16:04.597]  2026-09-10 02:09:32    2026-09-10 02:09:33     2026-09-10 02:09:33
INFO  [02:16:04.597]  2026-09-10 02:07:54    2026-09-10 02:07:54     2026-09-10 02:07:54
INFO  [02:16:04.597]  2026-09-10 02:07:19    2026-09-10 02:07:19     2026-09-10 02:07:19
INFO  [02:16:04.597]  2026-09-10 02:10:19    2026-09-10 02:10:20     2026-09-10 02:10:20
INFO  [02:16:04.597]  2026-09-10 02:11:03    2026-09-10 02:11:04     2026-09-10 02:11:04
INFO  [02:16:04.597]  2026-09-10 02:10:57    2026-09-10 02:10:58     2026-09-10 02:10:58
INFO  [02:16:04.597]  2026-09-10 02:12:22    2026-09-10 02:12:22     2026-09-10 02:12:22
INFO  [02:16:04.597]  2026-09-10 02:10:24    2026-09-10 02:10:24     2026-09-10 02:10:24
INFO  [02:16:04.597]  2026-09-10 02:11:20    2026-09-10 02:11:20     2026-09-10 02:11:20
INFO  [02:16:04.597]  2026-09-10 02:10:48    2026-09-10 02:10:49     2026-09-10 02:10:49
INFO  [02:16:04.597]  2026-09-10 02:08:46    2026-09-10 02:08:46     2026-09-10 02:08:46
INFO  [02:16:04.597]  2026-09-10 02:11:17    2026-09-10 02:11:18     2026-09-10 02:11:18
INFO  [02:16:04.597]  2026-09-10 02:10:41    2026-09-10 02:10:41     2026-09-10 02:10:41
INFO  [02:16:04.597]  2026-09-10 02:10:51    2026-09-10 02:10:51     2026-09-10 02:10:51
INFO  [02:16:04.597]  2026-09-10 02:10:18    2026-09-10 02:10:19     2026-09-10 02:10:19
INFO  [02:16:04.597]  2026-09-10 02:09:17    2026-09-10 02:09:18     2026-09-10 02:09:18
INFO  [02:16:04.597]  2026-09-10 02:10:56    2026-09-10 02:10:57     2026-09-10 02:10:57
INFO  [02:16:04.597]  2026-09-10 02:10:35    2026-09-10 02:10:35     2026-09-10 02:10:35
INFO  [02:16:04.597]  2026-09-10 02:06:56    2026-09-10 02:06:57     2026-09-10 02:06:57
INFO  [02:16:04.597]  2026-09-10 02:09:26    2026-09-10 02:09:27     2026-09-10 02:09:27
INFO  [02:16:04.597]  2026-09-10 02:09:59    2026-09-10 02:09:59     2026-09-10 02:09:59
INFO  [02:16:04.597]  2026-09-10 02:11:01    2026-09-10 02:11:01     2026-09-10 02:11:01
INFO  [02:16:04.597]  2026-09-10 02:10:21    2026-09-10 02:10:21     2026-09-10 02:10:21
INFO  [02:16:04.597]  2026-09-10 02:07:20    2026-09-10 02:07:20     2026-09-10 02:07:20
INFO  [02:16:04.597]  2026-09-10 02:11:27    2026-09-10 02:11:27     2026-09-10 02:11:27
INFO  [02:16:04.597]  2026-09-10 02:07:20    2026-09-10 02:07:21     2026-09-10 02:07:21
INFO  [02:16:04.597]  2026-09-10 02:11:37    2026-09-10 02:11:38     2026-09-10 02:11:38
INFO  [02:16:04.597]  2026-09-10 02:11:21    2026-09-10 02:11:22     2026-09-10 02:11:22
INFO  [02:16:04.597]  2026-09-10 02:10:53    2026-09-10 02:10:53     2026-09-10 02:10:53
INFO  [02:16:04.597]  2026-09-10 02:11:52    2026-09-10 02:11:52     2026-09-10 02:11:52
INFO  [02:16:04.597]  2026-09-10 02:09:30    2026-09-10 02:09:31     2026-09-10 02:09:31
INFO  [02:16:04.597]  2026-09-10 02:11:33    2026-09-10 02:11:33     2026-09-10 02:11:33
INFO  [02:16:04.597]  2026-09-10 02:12:00    2026-09-10 02:12:01     2026-09-10 02:12:01
INFO  [02:16:04.597]  2026-09-10 02:11:23    2026-09-10 02:11:24     2026-09-10 02:11:24
INFO  [02:16:04.597]  2026-09-10 02:09:56    2026-09-10 02:09:57     2026-09-10 02:09:57
INFO  [02:16:04.597]  2026-09-10 02:11:57    2026-09-10 02:11:57     2026-09-10 02:11:57
INFO  [02:16:04.597]  2026-09-10 02:10:04    2026-09-10 02:10:04     2026-09-10 02:10:04
INFO  [02:16:04.597]  2026-09-10 02:11:26    2026-09-10 02:11:26     2026-09-10 02:11:26
INFO  [02:16:04.597]  2026-09-10 02:08:02    2026-09-10 02:08:02     2026-09-10 02:08:02
INFO  [02:16:04.597]  2026-09-10 02:11:36    2026-09-10 02:11:37     2026-09-10 02:11:37
INFO  [02:16:04.597]  2026-09-10 02:11:35    2026-09-10 02:11:36     2026-09-10 02:11:36
INFO  [02:16:04.597]  2026-09-10 02:11:16    2026-09-10 02:11:17     2026-09-10 02:11:17
INFO  [02:16:04.597]  2026-09-10 02:10:59    2026-09-10 02:10:59     2026-09-10 02:10:59
INFO  [02:16:04.597]  2026-09-10 02:11:18    2026-09-10 02:11:19     2026-09-10 02:11:19
INFO  [02:16:04.597]  2026-09-10 02:11:28    2026-09-10 02:11:29     2026-09-10 02:11:29
INFO  [02:16:04.597]  2026-09-10 02:11:13    2026-09-10 02:11:13     2026-09-10 02:11:13
INFO  [02:16:04.597]  2026-09-10 02:08:12    2026-09-10 02:08:12     2026-09-10 02:08:12
INFO  [02:16:04.597]  2026-09-10 02:11:09    2026-09-10 02:11:10     2026-09-10 02:11:10
INFO  [02:16:04.597]  2026-09-10 02:08:29    2026-09-10 02:08:29     2026-09-10 02:08:29
INFO  [02:16:04.597]  2026-09-10 02:07:06    2026-09-10 02:07:07     2026-09-10 02:07:07
INFO  [02:16:04.597]  2026-09-10 02:10:03    2026-09-10 02:10:03     2026-09-10 02:10:03
INFO  [02:16:04.597]  2026-09-10 02:11:25    2026-09-10 02:11:25     2026-09-10 02:11:25
INFO  [02:16:04.597]  2026-09-10 02:12:15    2026-09-10 02:12:16     2026-09-10 02:12:16
INFO  [02:16:04.597]  2026-09-10 02:11:46    2026-09-10 02:11:46     2026-09-10 02:11:46
INFO  [02:16:04.597]  2026-09-10 02:10:28    2026-09-10 02:10:29     2026-09-10 02:10:29
INFO  [02:16:04.597]  2026-09-10 02:09:49    2026-09-10 02:09:49     2026-09-10 02:09:49
INFO  [02:16:04.597]  2026-09-10 02:11:15    2026-09-10 02:11:15     2026-09-10 02:11:15
INFO  [02:16:04.597]  2026-09-10 02:11:32    2026-09-10 02:11:32     2026-09-10 02:11:32
INFO  [02:16:04.597]  2026-09-10 02:11:39    2026-09-10 02:11:39     2026-09-10 02:11:39
INFO  [02:16:04.597]  2026-09-10 02:12:08    2026-09-10 02:12:08     2026-09-10 02:12:08
INFO  [02:16:04.597]  2026-09-10 02:07:37    2026-09-10 02:07:37     2026-09-10 02:07:37
INFO  [02:16:04.597]  2026-09-10 02:11:30    2026-09-10 02:11:31     2026-09-10 02:11:31
INFO  [02:16:04.597]  2026-09-10 02:08:23    2026-09-10 02:08:23     2026-09-10 02:08:23
INFO  [02:16:04.597]  2026-09-10 02:12:37    2026-09-10 02:12:38     2026-09-10 02:12:38
INFO  [02:16:04.597]  2026-09-10 02:07:52    2026-09-10 02:07:52     2026-09-10 02:07:52
INFO  [02:16:04.597]  2026-09-10 02:11:48    2026-09-10 02:11:49     2026-09-10 02:11:49
INFO  [02:16:04.597]  2026-09-10 02:12:27    2026-09-10 02:12:28     2026-09-10 02:12:28
INFO  [02:16:04.597]  2026-09-10 02:12:20    2026-09-10 02:12:21     2026-09-10 02:12:21
INFO  [02:16:04.597]  2026-09-10 02:07:25    2026-09-10 02:07:25     2026-09-10 02:07:25
INFO  [02:16:04.597]  2026-09-10 02:10:33    2026-09-10 02:10:33     2026-09-10 02:10:33
INFO  [02:16:04.597]  2026-09-10 02:12:45    2026-09-10 02:12:46     2026-09-10 02:12:46
INFO  [02:16:04.597]  2026-09-10 02:12:14    2026-09-10 02:12:14     2026-09-10 02:12:14
INFO  [02:16:04.597]  2026-09-10 02:12:12    2026-09-10 02:12:12     2026-09-10 02:12:12
INFO  [02:16:04.597]  2026-09-10 02:12:43    2026-09-10 02:12:43     2026-09-10 02:12:43
INFO  [02:16:04.597]  2026-09-10 02:08:28    2026-09-10 02:08:28     2026-09-10 02:08:28
INFO  [02:16:04.597]  2026-09-10 02:11:51    2026-09-10 02:11:51     2026-09-10 02:11:51
INFO  [02:16:04.597]  2026-09-10 02:12:31    2026-09-10 02:12:32     2026-09-10 02:12:32
INFO  [02:16:04.597]  2026-09-10 02:12:03    2026-09-10 02:12:03     2026-09-10 02:12:03
INFO  [02:16:04.597]  2026-09-10 02:07:43    2026-09-10 02:07:43     2026-09-10 02:07:43
INFO  [02:16:04.597]  2026-09-10 02:11:49    2026-09-10 02:11:50     2026-09-10 02:11:50
INFO  [02:16:04.597]  2026-09-10 02:12:30    2026-09-10 02:12:30     2026-09-10 02:12:30
INFO  [02:16:04.597]  2026-09-10 02:09:19    2026-09-10 02:09:20     2026-09-10 02:09:20
INFO  [02:16:04.597]  2026-09-10 02:11:22    2026-09-10 02:11:23     2026-09-10 02:11:23
INFO  [02:16:04.597]  2026-09-10 02:11:47    2026-09-10 02:11:47     2026-09-10 02:11:47
INFO  [02:16:04.597]  2026-09-10 02:11:42    2026-09-10 02:11:43     2026-09-10 02:11:43
INFO  [02:16:04.597]  2026-09-10 02:09:21    2026-09-10 02:09:22     2026-09-10 02:09:22
INFO  [02:16:04.597]  2026-09-10 02:11:08    2026-09-10 02:11:08     2026-09-10 02:11:08
INFO  [02:16:04.597]  2026-09-10 02:07:21    2026-09-10 02:07:22     2026-09-10 02:07:22
INFO  [02:16:04.597]  2026-09-10 02:12:23    2026-09-10 02:12:24     2026-09-10 02:12:24
INFO  [02:16:04.597]  2026-09-10 02:08:49    2026-09-10 02:08:50     2026-09-10 02:08:50
INFO  [02:16:04.597]  2026-09-10 02:07:17    2026-09-10 02:07:17     2026-09-10 02:07:17
INFO  [02:16:04.597]  2026-09-10 02:08:05    2026-09-10 02:08:05     2026-09-10 02:08:05
INFO  [02:16:04.597]  2026-09-10 02:11:29    2026-09-10 02:11:30     2026-09-10 02:11:30
INFO  [02:16:04.597]  2026-09-10 02:12:36    2026-09-10 02:12:37     2026-09-10 02:12:37
INFO  [02:16:04.597]  2026-09-10 02:08:58    2026-09-10 02:08:59     2026-09-10 02:08:59
INFO  [02:16:04.597]  2026-09-10 02:12:55    2026-09-10 02:12:55     2026-09-10 02:12:55
INFO  [02:16:04.597]  2026-09-10 02:12:32    2026-09-10 02:12:33     2026-09-10 02:12:33
INFO  [02:16:04.597]  2026-09-10 02:07:36    2026-09-10 02:07:36     2026-09-10 02:07:36
INFO  [02:16:04.597]  2026-09-10 02:11:40    2026-09-10 02:11:40     2026-09-10 02:11:40
INFO  [02:16:04.597]  2026-09-10 02:12:18    2026-09-10 02:12:18     2026-09-10 02:12:18
INFO  [02:16:04.597]  2026-09-10 02:12:50    2026-09-10 02:12:50     2026-09-10 02:12:50
INFO  [02:16:04.597]  2026-09-10 02:07:31    2026-09-10 02:07:31     2026-09-10 02:07:31
INFO  [02:16:04.597]  2026-09-10 02:08:59    2026-09-10 02:09:00     2026-09-10 02:09:00
INFO  [02:16:04.597]  2026-09-10 02:13:00    2026-09-10 02:13:00     2026-09-10 02:13:00
INFO  [02:16:04.597]  2026-09-10 02:08:09    2026-09-10 02:08:09     2026-09-10 02:08:09
INFO  [02:16:04.597]  2026-09-10 02:13:13    2026-09-10 02:13:14     2026-09-10 02:13:14
INFO  [02:16:04.597]  2026-09-10 02:12:59    2026-09-10 02:12:59     2026-09-10 02:12:59
INFO  [02:16:04.597]  2026-09-10 02:07:51    2026-09-10 02:07:51     2026-09-10 02:07:51
INFO  [02:16:04.597]  2026-09-10 02:12:34    2026-09-10 02:12:34     2026-09-10 02:12:34
INFO  [02:16:04.597]  2026-09-10 02:07:23    2026-09-10 02:07:23     2026-09-10 02:07:23
INFO  [02:16:04.597]  2026-09-10 02:13:16    2026-09-10 02:13:16     2026-09-10 02:13:16
INFO  [02:16:04.597]  2026-09-10 02:08:42    2026-09-10 02:08:42     2026-09-10 02:08:42
INFO  [02:16:04.597]  2026-09-10 02:12:47    2026-09-10 02:12:47     2026-09-10 02:12:47
INFO  [02:16:04.597]  2026-09-10 02:11:53    2026-09-10 02:11:54     2026-09-10 02:11:54
INFO  [02:16:04.597]  2026-09-10 02:12:41    2026-09-10 02:12:42     2026-09-10 02:12:42
INFO  [02:16:04.597]  2026-09-10 02:11:54    2026-09-10 02:11:55     2026-09-10 02:11:55
INFO  [02:16:04.597]  2026-09-10 02:12:57    2026-09-10 02:12:58     2026-09-10 02:12:58
INFO  [02:16:04.597]  2026-09-10 02:13:04    2026-09-10 02:13:04     2026-09-10 02:13:04
INFO  [02:16:04.597]  2026-09-10 02:12:02    2026-09-10 02:12:02     2026-09-10 02:12:02
INFO  [02:16:04.597]  2026-09-10 02:08:24    2026-09-10 02:08:25     2026-09-10 02:08:25
INFO  [02:16:04.597]  timestamp_surrogate timestamp_acq_function timestamp_acq_optimizer
INFO  [02:16:04.597]       timestamp_loop
INFO  [02:16:04.597]  2026-09-10 02:07:17
INFO  [02:16:04.597]  2026-09-10 02:07:27
INFO  [02:16:04.597]  2026-09-10 02:09:23
INFO  [02:16:04.597]  2026-09-10 02:07:12
INFO  [02:16:04.597]  2026-09-10 02:07:50
INFO  [02:16:04.597]  2026-09-10 02:09:03
INFO  [02:16:04.597]  2026-09-10 02:09:37
INFO  [02:16:04.597]  2026-09-10 02:09:34
INFO  [02:16:04.597]  2026-09-10 02:08:51
INFO  [02:16:04.597]  2026-09-10 02:09:43
INFO  [02:16:04.597]  2026-09-10 02:07:41
INFO  [02:16:04.597]  2026-09-10 02:07:59
INFO  [02:16:04.597]  2026-09-10 02:07:54
INFO  [02:16:04.597]  2026-09-10 02:08:02
INFO  [02:16:04.597]  2026-09-10 02:08:07
INFO  [02:16:04.597]  2026-09-10 02:07:46
INFO  [02:16:04.597]  2026-09-10 02:07:34
INFO  [02:16:04.597]  2026-09-10 02:07:28
INFO  [02:16:04.597]  2026-09-10 02:07:02
INFO  [02:16:04.597]  2026-09-10 02:09:41
INFO  [02:16:04.597]  2026-09-10 02:08:09
INFO  [02:16:04.597]  2026-09-10 02:08:00
INFO  [02:16:04.597]  2026-09-10 02:07:49
INFO  [02:16:04.597]  2026-09-10 02:07:51
INFO  [02:16:04.597]  2026-09-10 02:08:23
INFO  [02:16:04.597]  2026-09-10 02:09:54
INFO  [02:16:04.597]  2026-09-10 02:09:10
INFO  [02:16:04.597]  2026-09-10 02:08:48
INFO  [02:16:04.597]  2026-09-10 02:09:28
INFO  [02:16:04.597]  2026-09-10 02:07:05
INFO  [02:16:04.597]  2026-09-10 02:07:29
INFO  [02:16:04.597]  2026-09-10 02:08:17
INFO  [02:16:04.597]  2026-09-10 02:07:03
INFO  [02:16:04.597]  2026-09-10 02:09:47
INFO  [02:16:04.597]  2026-09-10 02:07:08
INFO  [02:16:04.597]  2026-09-10 02:08:34
INFO  [02:16:04.597]  2026-09-10 02:08:20
INFO  [02:16:04.597]  2026-09-10 02:07:09
INFO  [02:16:04.597]  2026-09-10 02:07:36
INFO  [02:16:04.597]  2026-09-10 02:07:01
INFO  [02:16:04.597]  2026-09-10 02:08:08
INFO  [02:16:04.597]  2026-09-10 02:09:07
INFO  [02:16:04.597]  2026-09-10 02:10:08
INFO  [02:16:04.597]  2026-09-10 02:07:04
INFO  [02:16:04.597]  2026-09-10 02:10:37
INFO  [02:16:04.597]  2026-09-10 02:09:51
INFO  [02:16:04.597]  2026-09-10 02:10:03
INFO  [02:16:04.597]  2026-09-10 02:09:48
INFO  [02:16:04.597]  2026-09-10 02:08:18
INFO  [02:16:04.597]  2026-09-10 02:08:11
INFO  [02:16:04.597]  2026-09-10 02:09:49
INFO  [02:16:04.597]  2026-09-10 02:09:46
INFO  [02:16:04.597]  2026-09-10 02:09:35
INFO  [02:16:04.597]  2026-09-10 02:09:12
INFO  [02:16:04.597]  2026-09-10 02:08:12
INFO  [02:16:04.597]  2026-09-10 02:09:24
INFO  [02:16:04.597]  2026-09-10 02:09:45
INFO  [02:16:04.597]  2026-09-10 02:10:26
INFO  [02:16:04.597]  2026-09-10 02:09:44
INFO  [02:16:04.597]  2026-09-10 02:10:02
INFO  [02:16:04.597]  2026-09-10 02:10:12
INFO  [02:16:04.597]  2026-09-10 02:09:32
INFO  [02:16:04.597]  2026-09-10 02:09:06
INFO  [02:16:04.597]  2026-09-10 02:10:18
INFO  [02:16:04.597]  2026-09-10 02:07:32
INFO  [02:16:04.597]  2026-09-10 02:08:01
INFO  [02:16:04.597]  2026-09-10 02:10:51
INFO  [02:16:04.597]  2026-09-10 02:07:40
INFO  [02:16:04.597]  2026-09-10 02:10:23
INFO  [02:16:04.597]  2026-09-10 02:08:40
INFO  [02:16:04.597]  2026-09-10 02:10:01
INFO  [02:16:04.597]  2026-09-10 02:10:09
INFO  [02:16:04.597]  2026-09-10 02:07:47
INFO  [02:16:04.597]  2026-09-10 02:09:42
INFO  [02:16:04.597]  2026-09-10 02:10:07
INFO  [02:16:04.597]  2026-09-10 02:10:39
INFO  [02:16:04.597]  2026-09-10 02:10:16
INFO  [02:16:04.597]  2026-09-10 02:09:21
INFO  [02:16:04.597]  2026-09-10 02:08:32
INFO  [02:16:04.597]  2026-09-10 02:09:55
INFO  [02:16:04.597]  2026-09-10 02:09:59
INFO  [02:16:04.597]  2026-09-10 02:09:05
INFO  [02:16:04.597]  2026-09-10 02:07:39
INFO  [02:16:04.597]  2026-09-10 02:07:00
INFO  [02:16:04.597]  2026-09-10 02:07:19
INFO  [02:16:04.597]  2026-09-10 02:11:13
INFO  [02:16:04.597]  2026-09-10 02:10:56
INFO  [02:16:04.597]  2026-09-10 02:10:06
INFO  [02:16:04.597]  2026-09-10 02:10:48
INFO  [02:16:04.597]  2026-09-10 02:10:17
INFO  [02:16:04.597]  2026-09-10 02:10:14
INFO  [02:16:04.597]  2026-09-10 02:09:01
INFO  [02:16:04.597]  2026-09-10 02:10:55
INFO  [02:16:04.597]  2026-09-10 02:09:36
INFO  [02:16:04.597]  2026-09-10 02:10:35
INFO  [02:16:04.597]  2026-09-10 02:09:56
INFO  [02:16:04.597]  2026-09-10 02:11:08
INFO  [02:16:04.597]  2026-09-10 02:10:27
INFO  [02:16:04.597]  2026-09-10 02:11:07
INFO  [02:16:04.597]  2026-09-10 02:10:53
INFO  [02:16:04.597]  2026-09-10 02:10:24
INFO  [02:16:04.597]  2026-09-10 02:07:03
INFO  [02:16:04.597]  2026-09-10 02:09:33
INFO  [02:16:04.597]  2026-09-10 02:07:55
INFO  [02:16:04.597]  2026-09-10 02:07:20
INFO  [02:16:04.597]  2026-09-10 02:10:21
INFO  [02:16:04.597]  2026-09-10 02:11:04
INFO  [02:16:04.597]  2026-09-10 02:10:59
INFO  [02:16:04.597]  2026-09-10 02:12:23
INFO  [02:16:04.597]  2026-09-10 02:10:25
INFO  [02:16:04.597]  2026-09-10 02:11:21
INFO  [02:16:04.597]  2026-09-10 02:10:49
INFO  [02:16:04.597]  2026-09-10 02:08:47
INFO  [02:16:04.597]  2026-09-10 02:11:18
INFO  [02:16:04.597]  2026-09-10 02:10:42
INFO  [02:16:04.597]  2026-09-10 02:10:52
INFO  [02:16:04.597]  2026-09-10 02:10:19
INFO  [02:16:04.597]  2026-09-10 02:09:18
INFO  [02:16:04.597]  2026-09-10 02:10:57
INFO  [02:16:04.597]  2026-09-10 02:10:36
INFO  [02:16:04.597]  2026-09-10 02:06:57
INFO  [02:16:04.597]  2026-09-10 02:09:27
INFO  [02:16:04.597]  2026-09-10 02:10:00
INFO  [02:16:04.597]  2026-09-10 02:11:02
INFO  [02:16:04.597]  2026-09-10 02:10:22
INFO  [02:16:04.597]  2026-09-10 02:07:20
INFO  [02:16:04.597]  2026-09-10 02:11:28
INFO  [02:16:04.597]  2026-09-10 02:07:21
INFO  [02:16:04.597]  2026-09-10 02:11:39
INFO  [02:16:04.597]  2026-09-10 02:11:22
INFO  [02:16:04.597]  2026-09-10 02:10:54
INFO  [02:16:04.597]  2026-09-10 02:11:53
INFO  [02:16:04.597]  2026-09-10 02:09:31
INFO  [02:16:04.597]  2026-09-10 02:11:34
INFO  [02:16:04.597]  2026-09-10 02:12:02
INFO  [02:16:04.597]  2026-09-10 02:11:25
INFO  [02:16:04.597]  2026-09-10 02:09:58
INFO  [02:16:04.597]  2026-09-10 02:11:58
INFO  [02:16:04.597]  2026-09-10 02:10:05
INFO  [02:16:04.597]  2026-09-10 02:11:27
INFO  [02:16:04.597]  2026-09-10 02:08:03
INFO  [02:16:04.597]  2026-09-10 02:11:37
INFO  [02:16:04.597]  2026-09-10 02:11:36
INFO  [02:16:04.597]  2026-09-10 02:11:17
INFO  [02:16:04.597]  2026-09-10 02:11:00
INFO  [02:16:04.597]  2026-09-10 02:11:20
INFO  [02:16:04.597]  2026-09-10 02:11:29
INFO  [02:16:04.597]  2026-09-10 02:11:14
INFO  [02:16:04.597]  2026-09-10 02:08:12
INFO  [02:16:04.597]  2026-09-10 02:11:10
INFO  [02:16:04.597]  2026-09-10 02:08:30
INFO  [02:16:04.597]  2026-09-10 02:07:07
INFO  [02:16:04.597]  2026-09-10 02:10:04
INFO  [02:16:04.597]  2026-09-10 02:11:26
INFO  [02:16:04.597]  2026-09-10 02:12:16
INFO  [02:16:04.597]  2026-09-10 02:11:47
INFO  [02:16:04.597]  2026-09-10 02:10:29
INFO  [02:16:04.597]  2026-09-10 02:09:50
INFO  [02:16:04.597]  2026-09-10 02:11:16
INFO  [02:16:04.597]  2026-09-10 02:11:33
INFO  [02:16:04.597]  2026-09-10 02:11:40
INFO  [02:16:04.597]  2026-09-10 02:12:09
INFO  [02:16:04.597]  2026-09-10 02:07:37
INFO  [02:16:04.597]  2026-09-10 02:11:32
INFO  [02:16:04.597]  2026-09-10 02:08:23
INFO  [02:16:04.597]  2026-09-10 02:12:39
INFO  [02:16:04.597]  2026-09-10 02:07:53
INFO  [02:16:04.597]  2026-09-10 02:11:49
INFO  [02:16:04.597]  2026-09-10 02:12:28
INFO  [02:16:04.597]  2026-09-10 02:12:22
INFO  [02:16:04.597]  2026-09-10 02:07:26
INFO  [02:16:04.597]  2026-09-10 02:10:34
INFO  [02:16:04.597]  2026-09-10 02:12:47
INFO  [02:16:04.597]  2026-09-10 02:12:15
INFO  [02:16:04.597]  2026-09-10 02:12:13
INFO  [02:16:04.597]  2026-09-10 02:12:44
INFO  [02:16:04.597]  2026-09-10 02:08:29
INFO  [02:16:04.597]  2026-09-10 02:11:52
INFO  [02:16:04.597]  2026-09-10 02:12:32
INFO  [02:16:04.597]  2026-09-10 02:12:04
INFO  [02:16:04.597]  2026-09-10 02:07:44
INFO  [02:16:04.597]  2026-09-10 02:11:51
INFO  [02:16:04.597]  2026-09-10 02:12:31
INFO  [02:16:04.597]  2026-09-10 02:09:20
INFO  [02:16:04.597]  2026-09-10 02:11:23
INFO  [02:16:04.597]  2026-09-10 02:11:48
INFO  [02:16:04.597]  2026-09-10 02:11:43
INFO  [02:16:04.597]  2026-09-10 02:09:22
INFO  [02:16:04.597]  2026-09-10 02:11:09
INFO  [02:16:04.597]  2026-09-10 02:07:22
INFO  [02:16:04.597]  2026-09-10 02:12:25
INFO  [02:16:04.597]  2026-09-10 02:08:50
INFO  [02:16:04.597]  2026-09-10 02:07:18
INFO  [02:16:04.597]  2026-09-10 02:08:05
INFO  [02:16:04.597]  2026-09-10 02:11:30
INFO  [02:16:04.597]  2026-09-10 02:12:37
INFO  [02:16:04.597]  2026-09-10 02:08:59
INFO  [02:16:04.597]  2026-09-10 02:12:56
INFO  [02:16:04.597]  2026-09-10 02:12:34
INFO  [02:16:04.597]  2026-09-10 02:07:37
INFO  [02:16:04.597]  2026-09-10 02:11:41
INFO  [02:16:04.597]  2026-09-10 02:12:19
INFO  [02:16:04.597]  2026-09-10 02:12:51
INFO  [02:16:04.597]  2026-09-10 02:07:32
INFO  [02:16:04.597]  2026-09-10 02:09:00
INFO  [02:16:04.597]  2026-09-10 02:13:01
INFO  [02:16:04.597]  2026-09-10 02:08:10
INFO  [02:16:04.597]  2026-09-10 02:13:14
INFO  [02:16:04.597]  2026-09-10 02:13:00
INFO  [02:16:04.597]  2026-09-10 02:07:52
INFO  [02:16:04.597]  2026-09-10 02:12:35
INFO  [02:16:04.597]  2026-09-10 02:07:24
INFO  [02:16:04.597]  2026-09-10 02:13:17
INFO  [02:16:04.597]  2026-09-10 02:08:43
INFO  [02:16:04.597]  2026-09-10 02:12:48
INFO  [02:16:04.597]  2026-09-10 02:11:54
INFO  [02:16:04.597]  2026-09-10 02:12:43
INFO  [02:16:04.597]  2026-09-10 02:11:56
INFO  [02:16:04.597]  2026-09-10 02:12:59
INFO  [02:16:04.597]  2026-09-10 02:13:05
INFO  [02:16:04.597]  2026-09-10 02:12:03
INFO  [02:16:04.597]  2026-09-10 02:08:25
INFO  [02:16:04.597]       timestamp_loop
INFO  [02:16:05.351] [mlr3] Calling train method of fallback 'regr.ranger' on task 'surrogate_task' with 561 observations {learner: <LearnerRegrRanger/LearnerRegr/Learner/R6>}
INFO  [02:16:06.852] [mlr3] Calling train method of fallback 'regr.ranger' on task 'surrogate_task' with 562 observations {learner: <LearnerRegrRanger/LearnerRegr/Learner/R6>}
INFO  [02:16:08.533] [mlr3] Calling train method of fallback 'regr.ranger' on task 'surrogate_task' with 563 observations {learner: <LearnerRegrRanger/LearnerRegr/Learner/R6>}
INFO  [02:16:10.093] [mlr3] Calling train method of fallback 'regr.ranger' on task 'surrogate_task' with 564 observations {learner: <LearnerRegrRanger/LearnerRegr/Learner/R6>}
INFO  [02:16:11.605] [mlr3] Calling train method of fallback 'regr.ranger' on task 'surrogate_task' with 565 observations {learner: <LearnerRegrRanger/LearnerRegr/Learner/R6>}
INFO  [02:16:13.132] [mlr3] Calling train method of fallback 'regr.ranger' on task 'surrogate_task' with 566 observations {learner: <LearnerRegrRanger/LearnerRegr/Learner/R6>}
INFO  [02:16:14.728] [mlr3] Calling train method of fallback 'regr.ranger' on task 'surrogate_task' with 567 observations {learner: <LearnerRegrRanger/LearnerRegr/Learner/R6>}
INFO  [02:16:16.197] [mlr3] Calling train method of fallback 'regr.ranger' on task 'surrogate_task' with 568 observations {learner: <LearnerRegrRanger/LearnerRegr/Learner/R6>}
INFO  [02:16:17.765] [mlr3] Calling train method of fallback 'regr.ranger' on task 'surrogate_task' with 569 observations {learner: <LearnerRegrRanger/LearnerRegr/Learner/R6>}
INFO  [02:16:19.288] [mlr3] Calling train method of fallback 'regr.ranger' on task 'surrogate_task' with 570 observations {learner: <LearnerRegrRanger/LearnerRegr/Learner/R6>}
INFO  [02:16:20.796] [mlr3] Calling train method of fallback 'regr.ranger' on task 'surrogate_task' with 571 observations {learner: <LearnerRegrRanger/LearnerRegr/Learner/R6>}
INFO  [02:16:22.323] [mlr3] Calling train method of fallback 'regr.ranger' on task 'surrogate_task' with 572 observations {learner: <LearnerRegrRanger/LearnerRegr/Learner/R6>}
INFO  [02:16:23.873] [mlr3] Calling train method of fallback 'regr.ranger' on task 'surrogate_task' with 573 observations {learner: <LearnerRegrRanger/LearnerRegr/Learner/R6>}
INFO  [02:16:25.362] [mlr3] Calling train method of fallback 'regr.ranger' on task 'surrogate_task' with 574 observations {learner: <LearnerRegrRanger/LearnerRegr/Learner/R6>}
INFO  [02:16:26.878] [mlr3] Calling train method of fallback 'regr.ranger' on task 'surrogate_task' with 575 observations {learner: <LearnerRegrRanger/LearnerRegr/Learner/R6>}
INFO  [02:16:28.383] [mlr3] Calling train method of fallback 'regr.ranger' on task 'surrogate_task' with 576 observations {learner: <LearnerRegrRanger/LearnerRegr/Learner/R6>}
INFO  [02:16:29.952] [mlr3] Calling train method of fallback 'regr.ranger' on task 'surrogate_task' with 577 observations {learner: <LearnerRegrRanger/LearnerRegr/Learner/R6>}
INFO  [02:16:31.469] [mlr3] Calling train method of fallback 'regr.ranger' on task 'surrogate_task' with 578 observations {learner: <LearnerRegrRanger/LearnerRegr/Learner/R6>}
INFO  [02:16:32.999] [mlr3] Calling train method of fallback 'regr.ranger' on task 'surrogate_task' with 579 observations {learner: <LearnerRegrRanger/LearnerRegr/Learner/R6>}
INFO  [02:16:34.526] [mlr3] Calling train method of fallback 'regr.ranger' on task 'surrogate_task' with 580 observations {learner: <LearnerRegrRanger/LearnerRegr/Learner/R6>}
INFO  [02:16:36.127] [mlr3] Calling train method of fallback 'regr.ranger' on task 'surrogate_task' with 581 observations {learner: <LearnerRegrRanger/LearnerRegr/Learner/R6>}
INFO  [02:16:37.659] [mlr3] Calling train method of fallback 'regr.ranger' on task 'surrogate_task' with 582 observations {learner: <LearnerRegrRanger/LearnerRegr/Learner/R6>}
INFO  [02:16:39.185] [mlr3] Calling train method of fallback 'regr.ranger' on task 'surrogate_task' with 583 observations {learner: <LearnerRegrRanger/LearnerRegr/Learner/R6>}
INFO  [02:16:40.846] [mlr3] Calling train method of fallback 'regr.ranger' on task 'surrogate_task' with 584 observations {learner: <LearnerRegrRanger/LearnerRegr/Learner/R6>}
INFO  [02:16:42.483] [mlr3] Calling train method of fallback 'regr.ranger' on task 'surrogate_task' with 585 observations {learner: <LearnerRegrRanger/LearnerRegr/Learner/R6>}
INFO  [02:16:44.102] [mlr3] Calling train method of fallback 'regr.ranger' on task 'surrogate_task' with 586 observations {learner: <LearnerRegrRanger/LearnerRegr/Learner/R6>}
INFO  [02:16:45.647] [mlr3] Calling train method of fallback 'regr.ranger' on task 'surrogate_task' with 587 observations {learner: <LearnerRegrRanger/LearnerRegr/Learner/R6>}
INFO  [02:16:45.708] Finished optimizing after 373 evaluation(s)
INFO  [02:16:45.710] Result:
INFO  [02:16:45.714]  learning_rate num_leaves min_data_in_leaf feature_fraction extra_trees
INFO  [02:16:45.714]      -3.071101        255                1        0.5849119       FALSE
INFO  [02:16:45.714]   lambda_l1  lambda_l2 min_gain_to_split internal_tuned_values
INFO  [02:16:45.714]  -0.4595053 -0.6647444         -4.135175    num_iterations=402
INFO  [02:16:45.714]  learner_param_vals  x_domain classif.ce
INFO  [02:16:45.714]          <list[12]> <list[8]>   0.323236
INFO  [02:16:45.717] [rush] Kill worker 'ultramicroscopical_mouflon_5caef57d'
INFO  [02:16:45.719] [rush] Kill worker 'hexametral_australiansilkyterrier_91f00f01'
INFO  [02:16:45.722] [rush] Kill worker 'diet_ethiopianwolf_f633d4b4'
INFO  [02:16:45.725] [rush] Kill worker 'bixbite_goldenmantledgroundsquirrel_24a21086'
INFO  [02:16:45.727] [rush] Kill worker 'topsecret_barbet_a5da933e'
INFO  [02:16:45.729] [rush] Kill worker 'psychiatrical_lark_8ef8e179'
INFO  [02:16:45.731] [rush] Kill worker 'welldestroyed_polliwog_a06737a3'
INFO  [02:16:45.733] [rush] Kill worker 'ornithologic_giraffe_ffaffa0f'
INFO  [02:16:45.735] [rush] Kill worker 'oozy_mastodon_5bb1d7e1'
INFO  [02:16:45.737] [rush] Kill worker 'cured_gypsymoth_5245954a'
INFO  [02:16:45.739] [rush] Kill worker 'precambrian_hapuka_9024c11b'
INFO  [02:16:45.741] [rush] Kill worker 'touristic_turtledove_65b64b1c'
INFO  [02:16:45.743] [rush] Kill worker 'ropeable_gander_f5ba977c'
INFO  [02:16:45.745] [rush] Kill worker 'dermic_kid_843110c2'
INFO  [02:16:45.747] [rush] Kill worker 'coveting_eft_e8ddb471'
INFO  [02:16:45.749] [rush] Kill worker 'caffeinated_dorking_c21b36b4'
INFO  [02:16:45.751] [rush] Kill worker 'blackcoated_coyote_e5eba0dc'
INFO  [02:16:45.753] [rush] Kill worker 'antimoralistic_hapuka_404160c1'
INFO  [02:16:45.755] [rush] Kill worker 'nonsensical_kiskadee_979c5480'
INFO  [02:16:45.757] [rush] Kill worker 'pseudopriestly_cooter_4285b925'
INFO  [02:16:45.759] [rush] Kill worker 'biotechnological_blesbok_98872560'
INFO  [02:16:45.761] [rush] Kill worker 'hermitical_shibainu_524fdf80'
INFO  [02:16:45.762] [rush] Kill worker 'dogpoor_abyssiniangroundhornbill_1f62a969'
INFO  [02:16:45.764] [rush] Kill worker 'relative_elephantseal_84f19c3c'
INFO  [02:16:45.766] [rush] Kill worker 'spendthrift_harborporpoise_981ac07a'
INFO  [02:16:45.768] [rush] Kill worker 'coldheartedly_zebraswallowtailbutterfly_c81b1a5f'
INFO  [02:16:45.770] [rush] Kill worker 'magnific_noctule_3ea01790'
INFO  [02:16:45.773] [rush] Kill worker 'nontoxic_chuckwalla_2a702732'
INFO  [02:16:45.775] [rush] Kill worker 'difficult_scarab_903784ea'
INFO  [02:16:45.792] [rush] Kill worker 'unnoted_waterdragons_b1860e35'
INFO  [02:16:45.795] [rush] Kill worker 'trihedral_wyvern_24c0f271'
INFO  [02:16:45.799] [rush] Kill worker 'normal_archaeopteryx_c84002b5'
INFO  [02:16:45.802] [rush] Kill worker 'homely_yellowbelliedmarmot_9d45ce52'
INFO  [02:16:45.804] [rush] Kill worker 'daring_indusriverdolphin_7baf0ee7'
INFO  [02:16:45.807] [rush] Kill worker 'demagnetisable_racerunner_95f5656f'
INFO  [02:16:45.810] [rush] Kill worker 'hypersthene_toadfish_5b70260f'
INFO  [02:16:45.813] [rush] Kill worker 'vuvuzelaish_eider_3835cd53'
INFO  [02:16:45.815] [rush] Kill worker 'trophic_eyas_3a1b43d6'
INFO  [02:16:45.818] [rush] Kill worker 'overwhelming_northerncardinals_b3dbf35d'
INFO  [02:16:45.820] [rush] Kill worker 'territorial_hoki_b09347f3'
INFO  [02:16:45.823] [rush] Kill worker 'baroque_tigerbeetle_7dbafcde'
INFO  [02:16:45.825] [rush] Kill worker 'aqueous_australianshelduck_4e38807f'
INFO  [02:16:45.827] [rush] Kill worker 'unliterate_duck_b369c781'
INFO  [02:16:45.830] [rush] Kill worker 'gastrovascular_junco_0df11acc'
INFO  [02:16:45.832] [rush] Kill worker 'near_fish_9b175cff'
INFO  [02:16:45.835] [rush] Kill worker 'astraphobic_asiantrumpetfish_ef6a9ebe'
INFO  [02:16:45.837] [rush] Kill worker 'amphisbaenic_hog_a8bf1ae1'
INFO  [02:16:45.839] [rush] Kill worker 'cryogenic_africanelephant_b6eb522f'
ERROR [02:16:45.841] [rush] Failed to kill worker 'cryogenic_africanelephant_b6eb522f'
INFO  [02:16:45.843] [rush] Kill worker 'glowing_quelea_f34e6035'
INFO  [02:16:45.844] [rush] Kill worker 'unequalled_beaver_5f76f208'
INFO  [02:16:45.846] [rush] Kill worker 'catastrophical_nandine_cf690ecd'
INFO  [02:16:45.848] [rush] Kill worker 'illhumoured_annelid_fbe7e748'
INFO  [02:16:45.850] [rush] Kill worker 'brashy_parakeet_1cb1a6e8'
INFO  [02:16:45.852] [rush] Kill worker 'benighted_adouri_98554328'
INFO  [02:16:45.854] [rush] Kill worker 'uncommon_anglerfish_1599a00c'
INFO  [02:16:45.856] [rush] Kill worker 'undestined_deer_58a666cb'
INFO  [02:16:45.858] [rush] Kill worker 'grassy_dassierat_2901704c'
INFO  [02:16:45.859] [rush] Kill worker 'unsympathetic_aruanas_2a466311'
INFO  [02:16:45.861] [rush] Kill worker 'sanitary_hamadryad_755d72ea'
INFO  [02:16:45.863] [rush] Kill worker 'tailored_tamarin_66e1eadb'
INFO  [02:16:45.865] [rush] Kill worker 'corroborant_roach_dd9eda30'
INFO  [02:16:45.867] [rush] Kill worker 'subalgebraical_blacklemur_7bd72f50'
INFO  [02:16:45.869] [rush] Kill worker 'semipolitical_blueshark_bbbb1539'
INFO  [02:16:45.871] [rush] Kill worker 'actinide_arctichare_2490253c'
INFO  [02:16:45.872] [rush] Kill worker 'frangible_corydorascatfish_769153f6'
INFO  [02:16:45.874] [rush] Kill worker 'drawn_finwhale_a4e5e74c'
INFO  [02:16:45.876] [rush] Kill worker 'dissolvable_emeraldtreeskink_1b44cc35'
ERROR [02:16:45.878] [rush] Failed to kill worker 'dissolvable_emeraldtreeskink_1b44cc35'
INFO  [02:16:45.880] [rush] Kill worker 'noneconomical_scorpion_cd12aaf0'
ERROR [02:16:45.881] [rush] Failed to kill worker 'noneconomical_scorpion_cd12aaf0'
INFO  [02:16:45.884] [rush] Kill worker 'drooly_mongoose_b5eb6d97'
INFO  [02:16:45.885] [rush] Kill worker 'smoggy_tarantula_8856b5d2'
INFO  [02:16:45.887] [rush] Kill worker 'unpopular_xinjiangovenator_a5ff1db9'
INFO  [02:16:45.889] [rush] Kill worker 'expanded_coqui_9983c0a5'
INFO  [02:16:45.891] [rush] Kill worker 'skyblue_walleye_0a3161ae'
INFO  [02:16:45.893] [rush] Kill worker 'sericate_fluke_bdce0997'
INFO  [02:16:45.895] [rush] Kill worker 'chromosomal_goldenmantledgroundsquirrel_5ceee13a'
ERROR [02:16:45.897] [rush] Failed to kill worker 'chromosomal_goldenmantledgroundsquirrel_5ceee13a'
INFO  [02:16:45.898] [rush] Kill worker 'condemnable_caracal_46e2a925'
ERROR [02:16:45.900] [rush] Failed to kill worker 'condemnable_caracal_46e2a925'
INFO  [02:16:45.902] [rush] Kill worker 'nickelous_asianpiedstarling_b246fdf6'
ERROR [02:16:45.903] [rush] Failed to kill worker 'nickelous_asianpiedstarling_b246fdf6'
INFO  [02:16:45.905] [rush] Kill worker 'sawdusty_hyena_69319e97'
INFO  [02:16:45.907] [rush] Kill worker 'nonstick_americanalligator_f9e37420'
INFO  [02:16:45.909] [rush] Kill worker 'petite_chickadee_e1328ec2'
INFO  [02:16:45.911] [rush] Kill worker 'secondbest_blackbear_3020992c'
INFO  [02:16:45.912] [rush] Kill worker 'annoying_drever_81bef118'
INFO  [02:16:45.914] [rush] Kill worker 'superdivine_blueandgoldmackaw_7cc32855'
INFO  [02:16:45.916] [rush] Kill worker 'dietetic_thoroughbred_69117db1'
INFO  [02:16:45.918] [rush] Kill worker 'bloodshot_easternnewt_dc5368c0'
INFO  [02:16:45.920] [rush] Kill worker 'phenocryst_trumpeterswan_85263c8f'
INFO  [02:16:45.921] [rush] Kill worker 'aweinspiring_dodobird_b0cf1bcb'
ERROR [02:16:45.923] [rush] Failed to kill worker 'aweinspiring_dodobird_b0cf1bcb'
INFO  [02:16:45.925] [rush] Kill worker 'unapproachable_annelida_b644e9de'
INFO  [02:16:45.927] [rush] Kill worker 'microbian_barnowl_47def644'
INFO  [02:16:45.929] [rush] Kill worker 'deflated_donkey_0f4d2d8d'
INFO  [02:16:45.931] [rush] Kill worker 'saddening_scoter_de2769c7'
INFO  [02:16:45.933] [rush] Kill worker 'woodblock_leafwing_834beec6'
INFO  [02:16:45.934] [rush] Kill worker 'newsworthy_bassethound_d4ae9517'
ERROR [02:16:45.936] [rush] Failed to kill worker 'newsworthy_bassethound_d4ae9517'
INFO  [02:16:45.938] [rush] Kill worker 'phytoclimatologic_africanhornbill_aae515ca'
INFO  [02:16:45.940] [rush] Kill worker 'alluring_solitaire_85c1a13e'
INFO  [02:16:45.941] [rush] Kill worker 'ecological_hellbender_7c025b5c'
INFO  [02:16:45.943] [rush] Kill worker 'elvish_stinkpot_71dc9f1b'
INFO  [02:16:45.950] [rush] Kill worker 'national_oryx_1a599356'
INFO  [02:16:45.953] [rush] Kill worker 'militant_ichthyostega_b740e0cd'
INFO  [02:16:45.955] [rush] Kill worker 'pseudonoble_quahog_65215f1e'
INFO  [02:16:45.957] [rush] Kill worker 'enzymatic_blacknorwegianelkhound_2ee02652'
INFO  [02:16:45.959] [rush] Kill worker 'quiescent_vixen_f56c9e65'
INFO  [02:16:45.961] [rush] Kill worker 'stenchful_giraffe_f795a893'
INFO  [02:16:45.963] [rush] Kill worker 'flirty_europeanfiresalamander_554f0157'
INFO  [02:16:45.965] [rush] Kill worker 'hippophagous_python_d40c3cf3'
INFO  [02:16:45.967] [rush] Kill worker 'lustrous_coney_8d52fc23'
INFO  [02:16:45.970] [rush] Kill worker 'windowy_frigatebird_d2d79bb6'
INFO  [02:16:45.972] [rush] Kill worker 'unafraid_achillestang_31aff6d1'
INFO  [02:16:45.975] [rush] Kill worker 'nonpsychical_fluke_2fd48c12'
INFO  [02:16:45.978] [rush] Kill worker 'empiristic_northernpike_2de31631'
INFO  [02:16:45.980] [rush] Kill worker 'permier_swordfish_43a37f3c'
INFO  [02:16:45.982] [rush] Kill worker 'plump_impala_e986e9c0'
ERROR [02:16:45.985] [rush] Failed to kill worker 'plump_impala_e986e9c0'
INFO  [02:16:45.987] [rush] Kill worker 'communital_indianabat_cf16715e'
INFO  [02:16:45.989] [rush] Kill worker 'maritime_redheadedwoodpecker_8f6b4cd6'
INFO  [02:16:45.991] [rush] Kill worker 'clay_bobolink_dff2d668'
INFO  [02:16:45.993] [rush] Kill worker 'equipable_amphibian_87d748e4'
ERROR [02:16:45.995] [rush] Failed to kill worker 'equipable_amphibian_87d748e4'
INFO  [02:16:45.997] [rush] Kill worker 'knitted_bengaltiger_1ab1dad0'
ERROR [02:16:45.998] [rush] Failed to kill worker 'knitted_bengaltiger_1ab1dad0'
INFO  [02:16:46.000] [rush] Kill worker 'audiophilic_yapok_566ecb8e'
INFO  [02:16:46.002] [rush] Kill worker 'handdrawn_arrowworm_2e2830d4'
INFO  [02:16:46.004] [rush] Kill worker 'wasteful_darklingbeetle_fbf8da1e'
INFO  [02:16:46.006] [rush] Kill worker 'flameproof_fairyfly_2ae4e089'
INFO  [02:16:46.008] [rush] Kill worker 'esthetic_sparrow_320cbf79'
INFO  [02:16:46.010] [rush] Kill worker 'amphibiotic_shrike_880a8f43'
INFO  [02:16:46.012] [rush] Kill worker 'grievous_africanfisheagle_6b28aabb'
INFO  [02:16:46.014] [rush] Kill worker 'intracranial_bubblefish_5dfe770e'
INFO  [02:16:46.016] [rush] Kill worker 'saintly_bronco_51e76c5f'
INFO  [02:16:46.018] [rush] Kill worker 'depleted_asiaticgreaterfreshwaterclam_d7ca8442'
INFO  [02:16:46.020] [rush] Kill worker 'red_cockroach_037655f2'
INFO  [02:16:46.022] [rush] Kill worker 'extraterrestrial_abyssiniancat_49e07d10'
INFO  [02:16:46.025] [rush] Kill worker 'trigonal_ibis_321b6c87'
INFO  [02:16:46.027] [rush] Kill worker 'hardhearted_iberianchiffchaff_47052c7c'
INFO  [02:16:46.030] [rush] Kill worker 'computational_harrier_e78b5bdf'
INFO  [02:16:46.032] [rush] Kill worker 'optic_scoter_8b798db7'
INFO  [02:16:46.035] [rush] Kill worker 'classconscious_chevrotain_c7b529fb'
ERROR [02:16:46.037] [rush] Failed to kill worker 'classconscious_chevrotain_c7b529fb'
INFO  [02:16:46.040] [rush] Kill worker 'sediment_microvenator_90a9af1c'
INFO  [02:16:46.042] [rush] Kill worker 'precarnival_imago_062c425e'
INFO  [02:16:46.044] [rush] Kill worker 'herpetological_bedbug_22de4455'
INFO  [02:16:46.046] [rush] Kill worker 'preliminary_macaw_bda8e25d'
INFO  [02:16:46.048] [rush] Kill worker 'master_canadagoose_85cad1c9'
ERROR [02:16:46.050] [rush] Failed to kill worker 'master_canadagoose_85cad1c9'
INFO  [02:16:46.052] [rush] Kill worker 'chitchatty_dogwoodclubgall_e6090d66'
INFO  [02:16:46.054] [rush] Kill worker 'innocent_esok_bd9b7ada'
INFO  [02:16:46.057] [rush] Kill worker 'vestigial_beaver_3a9f0ed3'
ERROR [02:16:46.059] [rush] Failed to kill worker 'vestigial_beaver_3a9f0ed3'
INFO  [02:16:46.062] [rush] Kill worker 'overparticular_alleycat_cc90b103'
INFO  [02:16:46.064] [rush] Kill worker 'untrusting_pronghorn_c37a8819'
INFO  [02:16:46.067] [rush] Kill worker 'quasidiplomatic_centipede_d4063ded'
INFO  [02:16:46.069] [rush] Kill worker 'epidermic_woodpecker_76e51ed6'
INFO  [02:16:46.072] [rush] Kill worker 'lherzolite_bilby_ec356203'
INFO  [02:16:46.074] [rush] Kill worker 'archival_frogmouth_b1c21d22'
INFO  [02:16:46.077] [rush] Kill worker 'hendecasyllabic_moth_3ba6a2e4'
INFO  [02:16:46.080] [rush] Kill worker 'fructivorous_douglasfirbarkbeetle_dff12911'
INFO  [02:16:46.083] [rush] Kill worker 'dermic_waterbug_3ba67eda'
ERROR [02:16:46.086] [rush] Failed to kill worker 'dermic_waterbug_3ba67eda'
INFO  [02:16:46.088] [rush] Kill worker 'white_vicuna_fe9ecb19'
INFO  [02:16:46.092] [rush] Kill worker 'digitiform_wryneck_35e4d783'
INFO  [02:16:46.094] [rush] Kill worker 'meagre_eyra_f0e5bdc9'
INFO  [02:16:46.097] [rush] Kill worker 'noncapitalistic_diamondbackrattlesnake_399b5ca2'
INFO  [02:16:46.100] [rush] Kill worker 'dermatoid_gopher_2ec90283'
INFO  [02:16:46.102] [rush] Kill worker 'dendrophilic_westafricanantelope_f63de60a'
INFO  [02:16:46.105] [rush] Kill worker 'wakeless_rail_e065a9a7'
INFO  [02:16:46.109] [rush] Kill worker 'quenched_crab_3ee23890'
INFO  [02:16:46.112] [rush] Kill worker 'doubtful_shoveler_1d5c3b31'
INFO  [02:16:46.115] [rush] Kill worker 'subsonic_willet_e7caf8af'
INFO  [02:16:46.117] [rush] Kill worker 'condemned_xuanhuaceratops_5ae6a5b8'
INFO  [02:16:46.122] [rush] Kill worker 'complementable_toad_d8d08552'
INFO  [02:16:46.125] [rush] Kill worker 'unpleasurable_bongo_7609979c'
ERROR [02:16:46.128] [rush] Failed to kill worker 'unpleasurable_bongo_7609979c'
INFO  [02:16:46.130] [rush] Kill worker 'insomniac_americangoldfinch_9156de90'
INFO  [02:16:46.133] [rush] Kill worker 'premature_loris_c7db475b'
INFO  [02:16:46.136] [rush] Kill worker 'traditional_bluewhale_266cc971'
INFO  [02:16:46.138] [rush] Kill worker 'denim_pomeranian_f0266a31'
INFO  [02:16:46.141] [rush] Kill worker 'sunlit_hare_ba06ea7a'
INFO  [02:16:46.144] [rush] Kill worker 'unnoted_steed_563dc0d6'
INFO  [02:16:46.147] [rush] Kill worker 'imperious_galapagosmockingbird_3207abb8'
INFO  [02:16:46.150] [rush] Kill worker 'retired_americanriverotter_886154b9'
INFO  [02:16:46.153] [rush] Kill worker 'granite_mollies_b36d9b73'
ERROR [02:16:46.156] [rush] Failed to kill worker 'granite_mollies_b36d9b73'
INFO  [02:16:46.159] [rush] Kill worker 'enuncuative_grouper_9102ef07'
INFO  [02:16:46.162] [rush] Kill worker 'draconian_donkey_f8d9390e'
INFO  [02:16:46.164] [rush] Kill worker 'precosmical_iaerismetalmark_b9e8395e'
INFO  [02:16:46.167] [rush] Kill worker 'slim_vaquita_86b34c12'
INFO  [02:16:46.170] [rush] Kill worker 'tangled_americangoldfinch_c31ab238'
INFO  [02:16:46.173] [rush] Kill worker 'maximum_cheetah_e6411750'
INFO  [02:16:46.176] [rush] Kill worker 'antigovernmental_elver_c6d2b806'
ERROR [02:16:46.179] [rush] Failed to kill worker 'antigovernmental_elver_c6d2b806'
INFO  [02:16:46.182] [rush] Kill worker 'dissentient_polarbear_ff9b47bf'
ERROR [02:16:46.187] [rush] Failed to kill worker 'dissentient_polarbear_ff9b47bf'
INFO  [02:16:46.190] [rush] Kill worker 'emulsifiable_centipede_3f784e17'
ERROR [02:16:46.193] [rush] Failed to kill worker 'emulsifiable_centipede_3f784e17'
INFO  [02:16:46.195] [rush] Kill worker 'winded_pangolin_a7376e2e'
INFO  [02:16:46.198] [rush] Kill worker 'evil_wildebeast_09a436b7'
INFO  [02:16:46.201] [rush] Kill worker 'credulous_comet_0e1b8f63'
INFO  [02:16:46.204] [rush] Kill worker 'grave_darwinsfox_0832f434'
INFO  [02:16:46.207] [rush] Kill worker 'dwarfed_juliabutterfly_86144973'
INFO  [02:16:46.209] [rush] Kill worker 'hydrogen_llama_8ec49436'
ERROR [02:16:46.212] [rush] Failed to kill worker 'hydrogen_llama_8ec49436'
INFO  [02:16:46.215] [rush] Kill worker 'computable_firebelliedtoad_ec50877d'
INFO  [02:16:46.242] [rush] Kill worker 'unfeared_killdeer_313ee79e'
ERROR [02:16:46.245] [rush] Failed to kill worker 'unfeared_killdeer_313ee79e'
INFO  [02:16:46.248] [rush] Kill worker 'spiniferous_hapuka_23a389ca'
INFO  [02:16:46.251] [rush] Kill worker 'worried_americanredsquirrel_5ec497f3'
INFO  [02:16:46.254] [rush] Kill worker 'apelike_acornwoodpecker_c14c7071'
INFO  [02:16:46.257] [rush] Kill worker 'beryl_anole_fead8f76'
INFO  [02:16:46.260] [rush] Kill worker 'unsustainable_antelopegroundsquirrel_78d7685b'
INFO  [02:16:46.263] [rush] Kill worker 'phonolite_borderterrier_fdd51eef'
INFO  [02:16:46.266] [rush] Kill worker 'antifeminist_beaver_94c0da3e'
INFO  [02:16:46.269] [rush] Kill worker 'masonic_scaup_ee5c58f7'
ERROR [02:16:46.271] [rush] Failed to kill worker 'masonic_scaup_ee5c58f7'
INFO  [02:16:46.274] [rush] Kill worker 'occasional_heifer_f2ddc814'
INFO  [02:16:46.276] [rush] Kill worker 'windowy_pelican_3d57fc34'
INFO  [02:16:46.279] [rush] Kill worker 'auspicious_hoki_cc7d1192'
INFO  [02:16:46.282] [rush] Kill worker 'reviled_arrowworm_219fd3b3'
INFO  [02:16:46.284] [rush] Kill worker 'pitchblack_nubiangoat_d3955f5f'
INFO  [02:16:46.287] [rush] Kill worker 'glamorous_ant_f15b3b36'
INFO  [02:16:46.289] [rush] Kill worker 'aurorean_peacock_7b23812a'
INFO  [02:16:46.291] [rush] Kill worker 'unaggressive_polliwog_6989a3d1'
INFO  [02:16:46.294] [rush] Kill worker 'electromagnetic_reptile_bfbe25fb'
INFO  [02:16:46.296] [rush] Kill worker 'manmade_coral_a9a05cd0'
INFO  [02:16:46.298] [rush] Kill worker 'cyan_mudpuppy_69a2f0d0'
INFO  [02:16:46.300] [rush] Kill worker 'avoided_honeybadger_69fad9c9'
ERROR [02:16:46.302] [rush] Failed to kill worker 'avoided_honeybadger_69fad9c9'
INFO  [02:16:46.304] [rush] Kill worker 'closefitting_watussi_63c93dce'
INFO  [02:16:46.306] [rush] Kill worker 'frowzy_bufeo_1e0e6b7e'
INFO  [02:16:46.309] [rush] Kill worker 'connectable_redheadedwoodpecker_788daa4d'
INFO  [02:16:46.313] [rush] Kill worker 'unfleshly_hawk_cdd18b13'
INFO  [02:16:46.316] [rush] Kill worker 'isleted_skunk_7acb2dc2'
INFO  [02:16:46.318] [rush] Kill worker 'quasidesolate_horseshoebat_6ebc354d'
INFO  [02:16:46.321] [rush] Kill worker 'overliterary_okapi_5219b329'
INFO  [02:16:46.324] [rush] Kill worker 'aquicultural_bellfrog_3321f707'
INFO  [02:16:46.326] [rush] Kill worker 'subversive_saiga_9069b967'
INFO  [02:16:46.329] [rush] Kill worker 'arty_morayeel_62bead85'
INFO  [02:16:46.332] [rush] Kill worker 'underweight_karakul_80ae1db7'
INFO  [02:16:46.334] [rush] Kill worker 'worldlyminded_velvetcrab_202e439b'
INFO  [02:16:46.337] [rush] Kill worker 'wearing_whitetaileddeer_03dee7db'
INFO  [02:16:46.340] [rush] Kill worker 'supercolossal_beardedcollie_3e541b73'
INFO  [02:16:46.343] [rush] Kill worker 'pointless_arizonaalligatorlizard_b64f00a7'
INFO  [02:16:46.345] [rush] Kill worker 'fussy_icefish_3fa05396'
INFO  [02:16:46.348] [rush] Kill worker 'quasiterritorial_wallaroo_6edb82a5'
INFO  [02:16:46.350] [rush] Kill worker 'effortful_screamer_bf6421a4'
INFO  [02:16:46.353] [rush] Kill worker 'squirarchical_tilefish_3596affb'
ERROR [02:16:46.355] [rush] Failed to kill worker 'squirarchical_tilefish_3596affb'
INFO  [02:16:46.357] [rush] Kill worker 'some_turtle_54cea30f'
INFO  [02:16:46.360] [rush] Kill worker 'incorrupt_eagle_1c0e9b43'
INFO  [02:16:46.362] [rush] Kill worker 'spinulose_ringtailedlemur_406976d5'
ERROR [02:16:46.365] [rush] Failed to kill worker 'spinulose_ringtailedlemur_406976d5'
INFO  [02:16:46.367] [rush] Kill worker 'gorgeous_human_8ace26dc'
INFO  [02:16:46.370] [rush] Kill worker 'gnarled_beauceron_c3ba2644'
INFO  [02:16:46.372] [rush] Kill worker 'noir_mollies_4980cb39'
INFO  [02:16:46.374] [rush] Kill worker 'miraculous_seahorse_77662576'
INFO  [02:16:46.377] [rush] Kill worker 'inopportune_polecat_3aba0f99'
INFO  [02:16:46.379] [rush] Kill worker 'lipophobic_harrierhawk_07fb8a26'
INFO  [02:16:46.382] [rush] Kill worker 'undiseased_badger_706537cf'
INFO  [02:16:46.384] [rush] Kill worker 'battlescarred_argentineruddyduck_aaa94e5b'
ERROR [02:16:46.386] [rush] Failed to kill worker 'battlescarred_argentineruddyduck_aaa94e5b'
INFO  [02:16:46.388] [rush] Kill worker 'rounded_adeliepenguin_86aa64d9'
ERROR [02:16:46.390] [rush] Failed to kill worker 'rounded_adeliepenguin_86aa64d9'
INFO  [02:16:46.393] [rush] Kill worker 'stretchy_mussel_4358b5c8'
INFO  [02:16:46.395] [rush] Kill worker 'precise_estuarinecrocodile_f991bda7'
INFO  [02:16:46.397] [rush] Kill worker 'porcine_iriomotecat_98643831'
ERROR [02:16:46.399] [rush] Failed to kill worker 'porcine_iriomotecat_98643831'
INFO  [02:16:46.402] [rush] Kill worker 'ethical_walleye_39cdcc29'
INFO  [02:16:46.404] [rush] Kill worker 'cool_mallard_81c7b665'
ERROR [02:16:46.406] [rush] Failed to kill worker 'cool_mallard_81c7b665'
INFO  [02:16:46.408] [rush] Kill worker 'political_zenaida_bea6fa6e'
INFO  [02:16:46.410] [rush] Kill worker 'starspangled_calf_44faa0da'
ERROR [02:16:46.413] [rush] Failed to kill worker 'starspangled_calf_44faa0da'
INFO  [02:16:46.415] [rush] Kill worker 'vile_utahprairiedog_cdf36a0c'
INFO  [02:16:46.417] [rush] Kill worker 'jadeite_schnauzer_c9f3d7f8'
ERROR [02:16:46.419] [rush] Failed to kill worker 'jadeite_schnauzer_c9f3d7f8'
INFO  [02:16:46.422] [rush] Kill worker 'censorable_woollybearcaterpillar_73972563'
ERROR [02:16:46.424] [rush] Failed to kill worker 'censorable_woollybearcaterpillar_73972563'
INFO  [02:16:46.426] [rush] Kill worker 'utilizable_halicore_506a4ebe'
INFO  [02:16:46.428] [rush] Kill worker 'knowing_mockingbird_e62da1fd'
INFO  [02:16:46.431] [rush] Kill worker 'broody_albacoretuna_3fbc90f6'
INFO  [02:16:46.433] [rush] Kill worker 'quasilegislative_skimmer_f19185bf'
INFO  [02:16:46.435] [rush] Kill worker 'monkeyish_emu_135acfbe'
INFO  [02:16:46.437] [rush] Kill worker 'irreproachable_mollusk_24a4f63c'
INFO  [02:16:46.440] [rush] Kill worker 'phantasmagoric_humpbackwhale_38c78466'
ERROR [02:16:46.495] [rush] Lost 214 task(s): 6df2d4f2-e749-4571-9ea8-8993e897697a, 7a0931dc-ad05-461c-8e40-5c3fc206a281, 57e61c86-3204-4aa2-9d4f-33c7847efaa1, 036535ec-327d-4589-ad55-0a73e13e97aa, dc9c4729-64d7-4c78-84a1-7ae949d4b461, 4110e337-d642-4115-ab0f-119946e2de3a, bac8fb9c-3c32-49f1-8a12-3f766fa8bb1e, a3e3787b-de97-4a67-9d49-9ba6dc727b7f, a84321f6-b7cb-45b6-815a-2f95b852e8cf, eeaaa97f-6fac-412c-87bd-becb751cd4d9, ec10c9eb-d9a7-4094-a752-1b898413e0d2, 5f097fea-3c4b-433b-8e17-899829cacd83, f0371682-f9c1-475a-9561-65e49e214650, 2a2a867c-c90f-4f73-a131-5dd5d39c78c3, 7b545049-08a5-4ce5-ad32-58ec4681747c, 90d0f639-a0df-468e-8203-7d133774cc51, 3c0daed9-774f-4b96-921f-688c96f9a036, 1b974b38-667d-4a49-98ea-85bbff7bcb08, cc38c750-ce10-4ab0-98f5-acfe613ac69a, be37d131-0e60-488e-b72c-425902fe9141, a57b6512-d137-4ed0-9f6b-e5bd43ef3e49, 55120ed7-304f-44d8-80dd-999ce4cbd0f0, cb319c8c-68dc-430d-9852-4e3be86ec48a, c5369a18-b47a-49b1-b98d-76996666c44d, 247164fd-d9d0-4cae-beef-c0ee295443af, 72edf9ba-68c4-48fd-b1a2-c49d537b99da, b287a90f-aef8-44ef-831d-7f1052c431f6, 2257e1ba-3d0c-46a8-b0a5-db2b8891a454, 2c74fded-00b1-4aa9-93f6-e802bbbf44ca, 298be37d-c804-4999-a4dc-c4afbcd5eca7, 44ac16ae-bb74-4982-afb6-66716d24ed6f, 767b29a3-3e9e-4d74-a711-e81a2f69996b, 06d2681b-a165-42db-84b6-8a8c37ba7f88, aa7289a1-fdef-4981-9bab-b9095ffa022d, 2b529748-ffb2-4988-97db-e1b1f4e11539, 583fde35-65d9-4b21-9442-3c63f808ca51, 15d53432-5fe7-4ddf-9541-e8f0e70a9627, cd62135a-1fd1-4f21-8679-e13dff1f9a17, 2e196f3f-d0e2-400b-8d49-26225f34908e, 7ec95396-96cc-4017-aaa6-a70ef77a4f7e, 22f75e56-1d4b-4994-a417-1ec6f66e28f0, c225f1dd-b00b-465c-a59e-287d13b80210, 6540420c-9e05-408a-b9fd-47cdbc37afc1, 7a94059c-b25b-406b-94bc-0895f5ac1aa6, b11df2a4-8ecc-4547-a903-45b249c7e1e5, 9d47ded0-0c8e-4682-b5bf-84941514faf8, 4431b301-9c17-4795-9809-145e578fb64a, f39a6db3-1ef1-4b0a-aeb6-266bb8c0c06f, e1f631fe-e0f3-439a-9a5d-6cb92e05a977, 9d3aa5d4-5d95-4d61-b63a-d82bed5da62a, 949a98e7-6185-4a86-b103-36a3a35bb473, 677e185f-cffb-4956-aae7-838a256b73ed, b83061c6-17eb-4601-9257-95d14c2784bd, d46252aa-105b-494c-bc96-447e522aa670, 5eb4c966-3e46-432b-986a-41d7d6c0ebde, ab87e5ca-d8b0-44d7-9eea-2a5e204cdc5a, 0de954ea-aa0e-46ff-bbe1-be3faf8efbb0, 1db1ae48-57ac-4152-bb51-ab76d4d79ae0, 9e997680-f122-4979-8938-c9705de9dc0c, c2179499-eb3c-4ea5-afb5-d46b177e5584, 43337da4-8ae3-4408-ad69-a1cfd56a4407, abf29090-cb46-442e-a48c-751ea753bea7, 9175688b-cd46-4c88-b2a5-d9249d613d5d, e9d71859-17eb-44a3-b517-6183007de1d2, 88139dd8-5828-4126-bbc0-03d10c810222, 855e8843-0fb5-4483-ae9c-ed38df57e3fc, 73ff9553-2686-43e2-8aad-1480471439da, 9e6c136f-082b-4c2e-bedc-4499b3cff079, ae60f6b4-5632-4e7f-9c67-432c54077d0f, bd6bf559-6586-4195-ae63-bfcc7c905554, 94f173ac-9769-4dc8-8bc1-69ccb69402fc, d08b89f4-f7af-4077-9092-fb305294123d, 39c0bd29-2e34-4a8e-ba7c-0769e98b2b80, d7bfc5e4-5d2b-459e-a544-8d3ca27c21bd, e34ace68-019c-4bd2-9ff4-766e40b13e78, 57043cc7-be75-4e4f-bdd4-07aec7af0c8c, bd89a556-b23a-4fbf-8b21-7c78b0c98e9b, d72ecede-f3a2-4e19-a45a-d3cbf22dea99, e6272ca3-3119-4f24-a790-942f6ef5124d, aa64cb24-9a6d-41e8-aa11-56db46df436b, 4c46c747-e407-4abb-b56a-77e926c6b124, 516b8e6e-835a-4055-a0b5-ad3d947b12b5, f3af8788-9005-4fbc-9988-62f1ebadbf0c, 88e82da0-6a04-4808-8a9c-ec1e72e2ff17, 7b079d00-13dc-444b-a68b-612c7ecef717, 641980c1-855c-4c48-93cf-9fa7c970dfe6, 2f4e9cb7-de11-45a1-8dc0-c836ec3e2efe, 4d89bed6-bd83-4cab-82b2-194bdd555bbe, b644829f-5c63-4221-8752-f2dd577f970c, 8ef23bd0-4d45-4fe9-bba4-dce5190d23f1, 51484aa2-ec4e-43ae-8107-6eb861491c08, cfc05c89-c85a-449d-b290-3306f0a60dc8, e507add9-e484-45c1-893e-8df20e438838, 3f3f8f81-a525-478f-baeb-b51232a15bc9, 8ee79c91-9fe9-408f-bd7a-e0e9ec686e43, d36fa4b8-24eb-4b85-a44c-a1c75eea5c57, 3733142c-a273-4614-a40f-fc4ba3e2b80d, e00b87d1-7452-4507-a913-f74143e73d33, dfb08a6c-c7fd-4687-a348-ed8cc83e6127, fab20b90-9b15-4aa3-8368-435393489430, 7304c450-f1d0-4be4-9c2c-0f2d5e63ae65, 86442a1a-c386-40d2-9333-18b1ceb124dc, 378b7beb-2b1d-4a15-a630-6520deff9518, 9b7fab9d-ba9f-4f55-825e-05fd47c41211, 56f1c343-6476-4990-bead-299f77a0da1d, 933f740b-1419-46af-85e1-3f1f8a06f946, 5424ea95-294e-4248-a471-891f6e348945, 3ffda5e9-37df-43ff-bb04-3e7aec5eea77, 1a05f8cc-4334-49f9-90d8-eac02f244370, f8fc01bc-228b-4cf2-aea8-0464122d2588, ba326e08-b0ac-48f5-a004-eae614152c68, 7bc99543-89a3-46b2-86cc-e62d67b91f43, 2d13a07e-adf1-4e91-9d05-78f5948b97d0, 65149a56-6b78-48a9-a768-c43781f249fe, dd05395e-f0a5-4bc8-b69a-76212472ab4e, 7e76bfc8-42c2-42ab-8f9b-ea0a7c20e60f, 801ab05b-0d41-42a1-9865-924d383302dd, c3155d2f-69f6-445f-a131-dd23b532e3e8, 5619fae3-fb93-4fdf-9d13-adf492c55b33, 7e5bb302-28c8-486f-9e3b-241d3a4d17f0, c7aa00cd-007d-4a8e-9777-0bafc10a1ca9, 5b2a80ca-300b-421e-bf0b-07d41be2a7da, 574ed8b2-bcdd-40f9-8493-2b775509687e, d6885f42-1ceb-4f1c-9012-b6ebf5dab7fb, c2bd2dc0-dd5f-4461-a50a-5bf99c6e0752, cdcb6fc0-724c-4877-af1b-d176490d107c, b9b8d644-7aba-489d-b98b-0f518f7a3574, ceaa5ad2-88b0-489c-a289-33558fcfcded, de25974e-94fb-4479-8cc0-3217ffc4a384, 207bda55-81ff-4aba-ab11-0a12b360de9c, d9f502a4-ee3e-4dce-8d59-108693ab5b27, 8058195e-4d1c-4c11-9314-caf1cae18dc5, 92b13a81-eaf2-4d0f-9251-d216ea553658, 4eb09478-5e96-49e2-a087-8a3b6eed1857, 3350f64d-c1c8-4c0e-ab80-378db7db8e61, bc24e385-90b2-4042-9c54-4b3bf74729c1, 7c28b7df-699f-4ced-889f-c93f71f00144, 70737095-2f33-4bd0-9d64-0d3a846315d0, f8fbf6fb-48b9-483e-ade7-e07cad140922, 1a2a8481-2226-4cfd-899d-c27aa6099818, 7a60d574-3d45-44b8-aab5-3c8504382685, 4a1f9dc4-4a59-49f4-b2fe-f9a26fba93d0, d79294d5-e776-4394-9908-d7d403762794, 666e6f7b-82b4-4cb5-ba8d-c36fdd6e24d4, 99ad0ffa-8708-49e9-99ae-53f58e2afd07, c14031aa-ba1a-4a8a-8d17-8e32d4734ea5, 148c68cb-86df-4c5f-b178-6986261e96d4, 09f7d0d3-bba7-4650-85f1-4531a5726f68, de7f58e6-26b5-4a34-a72f-e28b2f35f366, 9aa23385-befc-4fb0-8bfe-bd17cae01b14, 64fb2b35-f54a-49ba-bde4-802ea29ccc86, 26c7553e-b150-45ab-9f05-40660404df2d, 686cc7ae-1d70-4a0e-9df0-bb6f02451e9a, 0ac2e8e7-7276-4a2c-8df8-7102d62cbe0b, 065370eb-d104-48d3-a69f-c1a1eb08dfea, ec35a2c6-0f55-47aa-8fe9-6bd533f69ef9, 398848db-3ea3-4a51-a3e3-6274203ccd77, 31a7b73c-e15c-4576-8ca2-79bd070e5c18, 2c2d35c2-8f07-4643-83c7-46e0b89d521c, 076a9501-54a7-499f-a9f6-0f4d36468328, 411170c7-b48f-4c34-a5df-0372821a491c, 453bfcf9-7ecc-4cf9-bd9a-ccc85cc943e3, 09a4739a-2260-447d-8a57-62e66a044bc0, 5abf61a5-a4c4-46c3-aec8-a90fc6398e7a, ded349d5-3163-4c4f-ba56-e1f7a2ec4d5f, e8158deb-e29b-430b-9f1c-00d3d43efe91, 052b0fa1-4106-47dc-83e4-22902c7252a3, 1dd4ca33-6ec7-4456-b63e-f5d474134fb1, ff739e28-d5aa-459f-9d9f-dc60a0302747, b0617782-ccc0-4aa8-8973-721ebb240996, 3779cd9b-8ad4-4d36-824c-08c3d88a992d, c0cde2a1-deda-4388-88ac-ac42613af474, 421ec1b6-2951-4e3e-9d5e-25326e3b9c99, ca71d557-4e9b-402c-8492-8462266c954d, 50b9822c-77fa-4e69-9f1d-ad896dc3974e, da3c0899-7294-4711-8b73-71c7b644bb1d, bc85368e-668d-4553-ae30-2c230ec1ac9e, 111278a0-88e3-4ad1-a48e-b5b17177026f, 7b3bd1cc-c245-410e-b6ce-42b96cc572f6, 1a586730-900a-41cc-a108-13ae6e08f01b, 5c9180d9-b80e-4e68-89f1-5fb68c00914f, 4cb4ec48-c2e9-43be-a665-76ea1467dbfd, 2bc8d07e-5ae3-4aa8-bdef-6d8ec3ec91ce, ac7a49b6-fa77-4b43-88b5-18dac04c3d25, ec2f2724-923d-4960-9fc8-f72e04a04b5b, d6b51a36-f77e-43a7-a888-b980a2d2112a, 0b6e9adb-e8cb-42d5-9b30-bd6a3a7ada4c, fdbeea6d-1457-4913-a2f9-cf32f21d4489, 4181db76-df6b-4b37-bba9-3df34fbd45c9, 464ab3fe-9b8d-425e-97b3-66d603c0409e, 0c452b97-1b99-45db-ab6f-12a1e683497b, 951000ee-e570-4325-8596-6b0df09d74a4, 2b832c4c-8d92-4e06-a012-a5d8e26ea17d, d29dc89f-06e3-451e-997b-e332d3da60c8, c79542cb-d24c-4072-9b5c-98129037e77c, d5b659f5-9684-4f09-bb39-d7f744e1d66e, c09f2578-2375-4f03-8dd2-ed0af317d92a, 190a89bf-2827-47fb-aa9c-ab270876e272, 7e5b56c4-46dc-4ab2-bef3-4068dbb076a4, 4d708801-35a1-4ae9-b75d-00b783218bb1, d61ee5fa-e0cd-45d4-9644-e610308a7306, aa3c600b-ad12-42ed-8de3-f76da4e2c85b, 17e7cc3f-3d04-41b6-803f-f6a0a19d8c31, 4fcf97ab-797c-4c32-879c-41748f25e390, 8db303c5-51f0-4d04-b5aa-65ae01cfdeb6, 84130a2c-5778-46c8-a7a6-88956d67ab3b, f7b78025-5dea-4c1b-9979-f49a6befd913, 6c3a4727-b12e-4e1b-b599-c26d9b428909, 26d848b7-63ed-4346-94c2-6e6055cd597e, 265a58fd-e07b-4f4f-82b5-023f80f49f20, 3a041d03-cc28-42a9-a76c-5d58f388dc58, 0273a358-10cc-4dd9-8b05-f69bdc809aef, 9832124a-2cc7-437c-8dfd-368fa229aca7, ff114de7-4464-4904-a282-cc62023b466a
