Waiting for workers to connect... 96/448
Waiting for workers to connect... 118/448
Waiting for workers to connect... 134/448
Waiting for workers to connect... 153/448
Waiting for workers to connect... 171/448
Waiting for workers to connect... 190/448
Waiting for workers to connect... 210/448
Waiting for workers to connect... 217/448
Waiting for workers to connect... 236/448
Waiting for workers to connect... 254/448
Waiting for workers to connect... 271/448
Waiting for workers to connect... 289/448
Waiting for workers to connect... 309/448
Waiting for workers to connect... 339/448
Waiting for workers to connect... 345/448
Waiting for workers to connect... 361/448
Waiting for workers to connect... 377/448
Waiting for workers to connect... 392/448
Waiting for workers to connect... 406/448
Waiting for workers to connect... 435/448
Waiting for workers to connect... 448/448
INFO  [02:49:52.019] [rush] Starting 448 worker(s)
INFO  [02:49:55.956] [rush] 1 worker(s) registered
INFO  [02:49:55.961] Starting to optimize 8 parameter(s) with '<OptimizerAsyncMboCentral>' and '<TerminatorRunTime> [secs=600]' on 448 mirai worker(s)
INFO  [02:49:56.967] 62 worker(s) running
INFO  [02:49:56.982] Results of 100 configuration(s):
INFO  [02:49:56.991]  classif.ce learning_rate num_leaves min_data_in_leaf feature_fraction
INFO  [02:49:56.991]       0.300   -4.07949192         12              117        0.7765800
INFO  [02:49:56.991]       0.261   -0.13604242        190               74        0.5760543
INFO  [02:49:56.991]       0.226   -2.24749691        212               60        0.9295184
INFO  [02:49:56.991]       0.300   -6.38180319         92              143        0.5441986
INFO  [02:49:56.991]       0.300   -4.19979992         16              143        0.7285680
INFO  [02:49:56.991]       0.300   -5.05110857        146                4        0.2954666
INFO  [02:49:56.991]       0.290   -0.82677436         59               35        0.3609406
INFO  [02:49:56.991]       0.228   -1.44663014         97              185        0.7110419
INFO  [02:49:56.991]       0.300   -4.92367078        141                9        0.7422112
INFO  [02:49:56.991]       0.300   -4.49145461        174               31        0.3999593
INFO  [02:49:56.991]       0.282   -1.12636109         51              177        0.8729924
INFO  [02:49:56.991]       0.300   -6.56236038        140              171        0.1444088
INFO  [02:49:56.991]       0.300   -5.05551994        148              161        0.5101586
INFO  [02:49:56.991]       0.300   -4.77544770         24              126        0.5326354
INFO  [02:49:56.991]       0.300   -4.59533777         36               36        0.9685297
INFO  [02:49:56.991]       0.300   -1.10023352         74               43        0.1710051
INFO  [02:49:56.991]       0.300   -6.08563964        104              187        0.8991985
INFO  [02:49:56.991]       0.300   -0.25434754        118               90        0.4968860
INFO  [02:49:56.991]       0.223   -0.28149039         40               61        0.8730017
INFO  [02:49:56.991]       0.300   -3.33580627         88              125        0.4847949
INFO  [02:49:56.991]       0.300   -6.81620539         91              182        0.2234428
INFO  [02:49:56.991]       0.300   -5.60243110        122              152        0.3980567
INFO  [02:49:56.991]       0.300   -2.94163236        185              184        0.7602128
INFO  [02:49:56.991]       0.227   -0.03109981         17              188        0.7762663
INFO  [02:49:56.991]       0.300   -3.20519286         16              151        0.8361370
INFO  [02:49:56.991]       0.255   -0.20281981         86               94        0.9330647
INFO  [02:49:56.991]       0.300   -3.97169029        170               75        0.9186999
INFO  [02:49:56.991]       0.241   -4.86933786        123                1        0.7884887
INFO  [02:49:56.991]       0.300   -4.25569068         62                6        0.5114141
INFO  [02:49:56.991]       0.223   -2.66465293        200              125        0.5018686
INFO  [02:49:56.991]       0.267   -3.48045979        248              123        0.3361625
INFO  [02:49:56.991]       0.221   -1.09034537        135               97        0.7513087
INFO  [02:49:56.991]       0.241   -2.96024280        172              190        0.5701322
INFO  [02:49:56.991]       0.300   -1.74829350        217              103        0.1938497
INFO  [02:49:56.991]       0.244   -2.44315091         15               94        0.1311389
INFO  [02:49:56.991]       0.300   -0.13321780        132               74        0.9356910
INFO  [02:49:56.991]       0.231   -3.23501638        162              129        0.5039205
INFO  [02:49:56.991]       0.300   -0.99145585        158              121        0.3934770
INFO  [02:49:56.991]       0.300   -3.81473653        218              172        0.2154887
INFO  [02:49:56.991]       0.300   -5.76739841        112               61        0.6362282
INFO  [02:49:56.991]       0.264   -4.81093325         41               58        0.8321652
INFO  [02:49:56.991]       0.300   -2.72247786         80               65        0.9420059
INFO  [02:49:56.991]       0.300   -5.97661765        127              107        0.5224187
INFO  [02:49:56.991]       0.226   -0.38142377        217               13        0.6556016
INFO  [02:49:56.991]       0.300   -5.46641852         55               99        0.5962173
INFO  [02:49:56.991]       0.300   -5.32387185        106              141        0.1609407
INFO  [02:49:56.991]       0.300   -5.69001631        101               62        0.2885389
INFO  [02:49:56.991]       0.245   -1.27482829        140               29        0.5270136
INFO  [02:49:56.991]       0.300   -6.86445226         73               11        0.6670146
INFO  [02:49:56.991]       0.300   -5.50711879        125              120        0.7030486
INFO  [02:49:56.991]       0.220   -0.52198469        154              190        0.9531032
INFO  [02:49:56.991]       0.261   -3.31798539        143              154        0.5728677
INFO  [02:49:56.991]       0.300   -2.25940814        127              175        0.1803117
INFO  [02:49:56.991]       0.300   -2.88688564        253               81        0.8406774
INFO  [02:49:56.991]       0.300   -3.81791512         44               33        0.9361107
INFO  [02:49:56.991]       0.223   -0.45320952        133               10        0.8513499
INFO  [02:49:56.991]       0.226   -0.87273119         39               52        0.4716430
INFO  [02:49:56.991]       0.300   -4.22022433         97              145        0.8949539
INFO  [02:49:56.991]       0.300   -6.10678526        101              184        0.9126242
INFO  [02:49:56.991]       0.227   -2.45215267         10              132        0.7322130
INFO  [02:49:56.991]       0.253   -3.37194999        243              178        0.9853660
INFO  [02:49:56.991]       0.300   -4.79951398        113              193        0.1850885
INFO  [02:49:56.991]       0.300   -5.79269991         69              168        0.3430891
INFO  [02:49:56.991]       0.300   -5.58133106        139               16        0.2723880
INFO  [02:49:56.991]       0.224   -0.07938108        225              136        0.4000643
INFO  [02:49:56.991]       0.300   -4.66232935         93               51        0.2585690
INFO  [02:49:56.991]       0.206   -0.17218535         50               23        0.7182131
INFO  [02:49:56.991]       0.218   -0.98079816         62               37        0.6821670
INFO  [02:49:56.991]       0.234   -0.25678683        245              108        0.3491236
INFO  [02:49:56.991]       0.222   -1.01382236         81               39        0.4112386
INFO  [02:49:56.991]       0.245   -2.98223978         87              117        0.9214458
INFO  [02:49:56.991]       0.300   -4.34585625         47              187        0.5162016
INFO  [02:49:56.991]       0.300   -5.61439861        215               26        0.9758205
INFO  [02:49:56.991]       0.223   -1.48343387        192              184        0.7920543
INFO  [02:49:56.991]       0.300   -4.94418643        147               47        0.6446626
INFO  [02:49:56.991]       0.300   -3.99611865        113              101        0.5339908
INFO  [02:49:56.991]       0.300   -5.84038197        237               22        0.8308311
INFO  [02:49:56.991]       0.300   -6.84807072        230              184        0.5859916
INFO  [02:49:56.991]       0.237   -0.30223346        138               80        0.7151174
INFO  [02:49:56.991]       0.300   -5.68096652        137              163        0.1744073
INFO  [02:49:56.991]       0.300   -5.15920367        180               42        0.4046636
INFO  [02:49:56.991]       0.236   -3.14181701         48              113        0.8557198
INFO  [02:49:56.991]       0.300   -5.77120407         36               43        0.8023336
INFO  [02:49:56.991]       0.236   -0.86883102        248               86        0.9686042
INFO  [02:49:56.991]       0.224   -0.26280559        204              136        0.4980421
INFO  [02:49:56.991]       0.222   -1.37759854        172               86        0.2634583
INFO  [02:49:56.991]       0.300   -4.95285062        167              143        0.1663019
INFO  [02:49:56.991]       0.265   -3.34481027        127              195        0.4059966
INFO  [02:49:56.991]       0.300   -0.09749971        216              155        0.8248283
INFO  [02:49:56.991]       0.230   -2.95231700         91               15        0.5723286
INFO  [02:49:56.991]       0.230   -1.72127362        236              145        0.6202376
INFO  [02:49:56.991]       0.224   -1.46097640        197              105        0.3303998
INFO  [02:49:56.991]       0.231   -1.67521020        101               55        0.2630591
INFO  [02:49:56.991]       0.300   -5.08867964        162               36        0.2550255
INFO  [02:49:56.991]       0.300   -1.13223512         35              189        0.1815862
INFO  [02:49:56.991]       0.300   -6.35250699        127              183        0.3094724
INFO  [02:49:56.991]       0.300   -0.08150794        222              102        0.9691143
INFO  [02:49:56.991]       0.300   -2.77661462         87               10        0.7946969
INFO  [02:49:56.991]       0.300   -4.87647140        184              186        0.7243548
INFO  [02:49:56.991]       0.300   -6.90472110        131               25        0.8137425
INFO  [02:49:56.991]  classif.ce learning_rate num_leaves min_data_in_leaf feature_fraction
INFO  [02:49:56.991]  extra_trees  lambda_l1  lambda_l2 min_gain_to_split        timestamp_xs
INFO  [02:49:56.991]         TRUE  4.7704709 -5.1966636         -3.350097 2026-09-10 02:49:51
INFO  [02:49:56.991]        FALSE  2.9379512 -4.2173348         -5.301773 2026-09-10 02:49:51
INFO  [02:49:56.991]         TRUE  0.4265123 -0.5093397         -3.458477 2026-09-10 02:49:51
INFO  [02:49:56.991]        FALSE -5.9206516  2.3404932         -4.843659 2026-09-10 02:49:51
INFO  [02:49:56.991]         TRUE  1.7454060 -3.8775374         -6.376375 2026-09-10 02:49:51
INFO  [02:49:56.991]        FALSE -3.2659156 -0.1596108         -5.915704 2026-09-10 02:49:51
INFO  [02:49:56.991]        FALSE  3.0286557  3.0749213         -3.923762 2026-09-10 02:49:51
INFO  [02:49:56.991]         TRUE  0.5148326  0.5990609         -6.142346 2026-09-10 02:49:51
INFO  [02:49:56.991]         TRUE -2.0794486  2.9946506         -4.042824 2026-09-10 02:49:51
INFO  [02:49:56.991]         TRUE  1.2373542 -4.3454861         -3.966101 2026-09-10 02:49:51
INFO  [02:49:56.991]        FALSE  2.7292089  6.4973881         -4.154176 2026-09-10 02:49:51
INFO  [02:49:56.991]         TRUE -5.0270316 -2.8617152         -4.129998 2026-09-10 02:49:51
INFO  [02:49:56.991]        FALSE -5.3414856  1.3930480         -5.585389 2026-09-10 02:49:51
INFO  [02:49:56.991]        FALSE  1.1140964 -3.9135048         -6.074757 2026-09-10 02:49:51
INFO  [02:49:56.991]        FALSE  4.1929803 -0.5775267         -6.852589 2026-09-10 02:49:51
INFO  [02:49:56.991]         TRUE  4.3189976 -3.5041307         -4.058095 2026-09-10 02:49:51
INFO  [02:49:56.991]        FALSE  6.0017020 -4.5817004         -2.490286 2026-09-10 02:49:51
INFO  [02:49:56.991]         TRUE  5.1860826  5.2296188         -3.389355 2026-09-10 02:49:51
INFO  [02:49:56.991]         TRUE -2.8926497  0.8697231         -3.069272 2026-09-10 02:49:51
INFO  [02:49:56.991]         TRUE  2.6533723  4.8684148         -5.027201 2026-09-10 02:49:51
INFO  [02:49:56.991]         TRUE  3.0332089  3.0684424         -2.369356 2026-09-10 02:49:51
INFO  [02:49:56.991]        FALSE -3.0900558 -3.4479946         -3.100492 2026-09-10 02:49:51
INFO  [02:49:56.991]        FALSE -1.3750077  6.3384658         -3.550529 2026-09-10 02:49:51
INFO  [02:49:56.991]        FALSE  0.9067435  4.1720069         -4.290625 2026-09-10 02:49:51
INFO  [02:49:56.991]         TRUE  2.8629845  3.3988517         -5.647966 2026-09-10 02:49:51
INFO  [02:49:56.991]         TRUE  2.2384401 -1.7347572         -2.994818 2026-09-10 02:49:51
INFO  [02:49:56.991]         TRUE  4.6737071  0.4614153         -5.646939 2026-09-10 02:49:51
INFO  [02:49:56.991]        FALSE -1.6418865 -4.4714536         -6.549842 2026-09-10 02:49:51
INFO  [02:49:56.991]         TRUE  2.2893649 -6.0586923         -4.037675 2026-09-10 02:49:51
INFO  [02:49:56.991]        FALSE -4.3756683 -1.9299280         -4.027003 2026-09-10 02:49:51
INFO  [02:49:56.991]        FALSE  2.6034683 -3.5600611         -3.848927 2026-09-10 02:49:51
INFO  [02:49:56.991]         TRUE -4.0758785  3.8376764         -4.320804 2026-09-10 02:49:51
INFO  [02:49:56.991]         TRUE -2.3051236 -6.3830805         -5.700500 2026-09-10 02:49:51
INFO  [02:49:56.991]        FALSE  6.6651909 -0.9185520         -6.234602 2026-09-10 02:49:51
INFO  [02:49:56.991]        FALSE -2.5367342  3.4073588         -2.394979 2026-09-10 02:49:51
INFO  [02:49:56.991]         TRUE  3.1593401  4.8225804         -6.112958 2026-09-10 02:49:51
INFO  [02:49:56.991]        FALSE  0.4805320  0.3094311         -6.203727 2026-09-10 02:49:51
INFO  [02:49:56.991]        FALSE  6.1642464  4.2444991         -3.934900 2026-09-10 02:49:51
INFO  [02:49:56.991]         TRUE -3.3148874 -1.8863383         -5.926925 2026-09-10 02:49:51
INFO  [02:49:56.991]        FALSE  0.5712433  4.2259310         -2.396525 2026-09-10 02:49:51
INFO  [02:49:56.991]        FALSE -5.0681113 -2.2690269         -4.870786 2026-09-10 02:49:51
INFO  [02:49:56.991]         TRUE  5.8824736 -2.3236896         -5.413422 2026-09-10 02:49:51
INFO  [02:49:56.991]        FALSE  2.5079142  0.1542445         -4.713132 2026-09-10 02:49:51
INFO  [02:49:56.991]         TRUE -0.1463740  4.4871975         -2.626401 2026-09-10 02:49:51
INFO  [02:49:56.991]        FALSE -5.8963416  6.2916451         -5.170020 2026-09-10 02:49:51
INFO  [02:49:56.991]        FALSE  3.1125122 -5.5479874         -2.794581 2026-09-10 02:49:51
INFO  [02:49:56.991]         TRUE -0.8269923  4.1964068         -4.134105 2026-09-10 02:49:51
INFO  [02:49:56.991]        FALSE  1.8765260  5.9299369         -4.970708 2026-09-10 02:49:51
INFO  [02:49:56.991]        FALSE -3.7622823  1.7903428         -5.401439 2026-09-10 02:49:51
INFO  [02:49:56.991]         TRUE  3.6917217 -5.8618713         -4.471883 2026-09-10 02:49:51
INFO  [02:49:56.991]        FALSE -2.1763661  3.7647171         -6.421216 2026-09-10 02:49:51
INFO  [02:49:56.991]         TRUE  1.9993542  2.2538740         -3.232364 2026-09-10 02:49:51
INFO  [02:49:56.991]         TRUE  6.0305796  5.6416467         -4.556941 2026-09-10 02:49:51
INFO  [02:49:56.991]         TRUE  3.2935868  5.8743246         -3.112376 2026-09-10 02:49:51
INFO  [02:49:56.991]        FALSE -4.9169416  5.3446656         -3.382910 2026-09-10 02:49:51
INFO  [02:49:56.991]        FALSE -1.5410191 -5.1283723         -5.036709 2026-09-10 02:49:51
INFO  [02:49:56.991]        FALSE -5.1664530 -6.7552683         -4.597682 2026-09-10 02:49:51
INFO  [02:49:56.991]         TRUE  5.0989048 -5.2231811         -5.210138 2026-09-10 02:49:51
INFO  [02:49:56.991]         TRUE -1.3000309 -6.1651558         -6.197612 2026-09-10 02:49:51
INFO  [02:49:56.991]        FALSE -6.8637437  3.5231562         -4.503208 2026-09-10 02:49:51
INFO  [02:49:56.991]         TRUE -0.1217859 -3.7936483         -4.201314 2026-09-10 02:49:51
INFO  [02:49:56.991]        FALSE -1.5231636 -5.2548598         -6.797952 2026-09-10 02:49:51
INFO  [02:49:56.991]        FALSE -2.6335881 -1.9305684         -3.943380 2026-09-10 02:49:51
INFO  [02:49:56.991]         TRUE -2.6847528  1.3959752         -4.929451 2026-09-10 02:49:51
INFO  [02:49:56.991]        FALSE  1.1667078  2.3374555         -6.716981 2026-09-10 02:49:51
INFO  [02:49:56.991]        FALSE -0.2718763  5.8858286         -4.392568 2026-09-10 02:49:51
INFO  [02:49:56.991]         TRUE -6.0393182 -5.9584007         -6.158853 2026-09-10 02:49:51
INFO  [02:49:56.991]        FALSE -5.9727511 -4.2228656         -5.639047 2026-09-10 02:49:51
INFO  [02:49:56.991]         TRUE  1.7502213  2.4187904         -6.831494 2026-09-10 02:49:51
INFO  [02:49:56.991]        FALSE  0.9166505 -0.8811046         -3.462020 2026-09-10 02:49:51
INFO  [02:49:56.991]         TRUE -5.0689775  3.4904419         -6.671724 2026-09-10 02:49:51
INFO  [02:49:56.991]         TRUE  2.1460582  5.8805431         -5.515638 2026-09-10 02:49:51
INFO  [02:49:56.991]        FALSE -6.6222502  4.9829443         -2.834823 2026-09-10 02:49:51
INFO  [02:49:56.991]         TRUE -0.6775444 -0.8298757         -4.571792 2026-09-10 02:49:51
INFO  [02:49:56.991]        FALSE  0.7240670  1.0272529         -2.752763 2026-09-10 02:49:51
INFO  [02:49:56.991]        FALSE  6.0707054 -3.7244071         -4.075887 2026-09-10 02:49:51
INFO  [02:49:56.991]         TRUE  2.6250091 -4.8067514         -3.159212 2026-09-10 02:49:51
INFO  [02:49:56.991]        FALSE  6.0983109  1.7850543         -4.037354 2026-09-10 02:49:51
INFO  [02:49:56.991]         TRUE  1.7569195 -3.9855717         -5.153244 2026-09-10 02:49:51
INFO  [02:49:56.991]         TRUE  5.8146678  5.2490137         -5.745177 2026-09-10 02:49:51
INFO  [02:49:56.991]        FALSE  4.4490210  4.8227688         -6.151729 2026-09-10 02:49:51
INFO  [02:49:56.991]         TRUE  1.0768195 -6.4255287         -5.052550 2026-09-10 02:49:51
INFO  [02:49:56.991]        FALSE  0.8322557 -4.7286954         -6.892828 2026-09-10 02:49:51
INFO  [02:49:56.991]        FALSE  1.4863405  4.4323551         -3.878126 2026-09-10 02:49:51
INFO  [02:49:56.991]        FALSE -0.2370797  2.4207564         -3.035272 2026-09-10 02:49:51
INFO  [02:49:56.991]        FALSE -0.6582670  0.1602811         -5.888040 2026-09-10 02:49:51
INFO  [02:49:56.991]         TRUE -1.8103550 -0.2925058         -4.271784 2026-09-10 02:49:51
INFO  [02:49:56.991]         TRUE -3.7436383  2.2828241         -6.361930 2026-09-10 02:49:51
INFO  [02:49:56.991]        FALSE  3.3346792  6.1969706         -6.524388 2026-09-10 02:49:51
INFO  [02:49:56.991]        FALSE  1.3510370  1.7533505         -3.207711 2026-09-10 02:49:51
INFO  [02:49:56.991]         TRUE  1.0009192 -6.7894480         -6.771169 2026-09-10 02:49:51
INFO  [02:49:56.991]         TRUE -6.7720432  4.0339093         -4.767407 2026-09-10 02:49:51
INFO  [02:49:56.991]        FALSE -6.6377261  0.6595936         -4.616705 2026-09-10 02:49:51
INFO  [02:49:56.991]        FALSE  0.9292905  0.7039831         -3.448944 2026-09-10 02:49:51
INFO  [02:49:56.991]        FALSE  6.4391309  0.6093700         -3.772018 2026-09-10 02:49:51
INFO  [02:49:56.991]        FALSE  4.7151406  1.3767583         -6.665203 2026-09-10 02:49:51
INFO  [02:49:56.991]         TRUE  3.7892340 -1.5216931         -6.348374 2026-09-10 02:49:51
INFO  [02:49:56.991]        FALSE  5.8365462  2.0671380         -3.073549 2026-09-10 02:49:51
INFO  [02:49:56.991]         TRUE -1.6206402  5.2936742         -4.712304 2026-09-10 02:49:51
INFO  [02:49:56.991]         TRUE  3.5283261  5.6242332         -5.360565 2026-09-10 02:49:51
INFO  [02:49:56.991]  extra_trees  lambda_l1  lambda_l2 min_gain_to_split        timestamp_xs
INFO  [02:49:56.991]         timestamp_ys
INFO  [02:49:56.991]  2026-09-10 02:49:51
INFO  [02:49:56.991]  2026-09-10 02:49:51
INFO  [02:49:56.991]  2026-09-10 02:49:51
INFO  [02:49:56.991]  2026-09-10 02:49:51
INFO  [02:49:56.991]  2026-09-10 02:49:51
INFO  [02:49:56.991]  2026-09-10 02:49:51
INFO  [02:49:56.991]  2026-09-10 02:49:51
INFO  [02:49:56.991]  2026-09-10 02:49:51
INFO  [02:49:56.991]  2026-09-10 02:49:51
INFO  [02:49:56.991]  2026-09-10 02:49:51
INFO  [02:49:56.991]  2026-09-10 02:49:51
INFO  [02:49:56.991]  2026-09-10 02:49:51
INFO  [02:49:56.991]  2026-09-10 02:49:51
INFO  [02:49:56.991]  2026-09-10 02:49:51
INFO  [02:49:56.991]  2026-09-10 02:49:51
INFO  [02:49:56.991]  2026-09-10 02:49:51
INFO  [02:49:56.991]  2026-09-10 02:49:51
INFO  [02:49:56.991]  2026-09-10 02:49:51
INFO  [02:49:56.991]  2026-09-10 02:49:51
INFO  [02:49:56.991]  2026-09-10 02:49:51
INFO  [02:49:56.991]  2026-09-10 02:49:51
INFO  [02:49:56.991]  2026-09-10 02:49:51
INFO  [02:49:56.991]  2026-09-10 02:49:51
INFO  [02:49:56.991]  2026-09-10 02:49:51
INFO  [02:49:56.991]  2026-09-10 02:49:51
INFO  [02:49:56.991]  2026-09-10 02:49:51
INFO  [02:49:56.991]  2026-09-10 02:49:51
INFO  [02:49:56.991]  2026-09-10 02:49:51
INFO  [02:49:56.991]  2026-09-10 02:49:51
INFO  [02:49:56.991]  2026-09-10 02:49:51
INFO  [02:49:56.991]  2026-09-10 02:49:51
INFO  [02:49:56.991]  2026-09-10 02:49:51
INFO  [02:49:56.991]  2026-09-10 02:49:51
INFO  [02:49:56.991]  2026-09-10 02:49:51
INFO  [02:49:56.991]  2026-09-10 02:49:51
INFO  [02:49:56.991]  2026-09-10 02:49:51
INFO  [02:49:56.991]  2026-09-10 02:49:51
INFO  [02:49:56.991]  2026-09-10 02:49:51
INFO  [02:49:56.991]  2026-09-10 02:49:51
INFO  [02:49:56.991]  2026-09-10 02:49:51
INFO  [02:49:56.991]  2026-09-10 02:49:51
INFO  [02:49:56.991]  2026-09-10 02:49:51
INFO  [02:49:56.991]  2026-09-10 02:49:51
INFO  [02:49:56.991]  2026-09-10 02:49:51
INFO  [02:49:56.991]  2026-09-10 02:49:51
INFO  [02:49:56.991]  2026-09-10 02:49:51
INFO  [02:49:56.991]  2026-09-10 02:49:51
INFO  [02:49:56.991]  2026-09-10 02:49:51
INFO  [02:49:56.991]  2026-09-10 02:49:51
INFO  [02:49:56.991]  2026-09-10 02:49:51
INFO  [02:49:56.991]  2026-09-10 02:49:51
INFO  [02:49:56.991]  2026-09-10 02:49:51
INFO  [02:49:56.991]  2026-09-10 02:49:51
INFO  [02:49:56.991]  2026-09-10 02:49:51
INFO  [02:49:56.991]  2026-09-10 02:49:51
INFO  [02:49:56.991]  2026-09-10 02:49:51
INFO  [02:49:56.991]  2026-09-10 02:49:51
INFO  [02:49:56.991]  2026-09-10 02:49:51
INFO  [02:49:56.991]  2026-09-10 02:49:51
INFO  [02:49:56.991]  2026-09-10 02:49:51
INFO  [02:49:56.991]  2026-09-10 02:49:51
INFO  [02:49:56.991]  2026-09-10 02:49:51
INFO  [02:49:56.991]  2026-09-10 02:49:51
INFO  [02:49:56.991]  2026-09-10 02:49:51
INFO  [02:49:56.991]  2026-09-10 02:49:51
INFO  [02:49:56.991]  2026-09-10 02:49:51
INFO  [02:49:56.991]  2026-09-10 02:49:51
INFO  [02:49:56.991]  2026-09-10 02:49:51
INFO  [02:49:56.991]  2026-09-10 02:49:51
INFO  [02:49:56.991]  2026-09-10 02:49:51
INFO  [02:49:56.991]  2026-09-10 02:49:51
INFO  [02:49:56.991]  2026-09-10 02:49:51
INFO  [02:49:56.991]  2026-09-10 02:49:51
INFO  [02:49:56.991]  2026-09-10 02:49:51
INFO  [02:49:56.991]  2026-09-10 02:49:51
INFO  [02:49:56.991]  2026-09-10 02:49:51
INFO  [02:49:56.991]  2026-09-10 02:49:51
INFO  [02:49:56.991]  2026-09-10 02:49:51
INFO  [02:49:56.991]  2026-09-10 02:49:51
INFO  [02:49:56.991]  2026-09-10 02:49:51
INFO  [02:49:56.991]  2026-09-10 02:49:51
INFO  [02:49:56.991]  2026-09-10 02:49:51
INFO  [02:49:56.991]  2026-09-10 02:49:51
INFO  [02:49:56.991]  2026-09-10 02:49:51
INFO  [02:49:56.991]  2026-09-10 02:49:51
INFO  [02:49:56.991]  2026-09-10 02:49:51
INFO  [02:49:56.991]  2026-09-10 02:49:51
INFO  [02:49:56.991]  2026-09-10 02:49:51
INFO  [02:49:56.991]  2026-09-10 02:49:51
INFO  [02:49:56.991]  2026-09-10 02:49:51
INFO  [02:49:56.991]  2026-09-10 02:49:51
INFO  [02:49:56.991]  2026-09-10 02:49:51
INFO  [02:49:56.991]  2026-09-10 02:49:51
INFO  [02:49:56.991]  2026-09-10 02:49:51
INFO  [02:49:56.991]  2026-09-10 02:49:51
INFO  [02:49:56.991]  2026-09-10 02:49:51
INFO  [02:49:56.991]  2026-09-10 02:49:51
INFO  [02:49:56.991]  2026-09-10 02:49:51
INFO  [02:49:56.991]  2026-09-10 02:49:51
INFO  [02:49:56.991]  2026-09-10 02:49:51
INFO  [02:49:56.991]         timestamp_ys
INFO  [02:49:57.123] [mlr3] Calling train method of fallback 'regr.ranger' on task 'surrogate_task' with 100 observations {learner: <LearnerRegrRanger/LearnerRegr/Learner/R6>}
INFO  [02:49:57.786] [mlr3] Calling train method of fallback 'regr.ranger' on task 'surrogate_task' with 100 observations {learner: <LearnerRegrRanger/LearnerRegr/Learner/R6>}
INFO  [02:49:58.483] [mlr3] Calling train method of fallback 'regr.ranger' on task 'surrogate_task' with 102 observations {learner: <LearnerRegrRanger/LearnerRegr/Learner/R6>}
INFO  [02:49:59.110] [mlr3] Calling train method of fallback 'regr.ranger' on task 'surrogate_task' with 103 observations {learner: <LearnerRegrRanger/LearnerRegr/Learner/R6>}
INFO  [02:49:59.806] [mlr3] Calling train method of fallback 'regr.ranger' on task 'surrogate_task' with 104 observations {learner: <LearnerRegrRanger/LearnerRegr/Learner/R6>}
INFO  [02:50:00.493] [mlr3] Calling train method of fallback 'regr.ranger' on task 'surrogate_task' with 105 observations {learner: <LearnerRegrRanger/LearnerRegr/Learner/R6>}
INFO  [02:50:01.173] [mlr3] Calling train method of fallback 'regr.ranger' on task 'surrogate_task' with 106 observations {learner: <LearnerRegrRanger/LearnerRegr/Learner/R6>}
INFO  [02:50:01.907] [mlr3] Calling train method of fallback 'regr.ranger' on task 'surrogate_task' with 107 observations {learner: <LearnerRegrRanger/LearnerRegr/Learner/R6>}
INFO  [02:50:02.570] [mlr3] Calling train method of fallback 'regr.ranger' on task 'surrogate_task' with 108 observations {learner: <LearnerRegrRanger/LearnerRegr/Learner/R6>}
INFO  [02:50:03.221] [mlr3] Calling train method of fallback 'regr.ranger' on task 'surrogate_task' with 109 observations {learner: <LearnerRegrRanger/LearnerRegr/Learner/R6>}
INFO  [02:50:03.932] [mlr3] Calling train method of fallback 'regr.ranger' on task 'surrogate_task' with 110 observations {learner: <LearnerRegrRanger/LearnerRegr/Learner/R6>}
INFO  [02:50:04.650] [mlr3] Calling train method of fallback 'regr.ranger' on task 'surrogate_task' with 111 observations {learner: <LearnerRegrRanger/LearnerRegr/Learner/R6>}
INFO  [02:50:05.360] [mlr3] Calling train method of fallback 'regr.ranger' on task 'surrogate_task' with 112 observations {learner: <LearnerRegrRanger/LearnerRegr/Learner/R6>}
INFO  [02:50:06.039] [mlr3] Calling train method of fallback 'regr.ranger' on task 'surrogate_task' with 113 observations {learner: <LearnerRegrRanger/LearnerRegr/Learner/R6>}
INFO  [02:50:06.713] [mlr3] Calling train method of fallback 'regr.ranger' on task 'surrogate_task' with 114 observations {learner: <LearnerRegrRanger/LearnerRegr/Learner/R6>}
INFO  [02:50:07.425] [mlr3] Calling train method of fallback 'regr.ranger' on task 'surrogate_task' with 115 observations {learner: <LearnerRegrRanger/LearnerRegr/Learner/R6>}
INFO  [02:50:08.152] [mlr3] Calling train method of fallback 'regr.ranger' on task 'surrogate_task' with 116 observations {learner: <LearnerRegrRanger/LearnerRegr/Learner/R6>}
INFO  [02:50:08.856] [mlr3] Calling train method of fallback 'regr.ranger' on task 'surrogate_task' with 117 observations {learner: <LearnerRegrRanger/LearnerRegr/Learner/R6>}
INFO  [02:50:09.579] [mlr3] Calling train method of fallback 'regr.ranger' on task 'surrogate_task' with 118 observations {learner: <LearnerRegrRanger/LearnerRegr/Learner/R6>}
INFO  [02:50:10.249] [mlr3] Calling train method of fallback 'regr.ranger' on task 'surrogate_task' with 119 observations {learner: <LearnerRegrRanger/LearnerRegr/Learner/R6>}
INFO  [02:50:11.072] [mlr3] Calling train method of fallback 'regr.ranger' on task 'surrogate_task' with 120 observations {learner: <LearnerRegrRanger/LearnerRegr/Learner/R6>}
INFO  [02:50:11.799] [mlr3] Calling train method of fallback 'regr.ranger' on task 'surrogate_task' with 121 observations {learner: <LearnerRegrRanger/LearnerRegr/Learner/R6>}
INFO  [02:50:12.499] [mlr3] Calling train method of fallback 'regr.ranger' on task 'surrogate_task' with 122 observations {learner: <LearnerRegrRanger/LearnerRegr/Learner/R6>}
INFO  [02:50:13.259] [mlr3] Calling train method of fallback 'regr.ranger' on task 'surrogate_task' with 123 observations {learner: <LearnerRegrRanger/LearnerRegr/Learner/R6>}
INFO  [02:50:13.962] [mlr3] Calling train method of fallback 'regr.ranger' on task 'surrogate_task' with 124 observations {learner: <LearnerRegrRanger/LearnerRegr/Learner/R6>}
INFO  [02:50:14.738] [mlr3] Calling train method of fallback 'regr.ranger' on task 'surrogate_task' with 125 observations {learner: <LearnerRegrRanger/LearnerRegr/Learner/R6>}
INFO  [02:50:15.433] [mlr3] Calling train method of fallback 'regr.ranger' on task 'surrogate_task' with 126 observations {learner: <LearnerRegrRanger/LearnerRegr/Learner/R6>}
INFO  [02:50:16.127] [mlr3] Calling train method of fallback 'regr.ranger' on task 'surrogate_task' with 127 observations {learner: <LearnerRegrRanger/LearnerRegr/Learner/R6>}
INFO  [02:50:16.906] [mlr3] Calling train method of fallback 'regr.ranger' on task 'surrogate_task' with 128 observations {learner: <LearnerRegrRanger/LearnerRegr/Learner/R6>}
INFO  [02:50:17.615] [mlr3] Calling train method of fallback 'regr.ranger' on task 'surrogate_task' with 129 observations {learner: <LearnerRegrRanger/LearnerRegr/Learner/R6>}
INFO  [02:50:18.328] [mlr3] Calling train method of fallback 'regr.ranger' on task 'surrogate_task' with 130 observations {learner: <LearnerRegrRanger/LearnerRegr/Learner/R6>}
INFO  [02:50:19.071] [mlr3] Calling train method of fallback 'regr.ranger' on task 'surrogate_task' with 131 observations {learner: <LearnerRegrRanger/LearnerRegr/Learner/R6>}
INFO  [02:50:19.882] [mlr3] Calling train method of fallback 'regr.ranger' on task 'surrogate_task' with 132 observations {learner: <LearnerRegrRanger/LearnerRegr/Learner/R6>}
INFO  [02:50:20.574] [mlr3] Calling train method of fallback 'regr.ranger' on task 'surrogate_task' with 133 observations {learner: <LearnerRegrRanger/LearnerRegr/Learner/R6>}
INFO  [02:50:21.273] [mlr3] Calling train method of fallback 'regr.ranger' on task 'surrogate_task' with 134 observations {learner: <LearnerRegrRanger/LearnerRegr/Learner/R6>}
INFO  [02:50:22.078] [mlr3] Calling train method of fallback 'regr.ranger' on task 'surrogate_task' with 135 observations {learner: <LearnerRegrRanger/LearnerRegr/Learner/R6>}
INFO  [02:50:22.774] [mlr3] Calling train method of fallback 'regr.ranger' on task 'surrogate_task' with 136 observations {learner: <LearnerRegrRanger/LearnerRegr/Learner/R6>}
INFO  [02:50:23.479] [mlr3] Calling train method of fallback 'regr.ranger' on task 'surrogate_task' with 137 observations {learner: <LearnerRegrRanger/LearnerRegr/Learner/R6>}
INFO  [02:50:24.280] [mlr3] Calling train method of fallback 'regr.ranger' on task 'surrogate_task' with 138 observations {learner: <LearnerRegrRanger/LearnerRegr/Learner/R6>}
INFO  [02:50:24.957] [mlr3] Calling train method of fallback 'regr.ranger' on task 'surrogate_task' with 139 observations {learner: <LearnerRegrRanger/LearnerRegr/Learner/R6>}
INFO  [02:50:25.717] [mlr3] Calling train method of fallback 'regr.ranger' on task 'surrogate_task' with 140 observations {learner: <LearnerRegrRanger/LearnerRegr/Learner/R6>}
INFO  [02:50:26.426] [mlr3] Calling train method of fallback 'regr.ranger' on task 'surrogate_task' with 141 observations {learner: <LearnerRegrRanger/LearnerRegr/Learner/R6>}
INFO  [02:50:27.118] [mlr3] Calling train method of fallback 'regr.ranger' on task 'surrogate_task' with 142 observations {learner: <LearnerRegrRanger/LearnerRegr/Learner/R6>}
INFO  [02:50:27.895] [mlr3] Calling train method of fallback 'regr.ranger' on task 'surrogate_task' with 143 observations {learner: <LearnerRegrRanger/LearnerRegr/Learner/R6>}
INFO  [02:50:28.593] [mlr3] Calling train method of fallback 'regr.ranger' on task 'surrogate_task' with 144 observations {learner: <LearnerRegrRanger/LearnerRegr/Learner/R6>}
INFO  [02:50:29.378] [mlr3] Calling train method of fallback 'regr.ranger' on task 'surrogate_task' with 145 observations {learner: <LearnerRegrRanger/LearnerRegr/Learner/R6>}
INFO  [02:50:30.088] [mlr3] Calling train method of fallback 'regr.ranger' on task 'surrogate_task' with 146 observations {learner: <LearnerRegrRanger/LearnerRegr/Learner/R6>}
INFO  [02:50:30.819] [mlr3] Calling train method of fallback 'regr.ranger' on task 'surrogate_task' with 147 observations {learner: <LearnerRegrRanger/LearnerRegr/Learner/R6>}
INFO  [02:50:31.607] [mlr3] Calling train method of fallback 'regr.ranger' on task 'surrogate_task' with 148 observations {learner: <LearnerRegrRanger/LearnerRegr/Learner/R6>}
INFO  [02:50:32.307] [mlr3] Calling train method of fallback 'regr.ranger' on task 'surrogate_task' with 149 observations {learner: <LearnerRegrRanger/LearnerRegr/Learner/R6>}
INFO  [02:50:33.085] [mlr3] Calling train method of fallback 'regr.ranger' on task 'surrogate_task' with 150 observations {learner: <LearnerRegrRanger/LearnerRegr/Learner/R6>}
INFO  [02:50:34.281] [mlr3] Calling train method of fallback 'regr.ranger' on task 'surrogate_task' with 151 observations {learner: <LearnerRegrRanger/LearnerRegr/Learner/R6>}
INFO  [02:50:35.035] [mlr3] Calling train method of fallback 'regr.ranger' on task 'surrogate_task' with 152 observations {learner: <LearnerRegrRanger/LearnerRegr/Learner/R6>}
INFO  [02:50:35.809] [mlr3] Calling train method of fallback 'regr.ranger' on task 'surrogate_task' with 153 observations {learner: <LearnerRegrRanger/LearnerRegr/Learner/R6>}
INFO  [02:50:36.661] [mlr3] Calling train method of fallback 'regr.ranger' on task 'surrogate_task' with 154 observations {learner: <LearnerRegrRanger/LearnerRegr/Learner/R6>}
INFO  [02:50:37.374] [mlr3] Calling train method of fallback 'regr.ranger' on task 'surrogate_task' with 155 observations {learner: <LearnerRegrRanger/LearnerRegr/Learner/R6>}
INFO  [02:50:38.192] [mlr3] Calling train method of fallback 'regr.ranger' on task 'surrogate_task' with 156 observations {learner: <LearnerRegrRanger/LearnerRegr/Learner/R6>}
INFO  [02:50:39.014] [mlr3] Calling train method of fallback 'regr.ranger' on task 'surrogate_task' with 157 observations {learner: <LearnerRegrRanger/LearnerRegr/Learner/R6>}
INFO  [02:50:39.808] [mlr3] Calling train method of fallback 'regr.ranger' on task 'surrogate_task' with 158 observations {learner: <LearnerRegrRanger/LearnerRegr/Learner/R6>}
INFO  [02:50:40.662] [mlr3] Calling train method of fallback 'regr.ranger' on task 'surrogate_task' with 159 observations {learner: <LearnerRegrRanger/LearnerRegr/Learner/R6>}
INFO  [02:50:41.491] [mlr3] Calling train method of fallback 'regr.ranger' on task 'surrogate_task' with 160 observations {learner: <LearnerRegrRanger/LearnerRegr/Learner/R6>}
INFO  [02:50:42.266] [mlr3] Calling train method of fallback 'regr.ranger' on task 'surrogate_task' with 161 observations {learner: <LearnerRegrRanger/LearnerRegr/Learner/R6>}
INFO  [02:50:43.891] 448 worker(s) running
INFO  [02:50:43.917] Results of 62 configuration(s):
INFO  [02:50:43.932]  classif.ce learning_rate num_leaves min_data_in_leaf feature_fraction
INFO  [02:50:43.932]       0.210  -0.113516036         47               19        0.6778035
INFO  [02:50:43.932]       0.220   0.000000000         44               19        0.7173763
INFO  [02:50:43.932]       0.218  -0.146594304         70               23        0.8846315
INFO  [02:50:43.932]       0.215  -0.078449753         58               94        0.1904947
INFO  [02:50:43.932]       0.214   0.000000000         50               19        0.7245903
INFO  [02:50:43.932]       0.209   0.000000000         34               13        0.2991399
INFO  [02:50:43.932]       0.214   0.000000000        214              178        0.7363856
INFO  [02:50:43.932]       0.246  -0.387763800         45              172        0.1668593
INFO  [02:50:43.932]       0.208  -0.451276513         21               23        0.7266269
INFO  [02:50:43.932]       0.218  -0.252136575         30               14        0.7044629
INFO  [02:50:43.932]       0.202  -0.092684739         49               28        0.6984048
INFO  [02:50:43.932]       0.233  -0.227728088         53               22        0.7193954
INFO  [02:50:43.932]       0.203  -0.344282357         47               23        0.7187547
INFO  [02:50:43.932]       0.235   0.000000000         49               30        0.5845819
INFO  [02:50:43.932]       0.206  -0.007705252         45               25        0.6788276
INFO  [02:50:43.932]       0.198  -0.067494944         21               28        0.6397055
INFO  [02:50:43.932]       0.213  -0.167142540         51               32        0.4652620
INFO  [02:50:43.932]       0.203   0.000000000        213               27        0.7031781
INFO  [02:50:43.932]       0.300  -6.127851936         19               29        0.6511763
INFO  [02:50:43.932]       0.221  -0.632997083         20               29        0.6419740
INFO  [02:50:43.932]       0.218  -0.051487310         10               42        0.6338019
INFO  [02:50:43.932]       0.223  -0.026334214         10               59        0.5541899
INFO  [02:50:43.932]       0.244   0.000000000        164                1        0.1983881
INFO  [02:50:43.932]       0.210   0.000000000         22               86        0.6397460
INFO  [02:50:43.932]       0.217   0.000000000        107               22        0.6803921
INFO  [02:50:43.932]       0.215  -0.145688409        135               28        0.6762748
INFO  [02:50:43.932]       0.214   0.000000000         21               24        0.6357264
INFO  [02:50:43.932]       0.207  -0.079568952         95               72        0.9616394
INFO  [02:50:43.932]       0.228   0.000000000         19               28        0.6482027
INFO  [02:50:43.932]       0.205  -0.128025376         10               27        0.6375201
INFO  [02:50:43.932]       0.219   0.000000000         21               25        0.4585835
INFO  [02:50:43.932]       0.210  -0.010842294         22               30        0.4133784
INFO  [02:50:43.932]       0.230   0.000000000        142               26        0.6376941
INFO  [02:50:43.932]       0.208  -0.070795775         21               27        0.6458775
INFO  [02:50:43.932]       0.217  -0.121224630        240              115        0.9958400
INFO  [02:50:43.932]       0.205  -0.057631696        143               31        0.6551874
INFO  [02:50:43.932]       0.205  -0.036589167         16               26        0.3204730
INFO  [02:50:43.932]       0.207  -0.070335036         10              160        0.6664371
INFO  [02:50:43.932]       0.231  -3.909302237         10               29        0.6526025
INFO  [02:50:43.932]       0.214   0.000000000         20               23        0.6411593
INFO  [02:50:43.932]       0.214  -0.075932278        197              182        0.6429793
INFO  [02:50:43.932]       0.226  -0.013714689        221               12        0.6128456
INFO  [02:50:43.932]       0.243  -3.786662676        213               28        0.4229771
INFO  [02:50:43.932]       0.221   0.000000000         21               28        0.6439232
INFO  [02:50:43.932]       0.220  -0.028214388         10              176        0.6373985
INFO  [02:50:43.932]       0.211  -1.493533482         17               28        0.6419574
INFO  [02:50:43.932]       0.231  -0.070996379         80               28        0.2997318
INFO  [02:50:43.932]       0.220  -0.125893122         20               26        0.2762575
INFO  [02:50:43.932]       0.211  -0.167213822         19               26        0.3063222
INFO  [02:50:43.932]       0.220  -0.057178631         24               16        0.4440152
INFO  [02:50:43.932]       0.300  -5.195230423        107               27        0.6396564
INFO  [02:50:43.932]       0.300  -5.177030401        221               27        0.7115366
INFO  [02:50:43.932]       0.219   0.000000000         25               28        0.3400696
INFO  [02:50:43.932]       0.230  -0.196530622         21               29        0.1754537
INFO  [02:50:43.932]       0.248  -2.234293825        230               27        0.6959029
INFO  [02:50:43.932]       0.205   0.000000000         10               27        0.6456083
INFO  [02:50:43.932]       0.215  -1.551017492         15               28        0.6387154
INFO  [02:50:43.932]       0.196  -0.355061675         20               30        0.6339216
INFO  [02:50:43.932]       0.208  -0.018062052        159               36        0.6388529
INFO  [02:50:43.932]       0.207  -0.037892767         10               80        0.6417312
INFO  [02:50:43.932]       0.209  -0.431714886         10               30        0.6117265
INFO  [02:50:43.932]       0.211  -0.359529523         20               36        0.5592276
INFO  [02:50:43.932]  classif.ce learning_rate num_leaves min_data_in_leaf feature_fraction
INFO  [02:50:43.932]  extra_trees  lambda_l1 lambda_l2 min_gain_to_split        timestamp_xs
INFO  [02:50:43.932]         TRUE -6.1111480 -5.967378         -6.207001 2026-09-10 02:49:57
INFO  [02:50:43.932]         TRUE -6.0271479 -5.938282         -6.375804 2026-09-10 02:49:58
INFO  [02:50:43.932]         TRUE -6.1852413 -6.189281         -6.115845 2026-09-10 02:49:59
INFO  [02:50:43.932]         TRUE -6.1257754 -6.043991         -6.164230 2026-09-10 02:49:59
INFO  [02:50:43.932]         TRUE -6.6256001 -5.417639         -2.897358 2026-09-10 02:50:00
INFO  [02:50:43.932]         TRUE -5.9710818 -1.876207         -6.178625 2026-09-10 02:50:01
INFO  [02:50:43.932]         TRUE -6.3491072 -5.959610         -6.257795 2026-09-10 02:50:01
INFO  [02:50:43.932]         TRUE -6.0160426 -5.990266         -6.505019 2026-09-10 02:50:02
INFO  [02:50:43.932]         TRUE -6.0078086 -6.070131         -6.185776 2026-09-10 02:50:03
INFO  [02:50:43.932]         TRUE -6.0813536 -2.179454         -2.998563 2026-09-10 02:50:03
INFO  [02:50:43.932]         TRUE -6.0464535 -6.157658         -5.804965 2026-09-10 02:50:04
INFO  [02:50:43.932]         TRUE -6.0238982  6.799393         -6.371855 2026-09-10 02:50:05
INFO  [02:50:43.932]         TRUE -5.9668317 -5.973379         -6.605499 2026-09-10 02:50:05
INFO  [02:50:43.932]        FALSE -6.2246213 -6.817416         -5.325919 2026-09-10 02:50:06
INFO  [02:50:43.932]         TRUE -6.0493315 -6.907755         -6.855578 2026-09-10 02:50:07
INFO  [02:50:43.932]         TRUE -5.9870777 -6.321915         -5.481332 2026-09-10 02:50:08
INFO  [02:50:43.932]         TRUE -6.0238982 -6.907755         -5.932176 2026-09-10 02:50:08
INFO  [02:50:43.932]         TRUE -6.0501901 -1.393271         -5.744620 2026-09-10 02:50:09
INFO  [02:50:43.932]         TRUE -5.9809259 -6.278738         -3.421626 2026-09-10 02:50:10
INFO  [02:50:43.932]        FALSE -6.3100122 -6.907755         -5.442170 2026-09-10 02:50:10
INFO  [02:50:43.932]        FALSE -6.3385566  1.445223         -5.476943 2026-09-10 02:50:11
INFO  [02:50:43.932]        FALSE -5.9825360  6.068540         -5.251282 2026-09-10 02:50:12
INFO  [02:50:43.932]         TRUE -5.9986605 -6.907755         -2.321815 2026-09-10 02:50:13
INFO  [02:50:43.932]         TRUE -5.6731778 -6.366028         -5.838765 2026-09-10 02:50:13
INFO  [02:50:43.932]         TRUE -6.0244021 -6.411841         -5.552400 2026-09-10 02:50:14
INFO  [02:50:43.932]         TRUE -6.0033773 -6.312560         -2.597628 2026-09-10 02:50:15
INFO  [02:50:43.932]         TRUE -5.9905089 -6.354740         -5.697886 2026-09-10 02:50:15
INFO  [02:50:43.932]         TRUE -5.9824190 -6.440118         -5.262056 2026-09-10 02:50:16
INFO  [02:50:43.932]         TRUE  0.6104575 -6.155101         -5.221234 2026-09-10 02:50:17
INFO  [02:50:43.932]         TRUE -5.9083067 -6.549594         -5.580540 2026-09-10 02:50:18
INFO  [02:50:43.932]         TRUE -5.9559543 -6.810348         -5.513474 2026-09-10 02:50:18
INFO  [02:50:43.932]         TRUE -6.1993320 -5.535838         -5.529008 2026-09-10 02:50:19
INFO  [02:50:43.932]         TRUE -5.9606752  6.907755         -5.617598 2026-09-10 02:50:20
INFO  [02:50:43.932]         TRUE -5.9525297 -6.514887         -4.416515 2026-09-10 02:50:21
INFO  [02:50:43.932]         TRUE -5.9829909 -6.193071         -5.487328 2026-09-10 02:50:21
INFO  [02:50:43.932]         TRUE -6.0920239 -1.937302         -5.500630 2026-09-10 02:50:22
INFO  [02:50:43.932]         TRUE -6.4044283 -6.227237         -5.433443 2026-09-10 02:50:23
INFO  [02:50:43.932]         TRUE -5.9846922 -6.309170         -5.115039 2026-09-10 02:50:24
INFO  [02:50:43.932]         TRUE -5.9929743 -6.356378         -5.545042 2026-09-10 02:50:24
INFO  [02:50:43.932]         TRUE -6.1391049 -6.481292         -3.933957 2026-09-10 02:50:25
INFO  [02:50:43.932]         TRUE -6.3542793 -6.306629         -5.485639 2026-09-10 02:50:26
INFO  [02:50:43.932]         TRUE -6.3041817 -6.338219         -5.358116 2026-09-10 02:50:26
INFO  [02:50:43.932]         TRUE -6.0778927 -1.594332         -6.834422 2026-09-10 02:50:27
INFO  [02:50:43.932]         TRUE -6.5826172  2.826583         -5.187420 2026-09-10 02:50:28
INFO  [02:50:43.932]         TRUE -6.1414540 -6.374131         -5.361021 2026-09-10 02:50:29
INFO  [02:50:43.932]         TRUE -6.5792149 -5.096546         -5.889303 2026-09-10 02:50:29
INFO  [02:50:43.932]         TRUE  1.1526808 -1.456144         -5.437716 2026-09-10 02:50:30
INFO  [02:50:43.932]         TRUE -5.9030209 -6.100969         -5.470882 2026-09-10 02:50:31
INFO  [02:50:43.932]         TRUE -5.9444411 -6.468670         -5.562682 2026-09-10 02:50:32
INFO  [02:50:43.932]         TRUE -6.1008488 -6.449585         -2.495515 2026-09-10 02:50:32
INFO  [02:50:43.932]         TRUE -6.7008062 -6.907755         -5.900236 2026-09-10 02:50:34
INFO  [02:50:43.932]         TRUE -6.0378665  4.231572         -5.478194 2026-09-10 02:50:34
INFO  [02:50:43.932]         TRUE -0.5961585 -6.457280         -5.512153 2026-09-10 02:50:35
INFO  [02:50:43.932]         TRUE -5.9589007  6.907755         -5.547579 2026-09-10 02:50:36
INFO  [02:50:43.932]         TRUE -5.9801092  5.498823         -6.799836 2026-09-10 02:50:37
INFO  [02:50:43.932]         TRUE -5.9566109 -5.415250         -5.494594 2026-09-10 02:50:38
INFO  [02:50:43.932]         TRUE -5.9655188 -6.359412         -4.978834 2026-09-10 02:50:38
INFO  [02:50:43.932]         TRUE -5.7135560 -6.335840         -5.470936 2026-09-10 02:50:39
INFO  [02:50:43.932]         TRUE -5.9472014 -6.907755         -3.543814 2026-09-10 02:50:40
INFO  [02:50:43.932]         TRUE -5.9429562 -6.302631         -4.708006 2026-09-10 02:50:41
INFO  [02:50:43.932]         TRUE -5.6063345 -6.302631         -6.340130 2026-09-10 02:50:42
INFO  [02:50:43.932]         TRUE -5.7251964 -6.907755         -5.448807 2026-09-10 02:50:42
INFO  [02:50:43.932]  extra_trees  lambda_l1 lambda_l2 min_gain_to_split        timestamp_xs
INFO  [02:50:43.932]         timestamp_ys                                worker_id runtime_learners
INFO  [02:50:43.932]  2026-09-10 02:49:58     curvy_asiansmallclawedotter_6137eeb8            0.564
INFO  [02:50:43.932]  2026-09-10 02:49:59            followable_bumblebee_99c0d9be            0.627
INFO  [02:50:43.932]  2026-09-10 02:50:00            prochurch_archerfish_169650cf            0.657
INFO  [02:50:43.932]  2026-09-10 02:50:00       operose_allensbigearedbat_d68c10ac            0.508
INFO  [02:50:43.932]  2026-09-10 02:50:01 secondrate_swallowtailbutterfly_2fa21a90            0.493
INFO  [02:50:43.932]  2026-09-10 02:50:02  kainophobic_uromastyxmaliensis_a504bc36            0.559
INFO  [02:50:43.932]  2026-09-10 02:50:02           unadverturesome_nyala_470b1798            0.501
INFO  [02:50:43.932]  2026-09-10 02:50:03    trypanophobic_snoutbutterfly_525866b7            0.532
INFO  [02:50:43.932]  2026-09-10 02:50:04                  patchy_narwhal_0f9b7709            0.708
INFO  [02:50:43.932]  2026-09-10 02:50:04                 coy_iriomotecat_c78db8f6            0.494
INFO  [02:50:43.932]  2026-09-10 02:50:05          gadgety_icelandichorse_e08cb3c5            0.538
INFO  [02:50:43.932]  2026-09-10 02:50:06                  patchy_narwhal_0f9b7709            0.548
INFO  [02:50:43.932]  2026-09-10 02:50:06             polished_equestrian_2f1d77e4            0.583
INFO  [02:50:43.932]  2026-09-10 02:50:07  kainophobic_uromastyxmaliensis_a504bc36            0.482
INFO  [02:50:43.932]  2026-09-10 02:50:08             actuarian_kusimanse_e3fc87c9            0.542
INFO  [02:50:43.932]  2026-09-10 02:50:08            ghastly_thoroughbred_c5617f09            0.493
INFO  [02:50:43.932]  2026-09-10 02:50:09          headstrong_snowleopard_f7ee34af            0.550
INFO  [02:50:43.932]  2026-09-10 02:50:10                   darkish_otter_153c6ef1            0.576
INFO  [02:50:43.932]  2026-09-10 02:50:11       decagonal_americanlobster_86752126            0.503
INFO  [02:50:43.932]  2026-09-10 02:50:11                  sealbrown_dodo_d4058b3e            0.608
INFO  [02:50:43.932]  2026-09-10 02:50:12        semimetallic_dromaeosaur_244e445e            0.531
INFO  [02:50:43.932]  2026-09-10 02:50:13                      shady_mara_c4409ef4            0.539
INFO  [02:50:43.932]  2026-09-10 02:50:14          protactium_stickleback_164d9d2b            0.434
INFO  [02:50:43.932]  2026-09-10 02:50:14              immoveable_skipper_5c7b93f3            0.518
INFO  [02:50:43.932]  2026-09-10 02:50:15                    dungy_coyote_88ee0e53            0.526
INFO  [02:50:43.932]  2026-09-10 02:50:16    dendriform_northerncardinals_94cb7e05            0.466
INFO  [02:50:43.932]  2026-09-10 02:50:16    clearheaded_admiralbutterfly_80d84a94            0.508
INFO  [02:50:43.932]  2026-09-10 02:50:17             polished_equestrian_2f1d77e4            0.475
INFO  [02:50:43.932]  2026-09-10 02:50:18                  rayon_bactrian_ea29a54c            0.406
INFO  [02:50:43.932]  2026-09-10 02:50:19                   miry_murrelet_04d6a6cd            0.565
INFO  [02:50:43.932]  2026-09-10 02:50:19           salaried_neonredguppy_c00225ca            0.512
INFO  [02:50:43.932]  2026-09-10 02:50:20                  dressy_roebuck_221b9a17            0.518
INFO  [02:50:43.932]  2026-09-10 02:50:21      roasted_neonbluehermitcrab_d31f6257            0.624
INFO  [02:50:43.932]  2026-09-10 02:50:22               crumbly_minibeast_bf7b7c34            0.501
INFO  [02:50:43.932]  2026-09-10 02:50:22                 witting_unicorn_38220d07            0.504
INFO  [02:50:43.932]  2026-09-10 02:50:23                    lumpy_sambar_ece66c56            0.554
INFO  [02:50:43.932]  2026-09-10 02:50:24                 sneaky_mudpuppy_d35171be            0.507
INFO  [02:50:43.932]  2026-09-10 02:50:25     colonisable_americanbittern_556dbe6f            0.523
INFO  [02:50:43.932]  2026-09-10 02:50:26                   abysmal_bluet_05c7a8dc            0.786
INFO  [02:50:43.932]  2026-09-10 02:50:26            terdekaphobia_feline_161532a6            0.549
INFO  [02:50:43.932]  2026-09-10 02:50:27               sedentary_cowbird_6b523756            0.458
INFO  [02:50:43.932]  2026-09-10 02:50:27        nonabsolutistic_incatern_75d986a1            0.588
INFO  [02:50:43.932]  2026-09-10 02:50:28   comparable_iberianmidwifetoad_8b2a13d8            0.745
INFO  [02:50:43.932]  2026-09-10 02:50:29              economical_abalone_7a659be4            0.565
INFO  [02:50:43.932]  2026-09-10 02:50:30           ceramic_senegalpython_a8c8eeaa            0.481
INFO  [02:50:43.932]  2026-09-10 02:50:30             confineable_haddock_f2a8efa5            0.550
INFO  [02:50:43.932]  2026-09-10 02:50:31               graphicial_roller_a9e7366e            0.421
INFO  [02:50:43.932]  2026-09-10 02:50:32                  rayon_bactrian_ea29a54c            0.440
INFO  [02:50:43.932]  2026-09-10 02:50:32   comparable_iberianmidwifetoad_8b2a13d8            0.552
INFO  [02:50:43.932]  2026-09-10 02:50:33             declinate_cockatiel_3fc1d7de            0.445
INFO  [02:50:43.932]  2026-09-10 02:50:35           gaudy_amethystgemclam_f0294b29            0.503
INFO  [02:50:43.932]  2026-09-10 02:50:35              condemnable_cuckoo_af8874d4            0.454
INFO  [02:50:43.932]  2026-09-10 02:50:36                  probable_mamba_c753d729            0.450
INFO  [02:50:43.932]  2026-09-10 02:50:37                 unlucky_caudata_ef7f3801            0.617
INFO  [02:50:43.932]  2026-09-10 02:50:38          componental_kookaburra_f7d3d4a4            0.701
INFO  [02:50:43.932]  2026-09-10 02:50:38           cockeyed_blackpanther_4b97c204            0.538
INFO  [02:50:43.932]  2026-09-10 02:50:39           ceramic_senegalpython_a8c8eeaa            0.508
INFO  [02:50:43.932]  2026-09-10 02:50:40                  ambery_gonolek_e5f3f3de            0.549
INFO  [02:50:43.932]  2026-09-10 02:50:41               embracive_rooster_c5144679            0.567
INFO  [02:50:43.932]  2026-09-10 02:50:41      roasted_neonbluehermitcrab_d31f6257            0.453
INFO  [02:50:43.932]  2026-09-10 02:50:42                 nonmoving_tayra_f03591e6            0.479
INFO  [02:50:43.932]  2026-09-10 02:50:43                    apparent_moa_26d75781            0.573
INFO  [02:50:43.932]         timestamp_ys                                worker_id runtime_learners
INFO  [02:50:43.932]  warnings errors internal_tuned_values    acq_cb timestamp_surrogate
INFO  [02:50:43.932]         0      0     num_iterations=21 -30.67477 2026-09-10 02:49:56
INFO  [02:50:43.932]         0      0     num_iterations=53 -30.48916 2026-09-10 02:49:57
INFO  [02:50:43.932]         0      0     num_iterations=26 -29.01465 2026-09-10 02:49:58
INFO  [02:50:43.932]         0      0     num_iterations=47 -25.03848 2026-09-10 02:49:59
INFO  [02:50:43.932]         0      0     num_iterations=17 -22.21737 2026-09-10 02:49:59
INFO  [02:50:43.932]         0      0     num_iterations=55 -20.68861 2026-09-10 02:50:00
INFO  [02:50:43.932]         0      0     num_iterations=40 -22.43150 2026-09-10 02:50:01
INFO  [02:50:43.932]         0      0     num_iterations=98 -21.12015 2026-09-10 02:50:01
INFO  [02:50:43.932]         0      0     num_iterations=68 -23.92486 2026-09-10 02:50:02
INFO  [02:50:43.932]         0      0     num_iterations=28 -21.19719 2026-09-10 02:50:03
INFO  [02:50:43.932]         0      0     num_iterations=23 -23.62678 2026-09-10 02:50:03
INFO  [02:50:43.932]         0      0     num_iterations=90 -23.18524 2026-09-10 02:50:04
INFO  [02:50:43.932]         0      0     num_iterations=38 -22.35046 2026-09-10 02:50:05
INFO  [02:50:43.932]         0      0     num_iterations=26 -24.69946 2026-09-10 02:50:05
INFO  [02:50:43.932]         0      0     num_iterations=25 -24.99327 2026-09-10 02:50:06
INFO  [02:50:43.932]         0      0     num_iterations=30 -24.21605 2026-09-10 02:50:07
INFO  [02:50:43.932]         0      0     num_iterations=52 -23.09120 2026-09-10 02:50:08
INFO  [02:50:43.932]         0      0     num_iterations=46 -21.35722 2026-09-10 02:50:08
INFO  [02:50:43.932]         0      0      num_iterations=1 -24.39678 2026-09-10 02:50:09
INFO  [02:50:43.932]         0      0     num_iterations=19 -23.90664 2026-09-10 02:50:10
INFO  [02:50:43.932]         0      0     num_iterations=28 -23.08558 2026-09-10 02:50:10
INFO  [02:50:43.932]         0      0     num_iterations=69 -23.30811 2026-09-10 02:50:11
INFO  [02:50:43.932]         0      0     num_iterations=33 -19.39781 2026-09-10 02:50:12
INFO  [02:50:43.932]         0      0     num_iterations=36 -15.35878 2026-09-10 02:50:13
INFO  [02:50:43.932]         0      0     num_iterations=20 -17.51854 2026-09-10 02:50:13
INFO  [02:50:43.932]         0      0     num_iterations=33 -20.58287 2026-09-10 02:50:14
INFO  [02:50:43.932]         0      0     num_iterations=15 -24.56634 2026-09-10 02:50:15
INFO  [02:50:43.932]         0      0     num_iterations=42 -20.02633 2026-09-10 02:50:15
INFO  [02:50:43.932]         0      0     num_iterations=25 -18.20980 2026-09-10 02:50:16
INFO  [02:50:43.932]         0      0     num_iterations=46 -20.88188 2026-09-10 02:50:17
INFO  [02:50:43.932]         0      0     num_iterations=29 -21.82498 2026-09-10 02:50:18
INFO  [02:50:43.932]         0      0     num_iterations=41 -15.54265 2026-09-10 02:50:18
INFO  [02:50:43.932]         0      0    num_iterations=113 -14.50173 2026-09-10 02:50:19
INFO  [02:50:43.932]         0      0     num_iterations=14 -18.83802 2026-09-10 02:50:20
INFO  [02:50:43.932]         0      0     num_iterations=26 -19.88290 2026-09-10 02:50:21
INFO  [02:50:43.932]         0      0     num_iterations=38 -15.12711 2026-09-10 02:50:21
INFO  [02:50:43.932]         0      0     num_iterations=41 -15.34931 2026-09-10 02:50:22
INFO  [02:50:43.932]         0      0     num_iterations=62 -20.07964 2026-09-10 02:50:23
INFO  [02:50:43.932]         0      0    num_iterations=154 -15.22853 2026-09-10 02:50:24
INFO  [02:50:43.932]         0      0     num_iterations=40 -13.26698 2026-09-10 02:50:24
INFO  [02:50:43.932]         0      0     num_iterations=50 -14.65226 2026-09-10 02:50:25
INFO  [02:50:43.932]         0      0     num_iterations=37 -15.46131 2026-09-10 02:50:26
INFO  [02:50:43.932]         0      0    num_iterations=139 -11.20651 2026-09-10 02:50:26
INFO  [02:50:43.932]         0      0     num_iterations=55 -14.14538 2026-09-10 02:50:27
INFO  [02:50:43.932]         0      0     num_iterations=46 -14.51461 2026-09-10 02:50:28
INFO  [02:50:43.932]         0      0     num_iterations=35 -11.92917 2026-09-10 02:50:29
INFO  [02:50:43.932]         0      0     num_iterations=38 -13.11587 2026-09-10 02:50:29
INFO  [02:50:43.932]         0      0     num_iterations=44 -16.10237 2026-09-10 02:50:30
INFO  [02:50:43.932]         0      0     num_iterations=65 -15.42670 2026-09-10 02:50:31
INFO  [02:50:43.932]         0      0     num_iterations=34 -15.12133 2026-09-10 02:50:32
INFO  [02:50:43.932]         0      0      num_iterations=1 -11.74041 2026-09-10 02:50:32
INFO  [02:50:43.932]         0      0      num_iterations=1 -10.91508 2026-09-10 02:50:34
INFO  [02:50:43.932]         0      0     num_iterations=25 -10.46373 2026-09-10 02:50:34
INFO  [02:50:43.932]         0      0    num_iterations=176 -11.81428 2026-09-10 02:50:35
INFO  [02:50:43.932]         0      0    num_iterations=144 -10.13335 2026-09-10 02:50:36
INFO  [02:50:43.932]         0      0     num_iterations=36 -14.93096 2026-09-10 02:50:37
INFO  [02:50:43.932]         0      0     num_iterations=57 -16.37122 2026-09-10 02:50:38
INFO  [02:50:43.932]         0      0     num_iterations=43 -13.92077 2026-09-10 02:50:38
INFO  [02:50:43.932]         0      0     num_iterations=56 -16.69605 2026-09-10 02:50:39
INFO  [02:50:43.932]         0      0     num_iterations=50 -14.67076 2026-09-10 02:50:40
INFO  [02:50:43.932]         0      0     num_iterations=30 -25.00632 2026-09-10 02:50:41
INFO  [02:50:43.932]         0      0     num_iterations=35 -26.82782 2026-09-10 02:50:42
INFO  [02:50:43.932]  warnings errors internal_tuned_values    acq_cb timestamp_surrogate
INFO  [02:50:43.932]  timestamp_acq_function timestamp_acq_optimizer      timestamp_loop
INFO  [02:50:43.932]     2026-09-10 02:49:57     2026-09-10 02:49:57 2026-09-10 02:49:57
INFO  [02:50:43.932]     2026-09-10 02:49:57     2026-09-10 02:49:57 2026-09-10 02:49:58
INFO  [02:50:43.932]     2026-09-10 02:49:58     2026-09-10 02:49:58 2026-09-10 02:49:59
INFO  [02:50:43.932]     2026-09-10 02:49:59     2026-09-10 02:49:59 2026-09-10 02:49:59
INFO  [02:50:43.932]     2026-09-10 02:49:59     2026-09-10 02:49:59 2026-09-10 02:50:00
INFO  [02:50:43.932]     2026-09-10 02:50:00     2026-09-10 02:50:00 2026-09-10 02:50:01
INFO  [02:50:43.932]     2026-09-10 02:50:01     2026-09-10 02:50:01 2026-09-10 02:50:01
INFO  [02:50:43.932]     2026-09-10 02:50:01     2026-09-10 02:50:01 2026-09-10 02:50:02
INFO  [02:50:43.932]     2026-09-10 02:50:02     2026-09-10 02:50:02 2026-09-10 02:50:03
INFO  [02:50:43.932]     2026-09-10 02:50:03     2026-09-10 02:50:03 2026-09-10 02:50:03
INFO  [02:50:43.932]     2026-09-10 02:50:03     2026-09-10 02:50:03 2026-09-10 02:50:04
INFO  [02:50:43.932]     2026-09-10 02:50:04     2026-09-10 02:50:04 2026-09-10 02:50:05
INFO  [02:50:43.932]     2026-09-10 02:50:05     2026-09-10 02:50:05 2026-09-10 02:50:05
INFO  [02:50:43.932]     2026-09-10 02:50:06     2026-09-10 02:50:06 2026-09-10 02:50:06
INFO  [02:50:43.932]     2026-09-10 02:50:06     2026-09-10 02:50:06 2026-09-10 02:50:07
INFO  [02:50:43.932]     2026-09-10 02:50:07     2026-09-10 02:50:07 2026-09-10 02:50:08
INFO  [02:50:43.932]     2026-09-10 02:50:08     2026-09-10 02:50:08 2026-09-10 02:50:08
INFO  [02:50:43.932]     2026-09-10 02:50:08     2026-09-10 02:50:08 2026-09-10 02:50:09
INFO  [02:50:43.932]     2026-09-10 02:50:09     2026-09-10 02:50:09 2026-09-10 02:50:10
INFO  [02:50:43.932]     2026-09-10 02:50:10     2026-09-10 02:50:10 2026-09-10 02:50:10
INFO  [02:50:43.932]     2026-09-10 02:50:11     2026-09-10 02:50:11 2026-09-10 02:50:11
INFO  [02:50:43.932]     2026-09-10 02:50:11     2026-09-10 02:50:11 2026-09-10 02:50:12
INFO  [02:50:43.932]     2026-09-10 02:50:12     2026-09-10 02:50:12 2026-09-10 02:50:13
INFO  [02:50:43.932]     2026-09-10 02:50:13     2026-09-10 02:50:13 2026-09-10 02:50:13
INFO  [02:50:43.932]     2026-09-10 02:50:13     2026-09-10 02:50:13 2026-09-10 02:50:14
INFO  [02:50:43.932]     2026-09-10 02:50:14     2026-09-10 02:50:14 2026-09-10 02:50:15
INFO  [02:50:43.932]     2026-09-10 02:50:15     2026-09-10 02:50:15 2026-09-10 02:50:15
INFO  [02:50:43.932]     2026-09-10 02:50:16     2026-09-10 02:50:16 2026-09-10 02:50:16
INFO  [02:50:43.932]     2026-09-10 02:50:16     2026-09-10 02:50:16 2026-09-10 02:50:17
INFO  [02:50:43.932]     2026-09-10 02:50:17     2026-09-10 02:50:17 2026-09-10 02:50:18
INFO  [02:50:43.932]     2026-09-10 02:50:18     2026-09-10 02:50:18 2026-09-10 02:50:18
INFO  [02:50:43.932]     2026-09-10 02:50:19     2026-09-10 02:50:19 2026-09-10 02:50:19
INFO  [02:50:43.932]     2026-09-10 02:50:19     2026-09-10 02:50:19 2026-09-10 02:50:20
INFO  [02:50:43.932]     2026-09-10 02:50:20     2026-09-10 02:50:20 2026-09-10 02:50:21
INFO  [02:50:43.932]     2026-09-10 02:50:21     2026-09-10 02:50:21 2026-09-10 02:50:21
INFO  [02:50:43.932]     2026-09-10 02:50:22     2026-09-10 02:50:22 2026-09-10 02:50:22
INFO  [02:50:43.932]     2026-09-10 02:50:22     2026-09-10 02:50:22 2026-09-10 02:50:23
INFO  [02:50:43.932]     2026-09-10 02:50:23     2026-09-10 02:50:23 2026-09-10 02:50:24
INFO  [02:50:43.932]     2026-09-10 02:50:24     2026-09-10 02:50:24 2026-09-10 02:50:24
INFO  [02:50:43.932]     2026-09-10 02:50:24     2026-09-10 02:50:24 2026-09-10 02:50:25
INFO  [02:50:43.932]     2026-09-10 02:50:25     2026-09-10 02:50:25 2026-09-10 02:50:26
INFO  [02:50:43.932]     2026-09-10 02:50:26     2026-09-10 02:50:26 2026-09-10 02:50:26
INFO  [02:50:43.932]     2026-09-10 02:50:27     2026-09-10 02:50:27 2026-09-10 02:50:27
INFO  [02:50:43.932]     2026-09-10 02:50:27     2026-09-10 02:50:27 2026-09-10 02:50:28
INFO  [02:50:43.932]     2026-09-10 02:50:28     2026-09-10 02:50:28 2026-09-10 02:50:29
INFO  [02:50:43.932]     2026-09-10 02:50:29     2026-09-10 02:50:29 2026-09-10 02:50:29
INFO  [02:50:43.932]     2026-09-10 02:50:30     2026-09-10 02:50:30 2026-09-10 02:50:30
INFO  [02:50:43.932]     2026-09-10 02:50:30     2026-09-10 02:50:30 2026-09-10 02:50:31
INFO  [02:50:43.932]     2026-09-10 02:50:31     2026-09-10 02:50:31 2026-09-10 02:50:32
INFO  [02:50:43.932]     2026-09-10 02:50:32     2026-09-10 02:50:32 2026-09-10 02:50:32
INFO  [02:50:43.932]     2026-09-10 02:50:33     2026-09-10 02:50:33 2026-09-10 02:50:34
INFO  [02:50:43.932]     2026-09-10 02:50:34     2026-09-10 02:50:34 2026-09-10 02:50:34
INFO  [02:50:43.932]     2026-09-10 02:50:35     2026-09-10 02:50:35 2026-09-10 02:50:35
INFO  [02:50:43.932]     2026-09-10 02:50:35     2026-09-10 02:50:35 2026-09-10 02:50:36
INFO  [02:50:43.932]     2026-09-10 02:50:36     2026-09-10 02:50:36 2026-09-10 02:50:37
INFO  [02:50:43.932]     2026-09-10 02:50:37     2026-09-10 02:50:37 2026-09-10 02:50:38
INFO  [02:50:43.932]     2026-09-10 02:50:38     2026-09-10 02:50:38 2026-09-10 02:50:38
INFO  [02:50:43.932]     2026-09-10 02:50:39     2026-09-10 02:50:39 2026-09-10 02:50:39
INFO  [02:50:43.932]     2026-09-10 02:50:39     2026-09-10 02:50:39 2026-09-10 02:50:40
INFO  [02:50:43.932]     2026-09-10 02:50:40     2026-09-10 02:50:40 2026-09-10 02:50:41
INFO  [02:50:43.932]     2026-09-10 02:50:41     2026-09-10 02:50:41 2026-09-10 02:50:42
INFO  [02:50:43.932]     2026-09-10 02:50:42     2026-09-10 02:50:42 2026-09-10 02:50:42
INFO  [02:50:43.932]  timestamp_acq_function timestamp_acq_optimizer      timestamp_loop
INFO  [02:50:44.114] [mlr3] Calling train method of fallback 'regr.ranger' on task 'surrogate_task' with 162 observations {learner: <LearnerRegrRanger/LearnerRegr/Learner/R6>}
INFO  [02:50:44.989] [mlr3] Calling train method of fallback 'regr.ranger' on task 'surrogate_task' with 163 observations {learner: <LearnerRegrRanger/LearnerRegr/Learner/R6>}
INFO  [02:50:45.758] [mlr3] Calling train method of fallback 'regr.ranger' on task 'surrogate_task' with 164 observations {learner: <LearnerRegrRanger/LearnerRegr/Learner/R6>}
INFO  [02:50:46.531] [mlr3] Calling train method of fallback 'regr.ranger' on task 'surrogate_task' with 165 observations {learner: <LearnerRegrRanger/LearnerRegr/Learner/R6>}
INFO  [02:50:47.288] [mlr3] Calling train method of fallback 'regr.ranger' on task 'surrogate_task' with 166 observations {learner: <LearnerRegrRanger/LearnerRegr/Learner/R6>}
INFO  [02:50:48.030] [mlr3] Calling train method of fallback 'regr.ranger' on task 'surrogate_task' with 167 observations {learner: <LearnerRegrRanger/LearnerRegr/Learner/R6>}
INFO  [02:50:48.826] [mlr3] Calling train method of fallback 'regr.ranger' on task 'surrogate_task' with 167 observations {learner: <LearnerRegrRanger/LearnerRegr/Learner/R6>}
INFO  [02:50:49.626] [mlr3] Calling train method of fallback 'regr.ranger' on task 'surrogate_task' with 169 observations {learner: <LearnerRegrRanger/LearnerRegr/Learner/R6>}
INFO  [02:50:50.359] [mlr3] Calling train method of fallback 'regr.ranger' on task 'surrogate_task' with 170 observations {learner: <LearnerRegrRanger/LearnerRegr/Learner/R6>}
INFO  [02:50:51.087] [mlr3] Calling train method of fallback 'regr.ranger' on task 'surrogate_task' with 171 observations {learner: <LearnerRegrRanger/LearnerRegr/Learner/R6>}
INFO  [02:50:51.896] [mlr3] Calling train method of fallback 'regr.ranger' on task 'surrogate_task' with 172 observations {learner: <LearnerRegrRanger/LearnerRegr/Learner/R6>}
INFO  [02:50:52.642] [mlr3] Calling train method of fallback 'regr.ranger' on task 'surrogate_task' with 173 observations {learner: <LearnerRegrRanger/LearnerRegr/Learner/R6>}
INFO  [02:50:53.420] [mlr3] Calling train method of fallback 'regr.ranger' on task 'surrogate_task' with 174 observations {learner: <LearnerRegrRanger/LearnerRegr/Learner/R6>}
INFO  [02:50:54.243] [mlr3] Calling train method of fallback 'regr.ranger' on task 'surrogate_task' with 174 observations {learner: <LearnerRegrRanger/LearnerRegr/Learner/R6>}
INFO  [02:50:54.927] [mlr3] Calling train method of fallback 'regr.ranger' on task 'surrogate_task' with 176 observations {learner: <LearnerRegrRanger/LearnerRegr/Learner/R6>}
INFO  [02:50:55.886] [mlr3] Calling train method of fallback 'regr.ranger' on task 'surrogate_task' with 177 observations {learner: <LearnerRegrRanger/LearnerRegr/Learner/R6>}
INFO  [02:50:56.719] [mlr3] Calling train method of fallback 'regr.ranger' on task 'surrogate_task' with 178 observations {learner: <LearnerRegrRanger/LearnerRegr/Learner/R6>}
INFO  [02:50:57.663] [mlr3] Calling train method of fallback 'regr.ranger' on task 'surrogate_task' with 179 observations {learner: <LearnerRegrRanger/LearnerRegr/Learner/R6>}
INFO  [02:50:58.498] [mlr3] Calling train method of fallback 'regr.ranger' on task 'surrogate_task' with 180 observations {learner: <LearnerRegrRanger/LearnerRegr/Learner/R6>}
INFO  [02:50:59.576] [mlr3] Calling train method of fallback 'regr.ranger' on task 'surrogate_task' with 181 observations {learner: <LearnerRegrRanger/LearnerRegr/Learner/R6>}
INFO  [02:51:00.566] [mlr3] Calling train method of fallback 'regr.ranger' on task 'surrogate_task' with 182 observations {learner: <LearnerRegrRanger/LearnerRegr/Learner/R6>}
INFO  [02:51:01.411] [mlr3] Calling train method of fallback 'regr.ranger' on task 'surrogate_task' with 183 observations {learner: <LearnerRegrRanger/LearnerRegr/Learner/R6>}
INFO  [02:51:02.275] [mlr3] Calling train method of fallback 'regr.ranger' on task 'surrogate_task' with 184 observations {learner: <LearnerRegrRanger/LearnerRegr/Learner/R6>}
INFO  [02:51:03.189] [mlr3] Calling train method of fallback 'regr.ranger' on task 'surrogate_task' with 185 observations {learner: <LearnerRegrRanger/LearnerRegr/Learner/R6>}
INFO  [02:51:03.980] [mlr3] Calling train method of fallback 'regr.ranger' on task 'surrogate_task' with 186 observations {learner: <LearnerRegrRanger/LearnerRegr/Learner/R6>}
INFO  [02:51:04.871] [mlr3] Calling train method of fallback 'regr.ranger' on task 'surrogate_task' with 187 observations {learner: <LearnerRegrRanger/LearnerRegr/Learner/R6>}
INFO  [02:51:05.739] [mlr3] Calling train method of fallback 'regr.ranger' on task 'surrogate_task' with 188 observations {learner: <LearnerRegrRanger/LearnerRegr/Learner/R6>}
INFO  [02:51:06.598] [mlr3] Calling train method of fallback 'regr.ranger' on task 'surrogate_task' with 189 observations {learner: <LearnerRegrRanger/LearnerRegr/Learner/R6>}
INFO  [02:51:07.544] [mlr3] Calling train method of fallback 'regr.ranger' on task 'surrogate_task' with 190 observations {learner: <LearnerRegrRanger/LearnerRegr/Learner/R6>}
INFO  [02:51:08.327] [mlr3] Calling train method of fallback 'regr.ranger' on task 'surrogate_task' with 191 observations {learner: <LearnerRegrRanger/LearnerRegr/Learner/R6>}
INFO  [02:51:09.173] [mlr3] Calling train method of fallback 'regr.ranger' on task 'surrogate_task' with 192 observations {learner: <LearnerRegrRanger/LearnerRegr/Learner/R6>}
INFO  [02:51:10.033] [mlr3] Calling train method of fallback 'regr.ranger' on task 'surrogate_task' with 193 observations {learner: <LearnerRegrRanger/LearnerRegr/Learner/R6>}
INFO  [02:51:10.840] [mlr3] Calling train method of fallback 'regr.ranger' on task 'surrogate_task' with 194 observations {learner: <LearnerRegrRanger/LearnerRegr/Learner/R6>}
INFO  [02:51:11.774] [mlr3] Calling train method of fallback 'regr.ranger' on task 'surrogate_task' with 195 observations {learner: <LearnerRegrRanger/LearnerRegr/Learner/R6>}
INFO  [02:51:12.589] [mlr3] Calling train method of fallback 'regr.ranger' on task 'surrogate_task' with 196 observations {learner: <LearnerRegrRanger/LearnerRegr/Learner/R6>}
INFO  [02:51:13.397] [mlr3] Calling train method of fallback 'regr.ranger' on task 'surrogate_task' with 197 observations {learner: <LearnerRegrRanger/LearnerRegr/Learner/R6>}
INFO  [02:51:14.248] [mlr3] Calling train method of fallback 'regr.ranger' on task 'surrogate_task' with 198 observations {learner: <LearnerRegrRanger/LearnerRegr/Learner/R6>}
INFO  [02:51:15.173] [mlr3] Calling train method of fallback 'regr.ranger' on task 'surrogate_task' with 199 observations {learner: <LearnerRegrRanger/LearnerRegr/Learner/R6>}
INFO  [02:51:15.963] [mlr3] Calling train method of fallback 'regr.ranger' on task 'surrogate_task' with 200 observations {learner: <LearnerRegrRanger/LearnerRegr/Learner/R6>}
INFO  [02:51:16.821] [mlr3] Calling train method of fallback 'regr.ranger' on task 'surrogate_task' with 201 observations {learner: <LearnerRegrRanger/LearnerRegr/Learner/R6>}
INFO  [02:51:17.692] [mlr3] Calling train method of fallback 'regr.ranger' on task 'surrogate_task' with 202 observations {learner: <LearnerRegrRanger/LearnerRegr/Learner/R6>}
INFO  [02:51:18.488] [mlr3] Calling train method of fallback 'regr.ranger' on task 'surrogate_task' with 203 observations {learner: <LearnerRegrRanger/LearnerRegr/Learner/R6>}
INFO  [02:51:19.393] [mlr3] Calling train method of fallback 'regr.ranger' on task 'surrogate_task' with 204 observations {learner: <LearnerRegrRanger/LearnerRegr/Learner/R6>}
INFO  [02:51:20.215] [mlr3] Calling train method of fallback 'regr.ranger' on task 'surrogate_task' with 205 observations {learner: <LearnerRegrRanger/LearnerRegr/Learner/R6>}
INFO  [02:51:21.087] [mlr3] Calling train method of fallback 'regr.ranger' on task 'surrogate_task' with 206 observations {learner: <LearnerRegrRanger/LearnerRegr/Learner/R6>}
INFO  [02:51:21.905] [mlr3] Calling train method of fallback 'regr.ranger' on task 'surrogate_task' with 207 observations {learner: <LearnerRegrRanger/LearnerRegr/Learner/R6>}
INFO  [02:51:22.789] [mlr3] Calling train method of fallback 'regr.ranger' on task 'surrogate_task' with 208 observations {learner: <LearnerRegrRanger/LearnerRegr/Learner/R6>}
INFO  [02:51:23.610] [mlr3] Calling train method of fallback 'regr.ranger' on task 'surrogate_task' with 209 observations {learner: <LearnerRegrRanger/LearnerRegr/Learner/R6>}
INFO  [02:51:24.418] [mlr3] Calling train method of fallback 'regr.ranger' on task 'surrogate_task' with 210 observations {learner: <LearnerRegrRanger/LearnerRegr/Learner/R6>}
INFO  [02:51:25.273] [mlr3] Calling train method of fallback 'regr.ranger' on task 'surrogate_task' with 211 observations {learner: <LearnerRegrRanger/LearnerRegr/Learner/R6>}
INFO  [02:51:26.141] [mlr3] Calling train method of fallback 'regr.ranger' on task 'surrogate_task' with 212 observations {learner: <LearnerRegrRanger/LearnerRegr/Learner/R6>}
INFO  [02:51:26.978] [mlr3] Calling train method of fallback 'regr.ranger' on task 'surrogate_task' with 213 observations {learner: <LearnerRegrRanger/LearnerRegr/Learner/R6>}
INFO  [02:51:27.912] [mlr3] Calling train method of fallback 'regr.ranger' on task 'surrogate_task' with 214 observations {learner: <LearnerRegrRanger/LearnerRegr/Learner/R6>}
INFO  [02:51:28.840] [mlr3] Calling train method of fallback 'regr.ranger' on task 'surrogate_task' with 215 observations {learner: <LearnerRegrRanger/LearnerRegr/Learner/R6>}
INFO  [02:51:29.637] [mlr3] Calling train method of fallback 'regr.ranger' on task 'surrogate_task' with 216 observations {learner: <LearnerRegrRanger/LearnerRegr/Learner/R6>}
INFO  [02:51:30.554] [mlr3] Calling train method of fallback 'regr.ranger' on task 'surrogate_task' with 217 observations {learner: <LearnerRegrRanger/LearnerRegr/Learner/R6>}
INFO  [02:51:31.479] [mlr3] Calling train method of fallback 'regr.ranger' on task 'surrogate_task' with 218 observations {learner: <LearnerRegrRanger/LearnerRegr/Learner/R6>}
INFO  [02:51:32.314] [mlr3] Calling train method of fallback 'regr.ranger' on task 'surrogate_task' with 219 observations {learner: <LearnerRegrRanger/LearnerRegr/Learner/R6>}
INFO  [02:51:33.244] [mlr3] Calling train method of fallback 'regr.ranger' on task 'surrogate_task' with 220 observations {learner: <LearnerRegrRanger/LearnerRegr/Learner/R6>}
INFO  [02:51:34.159] [mlr3] Calling train method of fallback 'regr.ranger' on task 'surrogate_task' with 221 observations {learner: <LearnerRegrRanger/LearnerRegr/Learner/R6>}
INFO  [02:51:34.986] [mlr3] Calling train method of fallback 'regr.ranger' on task 'surrogate_task' with 222 observations {learner: <LearnerRegrRanger/LearnerRegr/Learner/R6>}
INFO  [02:51:35.846] [mlr3] Calling train method of fallback 'regr.ranger' on task 'surrogate_task' with 223 observations {learner: <LearnerRegrRanger/LearnerRegr/Learner/R6>}
INFO  [02:51:36.824] [mlr3] Calling train method of fallback 'regr.ranger' on task 'surrogate_task' with 224 observations {learner: <LearnerRegrRanger/LearnerRegr/Learner/R6>}
INFO  [02:51:37.660] [mlr3] Calling train method of fallback 'regr.ranger' on task 'surrogate_task' with 225 observations {learner: <LearnerRegrRanger/LearnerRegr/Learner/R6>}
INFO  [02:51:38.582] [mlr3] Calling train method of fallback 'regr.ranger' on task 'surrogate_task' with 226 observations {learner: <LearnerRegrRanger/LearnerRegr/Learner/R6>}
INFO  [02:51:39.456] [mlr3] Calling train method of fallback 'regr.ranger' on task 'surrogate_task' with 227 observations {learner: <LearnerRegrRanger/LearnerRegr/Learner/R6>}
INFO  [02:51:40.319] [mlr3] Calling train method of fallback 'regr.ranger' on task 'surrogate_task' with 228 observations {learner: <LearnerRegrRanger/LearnerRegr/Learner/R6>}
INFO  [02:51:41.256] [mlr3] Calling train method of fallback 'regr.ranger' on task 'surrogate_task' with 229 observations {learner: <LearnerRegrRanger/LearnerRegr/Learner/R6>}
INFO  [02:51:42.176] [mlr3] Calling train method of fallback 'regr.ranger' on task 'surrogate_task' with 230 observations {learner: <LearnerRegrRanger/LearnerRegr/Learner/R6>}
INFO  [02:51:43.035] [mlr3] Calling train method of fallback 'regr.ranger' on task 'surrogate_task' with 231 observations {learner: <LearnerRegrRanger/LearnerRegr/Learner/R6>}
INFO  [02:51:43.869] [mlr3] Calling train method of fallback 'regr.ranger' on task 'surrogate_task' with 232 observations {learner: <LearnerRegrRanger/LearnerRegr/Learner/R6>}
INFO  [02:51:44.870] [mlr3] Calling train method of fallback 'regr.ranger' on task 'surrogate_task' with 233 observations {learner: <LearnerRegrRanger/LearnerRegr/Learner/R6>}
INFO  [02:51:45.718] [mlr3] Calling train method of fallback 'regr.ranger' on task 'surrogate_task' with 234 observations {learner: <LearnerRegrRanger/LearnerRegr/Learner/R6>}
INFO  [02:51:46.652] [mlr3] Calling train method of fallback 'regr.ranger' on task 'surrogate_task' with 235 observations {learner: <LearnerRegrRanger/LearnerRegr/Learner/R6>}
INFO  [02:51:47.606] [mlr3] Calling train method of fallback 'regr.ranger' on task 'surrogate_task' with 236 observations {learner: <LearnerRegrRanger/LearnerRegr/Learner/R6>}
INFO  [02:51:48.487] [mlr3] Calling train method of fallback 'regr.ranger' on task 'surrogate_task' with 237 observations {learner: <LearnerRegrRanger/LearnerRegr/Learner/R6>}
INFO  [02:51:49.380] [mlr3] Calling train method of fallback 'regr.ranger' on task 'surrogate_task' with 238 observations {learner: <LearnerRegrRanger/LearnerRegr/Learner/R6>}
INFO  [02:51:50.356] [mlr3] Calling train method of fallback 'regr.ranger' on task 'surrogate_task' with 239 observations {learner: <LearnerRegrRanger/LearnerRegr/Learner/R6>}
INFO  [02:51:51.205] [mlr3] Calling train method of fallback 'regr.ranger' on task 'surrogate_task' with 240 observations {learner: <LearnerRegrRanger/LearnerRegr/Learner/R6>}
INFO  [02:51:52.100] [mlr3] Calling train method of fallback 'regr.ranger' on task 'surrogate_task' with 241 observations {learner: <LearnerRegrRanger/LearnerRegr/Learner/R6>}
INFO  [02:51:52.998] [mlr3] Calling train method of fallback 'regr.ranger' on task 'surrogate_task' with 242 observations {learner: <LearnerRegrRanger/LearnerRegr/Learner/R6>}
INFO  [02:51:53.947] [mlr3] Calling train method of fallback 'regr.ranger' on task 'surrogate_task' with 243 observations {learner: <LearnerRegrRanger/LearnerRegr/Learner/R6>}
INFO  [02:51:54.817] [mlr3] Calling train method of fallback 'regr.ranger' on task 'surrogate_task' with 244 observations {learner: <LearnerRegrRanger/LearnerRegr/Learner/R6>}
INFO  [02:51:56.278] [mlr3] Calling train method of fallback 'regr.ranger' on task 'surrogate_task' with 245 observations {learner: <LearnerRegrRanger/LearnerRegr/Learner/R6>}
INFO  [02:51:57.186] [mlr3] Calling train method of fallback 'regr.ranger' on task 'surrogate_task' with 246 observations {learner: <LearnerRegrRanger/LearnerRegr/Learner/R6>}
INFO  [02:51:58.147] [mlr3] Calling train method of fallback 'regr.ranger' on task 'surrogate_task' with 247 observations {learner: <LearnerRegrRanger/LearnerRegr/Learner/R6>}
INFO  [02:51:59.064] [mlr3] Calling train method of fallback 'regr.ranger' on task 'surrogate_task' with 248 observations {learner: <LearnerRegrRanger/LearnerRegr/Learner/R6>}
INFO  [02:51:59.940] [mlr3] Calling train method of fallback 'regr.ranger' on task 'surrogate_task' with 249 observations {learner: <LearnerRegrRanger/LearnerRegr/Learner/R6>}
INFO  [02:52:00.847] [mlr3] Calling train method of fallback 'regr.ranger' on task 'surrogate_task' with 250 observations {learner: <LearnerRegrRanger/LearnerRegr/Learner/R6>}
INFO  [02:52:01.704] [mlr3] Calling train method of fallback 'regr.ranger' on task 'surrogate_task' with 251 observations {learner: <LearnerRegrRanger/LearnerRegr/Learner/R6>}
INFO  [02:52:02.551] [mlr3] Calling train method of fallback 'regr.ranger' on task 'surrogate_task' with 252 observations {learner: <LearnerRegrRanger/LearnerRegr/Learner/R6>}
INFO  [02:52:03.521] [mlr3] Calling train method of fallback 'regr.ranger' on task 'surrogate_task' with 253 observations {learner: <LearnerRegrRanger/LearnerRegr/Learner/R6>}
INFO  [02:52:04.458] [mlr3] Calling train method of fallback 'regr.ranger' on task 'surrogate_task' with 254 observations {learner: <LearnerRegrRanger/LearnerRegr/Learner/R6>}
INFO  [02:52:05.344] [mlr3] Calling train method of fallback 'regr.ranger' on task 'surrogate_task' with 255 observations {learner: <LearnerRegrRanger/LearnerRegr/Learner/R6>}
INFO  [02:52:06.291] [mlr3] Calling train method of fallback 'regr.ranger' on task 'surrogate_task' with 256 observations {learner: <LearnerRegrRanger/LearnerRegr/Learner/R6>}
INFO  [02:52:07.176] [mlr3] Calling train method of fallback 'regr.ranger' on task 'surrogate_task' with 257 observations {learner: <LearnerRegrRanger/LearnerRegr/Learner/R6>}
INFO  [02:52:08.137] [mlr3] Calling train method of fallback 'regr.ranger' on task 'surrogate_task' with 258 observations {learner: <LearnerRegrRanger/LearnerRegr/Learner/R6>}
INFO  [02:52:09.082] [mlr3] Calling train method of fallback 'regr.ranger' on task 'surrogate_task' with 259 observations {learner: <LearnerRegrRanger/LearnerRegr/Learner/R6>}
INFO  [02:52:10.007] [mlr3] Calling train method of fallback 'regr.ranger' on task 'surrogate_task' with 260 observations {learner: <LearnerRegrRanger/LearnerRegr/Learner/R6>}
INFO  [02:52:10.996] [mlr3] Calling train method of fallback 'regr.ranger' on task 'surrogate_task' with 261 observations {learner: <LearnerRegrRanger/LearnerRegr/Learner/R6>}
INFO  [02:52:11.970] [mlr3] Calling train method of fallback 'regr.ranger' on task 'surrogate_task' with 262 observations {learner: <LearnerRegrRanger/LearnerRegr/Learner/R6>}
INFO  [02:52:12.947] [mlr3] Calling train method of fallback 'regr.ranger' on task 'surrogate_task' with 263 observations {learner: <LearnerRegrRanger/LearnerRegr/Learner/R6>}
INFO  [02:52:13.850] [mlr3] Calling train method of fallback 'regr.ranger' on task 'surrogate_task' with 264 observations {learner: <LearnerRegrRanger/LearnerRegr/Learner/R6>}
INFO  [02:52:14.907] [mlr3] Calling train method of fallback 'regr.ranger' on task 'surrogate_task' with 265 observations {learner: <LearnerRegrRanger/LearnerRegr/Learner/R6>}
INFO  [02:52:15.833] [mlr3] Calling train method of fallback 'regr.ranger' on task 'surrogate_task' with 266 observations {learner: <LearnerRegrRanger/LearnerRegr/Learner/R6>}
INFO  [02:52:16.796] [mlr3] Calling train method of fallback 'regr.ranger' on task 'surrogate_task' with 267 observations {learner: <LearnerRegrRanger/LearnerRegr/Learner/R6>}
INFO  [02:52:17.719] [mlr3] Calling train method of fallback 'regr.ranger' on task 'surrogate_task' with 268 observations {learner: <LearnerRegrRanger/LearnerRegr/Learner/R6>}
INFO  [02:52:18.587] [mlr3] Calling train method of fallback 'regr.ranger' on task 'surrogate_task' with 269 observations {learner: <LearnerRegrRanger/LearnerRegr/Learner/R6>}
INFO  [02:52:19.546] [mlr3] Calling train method of fallback 'regr.ranger' on task 'surrogate_task' with 270 observations {learner: <LearnerRegrRanger/LearnerRegr/Learner/R6>}
INFO  [02:52:20.442] [mlr3] Calling train method of fallback 'regr.ranger' on task 'surrogate_task' with 271 observations {learner: <LearnerRegrRanger/LearnerRegr/Learner/R6>}
INFO  [02:52:21.299] [mlr3] Calling train method of fallback 'regr.ranger' on task 'surrogate_task' with 272 observations {learner: <LearnerRegrRanger/LearnerRegr/Learner/R6>}
INFO  [02:52:22.196] [mlr3] Calling train method of fallback 'regr.ranger' on task 'surrogate_task' with 273 observations {learner: <LearnerRegrRanger/LearnerRegr/Learner/R6>}
INFO  [02:52:23.109] [mlr3] Calling train method of fallback 'regr.ranger' on task 'surrogate_task' with 274 observations {learner: <LearnerRegrRanger/LearnerRegr/Learner/R6>}
INFO  [02:52:24.005] [mlr3] Calling train method of fallback 'regr.ranger' on task 'surrogate_task' with 275 observations {learner: <LearnerRegrRanger/LearnerRegr/Learner/R6>}
INFO  [02:52:24.920] [mlr3] Calling train method of fallback 'regr.ranger' on task 'surrogate_task' with 276 observations {learner: <LearnerRegrRanger/LearnerRegr/Learner/R6>}
INFO  [02:52:26.008] [mlr3] Calling train method of fallback 'regr.ranger' on task 'surrogate_task' with 277 observations {learner: <LearnerRegrRanger/LearnerRegr/Learner/R6>}
INFO  [02:52:26.898] [mlr3] Calling train method of fallback 'regr.ranger' on task 'surrogate_task' with 278 observations {learner: <LearnerRegrRanger/LearnerRegr/Learner/R6>}
INFO  [02:52:27.818] [mlr3] Calling train method of fallback 'regr.ranger' on task 'surrogate_task' with 279 observations {learner: <LearnerRegrRanger/LearnerRegr/Learner/R6>}
INFO  [02:52:28.753] [mlr3] Calling train method of fallback 'regr.ranger' on task 'surrogate_task' with 280 observations {learner: <LearnerRegrRanger/LearnerRegr/Learner/R6>}
INFO  [02:52:29.725] [mlr3] Calling train method of fallback 'regr.ranger' on task 'surrogate_task' with 281 observations {learner: <LearnerRegrRanger/LearnerRegr/Learner/R6>}
INFO  [02:52:30.719] [mlr3] Calling train method of fallback 'regr.ranger' on task 'surrogate_task' with 282 observations {learner: <LearnerRegrRanger/LearnerRegr/Learner/R6>}
INFO  [02:52:31.622] [mlr3] Calling train method of fallback 'regr.ranger' on task 'surrogate_task' with 283 observations {learner: <LearnerRegrRanger/LearnerRegr/Learner/R6>}
INFO  [02:52:32.545] [mlr3] Calling train method of fallback 'regr.ranger' on task 'surrogate_task' with 284 observations {learner: <LearnerRegrRanger/LearnerRegr/Learner/R6>}
INFO  [02:52:33.490] [mlr3] Calling train method of fallback 'regr.ranger' on task 'surrogate_task' with 285 observations {learner: <LearnerRegrRanger/LearnerRegr/Learner/R6>}
INFO  [02:52:34.361] [mlr3] Calling train method of fallback 'regr.ranger' on task 'surrogate_task' with 286 observations {learner: <LearnerRegrRanger/LearnerRegr/Learner/R6>}
INFO  [02:52:35.323] [mlr3] Calling train method of fallback 'regr.ranger' on task 'surrogate_task' with 287 observations {learner: <LearnerRegrRanger/LearnerRegr/Learner/R6>}
INFO  [02:52:36.195] [mlr3] Calling train method of fallback 'regr.ranger' on task 'surrogate_task' with 288 observations {learner: <LearnerRegrRanger/LearnerRegr/Learner/R6>}
INFO  [02:52:37.074] [mlr3] Calling train method of fallback 'regr.ranger' on task 'surrogate_task' with 289 observations {learner: <LearnerRegrRanger/LearnerRegr/Learner/R6>}
INFO  [02:52:37.939] [mlr3] Calling train method of fallback 'regr.ranger' on task 'surrogate_task' with 290 observations {learner: <LearnerRegrRanger/LearnerRegr/Learner/R6>}
INFO  [02:52:38.860] [mlr3] Calling train method of fallback 'regr.ranger' on task 'surrogate_task' with 291 observations {learner: <LearnerRegrRanger/LearnerRegr/Learner/R6>}
INFO  [02:52:39.806] [mlr3] Calling train method of fallback 'regr.ranger' on task 'surrogate_task' with 292 observations {learner: <LearnerRegrRanger/LearnerRegr/Learner/R6>}
INFO  [02:52:40.726] [mlr3] Calling train method of fallback 'regr.ranger' on task 'surrogate_task' with 293 observations {learner: <LearnerRegrRanger/LearnerRegr/Learner/R6>}
INFO  [02:52:41.566] [mlr3] Calling train method of fallback 'regr.ranger' on task 'surrogate_task' with 294 observations {learner: <LearnerRegrRanger/LearnerRegr/Learner/R6>}
INFO  [02:52:42.454] [mlr3] Calling train method of fallback 'regr.ranger' on task 'surrogate_task' with 295 observations {learner: <LearnerRegrRanger/LearnerRegr/Learner/R6>}
INFO  [02:52:43.386] [mlr3] Calling train method of fallback 'regr.ranger' on task 'surrogate_task' with 296 observations {learner: <LearnerRegrRanger/LearnerRegr/Learner/R6>}
INFO  [02:52:44.282] [mlr3] Calling train method of fallback 'regr.ranger' on task 'surrogate_task' with 297 observations {learner: <LearnerRegrRanger/LearnerRegr/Learner/R6>}
INFO  [02:52:45.170] [mlr3] Calling train method of fallback 'regr.ranger' on task 'surrogate_task' with 298 observations {learner: <LearnerRegrRanger/LearnerRegr/Learner/R6>}
INFO  [02:52:46.062] [mlr3] Calling train method of fallback 'regr.ranger' on task 'surrogate_task' with 299 observations {learner: <LearnerRegrRanger/LearnerRegr/Learner/R6>}
INFO  [02:52:46.952] [mlr3] Calling train method of fallback 'regr.ranger' on task 'surrogate_task' with 300 observations {learner: <LearnerRegrRanger/LearnerRegr/Learner/R6>}
INFO  [02:52:47.852] [mlr3] Calling train method of fallback 'regr.ranger' on task 'surrogate_task' with 301 observations {learner: <LearnerRegrRanger/LearnerRegr/Learner/R6>}
INFO  [02:52:48.772] [mlr3] Calling train method of fallback 'regr.ranger' on task 'surrogate_task' with 302 observations {learner: <LearnerRegrRanger/LearnerRegr/Learner/R6>}
INFO  [02:52:49.671] [mlr3] Calling train method of fallback 'regr.ranger' on task 'surrogate_task' with 303 observations {learner: <LearnerRegrRanger/LearnerRegr/Learner/R6>}
INFO  [02:52:50.599] [mlr3] Calling train method of fallback 'regr.ranger' on task 'surrogate_task' with 304 observations {learner: <LearnerRegrRanger/LearnerRegr/Learner/R6>}
INFO  [02:52:51.634] [mlr3] Calling train method of fallback 'regr.ranger' on task 'surrogate_task' with 305 observations {learner: <LearnerRegrRanger/LearnerRegr/Learner/R6>}
INFO  [02:52:52.520] [mlr3] Calling train method of fallback 'regr.ranger' on task 'surrogate_task' with 306 observations {learner: <LearnerRegrRanger/LearnerRegr/Learner/R6>}
INFO  [02:52:53.432] [mlr3] Calling train method of fallback 'regr.ranger' on task 'surrogate_task' with 307 observations {learner: <LearnerRegrRanger/LearnerRegr/Learner/R6>}
INFO  [02:52:54.440] [mlr3] Calling train method of fallback 'regr.ranger' on task 'surrogate_task' with 308 observations {learner: <LearnerRegrRanger/LearnerRegr/Learner/R6>}
INFO  [02:52:55.332] [mlr3] Calling train method of fallback 'regr.ranger' on task 'surrogate_task' with 309 observations {learner: <LearnerRegrRanger/LearnerRegr/Learner/R6>}
INFO  [02:52:56.292] [mlr3] Calling train method of fallback 'regr.ranger' on task 'surrogate_task' with 310 observations {learner: <LearnerRegrRanger/LearnerRegr/Learner/R6>}
INFO  [02:52:57.339] [mlr3] Calling train method of fallback 'regr.ranger' on task 'surrogate_task' with 311 observations {learner: <LearnerRegrRanger/LearnerRegr/Learner/R6>}
INFO  [02:52:58.247] [mlr3] Calling train method of fallback 'regr.ranger' on task 'surrogate_task' with 312 observations {learner: <LearnerRegrRanger/LearnerRegr/Learner/R6>}
INFO  [02:52:59.190] [mlr3] Calling train method of fallback 'regr.ranger' on task 'surrogate_task' with 313 observations {learner: <LearnerRegrRanger/LearnerRegr/Learner/R6>}
INFO  [02:53:00.119] [mlr3] Calling train method of fallback 'regr.ranger' on task 'surrogate_task' with 314 observations {learner: <LearnerRegrRanger/LearnerRegr/Learner/R6>}
INFO  [02:53:01.099] [mlr3] Calling train method of fallback 'regr.ranger' on task 'surrogate_task' with 315 observations {learner: <LearnerRegrRanger/LearnerRegr/Learner/R6>}
INFO  [02:53:02.093] [mlr3] Calling train method of fallback 'regr.ranger' on task 'surrogate_task' with 316 observations {learner: <LearnerRegrRanger/LearnerRegr/Learner/R6>}
INFO  [02:53:03.043] [mlr3] Calling train method of fallback 'regr.ranger' on task 'surrogate_task' with 317 observations {learner: <LearnerRegrRanger/LearnerRegr/Learner/R6>}
INFO  [02:53:04.057] [mlr3] Calling train method of fallback 'regr.ranger' on task 'surrogate_task' with 318 observations {learner: <LearnerRegrRanger/LearnerRegr/Learner/R6>}
INFO  [02:53:04.991] [mlr3] Calling train method of fallback 'regr.ranger' on task 'surrogate_task' with 319 observations {learner: <LearnerRegrRanger/LearnerRegr/Learner/R6>}
INFO  [02:53:05.912] [mlr3] Calling train method of fallback 'regr.ranger' on task 'surrogate_task' with 320 observations {learner: <LearnerRegrRanger/LearnerRegr/Learner/R6>}
INFO  [02:53:06.991] [mlr3] Calling train method of fallback 'regr.ranger' on task 'surrogate_task' with 321 observations {learner: <LearnerRegrRanger/LearnerRegr/Learner/R6>}
INFO  [02:53:07.892] [mlr3] Calling train method of fallback 'regr.ranger' on task 'surrogate_task' with 322 observations {learner: <LearnerRegrRanger/LearnerRegr/Learner/R6>}
INFO  [02:53:08.865] [mlr3] Calling train method of fallback 'regr.ranger' on task 'surrogate_task' with 323 observations {learner: <LearnerRegrRanger/LearnerRegr/Learner/R6>}
INFO  [02:53:09.929] [mlr3] Calling train method of fallback 'regr.ranger' on task 'surrogate_task' with 324 observations {learner: <LearnerRegrRanger/LearnerRegr/Learner/R6>}
INFO  [02:53:10.860] [mlr3] Calling train method of fallback 'regr.ranger' on task 'surrogate_task' with 325 observations {learner: <LearnerRegrRanger/LearnerRegr/Learner/R6>}
INFO  [02:53:11.869] [mlr3] Calling train method of fallback 'regr.ranger' on task 'surrogate_task' with 326 observations {learner: <LearnerRegrRanger/LearnerRegr/Learner/R6>}
INFO  [02:53:12.895] [mlr3] Calling train method of fallback 'regr.ranger' on task 'surrogate_task' with 327 observations {learner: <LearnerRegrRanger/LearnerRegr/Learner/R6>}
INFO  [02:53:13.811] [mlr3] Calling train method of fallback 'regr.ranger' on task 'surrogate_task' with 328 observations {learner: <LearnerRegrRanger/LearnerRegr/Learner/R6>}
INFO  [02:53:14.767] [mlr3] Calling train method of fallback 'regr.ranger' on task 'surrogate_task' with 329 observations {learner: <LearnerRegrRanger/LearnerRegr/Learner/R6>}
INFO  [02:53:15.668] [mlr3] Calling train method of fallback 'regr.ranger' on task 'surrogate_task' with 330 observations {learner: <LearnerRegrRanger/LearnerRegr/Learner/R6>}
INFO  [02:53:16.650] [mlr3] Calling train method of fallback 'regr.ranger' on task 'surrogate_task' with 331 observations {learner: <LearnerRegrRanger/LearnerRegr/Learner/R6>}
INFO  [02:53:17.615] [mlr3] Calling train method of fallback 'regr.ranger' on task 'surrogate_task' with 332 observations {learner: <LearnerRegrRanger/LearnerRegr/Learner/R6>}
INFO  [02:53:18.645] [mlr3] Calling train method of fallback 'regr.ranger' on task 'surrogate_task' with 333 observations {learner: <LearnerRegrRanger/LearnerRegr/Learner/R6>}
INFO  [02:53:19.603] [mlr3] Calling train method of fallback 'regr.ranger' on task 'surrogate_task' with 334 observations {learner: <LearnerRegrRanger/LearnerRegr/Learner/R6>}
INFO  [02:53:20.589] [mlr3] Calling train method of fallback 'regr.ranger' on task 'surrogate_task' with 335 observations {learner: <LearnerRegrRanger/LearnerRegr/Learner/R6>}
INFO  [02:53:21.547] [mlr3] Calling train method of fallback 'regr.ranger' on task 'surrogate_task' with 336 observations {learner: <LearnerRegrRanger/LearnerRegr/Learner/R6>}
INFO  [02:53:22.528] [mlr3] Calling train method of fallback 'regr.ranger' on task 'surrogate_task' with 337 observations {learner: <LearnerRegrRanger/LearnerRegr/Learner/R6>}
INFO  [02:53:23.596] [mlr3] Calling train method of fallback 'regr.ranger' on task 'surrogate_task' with 338 observations {learner: <LearnerRegrRanger/LearnerRegr/Learner/R6>}
INFO  [02:53:24.540] [mlr3] Calling train method of fallback 'regr.ranger' on task 'surrogate_task' with 339 observations {learner: <LearnerRegrRanger/LearnerRegr/Learner/R6>}
INFO  [02:53:25.469] [mlr3] Calling train method of fallback 'regr.ranger' on task 'surrogate_task' with 340 observations {learner: <LearnerRegrRanger/LearnerRegr/Learner/R6>}
INFO  [02:53:26.443] [mlr3] Calling train method of fallback 'regr.ranger' on task 'surrogate_task' with 341 observations {learner: <LearnerRegrRanger/LearnerRegr/Learner/R6>}
INFO  [02:53:27.588] [mlr3] Calling train method of fallback 'regr.ranger' on task 'surrogate_task' with 342 observations {learner: <LearnerRegrRanger/LearnerRegr/Learner/R6>}
INFO  [02:53:28.537] [mlr3] Calling train method of fallback 'regr.ranger' on task 'surrogate_task' with 343 observations {learner: <LearnerRegrRanger/LearnerRegr/Learner/R6>}
INFO  [02:53:29.519] [mlr3] Calling train method of fallback 'regr.ranger' on task 'surrogate_task' with 343 observations {learner: <LearnerRegrRanger/LearnerRegr/Learner/R6>}
INFO  [02:53:30.472] [mlr3] Calling train method of fallback 'regr.ranger' on task 'surrogate_task' with 345 observations {learner: <LearnerRegrRanger/LearnerRegr/Learner/R6>}
INFO  [02:53:31.418] [mlr3] Calling train method of fallback 'regr.ranger' on task 'surrogate_task' with 346 observations {learner: <LearnerRegrRanger/LearnerRegr/Learner/R6>}
INFO  [02:53:32.484] [mlr3] Calling train method of fallback 'regr.ranger' on task 'surrogate_task' with 347 observations {learner: <LearnerRegrRanger/LearnerRegr/Learner/R6>}
INFO  [02:53:33.485] [mlr3] Calling train method of fallback 'regr.ranger' on task 'surrogate_task' with 347 observations {learner: <LearnerRegrRanger/LearnerRegr/Learner/R6>}
INFO  [02:53:34.579] [mlr3] Calling train method of fallback 'regr.ranger' on task 'surrogate_task' with 349 observations {learner: <LearnerRegrRanger/LearnerRegr/Learner/R6>}
INFO  [02:53:35.616] [mlr3] Calling train method of fallback 'regr.ranger' on task 'surrogate_task' with 350 observations {learner: <LearnerRegrRanger/LearnerRegr/Learner/R6>}
INFO  [02:53:36.655] [mlr3] Calling train method of fallback 'regr.ranger' on task 'surrogate_task' with 351 observations {learner: <LearnerRegrRanger/LearnerRegr/Learner/R6>}
INFO  [02:53:37.769] [mlr3] Calling train method of fallback 'regr.ranger' on task 'surrogate_task' with 352 observations {learner: <LearnerRegrRanger/LearnerRegr/Learner/R6>}
INFO  [02:53:38.938] [mlr3] Calling train method of fallback 'regr.ranger' on task 'surrogate_task' with 353 observations {learner: <LearnerRegrRanger/LearnerRegr/Learner/R6>}
INFO  [02:53:39.990] [mlr3] Calling train method of fallback 'regr.ranger' on task 'surrogate_task' with 354 observations {learner: <LearnerRegrRanger/LearnerRegr/Learner/R6>}
INFO  [02:53:41.131] [mlr3] Calling train method of fallback 'regr.ranger' on task 'surrogate_task' with 355 observations {learner: <LearnerRegrRanger/LearnerRegr/Learner/R6>}
INFO  [02:53:42.319] [mlr3] Calling train method of fallback 'regr.ranger' on task 'surrogate_task' with 356 observations {learner: <LearnerRegrRanger/LearnerRegr/Learner/R6>}
INFO  [02:53:43.375] [mlr3] Calling train method of fallback 'regr.ranger' on task 'surrogate_task' with 357 observations {learner: <LearnerRegrRanger/LearnerRegr/Learner/R6>}
INFO  [02:53:44.445] [mlr3] Calling train method of fallback 'regr.ranger' on task 'surrogate_task' with 358 observations {learner: <LearnerRegrRanger/LearnerRegr/Learner/R6>}
INFO  [02:53:45.530] [mlr3] Calling train method of fallback 'regr.ranger' on task 'surrogate_task' with 359 observations {learner: <LearnerRegrRanger/LearnerRegr/Learner/R6>}
INFO  [02:53:46.632] [mlr3] Calling train method of fallback 'regr.ranger' on task 'surrogate_task' with 360 observations {learner: <LearnerRegrRanger/LearnerRegr/Learner/R6>}
INFO  [02:53:47.717] [mlr3] Calling train method of fallback 'regr.ranger' on task 'surrogate_task' with 361 observations {learner: <LearnerRegrRanger/LearnerRegr/Learner/R6>}
INFO  [02:53:48.708] [mlr3] Calling train method of fallback 'regr.ranger' on task 'surrogate_task' with 362 observations {learner: <LearnerRegrRanger/LearnerRegr/Learner/R6>}
INFO  [02:53:49.763] [mlr3] Calling train method of fallback 'regr.ranger' on task 'surrogate_task' with 363 observations {learner: <LearnerRegrRanger/LearnerRegr/Learner/R6>}
INFO  [02:53:50.801] [mlr3] Calling train method of fallback 'regr.ranger' on task 'surrogate_task' with 364 observations {learner: <LearnerRegrRanger/LearnerRegr/Learner/R6>}
INFO  [02:53:51.802] [mlr3] Calling train method of fallback 'regr.ranger' on task 'surrogate_task' with 365 observations {learner: <LearnerRegrRanger/LearnerRegr/Learner/R6>}
INFO  [02:53:52.905] [mlr3] Calling train method of fallback 'regr.ranger' on task 'surrogate_task' with 366 observations {learner: <LearnerRegrRanger/LearnerRegr/Learner/R6>}
INFO  [02:53:53.948] [mlr3] Calling train method of fallback 'regr.ranger' on task 'surrogate_task' with 367 observations {learner: <LearnerRegrRanger/LearnerRegr/Learner/R6>}
INFO  [02:53:54.964] [mlr3] Calling train method of fallback 'regr.ranger' on task 'surrogate_task' with 368 observations {learner: <LearnerRegrRanger/LearnerRegr/Learner/R6>}
INFO  [02:53:56.065] [mlr3] Calling train method of fallback 'regr.ranger' on task 'surrogate_task' with 369 observations {learner: <LearnerRegrRanger/LearnerRegr/Learner/R6>}
INFO  [02:53:57.181] [mlr3] Calling train method of fallback 'regr.ranger' on task 'surrogate_task' with 370 observations {learner: <LearnerRegrRanger/LearnerRegr/Learner/R6>}
INFO  [02:53:58.202] [mlr3] Calling train method of fallback 'regr.ranger' on task 'surrogate_task' with 371 observations {learner: <LearnerRegrRanger/LearnerRegr/Learner/R6>}
INFO  [02:53:59.305] [mlr3] Calling train method of fallback 'regr.ranger' on task 'surrogate_task' with 372 observations {learner: <LearnerRegrRanger/LearnerRegr/Learner/R6>}
INFO  [02:54:00.405] [mlr3] Calling train method of fallback 'regr.ranger' on task 'surrogate_task' with 372 observations {learner: <LearnerRegrRanger/LearnerRegr/Learner/R6>}
INFO  [02:54:01.602] [mlr3] Calling train method of fallback 'regr.ranger' on task 'surrogate_task' with 374 observations {learner: <LearnerRegrRanger/LearnerRegr/Learner/R6>}
INFO  [02:54:02.627] [mlr3] Calling train method of fallback 'regr.ranger' on task 'surrogate_task' with 375 observations {learner: <LearnerRegrRanger/LearnerRegr/Learner/R6>}
INFO  [02:54:03.804] [mlr3] Calling train method of fallback 'regr.ranger' on task 'surrogate_task' with 376 observations {learner: <LearnerRegrRanger/LearnerRegr/Learner/R6>}
INFO  [02:54:04.826] [mlr3] Calling train method of fallback 'regr.ranger' on task 'surrogate_task' with 377 observations {learner: <LearnerRegrRanger/LearnerRegr/Learner/R6>}
INFO  [02:54:05.951] [mlr3] Calling train method of fallback 'regr.ranger' on task 'surrogate_task' with 378 observations {learner: <LearnerRegrRanger/LearnerRegr/Learner/R6>}
INFO  [02:54:07.059] [mlr3] Calling train method of fallback 'regr.ranger' on task 'surrogate_task' with 379 observations {learner: <LearnerRegrRanger/LearnerRegr/Learner/R6>}
INFO  [02:54:08.132] [mlr3] Calling train method of fallback 'regr.ranger' on task 'surrogate_task' with 380 observations {learner: <LearnerRegrRanger/LearnerRegr/Learner/R6>}
INFO  [02:54:09.229] [mlr3] Calling train method of fallback 'regr.ranger' on task 'surrogate_task' with 381 observations {learner: <LearnerRegrRanger/LearnerRegr/Learner/R6>}
INFO  [02:54:10.285] [mlr3] Calling train method of fallback 'regr.ranger' on task 'surrogate_task' with 382 observations {learner: <LearnerRegrRanger/LearnerRegr/Learner/R6>}
INFO  [02:54:11.362] [mlr3] Calling train method of fallback 'regr.ranger' on task 'surrogate_task' with 383 observations {learner: <LearnerRegrRanger/LearnerRegr/Learner/R6>}
INFO  [02:54:12.497] [mlr3] Calling train method of fallback 'regr.ranger' on task 'surrogate_task' with 384 observations {learner: <LearnerRegrRanger/LearnerRegr/Learner/R6>}
INFO  [02:54:13.561] [mlr3] Calling train method of fallback 'regr.ranger' on task 'surrogate_task' with 385 observations {learner: <LearnerRegrRanger/LearnerRegr/Learner/R6>}
INFO  [02:54:14.689] [mlr3] Calling train method of fallback 'regr.ranger' on task 'surrogate_task' with 386 observations {learner: <LearnerRegrRanger/LearnerRegr/Learner/R6>}
INFO  [02:54:15.838] [mlr3] Calling train method of fallback 'regr.ranger' on task 'surrogate_task' with 387 observations {learner: <LearnerRegrRanger/LearnerRegr/Learner/R6>}
INFO  [02:54:16.940] [mlr3] Calling train method of fallback 'regr.ranger' on task 'surrogate_task' with 388 observations {learner: <LearnerRegrRanger/LearnerRegr/Learner/R6>}
INFO  [02:54:18.101] [mlr3] Calling train method of fallback 'regr.ranger' on task 'surrogate_task' with 389 observations {learner: <LearnerRegrRanger/LearnerRegr/Learner/R6>}
INFO  [02:54:19.264] [mlr3] Calling train method of fallback 'regr.ranger' on task 'surrogate_task' with 390 observations {learner: <LearnerRegrRanger/LearnerRegr/Learner/R6>}
INFO  [02:54:20.332] [mlr3] Calling train method of fallback 'regr.ranger' on task 'surrogate_task' with 391 observations {learner: <LearnerRegrRanger/LearnerRegr/Learner/R6>}
INFO  [02:54:21.427] [mlr3] Calling train method of fallback 'regr.ranger' on task 'surrogate_task' with 392 observations {learner: <LearnerRegrRanger/LearnerRegr/Learner/R6>}
INFO  [02:54:22.586] [mlr3] Calling train method of fallback 'regr.ranger' on task 'surrogate_task' with 393 observations {learner: <LearnerRegrRanger/LearnerRegr/Learner/R6>}
INFO  [02:54:23.703] [mlr3] Calling train method of fallback 'regr.ranger' on task 'surrogate_task' with 394 observations {learner: <LearnerRegrRanger/LearnerRegr/Learner/R6>}
INFO  [02:54:24.860] [mlr3] Calling train method of fallback 'regr.ranger' on task 'surrogate_task' with 395 observations {learner: <LearnerRegrRanger/LearnerRegr/Learner/R6>}
INFO  [02:54:26.006] [mlr3] Calling train method of fallback 'regr.ranger' on task 'surrogate_task' with 396 observations {learner: <LearnerRegrRanger/LearnerRegr/Learner/R6>}
INFO  [02:54:27.103] [mlr3] Calling train method of fallback 'regr.ranger' on task 'surrogate_task' with 397 observations {learner: <LearnerRegrRanger/LearnerRegr/Learner/R6>}
INFO  [02:54:28.202] [mlr3] Calling train method of fallback 'regr.ranger' on task 'surrogate_task' with 398 observations {learner: <LearnerRegrRanger/LearnerRegr/Learner/R6>}
INFO  [02:54:29.316] [mlr3] Calling train method of fallback 'regr.ranger' on task 'surrogate_task' with 399 observations {learner: <LearnerRegrRanger/LearnerRegr/Learner/R6>}
INFO  [02:54:30.422] [mlr3] Calling train method of fallback 'regr.ranger' on task 'surrogate_task' with 400 observations {learner: <LearnerRegrRanger/LearnerRegr/Learner/R6>}
INFO  [02:54:31.845] [mlr3] Calling train method of fallback 'regr.ranger' on task 'surrogate_task' with 401 observations {learner: <LearnerRegrRanger/LearnerRegr/Learner/R6>}
INFO  [02:54:33.018] [mlr3] Calling train method of fallback 'regr.ranger' on task 'surrogate_task' with 402 observations {learner: <LearnerRegrRanger/LearnerRegr/Learner/R6>}
INFO  [02:54:34.102] [mlr3] Calling train method of fallback 'regr.ranger' on task 'surrogate_task' with 403 observations {learner: <LearnerRegrRanger/LearnerRegr/Learner/R6>}
INFO  [02:54:35.246] [mlr3] Calling train method of fallback 'regr.ranger' on task 'surrogate_task' with 404 observations {learner: <LearnerRegrRanger/LearnerRegr/Learner/R6>}
INFO  [02:54:36.356] [mlr3] Calling train method of fallback 'regr.ranger' on task 'surrogate_task' with 405 observations {learner: <LearnerRegrRanger/LearnerRegr/Learner/R6>}
INFO  [02:54:37.476] [mlr3] Calling train method of fallback 'regr.ranger' on task 'surrogate_task' with 406 observations {learner: <LearnerRegrRanger/LearnerRegr/Learner/R6>}
INFO  [02:54:38.992] [mlr3] Calling train method of fallback 'regr.ranger' on task 'surrogate_task' with 407 observations {learner: <LearnerRegrRanger/LearnerRegr/Learner/R6>}
INFO  [02:54:40.160] [mlr3] Calling train method of fallback 'regr.ranger' on task 'surrogate_task' with 408 observations {learner: <LearnerRegrRanger/LearnerRegr/Learner/R6>}
INFO  [02:54:41.242] [mlr3] Calling train method of fallback 'regr.ranger' on task 'surrogate_task' with 408 observations {learner: <LearnerRegrRanger/LearnerRegr/Learner/R6>}
INFO  [02:54:42.466] [mlr3] Calling train method of fallback 'regr.ranger' on task 'surrogate_task' with 410 observations {learner: <LearnerRegrRanger/LearnerRegr/Learner/R6>}
INFO  [02:54:43.501] [mlr3] Calling train method of fallback 'regr.ranger' on task 'surrogate_task' with 411 observations {learner: <LearnerRegrRanger/LearnerRegr/Learner/R6>}
INFO  [02:54:44.665] [mlr3] Calling train method of fallback 'regr.ranger' on task 'surrogate_task' with 412 observations {learner: <LearnerRegrRanger/LearnerRegr/Learner/R6>}
INFO  [02:54:45.763] [mlr3] Calling train method of fallback 'regr.ranger' on task 'surrogate_task' with 413 observations {learner: <LearnerRegrRanger/LearnerRegr/Learner/R6>}
INFO  [02:54:46.898] [mlr3] Calling train method of fallback 'regr.ranger' on task 'surrogate_task' with 414 observations {learner: <LearnerRegrRanger/LearnerRegr/Learner/R6>}
INFO  [02:54:48.058] [mlr3] Calling train method of fallback 'regr.ranger' on task 'surrogate_task' with 414 observations {learner: <LearnerRegrRanger/LearnerRegr/Learner/R6>}
INFO  [02:54:49.199] [mlr3] Calling train method of fallback 'regr.ranger' on task 'surrogate_task' with 416 observations {learner: <LearnerRegrRanger/LearnerRegr/Learner/R6>}
INFO  [02:54:50.366] [mlr3] Calling train method of fallback 'regr.ranger' on task 'surrogate_task' with 417 observations {learner: <LearnerRegrRanger/LearnerRegr/Learner/R6>}
INFO  [02:54:51.565] [mlr3] Calling train method of fallback 'regr.ranger' on task 'surrogate_task' with 418 observations {learner: <LearnerRegrRanger/LearnerRegr/Learner/R6>}
INFO  [02:54:52.619] [mlr3] Calling train method of fallback 'regr.ranger' on task 'surrogate_task' with 419 observations {learner: <LearnerRegrRanger/LearnerRegr/Learner/R6>}
INFO  [02:54:53.760] [mlr3] Calling train method of fallback 'regr.ranger' on task 'surrogate_task' with 420 observations {learner: <LearnerRegrRanger/LearnerRegr/Learner/R6>}
INFO  [02:54:54.968] [mlr3] Calling train method of fallback 'regr.ranger' on task 'surrogate_task' with 421 observations {learner: <LearnerRegrRanger/LearnerRegr/Learner/R6>}
INFO  [02:54:56.060] [mlr3] Calling train method of fallback 'regr.ranger' on task 'surrogate_task' with 422 observations {learner: <LearnerRegrRanger/LearnerRegr/Learner/R6>}
INFO  [02:54:57.286] [mlr3] Calling train method of fallback 'regr.ranger' on task 'surrogate_task' with 422 observations {learner: <LearnerRegrRanger/LearnerRegr/Learner/R6>}
INFO  [02:54:58.513] [mlr3] Calling train method of fallback 'regr.ranger' on task 'surrogate_task' with 424 observations {learner: <LearnerRegrRanger/LearnerRegr/Learner/R6>}
INFO  [02:54:59.602] [mlr3] Calling train method of fallback 'regr.ranger' on task 'surrogate_task' with 425 observations {learner: <LearnerRegrRanger/LearnerRegr/Learner/R6>}
INFO  [02:55:00.740] [mlr3] Calling train method of fallback 'regr.ranger' on task 'surrogate_task' with 426 observations {learner: <LearnerRegrRanger/LearnerRegr/Learner/R6>}
INFO  [02:55:01.918] [mlr3] Calling train method of fallback 'regr.ranger' on task 'surrogate_task' with 427 observations {learner: <LearnerRegrRanger/LearnerRegr/Learner/R6>}
INFO  [02:55:02.996] [mlr3] Calling train method of fallback 'regr.ranger' on task 'surrogate_task' with 428 observations {learner: <LearnerRegrRanger/LearnerRegr/Learner/R6>}
INFO  [02:55:04.220] [mlr3] Calling train method of fallback 'regr.ranger' on task 'surrogate_task' with 429 observations {learner: <LearnerRegrRanger/LearnerRegr/Learner/R6>}
INFO  [02:55:05.417] [mlr3] Calling train method of fallback 'regr.ranger' on task 'surrogate_task' with 430 observations {learner: <LearnerRegrRanger/LearnerRegr/Learner/R6>}
INFO  [02:55:06.512] [mlr3] Calling train method of fallback 'regr.ranger' on task 'surrogate_task' with 431 observations {learner: <LearnerRegrRanger/LearnerRegr/Learner/R6>}
INFO  [02:55:07.610] [mlr3] Calling train method of fallback 'regr.ranger' on task 'surrogate_task' with 432 observations {learner: <LearnerRegrRanger/LearnerRegr/Learner/R6>}
INFO  [02:55:08.783] [mlr3] Calling train method of fallback 'regr.ranger' on task 'surrogate_task' with 433 observations {learner: <LearnerRegrRanger/LearnerRegr/Learner/R6>}
INFO  [02:55:09.883] [mlr3] Calling train method of fallback 'regr.ranger' on task 'surrogate_task' with 434 observations {learner: <LearnerRegrRanger/LearnerRegr/Learner/R6>}
INFO  [02:55:11.054] [mlr3] Calling train method of fallback 'regr.ranger' on task 'surrogate_task' with 435 observations {learner: <LearnerRegrRanger/LearnerRegr/Learner/R6>}
INFO  [02:55:12.207] [mlr3] Calling train method of fallback 'regr.ranger' on task 'surrogate_task' with 436 observations {learner: <LearnerRegrRanger/LearnerRegr/Learner/R6>}
INFO  [02:55:13.376] [mlr3] Calling train method of fallback 'regr.ranger' on task 'surrogate_task' with 437 observations {learner: <LearnerRegrRanger/LearnerRegr/Learner/R6>}
INFO  [02:55:14.515] [mlr3] Calling train method of fallback 'regr.ranger' on task 'surrogate_task' with 438 observations {learner: <LearnerRegrRanger/LearnerRegr/Learner/R6>}
INFO  [02:55:16.186] [mlr3] Calling train method of fallback 'regr.ranger' on task 'surrogate_task' with 439 observations {learner: <LearnerRegrRanger/LearnerRegr/Learner/R6>}
INFO  [02:55:17.295] [mlr3] Calling train method of fallback 'regr.ranger' on task 'surrogate_task' with 440 observations {learner: <LearnerRegrRanger/LearnerRegr/Learner/R6>}
INFO  [02:55:18.462] [mlr3] Calling train method of fallback 'regr.ranger' on task 'surrogate_task' with 441 observations {learner: <LearnerRegrRanger/LearnerRegr/Learner/R6>}
INFO  [02:55:19.656] [mlr3] Calling train method of fallback 'regr.ranger' on task 'surrogate_task' with 442 observations {learner: <LearnerRegrRanger/LearnerRegr/Learner/R6>}
INFO  [02:55:20.803] [mlr3] Calling train method of fallback 'regr.ranger' on task 'surrogate_task' with 443 observations {learner: <LearnerRegrRanger/LearnerRegr/Learner/R6>}
INFO  [02:55:21.990] [mlr3] Calling train method of fallback 'regr.ranger' on task 'surrogate_task' with 444 observations {learner: <LearnerRegrRanger/LearnerRegr/Learner/R6>}
INFO  [02:55:23.220] [mlr3] Calling train method of fallback 'regr.ranger' on task 'surrogate_task' with 445 observations {learner: <LearnerRegrRanger/LearnerRegr/Learner/R6>}
INFO  [02:55:24.430] [mlr3] Calling train method of fallback 'regr.ranger' on task 'surrogate_task' with 446 observations {learner: <LearnerRegrRanger/LearnerRegr/Learner/R6>}
INFO  [02:55:25.662] [mlr3] Calling train method of fallback 'regr.ranger' on task 'surrogate_task' with 447 observations {learner: <LearnerRegrRanger/LearnerRegr/Learner/R6>}
INFO  [02:55:26.763] [mlr3] Calling train method of fallback 'regr.ranger' on task 'surrogate_task' with 448 observations {learner: <LearnerRegrRanger/LearnerRegr/Learner/R6>}
INFO  [02:55:27.973] [mlr3] Calling train method of fallback 'regr.ranger' on task 'surrogate_task' with 449 observations {learner: <LearnerRegrRanger/LearnerRegr/Learner/R6>}
INFO  [02:55:29.120] [mlr3] Calling train method of fallback 'regr.ranger' on task 'surrogate_task' with 450 observations {learner: <LearnerRegrRanger/LearnerRegr/Learner/R6>}
INFO  [02:55:30.307] [mlr3] Calling train method of fallback 'regr.ranger' on task 'surrogate_task' with 451 observations {learner: <LearnerRegrRanger/LearnerRegr/Learner/R6>}
INFO  [02:55:31.480] [mlr3] Calling train method of fallback 'regr.ranger' on task 'surrogate_task' with 452 observations {learner: <LearnerRegrRanger/LearnerRegr/Learner/R6>}
INFO  [02:55:32.725] [mlr3] Calling train method of fallback 'regr.ranger' on task 'surrogate_task' with 453 observations {learner: <LearnerRegrRanger/LearnerRegr/Learner/R6>}
INFO  [02:55:33.899] [mlr3] Calling train method of fallback 'regr.ranger' on task 'surrogate_task' with 454 observations {learner: <LearnerRegrRanger/LearnerRegr/Learner/R6>}
INFO  [02:55:35.118] [mlr3] Calling train method of fallback 'regr.ranger' on task 'surrogate_task' with 455 observations {learner: <LearnerRegrRanger/LearnerRegr/Learner/R6>}
INFO  [02:55:36.327] [mlr3] Calling train method of fallback 'regr.ranger' on task 'surrogate_task' with 456 observations {learner: <LearnerRegrRanger/LearnerRegr/Learner/R6>}
INFO  [02:55:37.690] [mlr3] Calling train method of fallback 'regr.ranger' on task 'surrogate_task' with 457 observations {learner: <LearnerRegrRanger/LearnerRegr/Learner/R6>}
INFO  [02:55:38.905] [mlr3] Calling train method of fallback 'regr.ranger' on task 'surrogate_task' with 458 observations {learner: <LearnerRegrRanger/LearnerRegr/Learner/R6>}
INFO  [02:55:40.109] [mlr3] Calling train method of fallback 'regr.ranger' on task 'surrogate_task' with 459 observations {learner: <LearnerRegrRanger/LearnerRegr/Learner/R6>}
INFO  [02:55:41.401] [mlr3] Calling train method of fallback 'regr.ranger' on task 'surrogate_task' with 460 observations {learner: <LearnerRegrRanger/LearnerRegr/Learner/R6>}
INFO  [02:55:42.623] [mlr3] Calling train method of fallback 'regr.ranger' on task 'surrogate_task' with 461 observations {learner: <LearnerRegrRanger/LearnerRegr/Learner/R6>}
INFO  [02:55:43.878] [mlr3] Calling train method of fallback 'regr.ranger' on task 'surrogate_task' with 462 observations {learner: <LearnerRegrRanger/LearnerRegr/Learner/R6>}
INFO  [02:55:45.011] [mlr3] Calling train method of fallback 'regr.ranger' on task 'surrogate_task' with 463 observations {learner: <LearnerRegrRanger/LearnerRegr/Learner/R6>}
INFO  [02:55:46.165] [mlr3] Calling train method of fallback 'regr.ranger' on task 'surrogate_task' with 464 observations {learner: <LearnerRegrRanger/LearnerRegr/Learner/R6>}
INFO  [02:55:47.297] [mlr3] Calling train method of fallback 'regr.ranger' on task 'surrogate_task' with 465 observations {learner: <LearnerRegrRanger/LearnerRegr/Learner/R6>}
INFO  [02:55:48.432] [mlr3] Calling train method of fallback 'regr.ranger' on task 'surrogate_task' with 466 observations {learner: <LearnerRegrRanger/LearnerRegr/Learner/R6>}
INFO  [02:55:49.764] [mlr3] Calling train method of fallback 'regr.ranger' on task 'surrogate_task' with 467 observations {learner: <LearnerRegrRanger/LearnerRegr/Learner/R6>}
INFO  [02:55:50.936] [mlr3] Calling train method of fallback 'regr.ranger' on task 'surrogate_task' with 468 observations {learner: <LearnerRegrRanger/LearnerRegr/Learner/R6>}
INFO  [02:55:52.163] [mlr3] Calling train method of fallback 'regr.ranger' on task 'surrogate_task' with 469 observations {learner: <LearnerRegrRanger/LearnerRegr/Learner/R6>}
INFO  [02:55:53.299] [mlr3] Calling train method of fallback 'regr.ranger' on task 'surrogate_task' with 470 observations {learner: <LearnerRegrRanger/LearnerRegr/Learner/R6>}
INFO  [02:55:58.190] [mlr3] Calling train method of fallback 'regr.ranger' on task 'surrogate_task' with 471 observations {learner: <LearnerRegrRanger/LearnerRegr/Learner/R6>}
INFO  [02:55:59.427] [mlr3] Calling train method of fallback 'regr.ranger' on task 'surrogate_task' with 471 observations {learner: <LearnerRegrRanger/LearnerRegr/Learner/R6>}
INFO  [02:56:00.558] [mlr3] Calling train method of fallback 'regr.ranger' on task 'surrogate_task' with 473 observations {learner: <LearnerRegrRanger/LearnerRegr/Learner/R6>}
INFO  [02:56:01.713] [mlr3] Calling train method of fallback 'regr.ranger' on task 'surrogate_task' with 474 observations {learner: <LearnerRegrRanger/LearnerRegr/Learner/R6>}
INFO  [02:56:02.973] [mlr3] Calling train method of fallback 'regr.ranger' on task 'surrogate_task' with 475 observations {learner: <LearnerRegrRanger/LearnerRegr/Learner/R6>}
INFO  [02:56:04.151] [mlr3] Calling train method of fallback 'regr.ranger' on task 'surrogate_task' with 476 observations {learner: <LearnerRegrRanger/LearnerRegr/Learner/R6>}
INFO  [02:56:05.410] [mlr3] Calling train method of fallback 'regr.ranger' on task 'surrogate_task' with 477 observations {learner: <LearnerRegrRanger/LearnerRegr/Learner/R6>}
INFO  [02:56:06.716] [mlr3] Calling train method of fallback 'regr.ranger' on task 'surrogate_task' with 478 observations {learner: <LearnerRegrRanger/LearnerRegr/Learner/R6>}
INFO  [02:56:07.958] [mlr3] Calling train method of fallback 'regr.ranger' on task 'surrogate_task' with 479 observations {learner: <LearnerRegrRanger/LearnerRegr/Learner/R6>}
INFO  [02:56:09.152] [mlr3] Calling train method of fallback 'regr.ranger' on task 'surrogate_task' with 480 observations {learner: <LearnerRegrRanger/LearnerRegr/Learner/R6>}
INFO  [02:56:10.372] [mlr3] Calling train method of fallback 'regr.ranger' on task 'surrogate_task' with 481 observations {learner: <LearnerRegrRanger/LearnerRegr/Learner/R6>}
INFO  [02:56:11.537] [mlr3] Calling train method of fallback 'regr.ranger' on task 'surrogate_task' with 482 observations {learner: <LearnerRegrRanger/LearnerRegr/Learner/R6>}
INFO  [02:56:12.831] [mlr3] Calling train method of fallback 'regr.ranger' on task 'surrogate_task' with 483 observations {learner: <LearnerRegrRanger/LearnerRegr/Learner/R6>}
INFO  [02:56:14.067] [mlr3] Calling train method of fallback 'regr.ranger' on task 'surrogate_task' with 484 observations {learner: <LearnerRegrRanger/LearnerRegr/Learner/R6>}
INFO  [02:56:15.315] [mlr3] Calling train method of fallback 'regr.ranger' on task 'surrogate_task' with 485 observations {learner: <LearnerRegrRanger/LearnerRegr/Learner/R6>}
INFO  [02:56:16.487] [mlr3] Calling train method of fallback 'regr.ranger' on task 'surrogate_task' with 486 observations {learner: <LearnerRegrRanger/LearnerRegr/Learner/R6>}
INFO  [02:56:17.734] [mlr3] Calling train method of fallback 'regr.ranger' on task 'surrogate_task' with 487 observations {learner: <LearnerRegrRanger/LearnerRegr/Learner/R6>}
INFO  [02:56:18.938] [mlr3] Calling train method of fallback 'regr.ranger' on task 'surrogate_task' with 488 observations {learner: <LearnerRegrRanger/LearnerRegr/Learner/R6>}
INFO  [02:56:20.116] [mlr3] Calling train method of fallback 'regr.ranger' on task 'surrogate_task' with 489 observations {learner: <LearnerRegrRanger/LearnerRegr/Learner/R6>}
INFO  [02:56:21.545] [mlr3] Calling train method of fallback 'regr.ranger' on task 'surrogate_task' with 490 observations {learner: <LearnerRegrRanger/LearnerRegr/Learner/R6>}
INFO  [02:56:22.802] [mlr3] Calling train method of fallback 'regr.ranger' on task 'surrogate_task' with 491 observations {learner: <LearnerRegrRanger/LearnerRegr/Learner/R6>}
INFO  [02:56:24.077] [mlr3] Calling train method of fallback 'regr.ranger' on task 'surrogate_task' with 492 observations {learner: <LearnerRegrRanger/LearnerRegr/Learner/R6>}
INFO  [02:56:25.354] [mlr3] Calling train method of fallback 'regr.ranger' on task 'surrogate_task' with 493 observations {learner: <LearnerRegrRanger/LearnerRegr/Learner/R6>}
INFO  [02:56:26.683] [mlr3] Calling train method of fallback 'regr.ranger' on task 'surrogate_task' with 494 observations {learner: <LearnerRegrRanger/LearnerRegr/Learner/R6>}
INFO  [02:56:27.947] [mlr3] Calling train method of fallback 'regr.ranger' on task 'surrogate_task' with 495 observations {learner: <LearnerRegrRanger/LearnerRegr/Learner/R6>}
INFO  [02:56:29.312] [mlr3] Calling train method of fallback 'regr.ranger' on task 'surrogate_task' with 496 observations {learner: <LearnerRegrRanger/LearnerRegr/Learner/R6>}
INFO  [02:56:30.666] [mlr3] Calling train method of fallback 'regr.ranger' on task 'surrogate_task' with 497 observations {learner: <LearnerRegrRanger/LearnerRegr/Learner/R6>}
INFO  [02:56:31.896] [mlr3] Calling train method of fallback 'regr.ranger' on task 'surrogate_task' with 498 observations {learner: <LearnerRegrRanger/LearnerRegr/Learner/R6>}
INFO  [02:56:33.135] [mlr3] Calling train method of fallback 'regr.ranger' on task 'surrogate_task' with 499 observations {learner: <LearnerRegrRanger/LearnerRegr/Learner/R6>}
INFO  [02:56:34.383] [mlr3] Calling train method of fallback 'regr.ranger' on task 'surrogate_task' with 500 observations {learner: <LearnerRegrRanger/LearnerRegr/Learner/R6>}
INFO  [02:56:35.630] [mlr3] Calling train method of fallback 'regr.ranger' on task 'surrogate_task' with 501 observations {learner: <LearnerRegrRanger/LearnerRegr/Learner/R6>}
INFO  [02:56:36.944] [mlr3] Calling train method of fallback 'regr.ranger' on task 'surrogate_task' with 502 observations {learner: <LearnerRegrRanger/LearnerRegr/Learner/R6>}
INFO  [02:56:38.133] [mlr3] Calling train method of fallback 'regr.ranger' on task 'surrogate_task' with 503 observations {learner: <LearnerRegrRanger/LearnerRegr/Learner/R6>}
INFO  [02:56:39.359] [mlr3] Calling train method of fallback 'regr.ranger' on task 'surrogate_task' with 504 observations {learner: <LearnerRegrRanger/LearnerRegr/Learner/R6>}
INFO  [02:56:40.684] [mlr3] Calling train method of fallback 'regr.ranger' on task 'surrogate_task' with 505 observations {learner: <LearnerRegrRanger/LearnerRegr/Learner/R6>}
INFO  [02:56:41.851] [mlr3] Calling train method of fallback 'regr.ranger' on task 'surrogate_task' with 506 observations {learner: <LearnerRegrRanger/LearnerRegr/Learner/R6>}
INFO  [02:56:43.066] [mlr3] Calling train method of fallback 'regr.ranger' on task 'surrogate_task' with 507 observations {learner: <LearnerRegrRanger/LearnerRegr/Learner/R6>}
INFO  [02:56:44.383] [mlr3] Calling train method of fallback 'regr.ranger' on task 'surrogate_task' with 508 observations {learner: <LearnerRegrRanger/LearnerRegr/Learner/R6>}
INFO  [02:56:45.618] [mlr3] Calling train method of fallback 'regr.ranger' on task 'surrogate_task' with 509 observations {learner: <LearnerRegrRanger/LearnerRegr/Learner/R6>}
INFO  [02:56:46.875] [mlr3] Calling train method of fallback 'regr.ranger' on task 'surrogate_task' with 510 observations {learner: <LearnerRegrRanger/LearnerRegr/Learner/R6>}
INFO  [02:56:48.088] [mlr3] Calling train method of fallback 'regr.ranger' on task 'surrogate_task' with 511 observations {learner: <LearnerRegrRanger/LearnerRegr/Learner/R6>}
INFO  [02:56:49.409] [mlr3] Calling train method of fallback 'regr.ranger' on task 'surrogate_task' with 512 observations {learner: <LearnerRegrRanger/LearnerRegr/Learner/R6>}
INFO  [02:56:50.642] [mlr3] Calling train method of fallback 'regr.ranger' on task 'surrogate_task' with 513 observations {learner: <LearnerRegrRanger/LearnerRegr/Learner/R6>}
INFO  [02:56:51.820] [mlr3] Calling train method of fallback 'regr.ranger' on task 'surrogate_task' with 514 observations {learner: <LearnerRegrRanger/LearnerRegr/Learner/R6>}
INFO  [02:56:53.140] [mlr3] Calling train method of fallback 'regr.ranger' on task 'surrogate_task' with 514 observations {learner: <LearnerRegrRanger/LearnerRegr/Learner/R6>}
INFO  [02:56:54.435] [mlr3] Calling train method of fallback 'regr.ranger' on task 'surrogate_task' with 516 observations {learner: <LearnerRegrRanger/LearnerRegr/Learner/R6>}
INFO  [02:56:55.732] [mlr3] Calling train method of fallback 'regr.ranger' on task 'surrogate_task' with 517 observations {learner: <LearnerRegrRanger/LearnerRegr/Learner/R6>}
INFO  [02:56:57.058] [mlr3] Calling train method of fallback 'regr.ranger' on task 'surrogate_task' with 518 observations {learner: <LearnerRegrRanger/LearnerRegr/Learner/R6>}
INFO  [02:56:58.320] [mlr3] Calling train method of fallback 'regr.ranger' on task 'surrogate_task' with 519 observations {learner: <LearnerRegrRanger/LearnerRegr/Learner/R6>}
INFO  [02:56:59.578] [mlr3] Calling train method of fallback 'regr.ranger' on task 'surrogate_task' with 520 observations {learner: <LearnerRegrRanger/LearnerRegr/Learner/R6>}
INFO  [02:57:01.007] [mlr3] Calling train method of fallback 'regr.ranger' on task 'surrogate_task' with 521 observations {learner: <LearnerRegrRanger/LearnerRegr/Learner/R6>}
INFO  [02:57:02.279] [mlr3] Calling train method of fallback 'regr.ranger' on task 'surrogate_task' with 522 observations {learner: <LearnerRegrRanger/LearnerRegr/Learner/R6>}
INFO  [02:57:03.577] [mlr3] Calling train method of fallback 'regr.ranger' on task 'surrogate_task' with 523 observations {learner: <LearnerRegrRanger/LearnerRegr/Learner/R6>}
INFO  [02:57:04.887] [mlr3] Calling train method of fallback 'regr.ranger' on task 'surrogate_task' with 524 observations {learner: <LearnerRegrRanger/LearnerRegr/Learner/R6>}
INFO  [02:57:06.113] [mlr3] Calling train method of fallback 'regr.ranger' on task 'surrogate_task' with 525 observations {learner: <LearnerRegrRanger/LearnerRegr/Learner/R6>}
INFO  [02:57:07.376] [mlr3] Calling train method of fallback 'regr.ranger' on task 'surrogate_task' with 525 observations {learner: <LearnerRegrRanger/LearnerRegr/Learner/R6>}
INFO  [02:57:08.642] [mlr3] Calling train method of fallback 'regr.ranger' on task 'surrogate_task' with 527 observations {learner: <LearnerRegrRanger/LearnerRegr/Learner/R6>}
INFO  [02:57:09.933] [mlr3] Calling train method of fallback 'regr.ranger' on task 'surrogate_task' with 527 observations {learner: <LearnerRegrRanger/LearnerRegr/Learner/R6>}
INFO  [02:57:11.212] [mlr3] Calling train method of fallback 'regr.ranger' on task 'surrogate_task' with 529 observations {learner: <LearnerRegrRanger/LearnerRegr/Learner/R6>}
INFO  [02:57:12.577] [mlr3] Calling train method of fallback 'regr.ranger' on task 'surrogate_task' with 530 observations {learner: <LearnerRegrRanger/LearnerRegr/Learner/R6>}
INFO  [02:57:13.819] [mlr3] Calling train method of fallback 'regr.ranger' on task 'surrogate_task' with 531 observations {learner: <LearnerRegrRanger/LearnerRegr/Learner/R6>}
INFO  [02:57:15.038] [mlr3] Calling train method of fallback 'regr.ranger' on task 'surrogate_task' with 532 observations {learner: <LearnerRegrRanger/LearnerRegr/Learner/R6>}
INFO  [02:57:16.390] [mlr3] Calling train method of fallback 'regr.ranger' on task 'surrogate_task' with 533 observations {learner: <LearnerRegrRanger/LearnerRegr/Learner/R6>}
INFO  [02:57:17.653] [mlr3] Calling train method of fallback 'regr.ranger' on task 'surrogate_task' with 534 observations {learner: <LearnerRegrRanger/LearnerRegr/Learner/R6>}
INFO  [02:57:18.998] [mlr3] Calling train method of fallback 'regr.ranger' on task 'surrogate_task' with 535 observations {learner: <LearnerRegrRanger/LearnerRegr/Learner/R6>}
INFO  [02:57:20.335] [mlr3] Calling train method of fallback 'regr.ranger' on task 'surrogate_task' with 536 observations {learner: <LearnerRegrRanger/LearnerRegr/Learner/R6>}
INFO  [02:57:21.662] [mlr3] Calling train method of fallback 'regr.ranger' on task 'surrogate_task' with 537 observations {learner: <LearnerRegrRanger/LearnerRegr/Learner/R6>}
INFO  [02:57:22.967] [mlr3] Calling train method of fallback 'regr.ranger' on task 'surrogate_task' with 538 observations {learner: <LearnerRegrRanger/LearnerRegr/Learner/R6>}
INFO  [02:57:24.258] [mlr3] Calling train method of fallback 'regr.ranger' on task 'surrogate_task' with 539 observations {learner: <LearnerRegrRanger/LearnerRegr/Learner/R6>}
INFO  [02:57:25.641] [mlr3] Calling train method of fallback 'regr.ranger' on task 'surrogate_task' with 540 observations {learner: <LearnerRegrRanger/LearnerRegr/Learner/R6>}
INFO  [02:57:26.941] [mlr3] Calling train method of fallback 'regr.ranger' on task 'surrogate_task' with 541 observations {learner: <LearnerRegrRanger/LearnerRegr/Learner/R6>}
INFO  [02:57:28.269] [mlr3] Calling train method of fallback 'regr.ranger' on task 'surrogate_task' with 542 observations {learner: <LearnerRegrRanger/LearnerRegr/Learner/R6>}
INFO  [02:57:29.656] [mlr3] Calling train method of fallback 'regr.ranger' on task 'surrogate_task' with 543 observations {learner: <LearnerRegrRanger/LearnerRegr/Learner/R6>}
INFO  [02:57:30.982] [mlr3] Calling train method of fallback 'regr.ranger' on task 'surrogate_task' with 544 observations {learner: <LearnerRegrRanger/LearnerRegr/Learner/R6>}
INFO  [02:57:32.384] [mlr3] Calling train method of fallback 'regr.ranger' on task 'surrogate_task' with 545 observations {learner: <LearnerRegrRanger/LearnerRegr/Learner/R6>}
INFO  [02:57:33.822] [mlr3] Calling train method of fallback 'regr.ranger' on task 'surrogate_task' with 546 observations {learner: <LearnerRegrRanger/LearnerRegr/Learner/R6>}
INFO  [02:57:35.160] [mlr3] Calling train method of fallback 'regr.ranger' on task 'surrogate_task' with 547 observations {learner: <LearnerRegrRanger/LearnerRegr/Learner/R6>}
INFO  [02:57:36.488] [mlr3] Calling train method of fallback 'regr.ranger' on task 'surrogate_task' with 548 observations {learner: <LearnerRegrRanger/LearnerRegr/Learner/R6>}
INFO  [02:57:37.797] [mlr3] Calling train method of fallback 'regr.ranger' on task 'surrogate_task' with 548 observations {learner: <LearnerRegrRanger/LearnerRegr/Learner/R6>}
INFO  [02:57:39.191] [mlr3] Calling train method of fallback 'regr.ranger' on task 'surrogate_task' with 550 observations {learner: <LearnerRegrRanger/LearnerRegr/Learner/R6>}
INFO  [02:57:40.584] [mlr3] Calling train method of fallback 'regr.ranger' on task 'surrogate_task' with 551 observations {learner: <LearnerRegrRanger/LearnerRegr/Learner/R6>}
INFO  [02:57:41.919] [mlr3] Calling train method of fallback 'regr.ranger' on task 'surrogate_task' with 552 observations {learner: <LearnerRegrRanger/LearnerRegr/Learner/R6>}
INFO  [02:57:43.321] [mlr3] Calling train method of fallback 'regr.ranger' on task 'surrogate_task' with 553 observations {learner: <LearnerRegrRanger/LearnerRegr/Learner/R6>}
INFO  [02:57:44.670] [mlr3] Calling train method of fallback 'regr.ranger' on task 'surrogate_task' with 554 observations {learner: <LearnerRegrRanger/LearnerRegr/Learner/R6>}
INFO  [02:57:46.022] [mlr3] Calling train method of fallback 'regr.ranger' on task 'surrogate_task' with 555 observations {learner: <LearnerRegrRanger/LearnerRegr/Learner/R6>}
INFO  [02:57:47.350] [mlr3] Calling train method of fallback 'regr.ranger' on task 'surrogate_task' with 555 observations {learner: <LearnerRegrRanger/LearnerRegr/Learner/R6>}
INFO  [02:57:48.767] [mlr3] Calling train method of fallback 'regr.ranger' on task 'surrogate_task' with 557 observations {learner: <LearnerRegrRanger/LearnerRegr/Learner/R6>}
INFO  [02:57:50.062] [mlr3] Calling train method of fallback 'regr.ranger' on task 'surrogate_task' with 558 observations {learner: <LearnerRegrRanger/LearnerRegr/Learner/R6>}
INFO  [02:57:51.381] [mlr3] Calling train method of fallback 'regr.ranger' on task 'surrogate_task' with 558 observations {learner: <LearnerRegrRanger/LearnerRegr/Learner/R6>}
INFO  [02:57:52.794] [mlr3] Calling train method of fallback 'regr.ranger' on task 'surrogate_task' with 560 observations {learner: <LearnerRegrRanger/LearnerRegr/Learner/R6>}
INFO  [02:57:54.110] [mlr3] Calling train method of fallback 'regr.ranger' on task 'surrogate_task' with 561 observations {learner: <LearnerRegrRanger/LearnerRegr/Learner/R6>}
INFO  [02:57:55.409] [mlr3] Calling train method of fallback 'regr.ranger' on task 'surrogate_task' with 562 observations {learner: <LearnerRegrRanger/LearnerRegr/Learner/R6>}
INFO  [02:57:56.783] [mlr3] Calling train method of fallback 'regr.ranger' on task 'surrogate_task' with 563 observations {learner: <LearnerRegrRanger/LearnerRegr/Learner/R6>}
INFO  [02:57:58.152] [mlr3] Calling train method of fallback 'regr.ranger' on task 'surrogate_task' with 563 observations {learner: <LearnerRegrRanger/LearnerRegr/Learner/R6>}
INFO  [02:57:59.489] [mlr3] Calling train method of fallback 'regr.ranger' on task 'surrogate_task' with 565 observations {learner: <LearnerRegrRanger/LearnerRegr/Learner/R6>}
INFO  [02:58:00.767] [mlr3] Calling train method of fallback 'regr.ranger' on task 'surrogate_task' with 566 observations {learner: <LearnerRegrRanger/LearnerRegr/Learner/R6>}
INFO  [02:58:02.108] [mlr3] Calling train method of fallback 'regr.ranger' on task 'surrogate_task' with 567 observations {learner: <LearnerRegrRanger/LearnerRegr/Learner/R6>}
INFO  [02:58:03.496] [mlr3] Calling train method of fallback 'regr.ranger' on task 'surrogate_task' with 568 observations {learner: <LearnerRegrRanger/LearnerRegr/Learner/R6>}
INFO  [02:58:04.802] [mlr3] Calling train method of fallback 'regr.ranger' on task 'surrogate_task' with 569 observations {learner: <LearnerRegrRanger/LearnerRegr/Learner/R6>}
INFO  [02:58:06.206] [mlr3] Calling train method of fallback 'regr.ranger' on task 'surrogate_task' with 570 observations {learner: <LearnerRegrRanger/LearnerRegr/Learner/R6>}
INFO  [02:58:07.529] [mlr3] Calling train method of fallback 'regr.ranger' on task 'surrogate_task' with 571 observations {learner: <LearnerRegrRanger/LearnerRegr/Learner/R6>}
INFO  [02:58:09.371] [mlr3] Calling train method of fallback 'regr.ranger' on task 'surrogate_task' with 572 observations {learner: <LearnerRegrRanger/LearnerRegr/Learner/R6>}
INFO  [02:58:10.689] [mlr3] Calling train method of fallback 'regr.ranger' on task 'surrogate_task' with 573 observations {learner: <LearnerRegrRanger/LearnerRegr/Learner/R6>}
INFO  [02:58:12.028] [mlr3] Calling train method of fallback 'regr.ranger' on task 'surrogate_task' with 574 observations {learner: <LearnerRegrRanger/LearnerRegr/Learner/R6>}
INFO  [02:58:13.299] [mlr3] Calling train method of fallback 'regr.ranger' on task 'surrogate_task' with 575 observations {learner: <LearnerRegrRanger/LearnerRegr/Learner/R6>}
INFO  [02:58:14.559] [mlr3] Calling train method of fallback 'regr.ranger' on task 'surrogate_task' with 576 observations {learner: <LearnerRegrRanger/LearnerRegr/Learner/R6>}
INFO  [02:58:15.884] [mlr3] Calling train method of fallback 'regr.ranger' on task 'surrogate_task' with 577 observations {learner: <LearnerRegrRanger/LearnerRegr/Learner/R6>}
INFO  [02:58:17.181] [mlr3] Calling train method of fallback 'regr.ranger' on task 'surrogate_task' with 578 observations {learner: <LearnerRegrRanger/LearnerRegr/Learner/R6>}
INFO  [02:58:18.573] [mlr3] Calling train method of fallback 'regr.ranger' on task 'surrogate_task' with 579 observations {learner: <LearnerRegrRanger/LearnerRegr/Learner/R6>}
INFO  [02:58:19.912] [mlr3] Calling train method of fallback 'regr.ranger' on task 'surrogate_task' with 580 observations {learner: <LearnerRegrRanger/LearnerRegr/Learner/R6>}
INFO  [02:58:21.201] [mlr3] Calling train method of fallback 'regr.ranger' on task 'surrogate_task' with 581 observations {learner: <LearnerRegrRanger/LearnerRegr/Learner/R6>}
INFO  [02:58:22.517] [mlr3] Calling train method of fallback 'regr.ranger' on task 'surrogate_task' with 582 observations {learner: <LearnerRegrRanger/LearnerRegr/Learner/R6>}
INFO  [02:58:23.826] [mlr3] Calling train method of fallback 'regr.ranger' on task 'surrogate_task' with 583 observations {learner: <LearnerRegrRanger/LearnerRegr/Learner/R6>}
INFO  [02:58:25.142] [mlr3] Calling train method of fallback 'regr.ranger' on task 'surrogate_task' with 584 observations {learner: <LearnerRegrRanger/LearnerRegr/Learner/R6>}
INFO  [02:58:26.515] [mlr3] Calling train method of fallback 'regr.ranger' on task 'surrogate_task' with 585 observations {learner: <LearnerRegrRanger/LearnerRegr/Learner/R6>}
INFO  [02:58:27.928] [mlr3] Calling train method of fallback 'regr.ranger' on task 'surrogate_task' with 586 observations {learner: <LearnerRegrRanger/LearnerRegr/Learner/R6>}
INFO  [02:58:29.318] [mlr3] Calling train method of fallback 'regr.ranger' on task 'surrogate_task' with 587 observations {learner: <LearnerRegrRanger/LearnerRegr/Learner/R6>}
INFO  [02:58:30.651] [mlr3] Calling train method of fallback 'regr.ranger' on task 'surrogate_task' with 588 observations {learner: <LearnerRegrRanger/LearnerRegr/Learner/R6>}
INFO  [02:58:31.941] [mlr3] Calling train method of fallback 'regr.ranger' on task 'surrogate_task' with 589 observations {learner: <LearnerRegrRanger/LearnerRegr/Learner/R6>}
INFO  [02:58:33.240] [mlr3] Calling train method of fallback 'regr.ranger' on task 'surrogate_task' with 590 observations {learner: <LearnerRegrRanger/LearnerRegr/Learner/R6>}
INFO  [02:58:34.576] [mlr3] Calling train method of fallback 'regr.ranger' on task 'surrogate_task' with 591 observations {learner: <LearnerRegrRanger/LearnerRegr/Learner/R6>}
INFO  [02:58:35.879] [mlr3] Calling train method of fallback 'regr.ranger' on task 'surrogate_task' with 591 observations {learner: <LearnerRegrRanger/LearnerRegr/Learner/R6>}
INFO  [02:58:37.200] [mlr3] Calling train method of fallback 'regr.ranger' on task 'surrogate_task' with 593 observations {learner: <LearnerRegrRanger/LearnerRegr/Learner/R6>}
INFO  [02:58:38.556] [mlr3] Calling train method of fallback 'regr.ranger' on task 'surrogate_task' with 594 observations {learner: <LearnerRegrRanger/LearnerRegr/Learner/R6>}
INFO  [02:58:39.910] [mlr3] Calling train method of fallback 'regr.ranger' on task 'surrogate_task' with 595 observations {learner: <LearnerRegrRanger/LearnerRegr/Learner/R6>}
INFO  [02:58:41.312] [mlr3] Calling train method of fallback 'regr.ranger' on task 'surrogate_task' with 596 observations {learner: <LearnerRegrRanger/LearnerRegr/Learner/R6>}
INFO  [02:58:42.746] [mlr3] Calling train method of fallback 'regr.ranger' on task 'surrogate_task' with 597 observations {learner: <LearnerRegrRanger/LearnerRegr/Learner/R6>}
INFO  [02:58:44.261] [mlr3] Calling train method of fallback 'regr.ranger' on task 'surrogate_task' with 598 observations {learner: <LearnerRegrRanger/LearnerRegr/Learner/R6>}
INFO  [02:58:45.826] [mlr3] Calling train method of fallback 'regr.ranger' on task 'surrogate_task' with 599 observations {learner: <LearnerRegrRanger/LearnerRegr/Learner/R6>}
INFO  [02:58:47.253] [mlr3] Calling train method of fallback 'regr.ranger' on task 'surrogate_task' with 600 observations {learner: <LearnerRegrRanger/LearnerRegr/Learner/R6>}
INFO  [02:58:48.723] [mlr3] Calling train method of fallback 'regr.ranger' on task 'surrogate_task' with 601 observations {learner: <LearnerRegrRanger/LearnerRegr/Learner/R6>}
INFO  [02:58:50.233] [mlr3] Calling train method of fallback 'regr.ranger' on task 'surrogate_task' with 602 observations {learner: <LearnerRegrRanger/LearnerRegr/Learner/R6>}
INFO  [02:58:51.709] [mlr3] Calling train method of fallback 'regr.ranger' on task 'surrogate_task' with 603 observations {learner: <LearnerRegrRanger/LearnerRegr/Learner/R6>}
INFO  [02:58:53.182] [mlr3] Calling train method of fallback 'regr.ranger' on task 'surrogate_task' with 604 observations {learner: <LearnerRegrRanger/LearnerRegr/Learner/R6>}
INFO  [02:58:54.633] [mlr3] Calling train method of fallback 'regr.ranger' on task 'surrogate_task' with 605 observations {learner: <LearnerRegrRanger/LearnerRegr/Learner/R6>}
INFO  [02:58:56.203] [mlr3] Calling train method of fallback 'regr.ranger' on task 'surrogate_task' with 606 observations {learner: <LearnerRegrRanger/LearnerRegr/Learner/R6>}
INFO  [02:58:57.660] [mlr3] Calling train method of fallback 'regr.ranger' on task 'surrogate_task' with 607 observations {learner: <LearnerRegrRanger/LearnerRegr/Learner/R6>}
INFO  [02:58:59.120] [mlr3] Calling train method of fallback 'regr.ranger' on task 'surrogate_task' with 608 observations {learner: <LearnerRegrRanger/LearnerRegr/Learner/R6>}
INFO  [02:59:00.552] [mlr3] Calling train method of fallback 'regr.ranger' on task 'surrogate_task' with 609 observations {learner: <LearnerRegrRanger/LearnerRegr/Learner/R6>}
INFO  [02:59:02.383] Results of 448 configuration(s):
INFO  [02:59:02.468]  classif.ce learning_rate num_leaves min_data_in_leaf feature_fraction
INFO  [02:59:02.468]       0.214   -0.35370017         19               52        0.6338929
INFO  [02:59:02.468]       0.205   -0.35065650        229               30        0.6335678
INFO  [02:59:02.468]       0.223   -0.43996037         12              174        0.6671948
INFO  [02:59:02.468]       0.217   -0.41021881        255              193        0.6356645
INFO  [02:59:02.468]       0.210   -0.40199404         20               62        0.6289044
INFO  [02:59:02.468]       0.205   -0.47262502         60               28        0.6362261
INFO  [02:59:02.468]       0.203   -0.43451185         19               30        0.8882577
INFO  [02:59:02.468]       0.211   -0.18951473        204              143        0.9078934
INFO  [02:59:02.468]       0.207   -0.34031564         20               36        0.6279141
INFO  [02:59:02.468]       0.198   -0.43337467        151               28        0.6324679
INFO  [02:59:02.468]       0.219   -0.38637798        255               32        0.6307984
INFO  [02:59:02.468]       0.208   -0.41466579         21               27        0.6388319
INFO  [02:59:02.468]       0.219   -0.37714790         16               31        0.6591072
INFO  [02:59:02.468]       0.214   -0.65420190        108               82        0.4912493
INFO  [02:59:02.468]       0.221   -0.44122892         14               27        0.1352719
INFO  [02:59:02.468]       0.233   -0.38240594        230               87        0.6324141
INFO  [02:59:02.468]       0.203   -0.39482133        139                1        0.6178213
INFO  [02:59:02.468]       0.211   -0.40746523        255               73        0.8322147
INFO  [02:59:02.468]       0.226   -0.37684887        227               30        0.6335632
INFO  [02:59:02.468]       0.206   -0.29754854        186               30        0.6271888
INFO  [02:59:02.468]       0.212   -0.60797705        230                7        0.6251116
INFO  [02:59:02.468]       0.213   -0.22662250         20               30        0.6490235
INFO  [02:59:02.468]       0.204   -0.45089174        156               30        0.6962516
INFO  [02:59:02.468]       0.214   -0.84000421        151               82        0.3006310
INFO  [02:59:02.468]       0.198   -0.34729843        141               30        0.8014107
INFO  [02:59:02.468]       0.235   -0.11045127        231                1        0.9663735
INFO  [02:59:02.468]       0.233   -0.65841783        138                1        0.6218560
INFO  [02:59:02.468]       0.215   -0.46332036         10                1        0.2897466
INFO  [02:59:02.468]       0.209   -0.47290004         11               38        0.7727174
INFO  [02:59:02.468]       0.216   -0.32218083        142              167        0.6343808
INFO  [02:59:02.468]       0.300   -0.36418421         10               30        0.6916044
INFO  [02:59:02.468]       0.300   -0.35471770        140              139        0.6333830
INFO  [02:59:02.468]       0.300   -0.31269844         68               31        0.7942576
INFO  [02:59:02.468]       0.247    0.00000000        130              167        0.2708499
INFO  [02:59:02.468]       0.219   -1.58023796         30               81        0.9347963
INFO  [02:59:02.468]       0.215   -1.65424174        145               32        1.0000000
INFO  [02:59:02.468]       0.207   -0.35977824        138               30        0.9843633
INFO  [02:59:02.468]       0.208   -0.35924682        141               30        1.0000000
INFO  [02:59:02.468]       0.202   -1.44791130        177               28        0.3569323
INFO  [02:59:02.468]       0.207   -0.45001535        216               55        0.6322727
INFO  [02:59:02.468]       0.223   -0.29150220        149               30        0.6371048
INFO  [02:59:02.468]       0.212   -0.33364858         59               25        0.6606815
INFO  [02:59:02.468]       0.219   -0.39031966         10               30        0.3048169
INFO  [02:59:02.468]       0.230   -4.09941286         10               29        0.7291914
INFO  [02:59:02.468]       0.192   -0.46582004         10               29        0.6341075
INFO  [02:59:02.468]       0.273   -4.24829920         10              183        0.7969743
INFO  [02:59:02.468]       0.300   -4.43055493         93              147        0.6266992
INFO  [02:59:02.468]       0.240   -0.46929922         69              188        0.2912938
INFO  [02:59:02.468]       0.214   -0.50839587         10               48        0.6163344
INFO  [02:59:02.468]       0.215   -0.49151668        146              143        1.0000000
INFO  [02:59:02.468]       0.200   -0.57739247         10               29        0.8221173
INFO  [02:59:02.468]       0.198   -0.43720602         10               26        0.6293472
INFO  [02:59:02.468]       0.213   -0.50218447         10               27        0.2054314
INFO  [02:59:02.468]       0.202   -0.64248122        104               26        0.8074848
INFO  [02:59:02.468]       0.249   -0.72057801         10              188        0.1000000
INFO  [02:59:02.468]       0.214   -0.81434151        251               30        0.6403361
INFO  [02:59:02.468]       0.216   -0.56207789         10               22        0.6362662
INFO  [02:59:02.468]       0.219   -0.60254523         10                2        0.7044295
INFO  [02:59:02.468]       0.224   -0.45127465         10              162        0.3552727
INFO  [02:59:02.468]       0.214   -0.39080120         52                2        0.6288871
INFO  [02:59:02.468]       0.204   -1.45544617         65               27        0.6326503
INFO  [02:59:02.468]       0.208   -0.45573269        133               29        0.5101578
INFO  [02:59:02.468]       0.204   -0.46248123         10               31        0.6542127
INFO  [02:59:02.468]       0.209   -0.61236174        164               60        1.0000000
INFO  [02:59:02.468]       0.213   -0.51895517         10               53        0.7232152
INFO  [02:59:02.468]       0.204   -0.54687888        255               25        0.6243113
INFO  [02:59:02.468]       0.212   -0.62613100         10              144        0.6329399
INFO  [02:59:02.468]       0.224   -1.06600157        150                1        0.8062012
INFO  [02:59:02.468]       0.212   -0.47695293         10               29        0.6337556
INFO  [02:59:02.468]       0.249   -1.50616697         10               27        0.8023004
INFO  [02:59:02.468]       0.200   -1.50251718         60               25        0.6345023
INFO  [02:59:02.468]       0.226    0.00000000        214               75        0.6423541
INFO  [02:59:02.468]       0.211   -1.71158907        233               25        0.6294594
INFO  [02:59:02.468]       0.236   -0.49893131         10               29        0.6307655
INFO  [02:59:02.468]       0.226   -1.49930401         10               67        0.9915214
INFO  [02:59:02.468]       0.224   -1.55252473        173                1        0.5315512
INFO  [02:59:02.468]       0.205   -0.26171178         10               18        0.8244416
INFO  [02:59:02.468]       0.207   -0.34882268         10               29        0.9249513
INFO  [02:59:02.468]       0.207   -0.45694536         10               24        0.6320341
INFO  [02:59:02.468]       0.230   -0.39942484         10               17        0.6471441
INFO  [02:59:02.468]       0.221   -3.96684496        194               23        0.8036655
INFO  [02:59:02.468]       0.204   -0.51169215         84               26        0.6490108
INFO  [02:59:02.468]       0.198   -0.52067230         10               29        0.6453343
INFO  [02:59:02.468]       0.204   -0.80871265         10               26        0.6239661
INFO  [02:59:02.468]       0.207   -1.78716156         10               29        1.0000000
INFO  [02:59:02.468]       0.231   -0.45544861        165               26        0.1000000
INFO  [02:59:02.468]       0.223   -0.40322936        150               62        0.6348979
INFO  [02:59:02.468]       0.245   -3.80272755         84               74        0.6306166
INFO  [02:59:02.468]       0.259   -3.84995121         74              157        0.6214137
INFO  [02:59:02.468]       0.214   -1.88561349         60               31        0.6250102
INFO  [02:59:02.468]       0.199   -0.52902592         10               25        0.9141159
INFO  [02:59:02.468]       0.204   -0.90286646         10               27        0.9715292
INFO  [02:59:02.468]       0.216   -2.35279859         86               27        0.3631856
INFO  [02:59:02.468]       0.216   -2.50946666        140               27        0.6112844
INFO  [02:59:02.468]       0.216   -0.59482491        148               27        0.7949702
INFO  [02:59:02.468]       0.210   -2.56983537        221               27        0.7900355
INFO  [02:59:02.468]       0.227   -4.09033585        203               25        0.5233110
INFO  [02:59:02.468]       0.225   -0.36091915         10               29        0.6299715
INFO  [02:59:02.468]       0.232   -3.08969330         10              155        0.9493534
INFO  [02:59:02.468]       0.219   -2.73143317         10               32        0.9398082
INFO  [02:59:02.468]       0.202   -0.44961507        149               30        0.6345881
INFO  [02:59:02.468]       0.214   -2.71731770         77               19        0.7833401
INFO  [02:59:02.468]       0.226   -2.84962863        162              106        0.3377558
INFO  [02:59:02.468]       0.232   -2.63824258         10              161        0.8002827
INFO  [02:59:02.468]       0.219   -1.84599587         10              102        0.6342937
INFO  [02:59:02.468]       0.201   -0.89817461        188               29        0.6338592
INFO  [02:59:02.468]       0.194   -0.88999408        159               29        0.6273544
INFO  [02:59:02.468]       0.210   -0.34021568        163               26        0.7987216
INFO  [02:59:02.468]       0.207   -0.35319548        216               26        0.8143832
INFO  [02:59:02.468]       0.192   -0.70207377        109               29        0.6417809
INFO  [02:59:02.468]       0.211   -2.51589479        156               28        0.6339113
INFO  [02:59:02.468]       0.207   -0.73457688         21              162        0.6426551
INFO  [02:59:02.468]       0.208   -1.38467698        187               23        0.6854777
INFO  [02:59:02.468]       0.201   -0.71542416        118               29        0.6495761
INFO  [02:59:02.468]       0.204   -0.62262391        109               28        0.6409596
INFO  [02:59:02.468]       0.196   -0.98740242        110               26        0.6649113
INFO  [02:59:02.468]       0.213   -0.74196128        108               18        0.6405208
INFO  [02:59:02.468]       0.218   -0.68475012        109               30        0.6440451
INFO  [02:59:02.468]       0.217   -0.86753072        116               33        0.6644374
INFO  [02:59:02.468]       0.193   -0.47230675         10               27        0.6287112
INFO  [02:59:02.468]       0.206   -0.84320869         93               29        0.6349369
INFO  [02:59:02.468]       0.204   -0.46808420         54               29        0.6791894
INFO  [02:59:02.468]       0.224   -1.14317009         50               25        0.1000000
INFO  [02:59:02.468]       0.201   -0.80267352        111               29        0.6336749
INFO  [02:59:02.468]       0.196   -0.71060156        110               27        0.6506056
INFO  [02:59:02.468]       0.209   -2.75160721        133               22        0.6713893
INFO  [02:59:02.468]       0.224   -0.56243232         37              166        0.6368489
INFO  [02:59:02.468]       0.218   -0.75834711        110                1        0.6291079
INFO  [02:59:02.468]       0.211   -1.01998874         10                1        0.6283118
INFO  [02:59:02.468]       0.246   -1.07920541        102               29        0.8615313
INFO  [02:59:02.468]       0.201   -0.76197970        109               28        0.6848317
INFO  [02:59:02.468]       0.218   -0.16787267         54               25        0.7753786
INFO  [02:59:02.468]       0.218   -2.46154795         10               27        0.9951040
INFO  [02:59:02.468]       0.196   -0.66680217        147               29        0.6298440
INFO  [02:59:02.468]       0.200   -0.14160150         85               27        0.6344927
INFO  [02:59:02.468]       0.198   -0.69251428         73               29        0.6430670
INFO  [02:59:02.468]       0.214   -1.95317648         10               29        0.6417659
INFO  [02:59:02.468]       0.216   -2.65263902        164               29        0.6416734
INFO  [02:59:02.468]       0.212   -1.49157937         29               29        0.6445050
INFO  [02:59:02.468]       0.216   -2.71510898        188               25        1.0000000
INFO  [02:59:02.468]       0.220   -0.83522351        141              194        1.0000000
INFO  [02:59:02.468]       0.224   -0.91244622        215               27        0.6699500
INFO  [02:59:02.468]       0.215   -0.91409048         63               27        0.8175149
INFO  [02:59:02.468]       0.202   -0.90650685        113               29        0.4173721
INFO  [02:59:02.468]       0.213   -0.90400642        123               23        0.3925172
INFO  [02:59:02.468]       0.210   -0.76100076         10              163        0.6348796
INFO  [02:59:02.468]       0.214   -0.57629495         74               30        0.5197316
INFO  [02:59:02.468]       0.249   -2.90687805        221               41        1.0000000
INFO  [02:59:02.468]       0.250   -2.82915549        227               34        0.9081536
INFO  [02:59:02.468]       0.204   -0.73709401        144               29        0.6457795
INFO  [02:59:02.468]       0.214    0.00000000        151               28        0.6249149
INFO  [02:59:02.468]       0.203   -0.87185761        110               22        0.6411791
INFO  [02:59:02.468]       0.205   -0.62162097        110               30        0.9018906
INFO  [02:59:02.468]       0.221   -1.56717754        146               28        0.1500667
INFO  [02:59:02.468]       0.209   -0.49209595        110               29        0.5942563
INFO  [02:59:02.468]       0.208   -0.34297358        108               29        0.6288554
INFO  [02:59:02.468]       0.226   -4.17196477        141               24        0.8818952
INFO  [02:59:02.468]       0.201   -0.46667940        159               29        0.4490885
INFO  [02:59:02.468]       0.211    0.00000000         10               26        0.6200694
INFO  [02:59:02.468]       0.217   -2.74032122        113               32        0.7501065
INFO  [02:59:02.468]       0.224   -0.77813962         67              170        0.3708533
INFO  [02:59:02.468]       0.207   -0.68473356        115               31        0.9521321
INFO  [02:59:02.468]       0.245   -2.02088026        185               29        0.8079733
INFO  [02:59:02.468]       0.203   -0.85251125         99               29        0.8875442
INFO  [02:59:02.468]       0.222   -0.47870524         10              191        0.8325117
INFO  [02:59:02.468]       0.221   -0.68298906         51              184        0.6289619
INFO  [02:59:02.468]       0.206   -0.73438150         10               30        0.6420357
INFO  [02:59:02.468]       0.238   -4.26848318        223                3        0.5999676
INFO  [02:59:02.468]       0.212   -1.45022531         61               29        0.6328514
INFO  [02:59:02.468]       0.216   -2.43519231        150               27        0.6608371
INFO  [02:59:02.468]       0.218   -2.77592416        190               24        0.6261088
INFO  [02:59:02.468]       0.211   -0.87242499         57               26        0.3456766
INFO  [02:59:02.468]       0.212   -2.72283022         10                7        0.6429088
INFO  [02:59:02.468]       0.217    0.00000000        199               29        0.3138036
INFO  [02:59:02.468]       0.204   -0.60452019        112               29        0.6400446
INFO  [02:59:02.468]       0.218   -0.87035737        252               29        0.1007434
INFO  [02:59:02.468]       0.234   -1.79364658        165               29        0.5811337
INFO  [02:59:02.468]       0.219   -0.67623683        109               28        0.3934304
INFO  [02:59:02.468]       0.214   -2.75700506        144               30        0.6354767
INFO  [02:59:02.468]       0.214   -0.49496512         10               29        0.5646674
INFO  [02:59:02.468]       0.209   -0.64501993        240               24        0.8577615
INFO  [02:59:02.468]       0.212   -0.47860434         79                1        0.6245957
INFO  [02:59:02.468]       0.223   -2.80639263        162               46        0.5552882
INFO  [02:59:02.468]       0.211   -4.22065304        138               17        1.0000000
INFO  [02:59:02.468]       0.215   -2.77523239        110               15        0.6767258
INFO  [02:59:02.468]       0.236   -4.20580744        140               22        0.6641985
INFO  [02:59:02.468]       0.202   -0.77945900        111               29        0.9140080
INFO  [02:59:02.468]       0.210   -0.89373979         58               25        0.6408296
INFO  [02:59:02.468]       0.224   -0.77861866        167                1        0.6331619
INFO  [02:59:02.468]       0.201   -0.69533516        255               28        0.8717019
INFO  [02:59:02.468]       0.208   -0.84600138        109               28        0.6410849
INFO  [02:59:02.468]       0.211   -0.79670570        110               23        0.6287320
INFO  [02:59:02.468]       0.237   -4.19205206        106               11        1.0000000
INFO  [02:59:02.468]       0.197   -0.71051553        141               29        0.6340016
INFO  [02:59:02.468]       0.209   -0.35280021        160                1        0.4419654
INFO  [02:59:02.468]       0.208   -0.46514113        173               29        0.2028893
INFO  [02:59:02.468]       0.205   -0.72734163        180               29        0.3533368
INFO  [02:59:02.468]       0.196   -0.70811500        228               29        0.6456981
INFO  [02:59:02.468]       0.204   -1.51851660        126               13        0.4213744
INFO  [02:59:02.468]       0.202   -0.58209151        106               28        0.6398144
INFO  [02:59:02.468]       0.212   -0.55301271         10              137        0.6342242
INFO  [02:59:02.468]       0.222   -4.22028603        194               18        0.8403073
INFO  [02:59:02.468]       0.251   -4.22998340        193               12        0.3781888
INFO  [02:59:02.468]       0.213   -0.92890225        246               30        0.6332954
INFO  [02:59:02.468]       0.229   -0.74338948        110               11        0.7767339
INFO  [02:59:02.468]       0.199   -0.70924707         53               26        0.5016587
INFO  [02:59:02.468]       0.209   -0.46440130         40               25        0.6331318
INFO  [02:59:02.468]       0.210   -0.47049944        107               29        0.3893576
INFO  [02:59:02.468]       0.211   -1.47970541        224               23        0.4679119
INFO  [02:59:02.468]       0.210   -0.64139380        225               29        0.6236320
INFO  [02:59:02.468]       0.219   -2.78889901         52               23        0.4885105
INFO  [02:59:02.468]       0.211   -2.79150126         51               22        0.9433779
INFO  [02:59:02.468]       0.216   -0.69135880        179               29        0.9185896
INFO  [02:59:02.468]       0.217   -0.73250310         72               30        0.6367220
INFO  [02:59:02.468]       0.232   -2.86270911        216                4        0.1285410
INFO  [02:59:02.468]       0.210   -0.88262175        155               26        0.6288615
INFO  [02:59:02.468]       0.218   -0.81799777        224               24        0.8400380
INFO  [02:59:02.468]       0.217   -0.73383209         13               29        0.4915046
INFO  [02:59:02.468]       0.210   -1.02198217         10               13        0.4262660
INFO  [02:59:02.468]       0.221   -1.14524027        165               29        0.2134692
INFO  [02:59:02.468]       0.222   -0.86593144         53               31        0.7438903
INFO  [02:59:02.468]       0.226   -0.69184166         47               29        0.7366382
INFO  [02:59:02.468]       0.201   -0.67507841        106               27        0.7187827
INFO  [02:59:02.468]       0.206   -0.99947335        114               26        0.6572513
INFO  [02:59:02.468]       0.211   -0.36563547        230               22        0.9645263
INFO  [02:59:02.468]       0.218   -0.70800841         58               22        1.0000000
INFO  [02:59:02.468]       0.210   -0.77892827        101               25        0.6282973
INFO  [02:59:02.468]       0.213   -0.71337781         55               27        0.3090804
INFO  [02:59:02.468]       0.202   -0.40916346         10               29        0.6324638
INFO  [02:59:02.468]       0.204   -0.72059191        245               27        0.5377367
INFO  [02:59:02.468]       0.211   -0.48835179         80               29        0.6339635
INFO  [02:59:02.468]       0.214   -0.61822277        162               27        0.2860222
INFO  [02:59:02.468]       0.226   -0.69911954        122               15        0.6424891
INFO  [02:59:02.468]       0.226   -0.66514189        165               27        0.6328459
INFO  [02:59:02.468]       0.209   -0.49961344         12               26        0.8791282
INFO  [02:59:02.468]       0.209   -0.46134818         25               33        0.5956707
INFO  [02:59:02.468]       0.207   -0.80116569        225               28        0.6370353
INFO  [02:59:02.468]       0.264   -4.20716554        198              171        1.0000000
INFO  [02:59:02.468]       0.205   -0.69350440         10               27        0.6297043
INFO  [02:59:02.468]       0.196   -0.71045277        109               29        0.6411610
INFO  [02:59:02.468]       0.234   -0.07474585         10               29        0.6524682
INFO  [02:59:02.468]       0.216   -0.36009108        156               30        0.6161396
INFO  [02:59:02.468]       0.219   -2.76017983        194               29        0.6362083
INFO  [02:59:02.468]       0.211   -0.69803066        119               21        0.9095774
INFO  [02:59:02.468]       0.201   -0.70449985        255               26        0.6356683
INFO  [02:59:02.468]       0.225   -4.18630392        130               23        1.0000000
INFO  [02:59:02.468]       0.216   -0.71485673         10               27        0.6613963
INFO  [02:59:02.468]       0.195   -0.50064818         66               29        0.6348326
INFO  [02:59:02.468]       0.300   -3.96919825        144               18        1.0000000
INFO  [02:59:02.468]       0.208   -0.54564618        101               26        0.6477828
INFO  [02:59:02.468]       0.244   -4.18111591         54               19        0.9368967
INFO  [02:59:02.468]       0.202   -0.65418339        160               29        0.3378908
INFO  [02:59:02.468]       0.225   -4.23958075        246               21        1.0000000
INFO  [02:59:02.468]       0.215   -2.51568263         10               26        0.6951604
INFO  [02:59:02.468]       0.200   -0.46974057         10               29        0.6343491
INFO  [02:59:02.468]       0.220   -0.46798386         58               28        0.5055740
INFO  [02:59:02.468]       0.222   -2.81481412         46                9        0.4218885
INFO  [02:59:02.468]       0.238   -4.29020469        189               25        0.5893313
INFO  [02:59:02.468]       0.200   -0.78019622        115               27        0.6659358
INFO  [02:59:02.468]       0.206   -0.72574023        109               31        0.6478494
INFO  [02:59:02.468]       0.199   -0.67901360        109               29        0.6548236
INFO  [02:59:02.468]       0.205   -0.84675544        166               31        0.4632606
INFO  [02:59:02.468]       0.242   -2.79683843        253              182        0.6341011
INFO  [02:59:02.468]       0.300   -4.17167183         49               16        0.9041515
INFO  [02:59:02.468]       0.211   -0.88058100        255               27        0.1883813
INFO  [02:59:02.468]       0.246   -0.43152248         10              162        0.1104539
INFO  [02:59:02.468]       0.214   -0.68235765        255               35        0.6338218
INFO  [02:59:02.468]       0.196   -0.69712284        255               28        0.7735796
INFO  [02:59:02.468]       0.205   -0.71999038        155               29        0.7201573
INFO  [02:59:02.468]       0.300   -4.22853601         10               13        0.1039965
INFO  [02:59:02.468]       0.219   -0.46002553        255               26        0.3718273
INFO  [02:59:02.468]       0.203    0.00000000         10               29        0.6277106
INFO  [02:59:02.468]       0.218   -0.70905239         67              162        0.6432997
INFO  [02:59:02.468]       0.231   -0.33336314        195               54        0.1000000
INFO  [02:59:02.468]       0.207   -0.50560318         10               31        0.7009658
INFO  [02:59:02.468]       0.236   -0.63666093         10               27        0.6284197
INFO  [02:59:02.468]       0.233   -0.01653211        166              148        0.2092219
INFO  [02:59:02.468]       0.217   -2.82305713         10               17        0.6672738
INFO  [02:59:02.468]       0.199   -1.33807310        255               22        0.5057499
INFO  [02:59:02.468]       0.210   -0.59566138         28               28        0.6288484
INFO  [02:59:02.468]       0.210   -0.56375026         13               31        0.6276829
INFO  [02:59:02.468]       0.214   -1.22257897        255               20        0.6062733
INFO  [02:59:02.468]       0.207   -0.55459441         27               29        0.6309871
INFO  [02:59:02.468]       0.201   -1.18479671        255               21        0.5760336
INFO  [02:59:02.468]       0.211   -0.51333047        255               26        1.0000000
INFO  [02:59:02.468]       0.222   -1.21774134        255               29        0.4736128
INFO  [02:59:02.468]       0.209   -0.95394695        165               27        0.5083977
INFO  [02:59:02.468]       0.211   -3.98049112        136               17        1.0000000
INFO  [02:59:02.468]       0.209   -0.66876088        163               29        0.6275770
INFO  [02:59:02.468]       0.209   -1.85648962        106               28        0.8532219
INFO  [02:59:02.468]       0.227    0.00000000        243               29        0.6296525
INFO  [02:59:02.468]       0.208   -0.42924957         10               21        0.7303943
INFO  [02:59:02.468]       0.206   -1.69297242        255               26        0.7358355
INFO  [02:59:02.468]       0.214   -0.71131962        252               31        0.8113932
INFO  [02:59:02.468]       0.224   -3.97365849        135               14        1.0000000
INFO  [02:59:02.468]       0.211   -0.70258168        107               22        0.5097503
INFO  [02:59:02.468]       0.204   -0.71826957        158               21        0.5272147
INFO  [02:59:02.468]       0.225   -4.10292290         26               10        0.5157652
INFO  [02:59:02.468]       0.211   -0.63548032        255               28        0.9724033
INFO  [02:59:02.468]       0.213   -2.85353936         10                8        0.3438209
INFO  [02:59:02.468]       0.201   -0.99049869        255               29        0.6428520
INFO  [02:59:02.468]       0.300   -3.61055755        138                1        1.0000000
INFO  [02:59:02.468]       0.215   -0.33154083        153               22        0.6316004
INFO  [02:59:02.468]       0.221   -4.25424937        143               17        1.0000000
INFO  [02:59:02.468]       0.210   -0.71964628         74               26        0.7058969
INFO  [02:59:02.468]       0.228   -4.01763421        137               17        1.0000000
INFO  [02:59:02.468]       0.206    0.00000000        160               26        0.6293106
INFO  [02:59:02.468]       0.217   -3.96578740         47               17        1.0000000
INFO  [02:59:02.468]       0.236   -2.87298844        120               12        0.2095830
INFO  [02:59:02.468]       0.209   -1.01864139        255               10        0.5101592
INFO  [02:59:02.468]       0.203   -1.34560156        255               12        0.5011433
INFO  [02:59:02.468]       0.232   -3.84938860        140                1        0.9949006
INFO  [02:59:02.468]       0.213   -1.35126049        255               15        0.4161860
INFO  [02:59:02.468]       0.217   -1.56271428        255               21        0.4156188
INFO  [02:59:02.468]       0.218   -2.83171512         42               19        1.0000000
INFO  [02:59:02.468]       0.211   -0.03766285         95               27        0.6526914
INFO  [02:59:02.468]       0.300   -3.96327259         34               17        1.0000000
INFO  [02:59:02.468]       0.300   -4.16070698         26               33        1.0000000
INFO  [02:59:02.468]       0.207   -0.56828517         67               28        0.6045110
INFO  [02:59:02.468]       0.224   -3.98135902        253               41        1.0000000
INFO  [02:59:02.468]       0.197   -0.98160918        137               26        0.6565999
INFO  [02:59:02.468]       0.226   -2.85657056        255               28        0.5463952
INFO  [02:59:02.468]       0.203   -0.88182456        205               26        0.6269667
INFO  [02:59:02.468]       0.249   -3.92675739         59               17        0.9471238
INFO  [02:59:02.468]       0.218   -3.51535554         10               16        1.0000000
INFO  [02:59:02.468]       0.228   -2.83745591         10               30        0.8373185
INFO  [02:59:02.468]       0.223   -4.31120407        139               25        1.0000000
INFO  [02:59:02.468]       0.202   -0.90185107        112               29        0.6429925
INFO  [02:59:02.468]       0.203   -0.48408439        177               29        0.7607811
INFO  [02:59:02.468]       0.214   -2.17574502        219               31        0.7657688
INFO  [02:59:02.468]       0.210   -1.19594789        208               31        0.8157075
INFO  [02:59:02.468]       0.242   -2.72506985        215               30        0.1000000
INFO  [02:59:02.468]       0.252   -2.78769932        255               24        0.1000000
INFO  [02:59:02.468]       0.208   -0.88571702        108               27        0.6452985
INFO  [02:59:02.468]       0.239   -4.29816861         51               46        1.0000000
INFO  [02:59:02.468]       0.199   -0.66898695        255               27        0.7786259
INFO  [02:59:02.468]       0.226   -3.12083057        255               19        1.0000000
INFO  [02:59:02.468]       0.231   -3.01994192         28               16        0.5410966
INFO  [02:59:02.468]       0.214   -1.14382259        149               28        0.6223184
INFO  [02:59:02.468]       0.208   -0.70596625        103               28        0.6877651
INFO  [02:59:02.468]       0.259   -4.11511072         10               15        1.0000000
INFO  [02:59:02.468]       0.206   -0.51825906         69               29        0.6395377
INFO  [02:59:02.468]       0.219   -4.33332335        134               18        1.0000000
INFO  [02:59:02.468]       0.300   -2.86146693        137               18        0.3882329
INFO  [02:59:02.468]       0.300   -3.94826809         15               19        1.0000000
INFO  [02:59:02.468]       0.220   -0.39862769        255               24        0.1000000
INFO  [02:59:02.468]       0.203   -0.49759609        247               30        0.6331066
INFO  [02:59:02.468]       0.210    0.00000000         29               29        0.6341452
INFO  [02:59:02.468]       0.268   -4.29684435         14               18        1.0000000
INFO  [02:59:02.468]       0.224   -4.25682983         11               14        0.8916524
INFO  [02:59:02.468]       0.253   -4.33681863        138              105        1.0000000
INFO  [02:59:02.468]       0.272   -4.15841488         10               76        0.2591770
INFO  [02:59:02.468]       0.225   -4.35362976        130               16        1.0000000
INFO  [02:59:02.468]       0.300   -3.93827926        143               17        1.0000000
INFO  [02:59:02.468]       0.300   -3.95277611        136               17        1.0000000
INFO  [02:59:02.468]       0.215   -0.68893817        161               23        0.1834340
INFO  [02:59:02.468]       0.214   -1.37965184         11               13        0.1818699
INFO  [02:59:02.468]       0.206   -0.65444785        141               28        0.6496588
INFO  [02:59:02.468]       0.223   -0.46898228        202               29        0.2339517
INFO  [02:59:02.468]       0.201   -0.67093342        202               30        0.6423270
INFO  [02:59:02.468]       0.213   -1.43278339        202               30        0.3587110
INFO  [02:59:02.468]       0.212   -1.00676548        179               28        0.9939466
INFO  [02:59:02.468]       0.204   -0.97592338        109               26        0.9826322
INFO  [02:59:02.468]       0.215   -4.37282243        138               19        1.0000000
INFO  [02:59:02.468]       0.206   -0.23284262        255               31        0.6430056
INFO  [02:59:02.468]       0.198   -0.79989069        160               29        0.6525954
INFO  [02:59:02.468]       0.204   -0.92245429        153               25        0.6495894
INFO  [02:59:02.468]       0.219   -2.78281762        156               29        0.3590628
INFO  [02:59:02.468]       0.281   -2.81267812         53                1        0.3380185
INFO  [02:59:02.468]       0.233   -0.63968000        255               21        0.7799793
INFO  [02:59:02.468]       0.250   -2.80731017        179               15        0.2942649
INFO  [02:59:02.468]       0.203    0.00000000        249               27        0.6299554
INFO  [02:59:02.468]       0.225   -3.24980403         25               19        1.0000000
INFO  [02:59:02.468]       0.203   -1.16068034        156               29        0.5427544
INFO  [02:59:02.468]       0.211   -1.30226399         55               17        0.5543387
INFO  [02:59:02.468]       0.300   -3.98780025         10               16        1.0000000
INFO  [02:59:02.468]       0.206   -0.68231011        110               28        0.8960965
INFO  [02:59:02.468]       0.200   -0.45149292         10               29        0.8026270
INFO  [02:59:02.468]       0.223   -4.40793045        239               15        1.0000000
INFO  [02:59:02.468]       0.218   -4.44138297        136               18        1.0000000
INFO  [02:59:02.468]       0.263   -4.36922333         10               14        0.2797991
INFO  [02:59:02.468]       0.260   -4.46045450        246              131        1.0000000
INFO  [02:59:02.468]       0.210   -0.16508823         10               30        0.9796566
INFO  [02:59:02.468]       0.228   -4.42517485        135               36        0.8469105
INFO  [02:59:02.468]       0.220   -4.51098650        255               19        1.0000000
INFO  [02:59:02.468]       0.234   -4.43992572        128               40        0.8582665
INFO  [02:59:02.468]       0.222   -4.43164841         68               23        1.0000000
INFO  [02:59:02.468]       0.208   -0.70596286        109               28        0.6804613
INFO  [02:59:02.468]       0.218   -0.44917941        255               28        0.5148173
INFO  [02:59:02.468]       0.205   -0.46766452        227               27        0.6689014
INFO  [02:59:02.468]       0.207   -0.65777942        110               28        0.6397412
INFO  [02:59:02.468]       0.212   -0.36117725        218               28        0.6481112
INFO  [02:59:02.468]       0.211   -0.42604424        222               25        0.6478105
INFO  [02:59:02.468]       0.221   -0.98122928         93               26        0.7960510
INFO  [02:59:02.468]       0.228   -2.77335898        255               27        0.9133944
INFO  [02:59:02.468]       0.220   -2.66330293        224                1        0.4743911
INFO  [02:59:02.468]       0.200   -1.04112249        163               30        0.6455024
INFO  [02:59:02.468]       0.210   -0.69897641         10               30        0.6356077
INFO  [02:59:02.468]       0.213   -0.69269861        141               30        0.9125240
INFO  [02:59:02.468]       0.209   -0.68899889        110               27        0.6266370
INFO  [02:59:02.468]       0.207   -0.66872973        122               29        0.6391331
INFO  [02:59:02.468]       0.253   -3.59752742         10               15        0.5563725
INFO  [02:59:02.468]       0.218   -0.81324001        110               29        0.6826733
INFO  [02:59:02.468]       0.264   -3.66422071        209               11        0.5817692
INFO  [02:59:02.468]       0.234   -2.75218228        119                6        0.4247078
INFO  [02:59:02.468]       0.239   -2.74082615         67                1        0.4984784
INFO  [02:59:02.468]       0.218   -0.77277222        255               31        0.6848209
INFO  [02:59:02.468]       0.224   -2.85593684         10                4        0.2666751
INFO  [02:59:02.468]       0.291   -4.48087043         16                1        1.0000000
INFO  [02:59:02.468]       0.208   -1.46686448        255               28        0.5731189
INFO  [02:59:02.468]       0.202   -1.30035584        255               28        0.6267307
INFO  [02:59:02.468]       0.198   -1.29003297         10               21        0.6230282
INFO  [02:59:02.468]       0.237   -2.15921292         95                1        0.1000000
INFO  [02:59:02.468]       0.234   -2.22449277        129               21        0.1744493
INFO  [02:59:02.468]       0.200   -0.70775449        255               28        0.6615605
INFO  [02:59:02.468]       0.236   -4.53324153         10               13        1.0000000
INFO  [02:59:02.468]       0.204   -0.98065290        255               28        0.7613179
INFO  [02:59:02.468]       0.203   -0.59061287         10               28        0.5635931
INFO  [02:59:02.468]       0.236   -2.82099603         37               18        0.6194886
INFO  [02:59:02.468]       0.189   -0.70453813        115               29        0.6422198
INFO  [02:59:02.468]       0.213   -0.69802885        109               29        0.5409455
INFO  [02:59:02.468]       0.215   -0.70598008         10               29        0.5562945
INFO  [02:59:02.468]       0.200   -0.68558185        121               31        0.6366265
INFO  [02:59:02.468]       0.204   -0.95122187        117               25        0.7495902
INFO  [02:59:02.468]       0.234   -4.81380450        136               20        1.0000000
INFO  [02:59:02.468]       0.235   -4.90983475        136               21        1.0000000
INFO  [02:59:02.468]       0.238   -4.80380889        136               14        1.0000000
INFO  [02:59:02.468]       0.237   -2.79537017        251                1        1.0000000
INFO  [02:59:02.468]       0.218   -0.93621135        255               27        0.6426986
INFO  [02:59:02.468]       0.222   -3.94426956        248               25        0.9976800
INFO  [02:59:02.468]       0.216   -3.95221111        134               17        1.0000000
INFO  [02:59:02.468]       0.225   -0.09317856        248                1        0.6147565
INFO  [02:59:02.468]       0.235   -4.24135205        122               22        1.0000000
INFO  [02:59:02.468]       0.229   -3.17351137         10               23        1.0000000
INFO  [02:59:02.468]       0.234   -2.99963955         22               18        0.4392884
INFO  [02:59:02.468]       0.241   -4.89296520         99               19        0.9750998
INFO  [02:59:02.468]       0.213   -0.71156874        248               26        0.6344116
INFO  [02:59:02.468]       0.215   -0.05699433        255               23        0.7705619
INFO  [02:59:02.468]       0.215   -0.98237163         47               24        0.7641696
INFO  [02:59:02.468]       0.227   -4.96955488        163               17        1.0000000
INFO  [02:59:02.468]       0.251   -4.48722417         10               17        0.5206615
INFO  [02:59:02.468]       0.212   -0.70385071        126               30        0.6477615
INFO  [02:59:02.468]       0.298   -4.08325195         10                8        0.1309170
INFO  [02:59:02.468]       0.300   -6.80109000        253               17        1.0000000
INFO  [02:59:02.468]       0.243   -3.97931285         25                6        0.3609708
INFO  [02:59:02.468]       0.206   -0.45180010         10               28        0.7025075
INFO  [02:59:02.468]       0.232   -3.64503978         10               22        0.1287365
INFO  [02:59:02.468]       0.198   -0.66380230        123               29        0.6424542
INFO  [02:59:02.468]  classif.ce learning_rate num_leaves min_data_in_leaf feature_fraction
INFO  [02:59:02.468]  extra_trees   lambda_l1    lambda_l2 min_gain_to_split        timestamp_xs
INFO  [02:59:02.468]         TRUE -5.64709215 -2.206435353         -5.474453 2026-09-10 02:50:44
INFO  [02:59:02.468]         TRUE -5.69851656 -6.907755279         -4.174920 2026-09-10 02:50:45
INFO  [02:59:02.468]         TRUE -5.81320780 -6.318982543         -5.481604 2026-09-10 02:50:46
INFO  [02:59:02.468]         TRUE -5.78286282 -5.722842656         -5.479417 2026-09-10 02:50:47
INFO  [02:59:02.468]         TRUE -5.52053963 -3.869823839         -4.961569 2026-09-10 02:50:47
INFO  [02:59:02.468]         TRUE -5.67037256 -6.293874211         -5.265236 2026-09-10 02:50:48
INFO  [02:59:02.468]         TRUE -5.71474556 -4.529748611         -5.196881 2026-09-10 02:50:49
INFO  [02:59:02.468]        FALSE -5.71187888 -6.604110178         -5.787352 2026-09-10 02:50:50
INFO  [02:59:02.468]         TRUE -5.71208086 -6.518175274         -5.394492 2026-09-10 02:50:50
INFO  [02:59:02.468]         TRUE -5.65694344 -6.861097052         -5.587952 2026-09-10 02:50:51
INFO  [02:59:02.468]         TRUE -5.89493653 -6.361615054         -3.702656 2026-09-10 02:50:52
INFO  [02:59:02.468]         TRUE -5.66683903 -6.368057469         -5.487429 2026-09-10 02:50:53
INFO  [02:59:02.468]         TRUE -5.71367240  1.635637122         -4.248976 2026-09-10 02:50:54
INFO  [02:59:02.468]         TRUE -5.67250727 -6.907755279         -4.523017 2026-09-10 02:50:54
INFO  [02:59:02.468]         TRUE -5.53848721 -0.903658769         -5.535821 2026-09-10 02:50:55
INFO  [02:59:02.468]         TRUE -5.71674968  6.450204495         -5.820886 2026-09-10 02:50:56
INFO  [02:59:02.468]         TRUE -5.66579092 -6.317927396         -5.516894 2026-09-10 02:50:57
INFO  [02:59:02.468]         TRUE -5.74318480 -6.388291736         -5.427888 2026-09-10 02:50:58
INFO  [02:59:02.468]        FALSE -5.61552133 -6.907755279         -3.815131 2026-09-10 02:50:59
INFO  [02:59:02.468]         TRUE -5.58127525 -6.907755279         -5.592097 2026-09-10 02:51:00
INFO  [02:59:02.468]         TRUE -5.67536066 -4.069769357         -5.476260 2026-09-10 02:51:01
INFO  [02:59:02.468]         TRUE -5.70986002 -5.840495255         -5.451076 2026-09-10 02:51:02
INFO  [02:59:02.468]         TRUE -5.22257478 -6.907755279         -5.497074 2026-09-10 02:51:02
INFO  [02:59:02.468]         TRUE -5.70645525 -6.496073828         -6.541110 2026-09-10 02:51:03
INFO  [02:59:02.468]         TRUE -5.68298204 -6.401400623         -5.468094 2026-09-10 02:51:04
INFO  [02:59:02.468]         TRUE -5.71394639 -3.005472521         -2.364534 2026-09-10 02:51:05
INFO  [02:59:02.468]         TRUE -5.30851159 -6.907755279         -5.461218 2026-09-10 02:51:06
INFO  [02:59:02.468]         TRUE -5.29088220 -6.907755279         -5.457032 2026-09-10 02:51:07
INFO  [02:59:02.468]         TRUE -5.68158399 -6.768549675         -5.503695 2026-09-10 02:51:08
INFO  [02:59:02.468]         TRUE -5.33126471 -6.276271682         -5.499891 2026-09-10 02:51:08
INFO  [02:59:02.468]         TRUE  5.44405287 -6.907755279         -5.470229 2026-09-10 02:51:09
INFO  [02:59:02.468]         TRUE  6.28802985 -6.907755279         -5.974430 2026-09-10 02:51:10
INFO  [02:59:02.468]         TRUE  6.90775528 -6.907755279         -5.622247 2026-09-10 02:51:11
INFO  [02:59:02.468]         TRUE -5.71270066  6.539920514         -2.353740 2026-09-10 02:51:12
INFO  [02:59:02.468]         TRUE -1.06570155 -6.907755279         -6.757737 2026-09-10 02:51:13
INFO  [02:59:02.468]         TRUE -1.00853240 -6.907755279         -6.907755 2026-09-10 02:51:14
INFO  [02:59:02.468]         TRUE -5.40879164 -6.417264295         -5.440294 2026-09-10 02:51:14
INFO  [02:59:02.468]         TRUE -5.56389227 -6.487938432         -5.626229 2026-09-10 02:51:15
INFO  [02:59:02.468]         TRUE -5.66579691 -6.907755279         -5.494357 2026-09-10 02:51:16
INFO  [02:59:02.468]         TRUE -5.71621306 -6.311399814         -5.549716 2026-09-10 02:51:17
INFO  [02:59:02.468]        FALSE -5.53980224 -6.333881814         -6.741614 2026-09-10 02:51:18
INFO  [02:59:02.468]         TRUE -5.65792636 -6.311399814         -4.840551 2026-09-10 02:51:19
INFO  [02:59:02.468]         TRUE -6.90775528 -2.289393330         -5.478757 2026-09-10 02:51:20
INFO  [02:59:02.468]         TRUE -5.43180185 -6.907755279         -4.061795 2026-09-10 02:51:20
INFO  [02:59:02.468]         TRUE -5.72586286 -1.909611921         -5.392808 2026-09-10 02:51:21
INFO  [02:59:02.468]        FALSE -5.52607060  0.825530773         -3.096114 2026-09-10 02:51:22
INFO  [02:59:02.468]         TRUE -5.49340096 -6.828124193         -5.607755 2026-09-10 02:51:23
INFO  [02:59:02.468]         TRUE -6.14475404 -1.588505921         -5.393412 2026-09-10 02:51:24
INFO  [02:59:02.468]         TRUE -5.89240134 -2.434513246         -5.383372 2026-09-10 02:51:25
INFO  [02:59:02.468]         TRUE -5.77588901 -1.974712116         -5.373542 2026-09-10 02:51:25
INFO  [02:59:02.468]         TRUE -5.69649021 -1.991947462         -5.389134 2026-09-10 02:51:26
INFO  [02:59:02.468]         TRUE -5.75916317 -1.649548148         -5.347924 2026-09-10 02:51:27
INFO  [02:59:02.468]         TRUE -5.55759077 -1.951021366         -5.178611 2026-09-10 02:51:28
INFO  [02:59:02.468]         TRUE -5.71926959 -0.698437064         -6.907755 2026-09-10 02:51:29
INFO  [02:59:02.468]         TRUE -5.68079999 -1.756763113         -6.907755 2026-09-10 02:51:30
INFO  [02:59:02.468]         TRUE -5.74807128 -1.627306758         -3.645572 2026-09-10 02:51:31
INFO  [02:59:02.468]         TRUE -6.90775528 -1.849087477         -2.302585 2026-09-10 02:51:32
INFO  [02:59:02.468]         TRUE -5.53911633  2.955896605         -3.512668 2026-09-10 02:51:33
INFO  [02:59:02.468]         TRUE -5.66001042 -1.791229683         -5.335296 2026-09-10 02:51:33
INFO  [02:59:02.468]         TRUE -5.71037900 -1.752137087         -5.248352 2026-09-10 02:51:34
INFO  [02:59:02.468]         TRUE -5.73216635 -1.894295318         -5.409665 2026-09-10 02:51:35
INFO  [02:59:02.468]         TRUE -5.89201001 -1.903596279         -5.273478 2026-09-10 02:51:36
INFO  [02:59:02.468]         TRUE -5.70557817 -1.715612551         -5.314614 2026-09-10 02:51:37
INFO  [02:59:02.468]         TRUE -5.96196866 -1.913616794         -6.590225 2026-09-10 02:51:38
INFO  [02:59:02.468]         TRUE -5.72251290 -1.111865573         -5.387022 2026-09-10 02:51:39
INFO  [02:59:02.468]         TRUE -5.95479317 -1.887698044         -6.907755 2026-09-10 02:51:40
INFO  [02:59:02.468]         TRUE -6.06944640 -1.230342802         -5.485771 2026-09-10 02:51:41
INFO  [02:59:02.468]         TRUE -5.70110343 -2.303411324         -5.393486 2026-09-10 02:51:41
INFO  [02:59:02.468]         TRUE -5.75164150 -1.885350720         -2.722983 2026-09-10 02:51:42
INFO  [02:59:02.468]         TRUE -3.27641428  6.461559868         -6.907755 2026-09-10 02:51:43
INFO  [02:59:02.468]         TRUE -5.75149628 -6.907755279         -6.907755 2026-09-10 02:51:44
INFO  [02:59:02.468]         TRUE -5.73271615 -1.266686528         -2.302585 2026-09-10 02:51:45
INFO  [02:59:02.468]         TRUE -5.71514154 -1.752565891         -6.907755 2026-09-10 02:51:46
INFO  [02:59:02.468]         TRUE -5.70716544  6.907755279         -5.409801 2026-09-10 02:51:47
INFO  [02:59:02.468]         TRUE  1.13539321 -5.171267778         -5.423126 2026-09-10 02:51:48
INFO  [02:59:02.468]         TRUE -5.73058881 -6.907755279         -4.476369 2026-09-10 02:51:49
INFO  [02:59:02.468]         TRUE -5.70595924 -1.771734936         -4.905721 2026-09-10 02:51:50
INFO  [02:59:02.468]         TRUE -5.44387887 -1.882055703         -6.497774 2026-09-10 02:51:50
INFO  [02:59:02.468]         TRUE -5.67966272 -1.977098640         -2.684199 2026-09-10 02:51:51
INFO  [02:59:02.468]         TRUE  1.27183293 -1.880554670         -5.851630 2026-09-10 02:51:52
INFO  [02:59:02.468]        FALSE -5.90441235 -1.906926654         -2.719455 2026-09-10 02:51:53
INFO  [02:59:02.468]         TRUE -5.90996254 -1.904831468         -5.317100 2026-09-10 02:51:54
INFO  [02:59:02.468]         TRUE -5.73058881 -3.475429985         -5.309402 2026-09-10 02:51:56
INFO  [02:59:02.468]         TRUE -5.90014384 -2.031367803         -5.431395 2026-09-10 02:51:56
INFO  [02:59:02.468]         TRUE -5.69293801 -4.270459512         -5.758374 2026-09-10 02:51:57
INFO  [02:59:02.468]         TRUE -5.70983941 -1.894986100         -2.302585 2026-09-10 02:51:58
INFO  [02:59:02.468]         TRUE  0.53365198 -6.907755279         -5.452288 2026-09-10 02:51:59
INFO  [02:59:02.468]         TRUE -5.70979292 -1.772100774         -5.391404 2026-09-10 02:52:00
INFO  [02:59:02.468]         TRUE -5.59525915 -1.743166074         -5.368363 2026-09-10 02:52:01
INFO  [02:59:02.468]         TRUE -5.68947443 -3.356112068         -5.373416 2026-09-10 02:52:02
INFO  [02:59:02.468]         TRUE -5.56723011 -1.919659232         -5.362072 2026-09-10 02:52:03
INFO  [02:59:02.468]         TRUE -5.50501110 -1.853901587         -5.402388 2026-09-10 02:52:04
INFO  [02:59:02.468]         TRUE -5.71667041 -6.873893906         -5.468429 2026-09-10 02:52:05
INFO  [02:59:02.468]         TRUE -5.69055406 -2.414969724         -5.392473 2026-09-10 02:52:06
INFO  [02:59:02.468]         TRUE -5.59641786 -6.907755279         -2.302585 2026-09-10 02:52:06
INFO  [02:59:02.468]         TRUE -5.55683564 -1.920455077         -6.499428 2026-09-10 02:52:07
INFO  [02:59:02.468]        FALSE -6.21156079 -2.319730032         -2.522552 2026-09-10 02:52:08
INFO  [02:59:02.468]         TRUE -4.42474700 -1.906146859         -2.502637 2026-09-10 02:52:09
INFO  [02:59:02.468]         TRUE -6.90775528 -1.856333252         -5.267758 2026-09-10 02:52:10
INFO  [02:59:02.468]         TRUE -5.74522997 -3.049996982         -5.205643 2026-09-10 02:52:11
INFO  [02:59:02.468]         TRUE -6.87878900 -1.826854739         -5.682177 2026-09-10 02:52:12
INFO  [02:59:02.468]         TRUE -6.24808287 -1.664956242         -5.390854 2026-09-10 02:52:13
INFO  [02:59:02.468]         TRUE -5.60671365 -6.907755279         -5.500567 2026-09-10 02:52:14
INFO  [02:59:02.468]         TRUE -5.74226030 -1.998107901         -6.907755 2026-09-10 02:52:15
INFO  [02:59:02.468]         TRUE -5.67549272 -5.494582558         -3.737496 2026-09-10 02:52:16
INFO  [02:59:02.468]         TRUE -5.79746575 -1.924477559         -5.192464 2026-09-10 02:52:17
INFO  [02:59:02.468]         TRUE -5.73621807 -3.523873575         -5.469387 2026-09-10 02:52:18
INFO  [02:59:02.468]         TRUE -5.72335076 -1.417235497         -5.447635 2026-09-10 02:52:19
INFO  [02:59:02.468]         TRUE -5.80766532 -1.603590332         -5.459332 2026-09-10 02:52:20
INFO  [02:59:02.468]         TRUE -5.70849768 -3.856279382         -5.310657 2026-09-10 02:52:21
INFO  [02:59:02.468]        FALSE -5.93813015 -1.933957667         -5.577206 2026-09-10 02:52:21
INFO  [02:59:02.468]         TRUE -5.44112071 -3.719657893         -5.320194 2026-09-10 02:52:22
INFO  [02:59:02.468]         TRUE -5.55964114 -3.641905767         -5.198646 2026-09-10 02:52:23
INFO  [02:59:02.468]         TRUE -5.63534289 -1.912762876         -6.878901 2026-09-10 02:52:24
INFO  [02:59:02.468]         TRUE -5.72633621 -3.810614077         -5.886279 2026-09-10 02:52:25
INFO  [02:59:02.468]         TRUE -5.48810321 -3.848387292         -5.371157 2026-09-10 02:52:26
INFO  [02:59:02.468]         TRUE -5.79328288 -3.263970873         -5.289483 2026-09-10 02:52:27
INFO  [02:59:02.468]         TRUE -5.55997535 -1.907266021         -2.343968 2026-09-10 02:52:28
INFO  [02:59:02.468]         TRUE -5.56872962 -3.860264248         -5.347165 2026-09-10 02:52:29
INFO  [02:59:02.468]         TRUE -5.55246317 -1.923589012         -5.349613 2026-09-10 02:52:30
INFO  [02:59:02.468]         TRUE -5.59413589 -3.402014868         -5.367230 2026-09-10 02:52:31
INFO  [02:59:02.468]         TRUE -5.63780130 -3.833138315         -5.331903 2026-09-10 02:52:32
INFO  [02:59:02.468]         TRUE -5.49999486 -4.135971276         -5.301755 2026-09-10 02:52:33
INFO  [02:59:02.468]         TRUE -6.90775528 -4.025645955         -5.267642 2026-09-10 02:52:34
INFO  [02:59:02.468]         TRUE -5.51399383 -3.890851622         -5.342731 2026-09-10 02:52:35
INFO  [02:59:02.468]         TRUE -5.54714967 -3.822241609         -5.267581 2026-09-10 02:52:35
INFO  [02:59:02.468]         TRUE -5.25890529 -3.806274853         -5.343113 2026-09-10 02:52:36
INFO  [02:59:02.468]         TRUE -6.90775528 -6.907755279         -6.616066 2026-09-10 02:52:37
INFO  [02:59:02.468]         TRUE -5.51443850 -3.989892301         -5.364332 2026-09-10 02:52:38
INFO  [02:59:02.468]         TRUE -5.51694417  6.407644830         -3.035229 2026-09-10 02:52:39
INFO  [02:59:02.468]         TRUE -6.09292687 -4.032439569         -5.341001 2026-09-10 02:52:40
INFO  [02:59:02.468]         TRUE -5.49680632 -4.018481989         -3.605610 2026-09-10 02:52:41
INFO  [02:59:02.468]        FALSE -5.88308799 -1.742301209         -5.324149 2026-09-10 02:52:42
INFO  [02:59:02.468]         TRUE -6.90775528 -6.367223152         -5.335257 2026-09-10 02:52:43
INFO  [02:59:02.468]         TRUE -5.36330979 -3.888281484         -5.352944 2026-09-10 02:52:43
INFO  [02:59:02.468]         TRUE -5.45506810 -3.446595393         -5.311639 2026-09-10 02:52:44
INFO  [02:59:02.468]         TRUE -5.71975543 -2.693984176         -6.735691 2026-09-10 02:52:45
INFO  [02:59:02.468]         TRUE -5.53624163 -2.367059429         -5.372185 2026-09-10 02:52:46
INFO  [02:59:02.468]         TRUE -5.74115300 -2.244283518         -5.536702 2026-09-10 02:52:47
INFO  [02:59:02.468]         TRUE -2.38435814 -3.441448265         -5.370985 2026-09-10 02:52:48
INFO  [02:59:02.468]         TRUE -6.01071485 -1.970074524         -5.302725 2026-09-10 02:52:49
INFO  [02:59:02.468]         TRUE -5.47164744  5.631881696         -5.431994 2026-09-10 02:52:50
INFO  [02:59:02.468]         TRUE -6.04635280  3.528694855         -5.552862 2026-09-10 02:52:51
INFO  [02:59:02.468]         TRUE -6.14417138 -5.605959391         -5.448675 2026-09-10 02:52:52
INFO  [02:59:02.468]         TRUE -5.78930809 -1.614320426         -5.495491 2026-09-10 02:52:53
INFO  [02:59:02.468]         TRUE -5.66720418 -3.908128761         -6.889738 2026-09-10 02:52:54
INFO  [02:59:02.468]         TRUE -6.77839979 -3.609887919         -6.907755 2026-09-10 02:52:55
INFO  [02:59:02.468]         TRUE -2.12384255  4.628499206         -5.117942 2026-09-10 02:52:55
INFO  [02:59:02.468]         TRUE -1.98874978  4.934969231         -5.080786 2026-09-10 02:52:56
INFO  [02:59:02.468]         TRUE -2.12562289 -3.970929848         -5.037042 2026-09-10 02:52:57
INFO  [02:59:02.468]         TRUE -6.90775528 -2.763982044         -5.204479 2026-09-10 02:52:58
INFO  [02:59:02.468]         TRUE -5.49612367 -3.699655511         -6.519592 2026-09-10 02:52:59
INFO  [02:59:02.468]         TRUE -5.60490582 -3.775822649         -5.143929 2026-09-10 02:53:00
INFO  [02:59:02.468]         TRUE -5.59872817 -3.968789611         -5.371080 2026-09-10 02:53:01
INFO  [02:59:02.468]         TRUE -5.45721307 -4.212418313         -5.034511 2026-09-10 02:53:02
INFO  [02:59:02.468]         TRUE -5.47482385 -3.610754600         -2.963120 2026-09-10 02:53:03
INFO  [02:59:02.468]         TRUE -6.38348968 -3.008649411         -5.282385 2026-09-10 02:53:04
INFO  [02:59:02.468]         TRUE -5.40937900 -1.874036310         -5.316637 2026-09-10 02:53:05
INFO  [02:59:02.468]         TRUE -5.67346270 -1.775120669         -5.362421 2026-09-10 02:53:06
INFO  [02:59:02.468]         TRUE -5.42296813 -6.907755279         -6.786041 2026-09-10 02:53:07
INFO  [02:59:02.468]         TRUE -5.68095326 -3.888358635         -5.310991 2026-09-10 02:53:08
INFO  [02:59:02.468]         TRUE -6.90775528 -4.344256718         -5.316523 2026-09-10 02:53:09
INFO  [02:59:02.468]         TRUE  2.16467869 -1.352077022         -6.021764 2026-09-10 02:53:10
INFO  [02:59:02.468]         TRUE -5.83478230 -3.897685052         -5.325733 2026-09-10 02:53:11
INFO  [02:59:02.468]         TRUE -5.70489990 -3.567883253         -5.345634 2026-09-10 02:53:12
INFO  [02:59:02.468]         TRUE -5.90874119 -1.377212217         -6.907755 2026-09-10 02:53:13
INFO  [02:59:02.468]         TRUE -6.13758512 -3.850055141         -5.391645 2026-09-10 02:53:14
INFO  [02:59:02.468]         TRUE -6.90775528 -3.627523293         -4.704439 2026-09-10 02:53:15
INFO  [02:59:02.468]        FALSE -5.55840708 -3.847462878         -5.166900 2026-09-10 02:53:16
INFO  [02:59:02.468]         TRUE -6.90775528 -6.907755279         -5.319478 2026-09-10 02:53:17
INFO  [02:59:02.468]         TRUE -4.11937718 -3.552068502         -3.787461 2026-09-10 02:53:18
INFO  [02:59:02.468]         TRUE -3.04447176 -3.769987555         -6.573225 2026-09-10 02:53:19
INFO  [02:59:02.468]         TRUE -4.84137620 -2.970898858         -5.361421 2026-09-10 02:53:20
INFO  [02:59:02.468]         TRUE -5.98576773 -2.067884264         -4.036187 2026-09-10 02:53:21
INFO  [02:59:02.468]         TRUE -5.76406525 -3.451258015         -5.296850 2026-09-10 02:53:22
INFO  [02:59:02.468]         TRUE -5.88938301 -1.907092299         -6.646960 2026-09-10 02:53:23
INFO  [02:59:02.468]         TRUE -5.30859553  5.216482902         -5.312760 2026-09-10 02:53:24
INFO  [02:59:02.468]        FALSE -6.90775528 -3.780814667         -5.392768 2026-09-10 02:53:25
INFO  [02:59:02.468]         TRUE -5.92424985 -3.873511686         -5.455702 2026-09-10 02:53:26
INFO  [02:59:02.468]        FALSE -5.58381665 -2.565614658         -5.313239 2026-09-10 02:53:27
INFO  [02:59:02.468]         TRUE -2.07280534 -3.885497638         -5.306647 2026-09-10 02:53:28
INFO  [02:59:02.468]         TRUE -5.70711376 -3.856475083         -5.419955 2026-09-10 02:53:29
INFO  [02:59:02.468]        FALSE -3.46275764 -4.618119493         -6.542193 2026-09-10 02:53:30
INFO  [02:59:02.468]        FALSE -5.51839873 -2.052794684         -2.486662 2026-09-10 02:53:31
INFO  [02:59:02.468]         TRUE -1.83354591 -4.187568681         -6.907755 2026-09-10 02:53:32
INFO  [02:59:02.468]        FALSE -5.40959471 -2.085832674         -2.597901 2026-09-10 02:53:33
INFO  [02:59:02.468]         TRUE -5.53429376 -3.844809444         -2.514592 2026-09-10 02:53:34
INFO  [02:59:02.468]         TRUE -5.95189897 -3.788190826         -5.324645 2026-09-10 02:53:35
INFO  [02:59:02.468]         TRUE -5.82574590 -3.870262420         -5.336983 2026-09-10 02:53:36
INFO  [02:59:02.468]         TRUE -5.72710754 -4.252181889         -5.377916 2026-09-10 02:53:37
INFO  [02:59:02.468]         TRUE -5.67385922 -4.112577406         -5.766531 2026-09-10 02:53:38
INFO  [02:59:02.468]         TRUE -2.11980367 -3.850505383         -5.458959 2026-09-10 02:53:39
INFO  [02:59:02.468]         TRUE -5.40023197 -6.907755279         -5.306711 2026-09-10 02:53:40
INFO  [02:59:02.468]         TRUE -6.08257553 -5.571719005         -5.303049 2026-09-10 02:53:41
INFO  [02:59:02.468]         TRUE -6.40524751 -1.920501990         -5.149742 2026-09-10 02:53:42
INFO  [02:59:02.468]         TRUE -5.95197748 -1.910027025         -5.401983 2026-09-10 02:53:44
INFO  [02:59:02.468]         TRUE -5.73497290 -4.064607566         -5.062453 2026-09-10 02:53:45
INFO  [02:59:02.468]         TRUE -5.86039245 -3.994538759         -5.184164 2026-09-10 02:53:46
INFO  [02:59:02.468]         TRUE -6.35547020 -0.229921958         -6.907755 2026-09-10 02:53:47
INFO  [02:59:02.468]         TRUE -5.49820215 -2.251201499         -5.934087 2026-09-10 02:53:48
INFO  [02:59:02.468]         TRUE -5.43419029 -1.924155948         -3.202025 2026-09-10 02:53:49
INFO  [02:59:02.468]        FALSE -5.23329606 -1.936256229         -3.079147 2026-09-10 02:53:50
INFO  [02:59:02.468]        FALSE -5.25574084 -1.722916391         -3.062383 2026-09-10 02:53:51
INFO  [02:59:02.468]         TRUE -5.45713249 -1.906951965         -6.231188 2026-09-10 02:53:52
INFO  [02:59:02.468]        FALSE -5.48094474 -6.907755279         -5.188347 2026-09-10 02:53:53
INFO  [02:59:02.468]         TRUE -5.54617175  0.426638335         -6.907755 2026-09-10 02:53:54
INFO  [02:59:02.468]         TRUE -2.25467695 -2.285279440         -5.422283 2026-09-10 02:53:55
INFO  [02:59:02.468]         TRUE -5.69288343 -0.039558116         -5.177582 2026-09-10 02:53:56
INFO  [02:59:02.468]         TRUE -5.54705022  3.620866830         -6.876267 2026-09-10 02:53:57
INFO  [02:59:02.468]         TRUE -6.90775528 -3.385078066         -5.368700 2026-09-10 02:53:58
INFO  [02:59:02.468]         TRUE -5.52963411  0.365114827         -6.907755 2026-09-10 02:54:00
INFO  [02:59:02.468]         TRUE -5.95041608 -0.167935277         -6.907755 2026-09-10 02:54:01
INFO  [02:59:02.468]         TRUE -5.63893886  0.666228370         -2.983161 2026-09-10 02:54:02
INFO  [02:59:02.468]        FALSE -5.58982440 -3.844996659         -5.287920 2026-09-10 02:54:03
INFO  [02:59:02.468]         TRUE -1.96051281 -3.471230716         -6.907755 2026-09-10 02:54:04
INFO  [02:59:02.468]         TRUE -0.61853024 -3.625992288         -5.525493 2026-09-10 02:54:05
INFO  [02:59:02.468]         TRUE -0.78074138 -1.870071740         -5.128785 2026-09-10 02:54:06
INFO  [02:59:02.468]         TRUE -0.54738847 -3.935732419         -5.355251 2026-09-10 02:54:07
INFO  [02:59:02.468]         TRUE -0.56450476 -0.246579312         -6.907755 2026-09-10 02:54:08
INFO  [02:59:02.468]         TRUE -5.80359636 -3.729809641         -3.032870 2026-09-10 02:54:09
INFO  [02:59:02.468]         TRUE  0.37457157 -3.890246511         -5.188902 2026-09-10 02:54:10
INFO  [02:59:02.468]         TRUE  0.03693879 -3.915946222         -3.038923 2026-09-10 02:54:12
INFO  [02:59:02.468]         TRUE -5.29616001 -6.169110724         -5.275222 2026-09-10 02:54:13
INFO  [02:59:02.468]         TRUE -5.50709173 -5.562137540         -5.331717 2026-09-10 02:54:14
INFO  [02:59:02.468]         TRUE -5.75088831 -0.807874130         -5.307097 2026-09-10 02:54:15
INFO  [02:59:02.468]         TRUE -5.76881380 -0.824635703         -2.550239 2026-09-10 02:54:16
INFO  [02:59:02.468]         TRUE -5.52263882 -6.907755279         -5.100058 2026-09-10 02:54:17
INFO  [02:59:02.468]         TRUE -5.44741820  0.504677182         -6.097174 2026-09-10 02:54:18
INFO  [02:59:02.468]         TRUE -5.45080337 -2.842884877         -5.491524 2026-09-10 02:54:19
INFO  [02:59:02.468]         TRUE -2.47329369  0.364604419         -6.907755 2026-09-10 02:54:21
INFO  [02:59:02.468]         TRUE -5.61575888 -3.989404419         -5.428901 2026-09-10 02:54:22
INFO  [02:59:02.468]         TRUE -6.03926256 -6.907755279         -5.341328 2026-09-10 02:54:23
INFO  [02:59:02.468]         TRUE  0.65101098 -6.907755279         -5.311085 2026-09-10 02:54:24
INFO  [02:59:02.468]         TRUE -6.43067674 -3.792399416         -2.393389 2026-09-10 02:54:25
INFO  [02:59:02.468]         TRUE -5.94941439 -1.918544937         -5.373349 2026-09-10 02:54:26
INFO  [02:59:02.468]         TRUE -5.74552200 -1.573410597         -5.658765 2026-09-10 02:54:27
INFO  [02:59:02.468]         TRUE -6.90775528 -3.921219691         -6.907755 2026-09-10 02:54:28
INFO  [02:59:02.468]        FALSE -5.53558502 -1.925424372         -2.397352 2026-09-10 02:54:29
INFO  [02:59:02.468]         TRUE -6.90775528 -1.841026477         -5.361187 2026-09-10 02:54:31
INFO  [02:59:02.468]         TRUE -5.14771899 -3.749569473         -5.310579 2026-09-10 02:54:32
INFO  [02:59:02.468]         TRUE  0.91571111 -3.383170603         -5.426755 2026-09-10 02:54:33
INFO  [02:59:02.468]         TRUE -5.07544144  3.232265792         -6.907755 2026-09-10 02:54:34
INFO  [02:59:02.468]         TRUE -5.73821122 -1.669753160         -2.454252 2026-09-10 02:54:35
INFO  [02:59:02.468]         TRUE -5.32572071 -3.685142456         -3.009553 2026-09-10 02:54:36
INFO  [02:59:02.468]         TRUE -0.37139592 -3.768921661         -5.217118 2026-09-10 02:54:38
INFO  [02:59:02.468]        FALSE  1.10767841 -2.486562912         -2.302585 2026-09-10 02:54:39
INFO  [02:59:02.468]         TRUE -0.49780834 -2.931573502         -5.318808 2026-09-10 02:54:40
INFO  [02:59:02.468]         TRUE -5.91751149 -3.665426230         -6.578908 2026-09-10 02:54:42
INFO  [02:59:02.468]        FALSE  6.49591911 -2.031398930         -5.023624 2026-09-10 02:54:43
INFO  [02:59:02.468]         TRUE -0.43261241 -3.897363123         -5.387127 2026-09-10 02:54:44
INFO  [02:59:02.468]        FALSE  1.38250538 -0.322287320         -2.374553 2026-09-10 02:54:45
INFO  [02:59:02.468]         TRUE -5.29494342 -6.347565290         -5.310323 2026-09-10 02:54:46
INFO  [02:59:02.468]        FALSE -0.38896151 -0.284924930         -2.302585 2026-09-10 02:54:47
INFO  [02:59:02.468]         TRUE -2.04303756 -0.889589518         -5.348268 2026-09-10 02:54:48
INFO  [02:59:02.468]         TRUE -5.98615816 -1.824330443         -5.335480 2026-09-10 02:54:49
INFO  [02:59:02.468]         TRUE -5.48287530 -1.831414098         -5.375971 2026-09-10 02:54:51
INFO  [02:59:02.468]        FALSE -1.25877401  2.923356553         -4.191690 2026-09-10 02:54:52
INFO  [02:59:02.468]        FALSE -0.57201072 -2.037584293         -2.302585 2026-09-10 02:54:53
INFO  [02:59:02.468]         TRUE -5.71381694 -3.768585318         -5.341457 2026-09-10 02:54:54
INFO  [02:59:02.468]         TRUE -5.66096727 -3.881738037         -5.268231 2026-09-10 02:54:55
INFO  [02:59:02.468]         TRUE -6.15164943 -6.745719303         -5.233876 2026-09-10 02:54:56
INFO  [02:59:02.468]         TRUE -5.20257670 -2.117949832         -5.273104 2026-09-10 02:54:58
INFO  [02:59:02.468]         TRUE -1.26645061 -1.209121512         -6.872759 2026-09-10 02:54:59
INFO  [02:59:02.468]        FALSE -3.24669170  5.640018067         -2.495349 2026-09-10 02:55:00
INFO  [02:59:02.468]         TRUE -4.86283264 -6.907755279         -5.111387 2026-09-10 02:55:01
INFO  [02:59:02.468]         TRUE -5.45473562 -6.907755279         -5.125059 2026-09-10 02:55:02
INFO  [02:59:02.468]         TRUE -3.36292507 -1.672369075         -5.373610 2026-09-10 02:55:03
INFO  [02:59:02.468]         TRUE -3.84035398 -6.163957147         -5.400067 2026-09-10 02:55:04
INFO  [02:59:02.468]         TRUE -1.95464234 -3.770958364         -6.493830 2026-09-10 02:55:06
INFO  [02:59:02.468]        FALSE -2.68567723 -2.170803722         -2.430411 2026-09-10 02:55:07
INFO  [02:59:02.468]         TRUE  0.14176429 -3.587511754         -5.841709 2026-09-10 02:55:08
INFO  [02:59:02.468]         TRUE -4.71642278 -2.698243314         -5.322517 2026-09-10 02:55:09
INFO  [02:59:02.468]         TRUE -5.12605229 -3.853380699         -5.199998 2026-09-10 02:55:10
INFO  [02:59:02.468]         TRUE -5.84655310 -6.907755279         -5.185003 2026-09-10 02:55:11
INFO  [02:59:02.468]         TRUE -5.53825792 -1.899923059         -6.475873 2026-09-10 02:55:12
INFO  [02:59:02.468]         TRUE -5.45443394  6.821234409         -6.907755 2026-09-10 02:55:14
INFO  [02:59:02.468]         TRUE -5.35052379 -6.690803585         -5.071218 2026-09-10 02:55:15
INFO  [02:59:02.468]        FALSE -2.56886425 -1.540362215         -3.994929 2026-09-10 02:55:16
INFO  [02:59:02.468]         TRUE -5.40777538 -6.907755279         -6.907755 2026-09-10 02:55:17
INFO  [02:59:02.468]         TRUE -5.69000569 -1.737114901         -6.907755 2026-09-10 02:55:19
INFO  [02:59:02.468]         TRUE -5.93332372 -2.072759728         -6.907755 2026-09-10 02:55:20
INFO  [02:59:02.468]        FALSE -5.34416988 -6.907755279         -6.907755 2026-09-10 02:55:21
INFO  [02:59:02.468]         TRUE -5.74794770 -2.258765229         -5.445646 2026-09-10 02:55:22
INFO  [02:59:02.468]         TRUE -5.33417714 -6.907755279         -6.907755 2026-09-10 02:55:23
INFO  [02:59:02.468]         TRUE -4.47501769 -2.142726521         -5.177906 2026-09-10 02:55:25
INFO  [02:59:02.468]         TRUE -3.91938526  4.274274350         -5.343233 2026-09-10 02:55:26
INFO  [02:59:02.468]         TRUE -5.52725543  0.443813233         -5.370551 2026-09-10 02:55:27
INFO  [02:59:02.468]        FALSE -3.36618134 -2.034626215         -4.111648 2026-09-10 02:55:28
INFO  [02:59:02.468]         TRUE -5.70955407 -3.853492776         -5.368932 2026-09-10 02:55:29
INFO  [02:59:02.468]         TRUE -5.73534194 -3.600810718         -5.303413 2026-09-10 02:55:30
INFO  [02:59:02.468]        FALSE -6.90775528 -6.907755279         -5.386808 2026-09-10 02:55:32
INFO  [02:59:02.468]         TRUE -0.61951581 -6.907755279         -5.259401 2026-09-10 02:55:33
INFO  [02:59:02.468]         TRUE -4.61673688 -6.525954947         -5.400281 2026-09-10 02:55:34
INFO  [02:59:02.468]         TRUE -0.31635120 -5.065055455         -6.553029 2026-09-10 02:55:35
INFO  [02:59:02.468]        FALSE -2.87799619 -1.841441956         -2.482267 2026-09-10 02:55:37
INFO  [02:59:02.468]         TRUE -5.72863608 -4.747134344         -5.312247 2026-09-10 02:55:38
INFO  [02:59:02.468]         TRUE -5.69515722 -4.948885725         -5.316725 2026-09-10 02:55:39
INFO  [02:59:02.468]        FALSE -3.11331729 -2.046773860         -3.884686 2026-09-10 02:55:40
INFO  [02:59:02.468]         TRUE -2.94287854 -3.998297735         -5.311111 2026-09-10 02:55:42
INFO  [02:59:02.468]        FALSE -3.14714568 -0.240335021         -5.862771 2026-09-10 02:55:43
INFO  [02:59:02.468]         TRUE -3.88335245 -6.849421784         -6.870933 2026-09-10 02:55:44
INFO  [02:59:02.468]        FALSE -3.39582670  6.907755279         -4.108094 2026-09-10 02:55:45
INFO  [02:59:02.468]         TRUE -5.65905296 -0.959921092         -6.562721 2026-09-10 02:55:46
INFO  [02:59:02.468]        FALSE -2.53950613 -0.038492365         -3.710157 2026-09-10 02:55:47
INFO  [02:59:02.468]         TRUE -3.99661168 -4.535232289         -5.331715 2026-09-10 02:55:49
INFO  [02:59:02.468]        FALSE -3.19300316 -0.152454694         -4.090484 2026-09-10 02:55:50
INFO  [02:59:02.468]         TRUE -5.55274817 -4.894170475         -5.396512 2026-09-10 02:55:51
INFO  [02:59:02.468]        FALSE -3.34149655 -0.767387417         -4.118792 2026-09-10 02:55:52
INFO  [02:59:02.468]        FALSE -3.30529581 -0.170661485         -3.767377 2026-09-10 02:55:57
INFO  [02:59:02.468]         TRUE -4.21074916 -6.907755279         -6.907755 2026-09-10 02:55:58
INFO  [02:59:02.468]         TRUE -4.61632839 -6.907755279         -6.907755 2026-09-10 02:56:01
INFO  [02:59:02.468]        FALSE -3.48345991  0.408837925         -3.511257 2026-09-10 02:56:00
INFO  [02:59:02.468]         TRUE -0.46365225 -6.907755279         -6.907755 2026-09-10 02:56:02
INFO  [02:59:02.468]         TRUE -0.59986320 -6.907755279         -6.907755 2026-09-10 02:56:03
INFO  [02:59:02.468]        FALSE -5.13828368  3.714448323         -6.907755 2026-09-10 02:56:04
INFO  [02:59:02.468]         TRUE -4.33388627 -3.878135228         -5.352234 2026-09-10 02:56:06
INFO  [02:59:02.468]        FALSE -3.48348692  5.013413966         -5.102908 2026-09-10 02:56:07
INFO  [02:59:02.468]        FALSE -3.72732598  5.177865022         -5.880908 2026-09-10 02:56:08
INFO  [02:59:02.468]         TRUE -5.01991779 -6.340670428         -6.783157 2026-09-10 02:56:09
INFO  [02:59:02.468]        FALSE -3.57691682 -2.090581039         -2.723510 2026-09-10 02:56:10
INFO  [02:59:02.468]         TRUE -5.49405337 -3.673641104         -5.396468 2026-09-10 02:56:12
INFO  [02:59:02.468]         TRUE -3.70319492 -6.631037284         -5.393262 2026-09-10 02:56:13
INFO  [02:59:02.468]         TRUE -6.07893140 -3.494356342         -5.419778 2026-09-10 02:56:14
INFO  [02:59:02.468]        FALSE -5.77989974  3.159737646         -2.743641 2026-09-10 02:56:15
INFO  [02:59:02.468]        FALSE -3.41747704  0.337902192         -5.893933 2026-09-10 02:56:17
INFO  [02:59:02.468]        FALSE -5.99873225  4.460182162         -5.353432 2026-09-10 02:56:18
INFO  [02:59:02.468]        FALSE -6.06991326 -1.189554438         -4.686362 2026-09-10 02:56:19
INFO  [02:59:02.468]         TRUE -5.67937062 -3.812486830         -5.309931 2026-09-10 02:56:20
INFO  [02:59:02.468]         TRUE -5.73070693 -6.907755279         -4.406963 2026-09-10 02:56:22
INFO  [02:59:02.468]         TRUE -6.32712133 -6.907755279         -4.591461 2026-09-10 02:56:23
INFO  [02:59:02.468]         TRUE -5.80744829 -6.907755279         -6.907755 2026-09-10 02:56:24
INFO  [02:59:02.468]         TRUE -5.75438080 -6.907755279         -6.907755 2026-09-10 02:56:26
INFO  [02:59:02.468]         TRUE -1.11435575 -4.530939007         -5.192659 2026-09-10 02:56:27
INFO  [02:59:02.468]         TRUE -5.60031598 -4.313249420         -5.327458 2026-09-10 02:56:28
INFO  [02:59:02.468]        FALSE -3.27107604 -1.701538456         -4.108113 2026-09-10 02:56:30
INFO  [02:59:02.468]         TRUE -4.92483454 -4.204947936         -5.397215 2026-09-10 02:56:31
INFO  [02:59:02.468]        FALSE  1.78987729 -2.235955554         -4.522339 2026-09-10 02:56:32
INFO  [02:59:02.468]        FALSE -3.73494180  4.392616609         -6.003907 2026-09-10 02:56:33
INFO  [02:59:02.468]         TRUE -6.08732217 -0.008968428         -6.907755 2026-09-10 02:56:35
INFO  [02:59:02.468]         TRUE -5.68567617 -6.190306425         -5.260925 2026-09-10 02:56:36
INFO  [02:59:02.468]        FALSE  1.73544169 -2.061260923         -6.907755 2026-09-10 02:56:37
INFO  [02:59:02.468]         TRUE -3.06353814 -2.001920041         -6.584455 2026-09-10 02:56:38
INFO  [02:59:02.468]        FALSE -3.65871895 -2.010379076         -4.568950 2026-09-10 02:56:40
INFO  [02:59:02.468]        FALSE -6.28344588  5.890828027         -5.260730 2026-09-10 02:56:41
INFO  [02:59:02.468]        FALSE -3.46686473  4.644743136         -5.805287 2026-09-10 02:56:42
INFO  [02:59:02.468]         TRUE -5.36791901 -2.119019725         -6.907755 2026-09-10 02:56:43
INFO  [02:59:02.468]         TRUE -5.45210301 -1.746017255         -5.349544 2026-09-10 02:56:45
INFO  [02:59:02.468]         TRUE -5.71980769 -0.371486847         -5.294994 2026-09-10 02:56:46
INFO  [02:59:02.468]        FALSE  1.53877752  1.787100157         -4.580510 2026-09-10 02:56:47
INFO  [02:59:02.468]        FALSE -2.75904786 -2.152413767         -5.898012 2026-09-10 02:56:48
INFO  [02:59:02.468]        FALSE -4.07574171 -2.069628921         -2.404688 2026-09-10 02:56:50
INFO  [02:59:02.468]        FALSE -2.66585041 -0.733902868         -4.714540 2026-09-10 02:56:51
INFO  [02:59:02.468]        FALSE -3.46178627 -6.613780424         -4.494879 2026-09-10 02:56:52
INFO  [02:59:02.468]        FALSE -4.34436426  4.374721898         -4.112078 2026-09-10 02:56:53
INFO  [02:59:02.468]        FALSE -2.45699848  4.548512776         -4.154579 2026-09-10 02:56:55
INFO  [02:59:02.468]         TRUE -5.31330147 -6.907755279         -5.352778 2026-09-10 02:56:56
INFO  [02:59:02.468]         TRUE -6.77618851  0.234768488         -6.907755 2026-09-10 02:56:57
INFO  [02:59:02.468]         TRUE -6.00333151 -3.637412826         -4.422567 2026-09-10 02:56:58
INFO  [02:59:02.468]         TRUE -3.13709153  4.546905690         -5.398341 2026-09-10 02:57:00
INFO  [02:59:02.468]         TRUE -5.70741628 -3.690448470         -5.219327 2026-09-10 02:57:01
INFO  [02:59:02.468]         TRUE -5.74702403 -6.775089357         -6.907755 2026-09-10 02:57:02
INFO  [02:59:02.468]         TRUE -5.28873271 -1.051141081         -5.372688 2026-09-10 02:57:04
INFO  [02:59:02.468]         TRUE -4.94458769  1.080263827         -4.159775 2026-09-10 02:57:05
INFO  [02:59:02.468]        FALSE -5.15832928 -2.060416361         -4.177055 2026-09-10 02:57:06
INFO  [02:59:02.468]         TRUE -5.69826202 -1.950090505         -5.340551 2026-09-10 02:57:08
INFO  [02:59:02.468]         TRUE -5.71630053 -3.948837917         -4.989312 2026-09-10 02:57:09
INFO  [02:59:02.468]         TRUE -5.29189502 -3.520741251         -5.577365 2026-09-10 02:57:10
INFO  [02:59:02.468]         TRUE -5.15639996 -1.845503762         -5.511121 2026-09-10 02:57:11
INFO  [02:59:02.468]        FALSE -0.39548023  5.266296653         -5.639040 2026-09-10 02:57:13
INFO  [02:59:02.468]         TRUE  0.42400123 -1.338906296         -6.907755 2026-09-10 02:57:14
INFO  [02:59:02.468]        FALSE -6.29727669  4.663808302         -6.907755 2026-09-10 02:57:15
INFO  [02:59:02.468]         TRUE -5.52862186 -2.117353360         -5.426170 2026-09-10 02:57:17
INFO  [02:59:02.468]        FALSE -4.64908049  3.987353693         -4.182847 2026-09-10 02:57:18
INFO  [02:59:02.468]         TRUE -3.03163801 -5.895479130         -5.965740 2026-09-10 02:57:19
INFO  [02:59:02.468]         TRUE -0.34513642 -1.917976960         -6.907755 2026-09-10 02:57:21
INFO  [02:59:02.468]        FALSE -3.43162696  4.098039454         -4.162756 2026-09-10 02:57:22
INFO  [02:59:02.468]         TRUE -2.98730192 -3.890939866         -5.236175 2026-09-10 02:57:23
INFO  [02:59:02.468]         TRUE -6.90775528 -2.204294570         -5.384413 2026-09-10 02:57:25
INFO  [02:59:02.468]        FALSE -4.40488221 -2.027672083         -4.389449 2026-09-10 02:57:26
INFO  [02:59:02.468]        FALSE -4.90912169 -1.926697247         -5.797824 2026-09-10 02:57:27
INFO  [02:59:02.468]        FALSE -4.16433679 -1.883520862         -4.139936 2026-09-10 02:57:29
INFO  [02:59:02.468]        FALSE -5.19476063 -2.015856619         -5.674958 2026-09-10 02:57:30
INFO  [02:59:02.468]         TRUE -6.01378056 -0.807985163         -6.907755 2026-09-10 02:57:31
INFO  [02:59:02.468]        FALSE -3.34569300 -1.908397717         -6.080071 2026-09-10 02:57:33
INFO  [02:59:02.468]        FALSE -4.48026125 -2.067037046         -4.129112 2026-09-10 02:57:34
INFO  [02:59:02.468]        FALSE -3.16604923 -1.841788905         -5.301089 2026-09-10 02:57:35
INFO  [02:59:02.468]        FALSE -6.57170073 -6.522240065         -5.459058 2026-09-10 02:57:37
INFO  [02:59:02.468]         TRUE -6.01217473 -3.708502566         -6.292719 2026-09-10 02:57:38
INFO  [02:59:02.468]         TRUE -2.50223277 -4.192609348         -5.517962 2026-09-10 02:57:39
INFO  [02:59:02.468]         TRUE -5.72502533 -6.907755279         -5.357497 2026-09-10 02:57:41
INFO  [02:59:02.468]         TRUE -5.92681190  0.187098521         -5.381224 2026-09-10 02:57:42
INFO  [02:59:02.468]         TRUE -1.19400004 -1.844457373         -5.348473 2026-09-10 02:57:44
INFO  [02:59:02.468]         TRUE -1.27527869 -1.711811804         -4.295730 2026-09-10 02:57:45
INFO  [02:59:02.468]         TRUE -5.09966865 -3.946017245         -2.519216 2026-09-10 02:57:46
INFO  [02:59:02.468]         TRUE -0.32502176  2.356514503         -2.639009 2026-09-10 02:57:48
INFO  [02:59:02.468]         TRUE -3.56134550  1.250498763         -2.790783 2026-09-10 02:57:49
INFO  [02:59:02.468]         TRUE -5.89190943 -1.720250779         -5.342949 2026-09-10 02:57:50
INFO  [02:59:02.468]         TRUE -5.68934497 -1.784312637         -5.308689 2026-09-10 02:57:52
INFO  [02:59:02.468]         TRUE -4.34826260  0.260986587         -2.596843 2026-09-10 02:57:53
INFO  [02:59:02.468]         TRUE -6.29015095 -6.907755279         -6.124887 2026-09-10 02:57:54
INFO  [02:59:02.468]         TRUE -5.92970313 -3.797945162         -5.390915 2026-09-10 02:57:56
INFO  [02:59:02.468]        FALSE -3.06107113  3.838184436         -5.689906 2026-09-10 02:57:57
INFO  [02:59:02.468]         TRUE -5.35428668 -4.282904085         -2.506706 2026-09-10 02:57:58
INFO  [02:59:02.468]        FALSE -0.34990277  3.978555866         -5.767526 2026-09-10 02:58:00
INFO  [02:59:02.468]         TRUE -6.17188503  4.394996833         -6.893264 2026-09-10 02:58:01
INFO  [02:59:02.468]         TRUE -3.54651326  4.554365876         -6.877921 2026-09-10 02:58:02
INFO  [02:59:02.468]         TRUE -1.99476769 -3.901540201         -6.256061 2026-09-10 02:58:04
INFO  [02:59:02.468]        FALSE -2.50036466 -0.742271519         -6.563643 2026-09-10 02:58:05
INFO  [02:59:02.468]        FALSE -5.08245654  2.760953692         -4.139685 2026-09-10 02:58:06
INFO  [02:59:02.468]         TRUE -4.91716303 -5.988165591         -5.395942 2026-09-10 02:58:08
INFO  [02:59:02.468]         TRUE -4.80556643 -6.112644381         -5.352161 2026-09-10 02:58:10
INFO  [02:59:02.468]         TRUE -4.77994192  0.494078929         -6.850253 2026-09-10 02:58:11
INFO  [02:59:02.468]         TRUE -1.05457984 -5.658878876         -5.581141 2026-09-10 02:58:12
INFO  [02:59:02.468]         TRUE -1.04381307 -5.388806493         -3.661172 2026-09-10 02:58:13
INFO  [02:59:02.468]         TRUE -3.95447132 -5.464689806         -5.412200 2026-09-10 02:58:15
INFO  [02:59:02.468]        FALSE -3.37710155 -0.918867424         -4.187303 2026-09-10 02:58:16
INFO  [02:59:02.468]         TRUE -3.52736802  0.513803444         -5.476861 2026-09-10 02:58:17
INFO  [02:59:02.468]         TRUE -6.90775528 -6.164196682         -5.387175 2026-09-10 02:58:19
INFO  [02:59:02.468]         TRUE  1.31279390 -4.365887525         -4.949690 2026-09-10 02:58:20
INFO  [02:59:02.468]         TRUE -5.79873973 -3.774325390         -5.323229 2026-09-10 02:58:21
INFO  [02:59:02.468]         TRUE -5.38383253 -3.748941630         -4.316450 2026-09-10 02:58:23
INFO  [02:59:02.468]         TRUE -4.72458205 -1.918620776         -4.425168 2026-09-10 02:58:24
INFO  [02:59:02.468]         TRUE -5.80185601 -3.290793125         -5.285481 2026-09-10 02:58:25
INFO  [02:59:02.468]         TRUE -6.90775528 -3.723108802         -4.617957 2026-09-10 02:58:27
INFO  [02:59:02.468]        FALSE -5.79261691 -3.630946234         -4.022343 2026-09-10 02:58:28
INFO  [02:59:02.468]        FALSE -5.82326185 -3.110414239         -3.094241 2026-09-10 02:58:29
INFO  [02:59:02.468]        FALSE -6.90775528 -3.869952019         -3.993874 2026-09-10 02:58:31
INFO  [02:59:02.468]         TRUE -6.90775528  3.802306388         -3.534529 2026-09-10 02:58:32
INFO  [02:59:02.468]         TRUE  0.15902777 -4.275301114         -5.224051 2026-09-10 02:58:33
INFO  [02:59:02.468]        FALSE -3.10291078  1.275822067         -4.326814 2026-09-10 02:58:35
INFO  [02:59:02.468]        FALSE -3.77106443  1.194697760         -2.316167 2026-09-10 02:58:36
INFO  [02:59:02.468]         TRUE -5.39510763 -6.907755279         -6.852278 2026-09-10 02:58:37
INFO  [02:59:02.468]        FALSE -4.03076119  2.212266146         -5.362693 2026-09-10 02:58:39
INFO  [02:59:02.468]        FALSE -4.76303241  4.056277550         -3.900151 2026-09-10 02:58:40
INFO  [02:59:02.468]        FALSE -5.73138940  4.294884720         -4.190297 2026-09-10 02:58:41
INFO  [02:59:02.468]        FALSE -4.52297683  0.562954482         -5.818986 2026-09-10 02:58:43
INFO  [02:59:02.468]         TRUE -3.83167509  0.521987383         -5.474122 2026-09-10 02:58:45
INFO  [02:59:02.468]         TRUE -0.15517677 -6.907755279         -6.892770 2026-09-10 02:58:46
INFO  [02:59:02.468]         TRUE -0.22900841 -6.907755279         -6.896967 2026-09-10 02:58:47
INFO  [02:59:02.468]        FALSE -5.30434952 -2.046052340         -5.891916 2026-09-10 02:58:49
INFO  [02:59:02.468]        FALSE -2.19807995 -2.057804267         -4.334158 2026-09-10 02:58:50
INFO  [02:59:02.468]         TRUE -5.85680564 -2.602420472         -5.228371 2026-09-10 02:58:52
INFO  [02:59:02.468]        FALSE -3.13968507  1.034998894         -6.542738 2026-09-10 02:58:53
INFO  [02:59:02.468]        FALSE -3.50433747 -6.434720654         -6.907755 2026-09-10 02:58:55
INFO  [02:59:02.468]        FALSE -2.64816870  0.353380336         -4.115952 2026-09-10 02:58:56
INFO  [02:59:02.468]         TRUE -4.72145571 -3.704455901         -5.281114 2026-09-10 02:58:58
INFO  [02:59:02.468]        FALSE -3.33617739 -6.817494474         -5.939855 2026-09-10 02:58:59
INFO  [02:59:02.468]         TRUE -1.55543792 -5.533926447         -5.321573 2026-09-10 02:59:01
INFO  [02:59:02.468]  extra_trees   lambda_l1    lambda_l2 min_gain_to_split        timestamp_xs
INFO  [02:59:02.468]         timestamp_ys                                      worker_id
INFO  [02:59:02.468]  2026-09-10 02:50:45           equilibristic_ethiopianwolf_b7916dee
INFO  [02:59:02.468]  2026-09-10 02:50:46                       covetable_anura_ee2074be
INFO  [02:59:02.468]  2026-09-10 02:50:47              unparenthetic_sanddollar_93d9cc25
INFO  [02:59:02.468]  2026-09-10 02:50:48                      cardiotonic_flee_662a9164
INFO  [02:59:02.468]  2026-09-10 02:50:48                    flirty_schapendoes_50c8094e
INFO  [02:59:02.468]  2026-09-10 02:50:49                   wellpoliced_roebuck_bf1959bd
INFO  [02:59:02.468]  2026-09-10 02:50:50                    economical_abalone_7a659be4
INFO  [02:59:02.468]  2026-09-10 02:50:51   quasidesperate_swallowtailbutterfly_c84cf31a
INFO  [02:59:02.468]  2026-09-10 02:50:51                    flirty_schapendoes_50c8094e
INFO  [02:59:02.468]  2026-09-10 02:50:52                 disdainful_rottweiler_1e828eae
INFO  [02:59:02.468]  2026-09-10 02:50:53                         abysmal_bluet_05c7a8dc
INFO  [02:59:02.468]  2026-09-10 02:50:53                 cockeyed_blackpanther_4b97c204
INFO  [02:59:02.468]  2026-09-10 02:50:55                     guidable_tapaculo_65ae1e63
INFO  [02:59:02.468]  2026-09-10 02:50:55          dendriform_northerncardinals_94cb7e05
INFO  [02:59:02.468]  2026-09-10 02:50:56                        feral_grayling_30513a50
INFO  [02:59:02.468]  2026-09-10 02:50:57             eastmost_fattaileddunnart_9b52995d
INFO  [02:59:02.468]  2026-09-10 02:50:58                       boyish_tilefish_b9818793
INFO  [02:59:02.468]  2026-09-10 02:50:59              unparenthetic_sanddollar_93d9cc25
INFO  [02:59:02.468]  2026-09-10 02:51:00                       boyish_tilefish_b9818793
INFO  [02:59:02.468]  2026-09-10 02:51:01                       witting_unicorn_38220d07
INFO  [02:59:02.468]  2026-09-10 02:51:02                      alchemic_skylark_9d9ee855
INFO  [02:59:02.468]  2026-09-10 02:51:03                   omniscient_bellfrog_1e13eafb
INFO  [02:59:02.468]  2026-09-10 02:51:03                 salaried_neonredguppy_c00225ca
INFO  [02:59:02.468]  2026-09-10 02:51:04                 ceramic_senegalpython_a8c8eeaa
INFO  [02:59:02.468]  2026-09-10 02:51:05                    electrified_coyote_62576ad8
INFO  [02:59:02.468]  2026-09-10 02:51:06                    immoveable_skipper_5c7b93f3
INFO  [02:59:02.468]  2026-09-10 02:51:07                     crumbly_minibeast_bf7b7c34
INFO  [02:59:02.468]  2026-09-10 02:51:08            roasted_neonbluehermitcrab_d31f6257
INFO  [02:59:02.468]  2026-09-10 02:51:09                 jealous_rabidsquirrel_959d6588
INFO  [02:59:02.468]  2026-09-10 02:51:09                   declinate_cockatiel_3fc1d7de
INFO  [02:59:02.468]  2026-09-10 02:51:10                          irate_hapuka_92449c1d
INFO  [02:59:02.468]  2026-09-10 02:51:11               grantable_cockerspaniel_30fbe946
INFO  [02:59:02.468]  2026-09-10 02:51:12                 disdainful_rottweiler_1e828eae
INFO  [02:59:02.468]  2026-09-10 02:51:13                apocalyptic_fallowdeer_9d1b5d14
INFO  [02:59:02.468]  2026-09-10 02:51:14                naval_austrianpinscher_190f45b8
INFO  [02:59:02.468]  2026-09-10 02:51:15                         banal_waxwing_09c3b6c3
INFO  [02:59:02.468]  2026-09-10 02:51:15                       nonmoving_tayra_f03591e6
INFO  [02:59:02.468]  2026-09-10 02:51:16                protactium_stickleback_164d9d2b
INFO  [02:59:02.468]  2026-09-10 02:51:17              semimetallic_dromaeosaur_244e445e
INFO  [02:59:02.468]  2026-09-10 02:51:18                   declinate_cockatiel_3fc1d7de
INFO  [02:59:02.468]  2026-09-10 02:51:19                         banal_waxwing_09c3b6c3
INFO  [02:59:02.468]  2026-09-10 02:51:20                  acidy_germanshepherd_d511206a
INFO  [02:59:02.468]  2026-09-10 02:51:20                      cardiotonic_flee_662a9164
INFO  [02:59:02.468]  2026-09-10 02:51:22               teensyweensy_pondskater_b7d17516
INFO  [02:59:02.468]  2026-09-10 02:51:22             amphibole_montanoceratops_eb725058
INFO  [02:59:02.468]  2026-09-10 02:51:23                     crumbly_minibeast_bf7b7c34
INFO  [02:59:02.468]  2026-09-10 02:51:24                         banal_waxwing_09c3b6c3
INFO  [02:59:02.468]  2026-09-10 02:51:24                        probable_mamba_c753d729
INFO  [02:59:02.468]  2026-09-10 02:51:26                          possible_rat_fe58f7e5
INFO  [02:59:02.468]  2026-09-10 02:51:26                        probable_mamba_c753d729
INFO  [02:59:02.468]  2026-09-10 02:51:27                            tidy_degus_986c5ad0
INFO  [02:59:02.468]  2026-09-10 02:51:28                cetological_spreadwing_b753ca3b
INFO  [02:59:02.468]  2026-09-10 02:51:29                protactium_stickleback_164d9d2b
INFO  [02:59:02.468]  2026-09-10 02:51:30                         banal_waxwing_09c3b6c3
INFO  [02:59:02.468]  2026-09-10 02:51:31                     guidable_tapaculo_65ae1e63
INFO  [02:59:02.468]  2026-09-10 02:51:31                         banal_waxwing_09c3b6c3
INFO  [02:59:02.468]  2026-09-10 02:51:32             chorographical_arcticseal_b52831e7
INFO  [02:59:02.468]  2026-09-10 02:51:33             eastmost_fattaileddunnart_9b52995d
INFO  [02:59:02.468]  2026-09-10 02:51:34                   semimagnetic_magpie_83e5545b
INFO  [02:59:02.468]  2026-09-10 02:51:35                           untidy_mara_19cd4036
INFO  [02:59:02.468]  2026-09-10 02:51:36               antipestilence_akitainu_0bd50f30
INFO  [02:59:02.468]  2026-09-10 02:51:37                          pearl_iguana_d8ceff22
INFO  [02:59:02.468]  2026-09-10 02:51:38                      corrodible_polyp_16816f20
INFO  [02:59:02.468]  2026-09-10 02:51:39                      cardiotonic_flee_662a9164
INFO  [02:59:02.468]  2026-09-10 02:51:40                   unphilosophical_cur_3919730c
INFO  [02:59:02.468]  2026-09-10 02:51:40               grantable_cockerspaniel_30fbe946
INFO  [02:59:02.468]  2026-09-10 02:51:42                           agile_boutu_75eaa25d
INFO  [02:59:02.468]  2026-09-10 02:51:42               grantable_cockerspaniel_30fbe946
INFO  [02:59:02.468]  2026-09-10 02:51:43                      dogmatic_astarte_3716efce
INFO  [02:59:02.468]  2026-09-10 02:51:44     confusing_southernhairnosedwombat_7dc3baec
INFO  [02:59:02.468]  2026-09-10 02:51:45                   actuarian_kusimanse_e3fc87c9
INFO  [02:59:02.468]  2026-09-10 02:51:46 gerascophobic_alligatorsnappingturtle_b2c843c6
INFO  [02:59:02.468]  2026-09-10 02:51:47                       witting_unicorn_38220d07
INFO  [02:59:02.468]  2026-09-10 02:51:48                cetological_spreadwing_b753ca3b
INFO  [02:59:02.468]  2026-09-10 02:51:49                   omniscient_bellfrog_1e13eafb
INFO  [02:59:02.468]  2026-09-10 02:51:49                      dogmatic_astarte_3716efce
INFO  [02:59:02.468]  2026-09-10 02:51:50     confusing_southernhairnosedwombat_7dc3baec
INFO  [02:59:02.468]  2026-09-10 02:51:51              unparenthetic_sanddollar_93d9cc25
INFO  [02:59:02.468]  2026-09-10 02:51:52     confusing_southernhairnosedwombat_7dc3baec
INFO  [02:59:02.468]  2026-09-10 02:51:53                            comic_crab_eb832325
INFO  [02:59:02.468]  2026-09-10 02:51:54                    immoveable_skipper_5c7b93f3
INFO  [02:59:02.468]  2026-09-10 02:51:55                    flirty_schapendoes_50c8094e
INFO  [02:59:02.468]  2026-09-10 02:51:57              illdisposed_blackcrappie_3394f043
INFO  [02:59:02.468]  2026-09-10 02:51:57                cetological_spreadwing_b753ca3b
INFO  [02:59:02.468]  2026-09-10 02:51:59                     floriferous_galah_422507bd
INFO  [02:59:02.468]  2026-09-10 02:51:59                       nonmoving_tayra_f03591e6
INFO  [02:59:02.468]  2026-09-10 02:52:00               insubordinate_woodborer_234b2d7b
INFO  [02:59:02.468]  2026-09-10 02:52:01                          pearl_iguana_d8ceff22
INFO  [02:59:02.468]  2026-09-10 02:52:02                          irate_hapuka_92449c1d
INFO  [02:59:02.468]  2026-09-10 02:52:03                     floriferous_galah_422507bd
INFO  [02:59:02.468]  2026-09-10 02:52:04                     sedentary_cowbird_6b523756
INFO  [02:59:02.468]  2026-09-10 02:52:04                cetological_spreadwing_b753ca3b
INFO  [02:59:02.468]  2026-09-10 02:52:06                         fairish_eider_8f2df27d
INFO  [02:59:02.468]  2026-09-10 02:52:06                       nonmoving_tayra_f03591e6
INFO  [02:59:02.468]  2026-09-10 02:52:07                    immoveable_skipper_5c7b93f3
INFO  [02:59:02.468]  2026-09-10 02:52:08                       nonmoving_tayra_f03591e6
INFO  [02:59:02.468]  2026-09-10 02:52:10        kainophobic_uromastyxmaliensis_a504bc36
INFO  [02:59:02.468]  2026-09-10 02:52:10                       nonmoving_tayra_f03591e6
INFO  [02:59:02.468]  2026-09-10 02:52:11                       boyish_tilefish_b9818793
INFO  [02:59:02.468]  2026-09-10 02:52:12                         banal_waxwing_09c3b6c3
INFO  [02:59:02.468]  2026-09-10 02:52:13                       nonmoving_tayra_f03591e6
INFO  [02:59:02.468]  2026-09-10 02:52:14              fungicidal_hyracotherium_698ed208
INFO  [02:59:02.468]  2026-09-10 02:52:15                         banal_waxwing_09c3b6c3
INFO  [02:59:02.468]  2026-09-10 02:52:16       relaxer_queenalexandrasbirdwing_b8b68e1a
INFO  [02:59:02.468]  2026-09-10 02:52:17                          irate_hapuka_92449c1d
INFO  [02:59:02.468]  2026-09-10 02:52:18                    immoveable_skipper_5c7b93f3
INFO  [02:59:02.468]  2026-09-10 02:52:19                          irate_hapuka_92449c1d
INFO  [02:59:02.468]  2026-09-10 02:52:20            brassbound_xuanhuaceratops_af9f803f
INFO  [02:59:02.468]  2026-09-10 02:52:20              fungicidal_hyracotherium_698ed208
INFO  [02:59:02.468]  2026-09-10 02:52:21                  acidy_germanshepherd_d511206a
INFO  [02:59:02.468]  2026-09-10 02:52:22                         fairish_eider_8f2df27d
INFO  [02:59:02.468]  2026-09-10 02:52:23                           chalk_shark_109cfbeb
INFO  [02:59:02.468]  2026-09-10 02:52:24             chorographical_arcticseal_b52831e7
INFO  [02:59:02.468]  2026-09-10 02:52:25              evenminded_anemoneshrimp_cb64160d
INFO  [02:59:02.468]  2026-09-10 02:52:26                   declinate_cockatiel_3fc1d7de
INFO  [02:59:02.468]  2026-09-10 02:52:27           colonisable_americanbittern_556dbe6f
INFO  [02:59:02.468]  2026-09-10 02:52:28              fungicidal_hyracotherium_698ed208
INFO  [02:59:02.468]  2026-09-10 02:52:29           colonisable_americanbittern_556dbe6f
INFO  [02:59:02.468]  2026-09-10 02:52:30          clearheaded_admiralbutterfly_80d84a94
INFO  [02:59:02.468]  2026-09-10 02:52:31            succeedable_africanwilddog_f52fb1ad
INFO  [02:59:02.468]  2026-09-10 02:52:32                          possible_rat_fe58f7e5
INFO  [02:59:02.468]  2026-09-10 02:52:33             chorographical_arcticseal_b52831e7
INFO  [02:59:02.468]  2026-09-10 02:52:33                      cardiotonic_flee_662a9164
INFO  [02:59:02.468]  2026-09-10 02:52:35                 insecticidal_lovebird_57ad888f
INFO  [02:59:02.468]  2026-09-10 02:52:35                  prochurch_archerfish_169650cf
INFO  [02:59:02.468]  2026-09-10 02:52:37                 lightweight_chihuahua_a64e16a4
INFO  [02:59:02.468]  2026-09-10 02:52:37            succeedable_africanwilddog_f52fb1ad
INFO  [02:59:02.468]  2026-09-10 02:52:38                     philosophical_emu_546d8979
INFO  [02:59:02.468]  2026-09-10 02:52:39                         exciting_barb_ad90fe96
INFO  [02:59:02.468]  2026-09-10 02:52:40                         fairish_eider_8f2df27d
INFO  [02:59:02.468]  2026-09-10 02:52:41                         demotic_sloth_3534dedf
INFO  [02:59:02.468]  2026-09-10 02:52:41                         fairish_eider_8f2df27d
INFO  [02:59:02.468]  2026-09-10 02:52:43                 certifiable_chihuahua_f40da144
INFO  [02:59:02.468]  2026-09-10 02:52:43            roasted_neonbluehermitcrab_d31f6257
INFO  [02:59:02.468]  2026-09-10 02:52:44                monarchistic_apatosaur_78f261c8
INFO  [02:59:02.468]  2026-09-10 02:52:45       workingclass_littlenightmonkeys_d05a371e
INFO  [02:59:02.468]  2026-09-10 02:52:47          whimsical_argentineruddyduck_f9fd6cd0
INFO  [02:59:02.468]  2026-09-10 02:52:47                          irate_hapuka_92449c1d
INFO  [02:59:02.468]  2026-09-10 02:52:48                   socialminded_cicada_747d9c74
INFO  [02:59:02.468]  2026-09-10 02:52:49                         fairish_eider_8f2df27d
INFO  [02:59:02.468]  2026-09-10 02:52:50             quasiterritorial_cockatoo_883222fb
INFO  [02:59:02.468]  2026-09-10 02:52:51                    plump_arabianhorse_318d2562
INFO  [02:59:02.468]  2026-09-10 02:52:51       workingclass_littlenightmonkeys_d05a371e
INFO  [02:59:02.468]  2026-09-10 02:52:53                   piperaceous_scallop_f5b2d786
INFO  [02:59:02.468]  2026-09-10 02:52:54                      pregnant_mastiff_81dcf43b
INFO  [02:59:02.468]  2026-09-10 02:52:54               teensyweensy_pondskater_b7d17516
INFO  [02:59:02.468]  2026-09-10 02:52:55                          bottom_cobra_d3df8fab
INFO  [02:59:02.468]  2026-09-10 02:52:57        correctible_littlenightmonkeys_cf7d115a
INFO  [02:59:02.468]  2026-09-10 02:52:58                   peacockish_bactrian_44e73085
INFO  [02:59:02.468]  2026-09-10 02:52:58                    plump_arabianhorse_318d2562
INFO  [02:59:02.468]  2026-09-10 02:52:59                       boyish_tilefish_b9818793
INFO  [02:59:02.468]  2026-09-10 02:53:00                     graphicial_roller_a9e7366e
INFO  [02:59:02.468]  2026-09-10 02:53:01                    plump_arabianhorse_318d2562
INFO  [02:59:02.468]  2026-09-10 02:53:02                     graphicial_roller_a9e7366e
INFO  [02:59:02.468]  2026-09-10 02:53:03             chorographical_arcticseal_b52831e7
INFO  [02:59:02.468]  2026-09-10 02:53:04                  acidy_germanshepherd_d511206a
INFO  [02:59:02.468]  2026-09-10 02:53:06                      terroristic_mara_5cae696b
INFO  [02:59:02.468]  2026-09-10 02:53:06             chorographical_arcticseal_b52831e7
INFO  [02:59:02.468]  2026-09-10 02:53:07                 certifiable_chihuahua_f40da144
INFO  [02:59:02.468]  2026-09-10 02:53:08                        patchy_narwhal_0f9b7709
INFO  [02:59:02.468]  2026-09-10 02:53:09                          possible_rat_fe58f7e5
INFO  [02:59:02.468]  2026-09-10 02:53:10                  wifely_galapagosdove_5d0c5b2f
INFO  [02:59:02.468]  2026-09-10 02:53:11                     floriferous_galah_422507bd
INFO  [02:59:02.468]  2026-09-10 02:53:12                        proposed_hydra_8b0b42cd
INFO  [02:59:02.468]  2026-09-10 02:53:13                            duckie_emu_ea3f8c8e
INFO  [02:59:02.468]  2026-09-10 02:53:14                        proposed_hydra_8b0b42cd
INFO  [02:59:02.468]  2026-09-10 02:53:15                gadgety_icelandichorse_e08cb3c5
INFO  [02:59:02.468]  2026-09-10 02:53:17                 proclergy_chanticleer_4fcd4e21
INFO  [02:59:02.468]  2026-09-10 02:53:17           totalitarian_spotteddolphin_cad56adb
INFO  [02:59:02.468]  2026-09-10 02:53:18                   actuarian_kusimanse_e3fc87c9
INFO  [02:59:02.468]  2026-09-10 02:53:19                    symbolic_dowitcher_3219e962
INFO  [02:59:02.468]  2026-09-10 02:53:19              nonabsolutistic_incatern_75d986a1
INFO  [02:59:02.468]  2026-09-10 02:53:21                  ailurophilic_giraffe_06df32a8
INFO  [02:59:02.468]  2026-09-10 02:53:22                welldramatized_lowchen_f06d8665
INFO  [02:59:02.468]  2026-09-10 02:53:22                            duckie_emu_ea3f8c8e
INFO  [02:59:02.468]  2026-09-10 02:53:24           colonisable_americanbittern_556dbe6f
INFO  [02:59:02.468]  2026-09-10 02:53:25                welldramatized_lowchen_f06d8665
INFO  [02:59:02.468]  2026-09-10 02:53:26              unintellectual_woodborer_d39d91af
INFO  [02:59:02.468]  2026-09-10 02:53:27             chorographical_arcticseal_b52831e7
INFO  [02:59:02.468]  2026-09-10 02:53:27                            duckie_emu_ea3f8c8e
INFO  [02:59:02.468]  2026-09-10 02:53:29              colluvium_germanshepherd_3a01da40
INFO  [02:59:02.468]  2026-09-10 02:53:30                   astronautic_ratfish_6f9fc63e
INFO  [02:59:02.468]  2026-09-10 02:53:31              despisable_abyssiniancat_64888d3f
INFO  [02:59:02.468]  2026-09-10 02:53:32                    contiguous_watussi_de98e804
INFO  [02:59:02.468]  2026-09-10 02:53:33                  creditable_arrowcrab_9f70d83b
INFO  [02:59:02.468]  2026-09-10 02:53:34                 cockeyed_blackpanther_4b97c204
INFO  [02:59:02.468]  2026-09-10 02:53:34                        sealbrown_dodo_d4058b3e
INFO  [02:59:02.468]  2026-09-10 02:53:36                      sedentary_monkey_758bdeb6
INFO  [02:59:02.468]  2026-09-10 02:53:37                componental_kookaburra_f7d3d4a4
INFO  [02:59:02.468]  2026-09-10 02:53:38                 unadverturesome_nyala_470b1798
INFO  [02:59:02.468]  2026-09-10 02:53:39                       ionic_phalarope_0259f119
INFO  [02:59:02.468]  2026-09-10 02:53:40                headstrong_snowleopard_f7ee34af
INFO  [02:59:02.468]  2026-09-10 02:53:41                  acidy_germanshepherd_d511206a
INFO  [02:59:02.468]  2026-09-10 02:53:42                    calmy_nakedmolerat_d52a3c67
INFO  [02:59:02.468]  2026-09-10 02:53:44                       subsolar_marten_9745dfdc
INFO  [02:59:02.468]  2026-09-10 02:53:44                  acidy_germanshepherd_d511206a
INFO  [02:59:02.468]  2026-09-10 02:53:45                       subsolar_marten_9745dfdc
INFO  [02:59:02.468]  2026-09-10 02:53:47                protactium_stickleback_164d9d2b
INFO  [02:59:02.468]  2026-09-10 02:53:48                           crimpy_cock_e028b970
INFO  [02:59:02.468]  2026-09-10 02:53:49                          irate_hapuka_92449c1d
INFO  [02:59:02.468]  2026-09-10 02:53:50                       ionic_phalarope_0259f119
INFO  [02:59:02.468]  2026-09-10 02:53:52                  demographic_songbird_9dda6ee5
INFO  [02:59:02.468]  2026-09-10 02:53:52                        sealbrown_dodo_d4058b3e
INFO  [02:59:02.468]  2026-09-10 02:53:53                authoritative_squamata_7eff75c7
INFO  [02:59:02.468]  2026-09-10 02:53:54                  compatriotic_mastiff_9fb7bd3a
INFO  [02:59:02.468]  2026-09-10 02:53:55                          bottom_cobra_d3df8fab
INFO  [02:59:02.468]  2026-09-10 02:53:56                  honourless_merganser_9eb94858
INFO  [02:59:02.468]  2026-09-10 02:53:57                protactium_stickleback_164d9d2b
INFO  [02:59:02.468]  2026-09-10 02:53:58                          irate_hapuka_92449c1d
INFO  [02:59:02.468]  2026-09-10 02:53:59                          possible_rat_fe58f7e5
INFO  [02:59:02.468]  2026-09-10 02:54:01                        seemly_xenopus_e306a3ea
INFO  [02:59:02.468]  2026-09-10 02:54:01              despisable_abyssiniancat_64888d3f
INFO  [02:59:02.468]  2026-09-10 02:54:02                  demographic_songbird_9dda6ee5
INFO  [02:59:02.468]  2026-09-10 02:54:04                        gastric_chital_435547f5
INFO  [02:59:02.468]  2026-09-10 02:54:05                        miserly_parrot_9f7f3354
INFO  [02:59:02.468]  2026-09-10 02:54:06           imparisyllabic_gordonsetter_27c833c9
INFO  [02:59:02.468]  2026-09-10 02:54:07                     remorseless_sheep_8f88ee68
INFO  [02:59:02.468]  2026-09-10 02:54:08                   peacockish_bactrian_44e73085
INFO  [02:59:02.468]  2026-09-10 02:54:09                    cavernous_honeybee_19ddb49f
INFO  [02:59:02.468]  2026-09-10 02:54:10                  compatriotic_mastiff_9fb7bd3a
INFO  [02:59:02.468]  2026-09-10 02:54:11                        miserly_parrot_9f7f3354
INFO  [02:59:02.468]  2026-09-10 02:54:12                  creditable_arrowcrab_9f70d83b
INFO  [02:59:02.468]  2026-09-10 02:54:14               narcistic_hyracotherium_dcf10a0f
INFO  [02:59:02.468]  2026-09-10 02:54:15                  prochurch_archerfish_169650cf
INFO  [02:59:02.468]  2026-09-10 02:54:16                        rayon_bactrian_ea29a54c
INFO  [02:59:02.468]  2026-09-10 02:54:17        malnourished_anophelesmosquito_b1da1b1a
INFO  [02:59:02.468]  2026-09-10 02:54:18                      einsteinium_seal_891a84ed
INFO  [02:59:02.468]  2026-09-10 02:54:19                  sinless_spidermonkey_64206b21
INFO  [02:59:02.468]  2026-09-10 02:54:21                   pleasurable_bettong_632632f6
INFO  [02:59:02.468]  2026-09-10 02:54:22                 nonzoological_yardant_9d1e56ce
INFO  [02:59:02.468]  2026-09-10 02:54:23                           pure_lizard_974a0d5f
INFO  [02:59:02.468]  2026-09-10 02:54:23 gerascophobic_alligatorsnappingturtle_b2c843c6
INFO  [02:59:02.468]  2026-09-10 02:54:25                headstrong_snowleopard_f7ee34af
INFO  [02:59:02.468]  2026-09-10 02:54:26              colluvium_germanshepherd_3a01da40
INFO  [02:59:02.468]  2026-09-10 02:54:27                       subsolar_marten_9745dfdc
INFO  [02:59:02.468]  2026-09-10 02:54:28                        disloyal_otter_8ab4c6d8
INFO  [02:59:02.468]  2026-09-10 02:54:29              nematological_salamander_449149bb
INFO  [02:59:02.468]  2026-09-10 02:54:30                     sedentary_cowbird_6b523756
INFO  [02:59:02.468]  2026-09-10 02:54:32                        miserly_parrot_9f7f3354
INFO  [02:59:02.468]  2026-09-10 02:54:33              antimoralistic_beauceron_66cb0fa9
INFO  [02:59:02.468]  2026-09-10 02:54:34                     creatable_leveret_f992ad06
INFO  [02:59:02.468]  2026-09-10 02:54:35                  compatriotic_mastiff_9fb7bd3a
INFO  [02:59:02.468]  2026-09-10 02:54:36           totalitarian_spotteddolphin_cad56adb
INFO  [02:59:02.468]  2026-09-10 02:54:38                astonishing_wolfspider_20957ba6
INFO  [02:59:02.468]  2026-09-10 02:54:39              nematological_salamander_449149bb
INFO  [02:59:02.468]  2026-09-10 02:54:40                          bottom_cobra_d3df8fab
INFO  [02:59:02.468]  2026-09-10 02:54:41                       droughty_jackal_864d6628
INFO  [02:59:02.468]  2026-09-10 02:54:42                   pleasurable_bettong_632632f6
INFO  [02:59:02.468]  2026-09-10 02:54:43                        miserly_parrot_9f7f3354
INFO  [02:59:02.468]  2026-09-10 02:54:45                     paralyzing_coyote_64950b6d
INFO  [02:59:02.468]  2026-09-10 02:54:46               insubordinate_woodborer_234b2d7b
INFO  [02:59:02.468]  2026-09-10 02:54:47                          dungy_coyote_88ee0e53
INFO  [02:59:02.468]  2026-09-10 02:54:49                  sunshiny_gardensnake_60038f48
INFO  [02:59:02.468]  2026-09-10 02:54:49                     heavy_chanticleer_b598508b
INFO  [02:59:02.468]  2026-09-10 02:54:50           totalitarian_spotteddolphin_cad56adb
INFO  [02:59:02.468]  2026-09-10 02:54:52          condemned_neonbluehermitcrab_d56c0988
INFO  [02:59:02.468]  2026-09-10 02:54:53        nonmetallurgic_dogwoodclubgall_e057e8c9
INFO  [02:59:02.468]  2026-09-10 02:54:54                     actual_ballpython_265a4756
INFO  [02:59:02.468]  2026-09-10 02:54:55                         polite_jaeger_6f984c77
INFO  [02:59:02.468]  2026-09-10 02:54:56                    economical_abalone_7a659be4
INFO  [02:59:02.468]  2026-09-10 02:54:57                 unadverturesome_nyala_470b1798
INFO  [02:59:02.468]  2026-09-10 02:54:58              nematological_salamander_449149bb
INFO  [02:59:02.468]  2026-09-10 02:55:00                busying_astrangiacoral_cff55a9b
INFO  [02:59:02.468]  2026-09-10 02:55:00                  sunshiny_gardensnake_60038f48
INFO  [02:59:02.468]  2026-09-10 02:55:02                   peacockish_bactrian_44e73085
INFO  [02:59:02.468]  2026-09-10 02:55:03                busying_astrangiacoral_cff55a9b
INFO  [02:59:02.468]  2026-09-10 02:55:05                 left_bluetonguelizard_6d59799a
INFO  [02:59:02.468]  2026-09-10 02:55:05              despisable_abyssiniancat_64888d3f
INFO  [02:59:02.468]  2026-09-10 02:55:06                       subsolar_marten_9745dfdc
INFO  [02:59:02.468]  2026-09-10 02:55:07                 left_bluetonguelizard_6d59799a
INFO  [02:59:02.468]  2026-09-10 02:55:09                     heavy_chanticleer_b598508b
INFO  [02:59:02.468]  2026-09-10 02:55:10              machiavellian_indianabat_adab42a5
INFO  [02:59:02.468]  2026-09-10 02:55:11                     floriferous_galah_422507bd
INFO  [02:59:02.468]  2026-09-10 02:55:12             becoming_rhinocerosbeetle_223fa4ea
INFO  [02:59:02.468]  2026-09-10 02:55:13                    economical_abalone_7a659be4
INFO  [02:59:02.468]  2026-09-10 02:55:15                     unhygenic_limpkin_d3760b1d
INFO  [02:59:02.468]  2026-09-10 02:55:16           undeified_irishdraughthorse_2a60776d
INFO  [02:59:02.468]  2026-09-10 02:55:17                         exciting_barb_ad90fe96
INFO  [02:59:02.468]  2026-09-10 02:55:18       workingclass_littlenightmonkeys_d05a371e
INFO  [02:59:02.468]  2026-09-10 02:55:19                       nonmoving_tayra_f03591e6
INFO  [02:59:02.468]  2026-09-10 02:55:21                  prochurch_archerfish_169650cf
INFO  [02:59:02.468]  2026-09-10 02:55:22                      intraspinal_boto_6e27edb0
INFO  [02:59:02.468]  2026-09-10 02:55:23              machiavellian_indianabat_adab42a5
INFO  [02:59:02.468]  2026-09-10 02:55:25                 beneficial_paddlefish_aa64a0c3
INFO  [02:59:02.468]  2026-09-10 02:55:25                  sunshiny_gardensnake_60038f48
INFO  [02:59:02.468]  2026-09-10 02:55:27                   gothic_velociraptor_c2cdbbe3
INFO  [02:59:02.468]  2026-09-10 02:55:28                    plump_arabianhorse_318d2562
INFO  [02:59:02.468]  2026-09-10 02:55:29                   peacockish_bactrian_44e73085
INFO  [02:59:02.468]  2026-09-10 02:55:30                  prochurch_archerfish_169650cf
INFO  [02:59:02.468]  2026-09-10 02:55:31       workingclass_littlenightmonkeys_d05a371e
INFO  [02:59:02.468]  2026-09-10 02:55:33                  wifely_galapagosdove_5d0c5b2f
INFO  [02:59:02.468]  2026-09-10 02:55:34              machiavellian_indianabat_adab42a5
INFO  [02:59:02.468]  2026-09-10 02:55:35                      sedentary_monkey_758bdeb6
INFO  [02:59:02.468]  2026-09-10 02:55:36                  sunshiny_gardensnake_60038f48
INFO  [02:59:02.468]  2026-09-10 02:55:38                   confineable_haddock_f2a8efa5
INFO  [02:59:02.468]  2026-09-10 02:55:39              machiavellian_indianabat_adab42a5
INFO  [02:59:02.468]  2026-09-10 02:55:40              nematological_salamander_449149bb
INFO  [02:59:02.468]  2026-09-10 02:55:42                   peacockish_bactrian_44e73085
INFO  [02:59:02.468]  2026-09-10 02:55:42                   declinate_cockatiel_3fc1d7de
INFO  [02:59:02.468]  2026-09-10 02:55:44                componental_kookaburra_f7d3d4a4
INFO  [02:59:02.468]  2026-09-10 02:55:45              machiavellian_indianabat_adab42a5
INFO  [02:59:02.468]  2026-09-10 02:55:46                astonishing_wolfspider_20957ba6
INFO  [02:59:02.468]  2026-09-10 02:55:47                  unalliterated_beetle_3bc45a36
INFO  [02:59:02.468]  2026-09-10 02:55:49                    economical_abalone_7a659be4
INFO  [02:59:02.468]  2026-09-10 02:55:50                     creatable_chicken_c32bb763
INFO  [02:59:02.468]  2026-09-10 02:55:51                  mindless_gartersnake_29061ce2
INFO  [02:59:02.468]  2026-09-10 02:55:52                   declinate_cockatiel_3fc1d7de
INFO  [02:59:02.468]  2026-09-10 02:55:54                   confineable_haddock_f2a8efa5
INFO  [02:59:02.468]  2026-09-10 02:55:58                     floriferous_galah_422507bd
INFO  [02:59:02.468]  2026-09-10 02:56:00                      artycrafty_adder_3eac3e1e
INFO  [02:59:02.468]  2026-09-10 02:56:02                    left_hookersealion_3169b4cd
INFO  [02:59:02.468]  2026-09-10 02:56:02                     creatable_chicken_c32bb763
INFO  [02:59:02.468]  2026-09-10 02:56:03                     paralyzing_coyote_64950b6d
INFO  [02:59:02.468]  2026-09-10 02:56:04             becoming_rhinocerosbeetle_223fa4ea
INFO  [02:59:02.468]  2026-09-10 02:56:05                    plump_arabianhorse_318d2562
INFO  [02:59:02.468]  2026-09-10 02:56:07                 fadable_hypsilophodon_69ffccc9
INFO  [02:59:02.468]  2026-09-10 02:56:08                         merciful_titi_dace5880
INFO  [02:59:02.468]  2026-09-10 02:56:09                  wifely_galapagosdove_5d0c5b2f
INFO  [02:59:02.468]  2026-09-10 02:56:10             becoming_rhinocerosbeetle_223fa4ea
INFO  [02:59:02.468]  2026-09-10 02:56:12                bimetallistic_bushbaby_bdc2e02d
INFO  [02:59:02.468]  2026-09-10 02:56:13              nematological_salamander_449149bb
INFO  [02:59:02.468]  2026-09-10 02:56:14                 cockeyed_blackpanther_4b97c204
INFO  [02:59:02.468]  2026-09-10 02:56:15                   creophagous_wallaby_dbe624e8
INFO  [02:59:02.468]  2026-09-10 02:56:17                     savorous_nuthatch_4a04ef7a
INFO  [02:59:02.468]  2026-09-10 02:56:18                        coltish_adouri_3fb81dec
INFO  [02:59:02.468]  2026-09-10 02:56:19                       harmless_huemul_fc55c18c
INFO  [02:59:02.468]  2026-09-10 02:56:20                  sunshiny_gardensnake_60038f48
INFO  [02:59:02.468]  2026-09-10 02:56:21                 cockeyed_blackpanther_4b97c204
INFO  [02:59:02.468]  2026-09-10 02:56:23                bimetallistic_bushbaby_bdc2e02d
INFO  [02:59:02.468]  2026-09-10 02:56:24         arachnidan_metalmarkbutterfly_79526463
INFO  [02:59:02.468]  2026-09-10 02:56:25                  sharp_spotteddolphin_ffaca380
INFO  [02:59:02.468]  2026-09-10 02:56:26                 cockeyed_blackpanther_4b97c204
INFO  [02:59:02.468]  2026-09-10 02:56:28                     carnauba_monkfish_e453659e
INFO  [02:59:02.468]  2026-09-10 02:56:29                fractious_kentrosaurus_3b7da1e0
INFO  [02:59:02.468]  2026-09-10 02:56:31                          possible_rat_fe58f7e5
INFO  [02:59:02.468]  2026-09-10 02:56:32                   gothic_velociraptor_c2cdbbe3
INFO  [02:59:02.468]  2026-09-10 02:56:33              unparenthetic_sanddollar_93d9cc25
INFO  [02:59:02.468]  2026-09-10 02:56:34                       harmless_huemul_fc55c18c
INFO  [02:59:02.468]  2026-09-10 02:56:36                   actuarian_kusimanse_e3fc87c9
INFO  [02:59:02.468]  2026-09-10 02:56:37                      bacteroid_sphinx_3dd2666c
INFO  [02:59:02.468]  2026-09-10 02:56:38              unintellectual_woodborer_d39d91af
INFO  [02:59:02.468]  2026-09-10 02:56:39                   gothic_velociraptor_c2cdbbe3
INFO  [02:59:02.468]  2026-09-10 02:56:41        malnourished_anophelesmosquito_b1da1b1a
INFO  [02:59:02.468]  2026-09-10 02:56:41                  sharp_spotteddolphin_ffaca380
INFO  [02:59:02.468]  2026-09-10 02:56:43                         amenable_crab_1fb6e5da
INFO  [02:59:02.468]  2026-09-10 02:56:44                     carnauba_monkfish_e453659e
INFO  [02:59:02.468]  2026-09-10 02:56:46        nonmetallurgic_dogwoodclubgall_e057e8c9
INFO  [02:59:02.468]  2026-09-10 02:56:47                    germfree_binturong_ccc1d720
INFO  [02:59:02.468]  2026-09-10 02:56:48           colonisable_americanbittern_556dbe6f
INFO  [02:59:02.468]  2026-09-10 02:56:49             amphibole_montanoceratops_eb725058
INFO  [02:59:02.468]  2026-09-10 02:56:51              nonabsolutistic_incatern_75d986a1
INFO  [02:59:02.468]  2026-09-10 02:56:52                      einsteinium_seal_891a84ed
INFO  [02:59:02.468]  2026-09-10 02:56:54                    spare_rainbowtrout_6cea9e2e
INFO  [02:59:02.468]  2026-09-10 02:56:54           colonisable_americanbittern_556dbe6f
INFO  [02:59:02.468]  2026-09-10 02:56:55              despisable_abyssiniancat_64888d3f
INFO  [02:59:02.468]  2026-09-10 02:56:57                 insecticidal_lovebird_57ad888f
INFO  [02:59:02.468]  2026-09-10 02:56:58                 concessible_azurevase_ee2e2acf
INFO  [02:59:02.468]  2026-09-10 02:56:59                 beneficial_paddlefish_aa64a0c3
INFO  [02:59:02.468]  2026-09-10 02:57:01                    germfree_binturong_ccc1d720
INFO  [02:59:02.468]  2026-09-10 02:57:02                bimetallistic_bushbaby_bdc2e02d
INFO  [02:59:02.468]  2026-09-10 02:57:03                      einsteinium_seal_891a84ed
INFO  [02:59:02.468]  2026-09-10 02:57:05                    spare_rainbowtrout_6cea9e2e
INFO  [02:59:02.468]  2026-09-10 02:57:06           colonisable_americanbittern_556dbe6f
INFO  [02:59:02.468]  2026-09-10 02:57:08                  stretchable_elephant_25bc94c9
INFO  [02:59:02.468]  2026-09-10 02:57:09                          unsinful_ewe_5e00ffcb
INFO  [02:59:02.468]  2026-09-10 02:57:10                  mindless_gartersnake_29061ce2
INFO  [02:59:02.468]  2026-09-10 02:57:11                 patriarchal_ivorygull_c2220612
INFO  [02:59:02.468]  2026-09-10 02:57:13                    spare_rainbowtrout_6cea9e2e
INFO  [02:59:02.468]  2026-09-10 02:57:13                     carnauba_monkfish_e453659e
INFO  [02:59:02.468]  2026-09-10 02:57:15              unwhitewashed_sakimonkey_00af8948
INFO  [02:59:02.468]  2026-09-10 02:57:16                bimetallistic_bushbaby_bdc2e02d
INFO  [02:59:02.468]  2026-09-10 02:57:17                   gothic_velociraptor_c2cdbbe3
INFO  [02:59:02.468]  2026-09-10 02:57:19                  sharp_spotteddolphin_ffaca380
INFO  [02:59:02.468]  2026-09-10 02:57:20                        dressy_roebuck_221b9a17
INFO  [02:59:02.468]  2026-09-10 02:57:21                   creophagous_wallaby_dbe624e8
INFO  [02:59:02.468]  2026-09-10 02:57:23                         demotic_sloth_3534dedf
INFO  [02:59:02.468]  2026-09-10 02:57:24                         fairish_eider_8f2df27d
INFO  [02:59:02.468]  2026-09-10 02:57:25                  stretchable_elephant_25bc94c9
INFO  [02:59:02.468]  2026-09-10 02:57:27              unwhitewashed_sakimonkey_00af8948
INFO  [02:59:02.468]  2026-09-10 02:57:29                   pennypinching_camel_a639e8c7
INFO  [02:59:02.468]  2026-09-10 02:57:30                     fogbound_aztecant_071af6c0
INFO  [02:59:02.468]  2026-09-10 02:57:31                   pennypinching_camel_a639e8c7
INFO  [02:59:02.468]  2026-09-10 02:57:32       relaxer_queenalexandrasbirdwing_b8b68e1a
INFO  [02:59:02.468]  2026-09-10 02:57:34                        medicore_polyp_71a6f9e9
INFO  [02:59:02.468]  2026-09-10 02:57:36                          bottom_cobra_d3df8fab
INFO  [02:59:02.468]  2026-09-10 02:57:37     unculturable_easteuropeanshepherd_e60f4233
INFO  [02:59:02.468]  2026-09-10 02:57:39                semischolastic_ladybug_3bf9b5bc
INFO  [02:59:02.468]  2026-09-10 02:57:39                         scaled_hoopoe_1bd8ac74
INFO  [02:59:02.468]  2026-09-10 02:57:40                     fogbound_aztecant_071af6c0
INFO  [02:59:02.468]  2026-09-10 02:57:42                   piperaceous_scallop_f5b2d786
INFO  [02:59:02.468]  2026-09-10 02:57:43                       subsolar_marten_9745dfdc
INFO  [02:59:02.468]  2026-09-10 02:57:44                        proposed_hydra_8b0b42cd
INFO  [02:59:02.468]  2026-09-10 02:57:46                     sedentary_cowbird_6b523756
INFO  [02:59:02.468]  2026-09-10 02:57:47             exportable_zethusspinipes_1be81698
INFO  [02:59:02.468]  2026-09-10 02:57:49                       strict_tapeworm_472e6749
INFO  [02:59:02.468]  2026-09-10 02:57:50                      proclerical_buck_37ac12a5
INFO  [02:59:02.468]  2026-09-10 02:57:51         dumbfounded_uromastyxspinipes_490f5b61
INFO  [02:59:02.468]  2026-09-10 02:57:52                    plump_arabianhorse_318d2562
INFO  [02:59:02.468]  2026-09-10 02:57:54                      einsteinium_seal_891a84ed
INFO  [02:59:02.468]  2026-09-10 02:57:55                      terroristic_mara_5cae696b
INFO  [02:59:02.468]  2026-09-10 02:57:56                     fogbound_aztecant_071af6c0
INFO  [02:59:02.468]  2026-09-10 02:57:59                       anthropoid_stag_b0de2d25
INFO  [02:59:02.468]  2026-09-10 02:57:59              despisable_abyssiniancat_64888d3f
INFO  [02:59:02.468]  2026-09-10 02:58:01                  honourless_merganser_9eb94858
INFO  [02:59:02.468]  2026-09-10 02:58:02                  acidy_germanshepherd_d511206a
INFO  [02:59:02.468]  2026-09-10 02:58:03                      einsteinium_seal_891a84ed
INFO  [02:59:02.468]  2026-09-10 02:58:04              unparenthetic_sanddollar_93d9cc25
INFO  [02:59:02.468]  2026-09-10 02:58:06                       subsolar_marten_9745dfdc
INFO  [02:59:02.468]  2026-09-10 02:58:07                        proposed_hydra_8b0b42cd
INFO  [02:59:02.468]  2026-09-10 02:58:09                      terroristic_mara_5cae696b
INFO  [02:59:02.468]  2026-09-10 02:58:11                       anthropoid_stag_b0de2d25
INFO  [02:59:02.468]  2026-09-10 02:58:12                       nonmoving_tayra_f03591e6
INFO  [02:59:02.468]  2026-09-10 02:58:13                      proclerical_buck_37ac12a5
INFO  [02:59:02.468]  2026-09-10 02:58:14                       subsolar_marten_9745dfdc
INFO  [02:59:02.468]  2026-09-10 02:58:15                   gothic_velociraptor_c2cdbbe3
INFO  [02:59:02.468]  2026-09-10 02:58:17                       nonmoving_tayra_f03591e6
INFO  [02:59:02.468]  2026-09-10 02:58:18                         polite_jaeger_6f984c77
INFO  [02:59:02.468]  2026-09-10 02:58:20                         scaled_hoopoe_1bd8ac74
INFO  [02:59:02.468]  2026-09-10 02:58:21                 unsweetened_goldfinch_1fae19f5
INFO  [02:59:02.468]  2026-09-10 02:58:22              unwhitewashed_sakimonkey_00af8948
INFO  [02:59:02.468]  2026-09-10 02:58:24                  honourless_merganser_9eb94858
INFO  [02:59:02.468]  2026-09-10 02:58:25                       subsolar_marten_9745dfdc
INFO  [02:59:02.468]  2026-09-10 02:58:26                   gothic_velociraptor_c2cdbbe3
INFO  [02:59:02.468]  2026-09-10 02:58:27                   omniscient_bellfrog_1e13eafb
INFO  [02:59:02.468]  2026-09-10 02:58:30                       anthropoid_stag_b0de2d25
INFO  [02:59:02.468]  2026-09-10 02:58:31                      proclerical_buck_37ac12a5
INFO  [02:59:02.468]  2026-09-10 02:58:32                   omniscient_bellfrog_1e13eafb
INFO  [02:59:02.468]  2026-09-10 02:58:33                     sedentary_cowbird_6b523756
INFO  [02:59:02.468]  2026-09-10 02:58:34                   omniscient_bellfrog_1e13eafb
INFO  [02:59:02.468]  2026-09-10 02:58:36                         bacciform_dog_d7139398
INFO  [02:59:02.468]  2026-09-10 02:58:37                            shady_mara_c4409ef4
INFO  [02:59:02.468]  2026-09-10 02:58:38                      proclerical_buck_37ac12a5
INFO  [02:59:02.468]  2026-09-10 02:58:40              unparenthetic_sanddollar_93d9cc25
INFO  [02:59:02.468]  2026-09-10 02:58:41                       subsolar_marten_9745dfdc
INFO  [02:59:02.468]  2026-09-10 02:58:43         arachnidan_metalmarkbutterfly_79526463
INFO  [02:59:02.468]  2026-09-10 02:58:44                     carnauba_monkfish_e453659e
INFO  [02:59:02.468]  2026-09-10 02:58:45         arachnidan_metalmarkbutterfly_79526463
INFO  [02:59:02.468]  2026-09-10 02:58:47                            shady_mara_c4409ef4
INFO  [02:59:02.468]  2026-09-10 02:58:48          dendriform_northerncardinals_94cb7e05
INFO  [02:59:02.468]  2026-09-10 02:58:51                        general_quokka_5081eca2
INFO  [02:59:02.468]  2026-09-10 02:58:51                  sinless_spidermonkey_64206b21
INFO  [02:59:02.468]  2026-09-10 02:58:53         arachnidan_metalmarkbutterfly_79526463
INFO  [02:59:02.468]  2026-09-10 02:58:54                bimetallistic_bushbaby_bdc2e02d
INFO  [02:59:02.468]  2026-09-10 02:58:56                   omniscient_bellfrog_1e13eafb
INFO  [02:59:02.468]  2026-09-10 02:58:58   newsworthy_northernhairynosedwombat_15c290e2
INFO  [02:59:02.468]  2026-09-10 02:58:59                  empathetic_spoonbill_c8796f38
INFO  [02:59:02.468]  2026-09-10 02:59:00                  ailurophilic_giraffe_06df32a8
INFO  [02:59:02.468]  2026-09-10 02:59:02                  unalliterated_beetle_3bc45a36
INFO  [02:59:02.468]         timestamp_ys                                      worker_id
INFO  [02:59:02.468]  runtime_learners warnings errors internal_tuned_values     acq_cb
INFO  [02:59:02.468]             0.529        0      0     num_iterations=21 -24.615246
INFO  [02:59:02.468]             0.559        0      0     num_iterations=47 -23.921903
INFO  [02:59:02.468]             0.521        0      0     num_iterations=56 -20.032439
INFO  [02:59:02.468]             0.457        0      0     num_iterations=44 -21.710203
INFO  [02:59:02.468]             0.562        0      0     num_iterations=56 -17.781418
INFO  [02:59:02.468]             0.541        0      0     num_iterations=34 -21.669302
INFO  [02:59:02.468]             0.466        0      0     num_iterations=31 -22.037595
INFO  [02:59:02.468]             0.501        0      0     num_iterations=26 -18.572958
INFO  [02:59:02.468]             0.476        0      0     num_iterations=48 -21.735848
INFO  [02:59:02.468]             0.570        0      0     num_iterations=38 -17.124638
INFO  [02:59:02.468]             0.726        0      0     num_iterations=35 -14.287741
INFO  [02:59:02.468]             0.471        0      0     num_iterations=27 -17.400849
INFO  [02:59:02.468]             0.523        0      0     num_iterations=49 -19.881305
INFO  [02:59:02.468]             0.493        0      0     num_iterations=34 -12.102331
INFO  [02:59:02.468]             0.447        0      0     num_iterations=60 -12.313990
INFO  [02:59:02.468]             0.656        0      0    num_iterations=115 -12.260838
INFO  [02:59:02.468]             0.616        0      0     num_iterations=29 -14.991345
INFO  [02:59:02.468]             0.501        0      0     num_iterations=41 -10.671064
INFO  [02:59:02.468]             0.429        0      0     num_iterations=15 -16.736691
INFO  [02:59:02.468]             0.506        0      0     num_iterations=47 -14.664129
INFO  [02:59:02.468]             0.564        0      0     num_iterations=39 -13.394193
INFO  [02:59:02.468]             0.523        0      0     num_iterations=30 -17.753236
INFO  [02:59:02.468]             0.505        0      0     num_iterations=32 -11.835963
INFO  [02:59:02.468]             0.499        0      0     num_iterations=74 -10.377981
INFO  [02:59:02.468]             0.542        0      0     num_iterations=42 -14.654315
INFO  [02:59:02.468]             0.401        0      0     num_iterations=12 -12.154182
INFO  [02:59:02.468]             0.573        0      0     num_iterations=37 -12.555586
INFO  [02:59:02.468]             0.430        0      0     num_iterations=35 -11.783838
INFO  [02:59:02.468]             0.565        0      0     num_iterations=45 -13.060196
INFO  [02:59:02.468]             0.485        0      0     num_iterations=77 -12.661413
INFO  [02:59:02.468]             0.430        0      0      num_iterations=1 -13.036842
INFO  [02:59:02.468]             0.400        0      0      num_iterations=1 -13.567378
INFO  [02:59:02.468]             0.321        0      0      num_iterations=1 -10.780771
INFO  [02:59:02.468]             0.501        0      0     num_iterations=87 -11.107506
INFO  [02:59:02.468]             0.579        0      0     num_iterations=57  -6.952442
INFO  [02:59:02.468]             0.612        0      0     num_iterations=51 -10.760927
INFO  [02:59:02.468]             0.588        0      0     num_iterations=33 -13.816327
INFO  [02:59:02.468]             0.506        0      0     num_iterations=40 -12.476555
INFO  [02:59:02.468]             0.551        0      0     num_iterations=73 -11.760755
INFO  [02:59:02.468]             0.486        0      0     num_iterations=47 -13.378539
INFO  [02:59:02.468]             0.531        0      0     num_iterations=26 -14.273201
INFO  [02:59:02.468]             0.526        0      0     num_iterations=20 -11.833653
INFO  [02:59:02.468]             0.423        0      0     num_iterations=41 -11.742772
INFO  [02:59:02.468]             0.892        0      0    num_iterations=198  -8.110011
INFO  [02:59:02.468]             0.542        0      0     num_iterations=29 -13.987354
INFO  [02:59:02.468]             0.486        0      0     num_iterations=97  -7.475409
INFO  [02:59:02.468]             0.378        0      0      num_iterations=1  -8.003801
INFO  [02:59:02.468]             0.421        0      0     num_iterations=64 -16.791333
INFO  [02:59:02.468]             0.554        0      0     num_iterations=45 -18.736901
INFO  [02:59:02.468]             0.478        0      0     num_iterations=49 -15.831461
INFO  [02:59:02.468]             0.581        0      0     num_iterations=58 -23.265773
INFO  [02:59:02.468]             0.521        0      0     num_iterations=31 -20.407742
INFO  [02:59:02.468]             0.407        0      0     num_iterations=52 -19.454168
INFO  [02:59:02.468]             0.568        0      0     num_iterations=51 -12.341282
INFO  [02:59:02.468]             0.436        0      0     num_iterations=80 -21.072597
INFO  [02:59:02.468]             0.431        0      0     num_iterations=27 -16.273832
INFO  [02:59:02.468]             0.450        0      0     num_iterations=13 -22.551731
INFO  [02:59:02.468]             0.447        0      0     num_iterations=46 -14.360809
INFO  [02:59:02.468]             0.676        0      0     num_iterations=34 -16.635484
INFO  [02:59:02.468]             0.524        0      0      num_iterations=9 -14.914162
INFO  [02:59:02.468]             0.604        0      0     num_iterations=63 -20.989365
INFO  [02:59:02.468]             0.519        0      0     num_iterations=44 -18.574209
INFO  [02:59:02.468]             0.567        0      0     num_iterations=44 -18.821745
INFO  [02:59:02.468]             0.461        0      0     num_iterations=31 -15.473438
INFO  [02:59:02.468]             0.539        0      0     num_iterations=41 -15.052741
INFO  [02:59:02.468]             0.554        0      0     num_iterations=47 -12.452611
INFO  [02:59:02.468]             0.528        0      0     num_iterations=68 -16.458093
INFO  [02:59:02.468]             0.543        0      0     num_iterations=21 -10.770160
INFO  [02:59:02.468]             0.459        0      0     num_iterations=27 -19.722425
INFO  [02:59:02.468]             0.655        0      0    num_iterations=138  -8.962622
INFO  [02:59:02.468]             0.653        0      0     num_iterations=88 -11.553091
INFO  [02:59:02.468]             0.458        0      0     num_iterations=16 -11.869479
INFO  [02:59:02.468]             0.587        0      0     num_iterations=47 -11.038629
INFO  [02:59:02.468]             0.536        0      0    num_iterations=114 -16.081111
INFO  [02:59:02.468]             0.497        0      0     num_iterations=44  -8.305716
INFO  [02:59:02.468]             0.568        0      0     num_iterations=50  -9.738812
INFO  [02:59:02.468]             0.483        0      0     num_iterations=33 -11.154494
INFO  [02:59:02.468]             0.471        0      0     num_iterations=29 -15.840427
INFO  [02:59:02.468]             0.393        0      0     num_iterations=23 -12.603656
INFO  [02:59:02.468]             0.435        0      0     num_iterations=22  -9.552426
INFO  [02:59:02.468]             0.953        0      0    num_iterations=107  -8.237230
INFO  [02:59:02.468]             0.482        0      0     num_iterations=30 -14.390155
INFO  [02:59:02.468]             0.628        0      0     num_iterations=77 -17.233441
INFO  [02:59:02.468]             0.500        0      0     num_iterations=57 -12.863961
INFO  [02:59:02.468]             0.576        0      0     num_iterations=46 -11.035798
INFO  [02:59:02.468]             0.385        0      0     num_iterations=45  -8.956135
INFO  [02:59:02.468]             0.442        0      0     num_iterations=25  -6.289001
INFO  [02:59:02.468]             0.656        0      0    num_iterations=147  -8.678376
INFO  [02:59:02.468]             0.553        0      0    num_iterations=128 -16.478382
INFO  [02:59:02.468]             0.570        0      0     num_iterations=63 -12.329523
INFO  [02:59:02.468]             0.488        0      0     num_iterations=46 -14.411051
INFO  [02:59:02.468]             0.532        0      0     num_iterations=69 -12.855894
INFO  [02:59:02.468]             0.695        0      0    num_iterations=100  -8.642419
INFO  [02:59:02.468]             0.594        0      0     num_iterations=72 -14.058697
INFO  [02:59:02.468]             0.421        0      0     num_iterations=26  -7.221931
INFO  [02:59:02.468]             0.600        0      0     num_iterations=70 -11.176060
INFO  [02:59:02.468]             1.264        0      0    num_iterations=160  -6.561840
INFO  [02:59:02.468]             0.596        0      0     num_iterations=14 -10.880643
INFO  [02:59:02.468]             0.539        0      0    num_iterations=123  -8.215774
INFO  [02:59:02.468]             0.605        0      0     num_iterations=92 -10.341107
INFO  [02:59:02.468]             0.479        0      0     num_iterations=32 -12.811770
INFO  [02:59:02.468]             0.728        0      0     num_iterations=80  -8.201809
INFO  [02:59:02.468]             0.602        0      0    num_iterations=156  -7.368248
INFO  [02:59:02.468]             0.552        0      0    num_iterations=101  -8.307236
INFO  [02:59:02.468]             0.526        0      0     num_iterations=90 -13.029596
INFO  [02:59:02.468]             0.882        0      0     num_iterations=37 -13.140651
INFO  [02:59:02.468]             0.546        0      0     num_iterations=70 -11.503181
INFO  [02:59:02.468]             0.543        0      0     num_iterations=14 -10.085107
INFO  [02:59:02.468]             0.530        0      0     num_iterations=32 -11.798543
INFO  [02:59:02.468]             0.519        0      0     num_iterations=50 -10.378689
INFO  [02:59:02.468]             0.742        0      0     num_iterations=62 -14.202053
INFO  [02:59:02.468]             0.513        0      0     num_iterations=62 -15.883004
INFO  [02:59:02.468]             0.567        0      0     num_iterations=61 -15.602861
INFO  [02:59:02.468]             0.626        0      0     num_iterations=50 -18.351018
INFO  [02:59:02.468]             0.524        0      0     num_iterations=43 -18.821976
INFO  [02:59:02.468]             0.537        0      0     num_iterations=38 -15.859742
INFO  [02:59:02.468]             0.526        0      0     num_iterations=50 -16.699940
INFO  [02:59:02.468]             0.397        0      0     num_iterations=24 -15.770016
INFO  [02:59:02.468]             0.482        0      0     num_iterations=21 -15.655091
INFO  [02:59:02.468]             0.529        0      0     num_iterations=36 -15.040525
INFO  [02:59:02.468]             0.496        0      0     num_iterations=44 -21.216311
INFO  [02:59:02.468]             0.512        0      0     num_iterations=54 -18.401609
INFO  [02:59:02.468]             0.465        0      0     num_iterations=99 -12.649369
INFO  [02:59:02.468]             0.562        0      0     num_iterations=48 -16.731620
INFO  [02:59:02.468]             0.554        0      0     num_iterations=68 -18.497473
INFO  [02:59:02.468]             0.731        0      0     num_iterations=96 -11.274471
INFO  [02:59:02.468]             0.410        0      0     num_iterations=37  -9.933940
INFO  [02:59:02.468]             0.613        0      0     num_iterations=25  -9.196301
INFO  [02:59:02.468]             0.538        0      0     num_iterations=42 -16.569175
INFO  [02:59:02.468]             0.535        0      0     num_iterations=98  -8.645889
INFO  [02:59:02.468]             0.529        0      0     num_iterations=19 -15.602865
INFO  [02:59:02.468]             0.406        0      0     num_iterations=14  -9.621069
INFO  [02:59:02.468]             0.664        0      0     num_iterations=62 -12.593941
INFO  [02:59:02.468]             0.545        0      0     num_iterations=61 -15.898324
INFO  [02:59:02.468]             0.519        0      0     num_iterations=24 -15.931594
INFO  [02:59:02.468]             0.497        0      0     num_iterations=35 -19.299680
INFO  [02:59:02.468]             0.674        0      0     num_iterations=94 -17.196962
INFO  [02:59:02.468]             0.629        0      0     num_iterations=96 -14.242088
INFO  [02:59:02.468]             0.645        0      0     num_iterations=75 -14.359413
INFO  [02:59:02.468]             0.672        0      0     num_iterations=93  -7.262366
INFO  [02:59:02.468]             0.537        0      0     num_iterations=50  -8.619399
INFO  [02:59:02.468]             0.654        0      0     num_iterations=98  -9.430521
INFO  [02:59:02.468]             0.462        0      0     num_iterations=40  -9.611849
INFO  [02:59:02.468]             0.564        0      0     num_iterations=38 -10.869847
INFO  [02:59:02.468]             0.550        0      0     num_iterations=42  -8.146902
INFO  [02:59:02.468]             0.460        0      0     num_iterations=78  -9.904423
INFO  [02:59:02.468]             0.553        0      0     num_iterations=34  -9.510244
INFO  [02:59:02.468]             0.701        0      0    num_iterations=145  -6.270729
INFO  [02:59:02.468]             0.715        0      0    num_iterations=138 -10.360278
INFO  [02:59:02.468]             0.455        0      0     num_iterations=26  -9.696765
INFO  [02:59:02.468]             0.465        0      0     num_iterations=27 -11.639159
INFO  [02:59:02.468]             0.639        0      0     num_iterations=55 -10.715517
INFO  [02:59:02.468]             0.522        0      0     num_iterations=43 -12.047901
INFO  [02:59:02.468]             0.461        0      0     num_iterations=77  -9.695408
INFO  [02:59:02.468]             0.467        0      0     num_iterations=35 -12.252234
INFO  [02:59:02.468]             0.410        0      0     num_iterations=31 -12.139707
INFO  [02:59:02.468]             0.981        0      0    num_iterations=184  -7.057653
INFO  [02:59:02.468]             0.482        0      0     num_iterations=51 -14.384408
INFO  [02:59:02.468]             0.446        0      0     num_iterations=28 -13.915674
INFO  [02:59:02.468]             0.644        0      0    num_iterations=102  -7.726091
INFO  [02:59:02.468]             0.427        0      0     num_iterations=73 -10.012327
INFO  [02:59:02.468]             0.562        0      0     num_iterations=38 -13.083449
INFO  [02:59:02.468]             0.430        0      0     num_iterations=51  -6.226628
INFO  [02:59:02.468]             0.579        0      0     num_iterations=38 -15.963594
INFO  [02:59:02.468]             0.475        0      0     num_iterations=31  -8.887676
INFO  [02:59:02.468]             0.477        0      0     num_iterations=60  -6.641208
INFO  [02:59:02.468]             0.471        0      0     num_iterations=40 -16.357920
INFO  [02:59:02.468]             1.380        0      0    num_iterations=176  -6.447563
INFO  [02:59:02.468]             0.653        0      0     num_iterations=33 -12.955725
INFO  [02:59:02.468]             0.628        0      0     num_iterations=80  -9.088044
INFO  [02:59:02.468]             0.681        0      0     num_iterations=87  -6.771170
INFO  [02:59:02.468]             0.436        0      0     num_iterations=39  -7.336993
INFO  [02:59:02.468]             0.678        0      0    num_iterations=105  -7.899110
INFO  [02:59:02.468]             0.515        0      0     num_iterations=49  -7.680355
INFO  [02:59:02.468]             0.527        0      0     num_iterations=59 -18.278423
INFO  [02:59:02.468]             0.511        0      0    num_iterations=100 -10.657907
INFO  [02:59:02.468]             0.543        0      0     num_iterations=97  -9.502924
INFO  [02:59:02.468]             0.646        0      0     num_iterations=55 -12.004524
INFO  [02:59:02.468]             0.727        0      0     num_iterations=93  -9.415573
INFO  [02:59:02.468]             0.485        0      0     num_iterations=32 -12.398130
INFO  [02:59:02.468]             0.573        0      0     num_iterations=37 -10.543733
INFO  [02:59:02.468]             0.579        0      0     num_iterations=25 -11.427746
INFO  [02:59:02.468]             0.759        0      0     num_iterations=83  -6.167646
INFO  [02:59:02.468]             1.340        0      0    num_iterations=149  -6.233873
INFO  [02:59:02.468]             0.757        0      0    num_iterations=116  -7.826314
INFO  [02:59:02.468]             0.953        0      0    num_iterations=118 -10.133265
INFO  [02:59:02.468]             0.414        0      0     num_iterations=31 -10.412651
INFO  [02:59:02.468]             0.684        0      0     num_iterations=56 -12.547367
INFO  [02:59:02.468]             0.543        0      0     num_iterations=21 -10.942692
INFO  [02:59:02.468]             0.578        0      0     num_iterations=47 -17.124995
INFO  [02:59:02.468]             0.568        0      0     num_iterations=35 -13.111887
INFO  [02:59:02.468]             0.487        0      0     num_iterations=48 -11.026609
INFO  [02:59:02.468]             0.989        0      0    num_iterations=149  -7.628628
INFO  [02:59:02.468]             0.593        0      0     num_iterations=57 -16.023878
INFO  [02:59:02.468]             0.660        0      0     num_iterations=41 -10.563913
INFO  [02:59:02.468]             0.441        0      0     num_iterations=49 -11.957858
INFO  [02:59:02.468]             0.517        0      0     num_iterations=63  -9.757831
INFO  [02:59:02.468]             0.488        0      0     num_iterations=39 -14.658929
INFO  [02:59:02.468]             0.675        0      0     num_iterations=86  -6.755491
INFO  [02:59:02.468]             0.489        0      0     num_iterations=35 -10.470882
INFO  [02:59:02.468]             0.416        0      0     num_iterations=27 -10.218403
INFO  [02:59:02.468]             1.360        0      0    num_iterations=155  -6.837994
INFO  [02:59:02.468]             1.142        0      0    num_iterations=122  -8.262789
INFO  [02:59:02.468]             0.618        0      0     num_iterations=48 -12.509307
INFO  [02:59:02.468]             0.561        0      0     num_iterations=14  -8.685454
INFO  [02:59:02.468]             0.639        0      0     num_iterations=88  -8.606439
INFO  [02:59:02.468]             0.558        0      0     num_iterations=36 -12.186857
INFO  [02:59:02.468]             0.506        0      0     num_iterations=81  -9.879732
INFO  [02:59:02.468]             0.587        0      0     num_iterations=94  -8.230901
INFO  [02:59:02.468]             0.571        0      0     num_iterations=57 -12.194182
INFO  [02:59:02.468]             0.673        0      0    num_iterations=114  -8.620766
INFO  [02:59:02.468]             0.654        0      0     num_iterations=89  -7.729049
INFO  [02:59:02.468]             0.423        0      0     num_iterations=32  -9.467695
INFO  [02:59:02.468]             0.564        0      0     num_iterations=23 -14.002760
INFO  [02:59:02.468]             0.754        0      0    num_iterations=195  -6.643388
INFO  [02:59:02.468]             0.561        0      0     num_iterations=25 -10.034776
INFO  [02:59:02.468]             0.567        0      0     num_iterations=38  -6.680233
INFO  [02:59:02.468]             0.424        0      0     num_iterations=25  -8.565490
INFO  [02:59:02.468]             0.544        0      0     num_iterations=51  -7.660576
INFO  [02:59:02.468]             0.424        0      0     num_iterations=62  -7.669404
INFO  [02:59:02.468]             0.402        0      0     num_iterations=26  -8.237729
INFO  [02:59:02.468]             0.385        0      0     num_iterations=26 -12.318907
INFO  [02:59:02.468]             0.648        0      0     num_iterations=41 -12.242849
INFO  [02:59:02.468]             0.564        0      0     num_iterations=37 -11.945825
INFO  [02:59:02.468]             0.567        0      0     num_iterations=20 -10.268031
INFO  [02:59:02.468]             0.491        0      0     num_iterations=31  -9.357627
INFO  [02:59:02.468]             0.558        0      0     num_iterations=33 -10.749819
INFO  [02:59:02.468]             0.519        0      0     num_iterations=59  -8.940013
INFO  [02:59:02.468]             0.533        0      0     num_iterations=21 -16.779490
INFO  [02:59:02.468]             0.615        0      0     num_iterations=48  -8.172111
INFO  [02:59:02.468]             0.520        0      0     num_iterations=21 -17.036846
INFO  [02:59:02.468]             0.448        0      0     num_iterations=49  -7.714569
INFO  [02:59:02.468]             0.486        0      0     num_iterations=30  -9.303314
INFO  [02:59:02.468]             0.402        0      0     num_iterations=24  -9.886410
INFO  [02:59:02.468]             0.480        0      0     num_iterations=38 -13.714664
INFO  [02:59:02.468]             0.507        0      0     num_iterations=24  -7.451351
INFO  [02:59:02.468]             0.561        0      0     num_iterations=27  -9.367699
INFO  [02:59:02.468]             0.536        0      0    num_iterations=111  -6.608495
INFO  [02:59:02.468]             0.485        0      0     num_iterations=47 -16.594107
INFO  [02:59:02.468]             0.624        0      0     num_iterations=63 -19.756540
INFO  [02:59:02.468]             0.447        0      0     num_iterations=24  -9.263783
INFO  [02:59:02.468]             0.495        0      0     num_iterations=42  -6.804306
INFO  [02:59:02.468]             0.615        0      0     num_iterations=93  -8.121176
INFO  [02:59:02.468]             0.685        0      0     num_iterations=52  -7.215520
INFO  [02:59:02.468]             0.447        0      0     num_iterations=44 -12.930994
INFO  [02:59:02.468]             0.903        0      0    num_iterations=147  -6.767823
INFO  [02:59:02.468]             0.623        0      0     num_iterations=35 -12.533076
INFO  [02:59:02.468]             0.583        0      0     num_iterations=87 -11.446003
INFO  [02:59:02.468]             0.327        0      0      num_iterations=1  -6.206918
INFO  [02:59:02.468]             0.500        0      0     num_iterations=31 -10.770903
INFO  [02:59:02.468]             0.816        0      0    num_iterations=151  -6.693378
INFO  [02:59:02.468]             0.501        0      0     num_iterations=51 -10.865406
INFO  [02:59:02.468]             1.058        0      0    num_iterations=130  -7.367840
INFO  [02:59:02.468]             0.572        0      0     num_iterations=73  -7.441005
INFO  [02:59:02.468]             0.478        0      0     num_iterations=47 -19.960399
INFO  [02:59:02.468]             0.539        0      0     num_iterations=32 -11.362086
INFO  [02:59:02.468]             0.753        0      0     num_iterations=91  -6.372782
INFO  [02:59:02.468]             0.990        0      0    num_iterations=139  -6.418399
INFO  [02:59:02.468]             0.549        0      0     num_iterations=58 -11.656814
INFO  [02:59:02.468]             0.533        0      0     num_iterations=66 -12.404248
INFO  [02:59:02.468]             0.496        0      0     num_iterations=36 -13.148296
INFO  [02:59:02.468]             0.478        0      0     num_iterations=40  -7.278606
INFO  [02:59:02.468]             0.620        0      0    num_iterations=104  -6.620863
INFO  [02:59:02.468]             0.393        0      0      num_iterations=1  -6.090217
INFO  [02:59:02.468]             0.467        0      0     num_iterations=73  -7.009817
INFO  [02:59:02.468]             0.402        0      0     num_iterations=49  -6.380532
INFO  [02:59:02.468]             0.562        0      0     num_iterations=29  -9.407406
INFO  [02:59:02.468]             0.567        0      0     num_iterations=57 -10.594323
INFO  [02:59:02.468]             0.492        0      0     num_iterations=41  -9.409689
INFO  [02:59:02.468]             0.369        0      0      num_iterations=1  -5.946877
INFO  [02:59:02.468]             0.382        0      0     num_iterations=20  -7.522847
INFO  [02:59:02.468]             0.505        0      0     num_iterations=30 -14.570268
INFO  [02:59:02.468]             0.481        0      0     num_iterations=85  -7.032321
INFO  [02:59:02.468]             0.594        0      0     num_iterations=76  -6.690290
INFO  [02:59:02.468]             0.542        0      0     num_iterations=60 -10.069409
INFO  [02:59:02.468]             0.645        0      0    num_iterations=127  -9.918859
INFO  [02:59:02.468]             0.670        0      0     num_iterations=53  -6.171367
INFO  [02:59:02.468]             0.594        0      0     num_iterations=80  -6.457599
INFO  [02:59:02.468]             0.598        0      0     num_iterations=79  -7.192735
INFO  [02:59:02.468]             0.489        0      0     num_iterations=30 -13.326949
INFO  [02:59:02.468]             0.495        0      0     num_iterations=38 -13.199759
INFO  [02:59:02.468]             0.886        0      0     num_iterations=24  -8.459674
INFO  [02:59:02.468]             0.496        0      0     num_iterations=29 -14.880500
INFO  [02:59:02.468]             0.687        0      0     num_iterations=72 -10.681335
INFO  [02:59:02.468]             0.509        0      0     num_iterations=32  -8.513934
INFO  [02:59:02.468]             0.592        0      0     num_iterations=68  -7.435620
INFO  [02:59:02.468]             0.625        0      0     num_iterations=64  -8.870668
INFO  [02:59:02.468]             1.078        0      0     num_iterations=99  -6.540213
INFO  [02:59:02.468]             0.504        0      0     num_iterations=51 -17.212871
INFO  [02:59:02.468]             0.547        0      0     num_iterations=60  -8.289084
INFO  [02:59:02.468]             0.733        0      0     num_iterations=18 -12.681668
INFO  [02:59:02.468]             0.440        0      0     num_iterations=52  -7.763099
INFO  [02:59:02.468]             0.539        0      0     num_iterations=46  -8.558232
INFO  [02:59:02.468]             0.490        0      0     num_iterations=58 -10.096498
INFO  [02:59:02.468]             1.092        0      0     num_iterations=98  -7.438049
INFO  [02:59:02.468]             0.476        0      0     num_iterations=49 -12.027232
INFO  [02:59:02.468]             0.473        0      0     num_iterations=27 -10.094381
INFO  [02:59:02.468]             1.138        0      0    num_iterations=186  -6.444608
INFO  [02:59:02.468]             0.554        0      0     num_iterations=44 -11.468655
INFO  [02:59:02.468]             0.649        0      0    num_iterations=109  -7.135630
INFO  [02:59:02.468]             0.530        0      0     num_iterations=41  -9.590962
INFO  [02:59:02.468]             0.447        0      0      num_iterations=1  -7.361043
INFO  [02:59:02.468]             0.562        0      0     num_iterations=31  -7.678267
INFO  [02:59:02.468]             1.313        0      0    num_iterations=179  -6.990191
INFO  [02:59:02.468]             0.591        0      0     num_iterations=28  -9.456321
INFO  [02:59:02.468]             1.011        0      0     num_iterations=99  -7.619798
INFO  [02:59:02.468]             0.490        0      0     num_iterations=16 -12.841672
INFO  [02:59:02.468]             1.064        0      0    num_iterations=117  -7.413029
INFO  [02:59:02.468]             0.834        0      0    num_iterations=109  -6.622275
INFO  [02:59:02.468]             0.643        0      0     num_iterations=49  -7.665973
INFO  [02:59:02.468]             0.705        0      0     num_iterations=47  -9.604472
INFO  [02:59:02.468]             2.191        0      0    num_iterations=105  -7.149918
INFO  [02:59:02.468]             0.542        0      0     num_iterations=62 -15.194193
INFO  [02:59:02.468]             0.530        0      0     num_iterations=53  -9.474328
INFO  [02:59:02.468]             0.843        0      0    num_iterations=118  -7.077403
INFO  [02:59:02.468]             0.561        0      0     num_iterations=23 -10.603428
INFO  [02:59:02.468]             0.560        0      0      num_iterations=1  -7.316940
INFO  [02:59:02.468]             0.392        0      0      num_iterations=1  -7.405603
INFO  [02:59:02.468]             0.608        0      0     num_iterations=41  -7.938115
INFO  [02:59:02.468]             0.949        0      0    num_iterations=120  -6.753704
INFO  [02:59:02.468]             0.615        0      0     num_iterations=57 -10.230160
INFO  [02:59:02.468]             0.639        0      0    num_iterations=101  -7.935093
INFO  [02:59:02.468]             0.572        0      0     num_iterations=45 -10.432466
INFO  [02:59:02.468]             0.837        0      0    num_iterations=118  -6.698614
INFO  [02:59:02.468]             0.730        0      0     num_iterations=96  -6.650597
INFO  [02:59:02.468]             0.738        0      0    num_iterations=122  -6.796577
INFO  [02:59:02.468]             1.088        0      0    num_iterations=152  -7.063614
INFO  [02:59:02.468]             0.520        0      0     num_iterations=57 -16.063352
INFO  [02:59:02.468]             0.519        0      0     num_iterations=55  -8.597233
INFO  [02:59:02.468]             0.678        0      0     num_iterations=86  -7.968631
INFO  [02:59:02.468]             0.633        0      0     num_iterations=57  -8.341549
INFO  [02:59:02.468]             0.506        0      0    num_iterations=116  -7.026690
INFO  [02:59:02.468]             0.569        0      0    num_iterations=113  -6.400057
INFO  [02:59:02.468]             0.532        0      0     num_iterations=44 -11.757221
INFO  [02:59:02.468]             0.830        0      0    num_iterations=120  -6.927691
INFO  [02:59:02.468]             0.597        0      0     num_iterations=52 -10.524833
INFO  [02:59:02.468]             0.691        0      0     num_iterations=94  -6.544095
INFO  [02:59:02.468]             0.811        0      0    num_iterations=185  -6.465095
INFO  [02:59:02.468]             0.745        0      0     num_iterations=80  -7.676539
INFO  [02:59:02.468]             0.546        0      0     num_iterations=29 -14.276334
INFO  [02:59:02.468]             0.617        0      0     num_iterations=86  -6.809437
INFO  [02:59:02.468]             0.480        0      0     num_iterations=37  -9.610641
INFO  [02:59:02.468]             1.238        0      0    num_iterations=144  -7.380970
INFO  [02:59:02.468]             0.381        0      0      num_iterations=1  -6.227740
INFO  [02:59:02.468]             0.458        0      0      num_iterations=1  -6.734521
INFO  [02:59:02.468]             0.460        0      0     num_iterations=83  -7.165152
INFO  [02:59:02.468]             0.655        0      0     num_iterations=51 -12.681099
INFO  [02:59:02.468]             0.508        0      0     num_iterations=28 -16.667918
INFO  [02:59:02.468]             0.663        0      0     num_iterations=81  -6.427514
INFO  [02:59:02.468]             0.886        0      0    num_iterations=170  -6.156143
INFO  [02:59:02.468]             0.678        0      0    num_iterations=132  -6.580277
INFO  [02:59:02.468]             0.518        0      0     num_iterations=87  -5.764936
INFO  [02:59:02.468]             1.327        0      0    num_iterations=139  -7.182774
INFO  [02:59:02.468]             0.472        0      0      num_iterations=1  -6.656953
INFO  [02:59:02.468]             0.448        0      0      num_iterations=1  -6.769667
INFO  [02:59:02.468]             0.445        0      0     num_iterations=60  -6.975933
INFO  [02:59:02.468]             0.561        0      0     num_iterations=90  -7.371429
INFO  [02:59:02.468]             0.441        0      0     num_iterations=20  -8.773597
INFO  [02:59:02.468]             0.515        0      0     num_iterations=56  -6.438163
INFO  [02:59:02.468]             0.630        0      0     num_iterations=56 -13.666772
INFO  [02:59:02.468]             0.504        0      0     num_iterations=44  -7.278330
INFO  [02:59:02.468]             0.660        0      0     num_iterations=26  -8.714456
INFO  [02:59:02.468]             0.506        0      0     num_iterations=47  -6.163144
INFO  [02:59:02.468]             1.317        0      0    num_iterations=162  -6.755440
INFO  [02:59:02.468]             0.570        0      0     num_iterations=42  -9.854203
INFO  [02:59:02.468]             0.509        0      0     num_iterations=46 -10.847565
INFO  [02:59:02.468]             0.606        0      0     num_iterations=59  -8.167852
INFO  [02:59:02.468]             0.759        0      0    num_iterations=123  -7.392829
INFO  [02:59:02.468]             0.486        0      0     num_iterations=43  -6.575782
INFO  [02:59:02.468]             0.498        0      0     num_iterations=50  -6.443715
INFO  [02:59:02.468]             0.614        0      0    num_iterations=123  -7.042840
INFO  [02:59:02.468]             0.511        0      0     num_iterations=32  -8.609044
INFO  [02:59:02.468]             0.875        0      0    num_iterations=158  -6.763122
INFO  [02:59:02.468]             0.597        0      0     num_iterations=89  -7.037190
INFO  [02:59:02.468]             0.567        0      0     num_iterations=44  -6.304207
INFO  [02:59:02.468]             0.424        0      0      num_iterations=1  -6.920812
INFO  [02:59:02.468]             0.602        0      0     num_iterations=28  -9.262919
INFO  [02:59:02.468]             0.590        0      0     num_iterations=45 -12.874308
INFO  [02:59:02.468]             1.220        0      0    num_iterations=119  -7.214326
INFO  [02:59:02.468]             1.333        0      0    num_iterations=160  -7.165794
INFO  [02:59:02.468]             0.636        0      0     num_iterations=98  -6.921407
INFO  [02:59:02.468]             0.649        0      0    num_iterations=143  -8.712901
INFO  [02:59:02.468]             0.493        0      0     num_iterations=34  -8.946164
INFO  [02:59:02.468]             1.066        0      0    num_iterations=146  -6.668377
INFO  [02:59:02.468]             1.327        0      0    num_iterations=160  -7.160679
INFO  [02:59:02.468]             1.013        0      0    num_iterations=138 -12.828680
INFO  [02:59:02.468]             1.365        0      0    num_iterations=183  -6.580995
INFO  [02:59:02.468]             0.560        0      0     num_iterations=30 -11.390380
INFO  [02:59:02.468]             0.488        0      0     num_iterations=34  -7.082402
INFO  [02:59:02.468]             0.499        0      0     num_iterations=35  -9.682701
INFO  [02:59:02.468]             0.497        0      0     num_iterations=35 -10.389107
INFO  [02:59:02.468]             0.551        0      0     num_iterations=45  -8.728766
INFO  [02:59:02.468]             0.516        0      0     num_iterations=35 -14.696522
INFO  [02:59:02.468]             0.504        0      0     num_iterations=31  -7.662407
INFO  [02:59:02.468]             0.649        0      0    num_iterations=104  -6.424281
INFO  [02:59:02.468]             0.711        0      0    num_iterations=124  -6.560947
INFO  [02:59:02.468]             0.616        0      0     num_iterations=67  -7.540768
INFO  [02:59:02.468]             0.476        0      0     num_iterations=30 -16.285683
INFO  [02:59:02.468]             0.395        0      0     num_iterations=24  -6.980360
INFO  [02:59:02.468]             0.469        0      0     num_iterations=25  -9.996903
INFO  [02:59:02.468]             0.509        0      0     num_iterations=40 -13.761656
INFO  [02:59:02.468]             0.749        0      0    num_iterations=134  -6.490037
INFO  [02:59:02.468]             0.404        0      0     num_iterations=28  -7.973932
INFO  [02:59:02.468]             0.746        0      0    num_iterations=102  -8.222966
INFO  [02:59:02.468]             0.722        0      0    num_iterations=176  -6.395779
INFO  [02:59:02.468]             0.717        0      0    num_iterations=158  -6.790113
INFO  [02:59:02.468]             0.559        0      0     num_iterations=38  -6.986344
INFO  [02:59:02.468]             0.610        0      0    num_iterations=126  -6.403351
INFO  [02:59:02.468]             0.566        0      0     num_iterations=32  -6.560081
INFO  [02:59:02.468]             0.553        0      0     num_iterations=48  -8.342246
INFO  [02:59:02.468]             0.643        0      0     num_iterations=57  -9.964635
INFO  [02:59:02.468]             0.574        0      0     num_iterations=91  -7.701363
INFO  [02:59:02.468]             0.487        0      0    num_iterations=112  -5.963924
INFO  [02:59:02.468]             0.466        0      0     num_iterations=99  -7.123337
INFO  [02:59:02.468]             0.499        0      0     num_iterations=40 -10.298536
INFO  [02:59:02.468]             0.810        0      0    num_iterations=157  -7.063340
INFO  [02:59:02.468]             0.583        0      0     num_iterations=86  -8.655468
INFO  [02:59:02.468]             0.565        0      0     num_iterations=47  -8.906180
INFO  [02:59:02.468]             0.638        0      0    num_iterations=101  -6.141367
INFO  [02:59:02.468]             0.520        0      0     num_iterations=56 -16.236343
INFO  [02:59:02.468]             0.602        0      0     num_iterations=42 -10.898122
INFO  [02:59:02.468]             0.458        0      0     num_iterations=41  -8.483663
INFO  [02:59:02.468]             0.492        0      0     num_iterations=31 -13.796894
INFO  [02:59:02.468]             0.492        0      0     num_iterations=43  -7.251028
INFO  [02:59:02.468]             1.184        0      0    num_iterations=144  -6.306498
INFO  [02:59:02.468]             1.127        0      0    num_iterations=143  -7.515471
INFO  [02:59:02.468]             1.353        0      0    num_iterations=141 -13.860201
INFO  [02:59:02.468]             0.612        0      0     num_iterations=89  -6.025652
INFO  [02:59:02.468]             0.430        0      0     num_iterations=37  -7.277428
INFO  [02:59:02.468]             0.916        0      0    num_iterations=113  -6.136428
INFO  [02:59:02.468]             1.008        0      0    num_iterations=137  -6.468354
INFO  [02:59:02.468]             0.554        0      0     num_iterations=29  -6.028396
INFO  [02:59:02.468]             0.893        0      0    num_iterations=128  -6.368073
INFO  [02:59:02.468]             0.710        0      0    num_iterations=125  -5.876039
INFO  [02:59:02.468]             0.788        0      0    num_iterations=179  -5.686524
INFO  [02:59:02.468]             1.150        0      0    num_iterations=179  -6.205351
INFO  [02:59:02.468]             0.537        0      0     num_iterations=46  -8.135805
INFO  [02:59:02.468]             0.435        0      0     num_iterations=29  -5.638691
INFO  [02:59:02.468]             0.635        0      0     num_iterations=38  -7.854843
INFO  [02:59:02.468]             1.437        0      0    num_iterations=173  -6.046755
INFO  [02:59:02.468]             0.694        0      0    num_iterations=125  -6.031262
INFO  [02:59:02.468]             0.464        0      0     num_iterations=28 -15.991508
INFO  [02:59:02.468]             0.470        0      0     num_iterations=13  -5.717828
INFO  [02:59:02.468]             0.646        0      0      num_iterations=1  -5.561232
INFO  [02:59:02.468]             0.831        0      0    num_iterations=114  -5.844023
INFO  [02:59:02.468]             0.669        0      0     num_iterations=29  -7.126003
INFO  [02:59:02.468]             0.718        0      0    num_iterations=211  -5.717953
INFO  [02:59:02.468]             0.542        0      0     num_iterations=39 -12.521002
INFO  [02:59:02.468]  runtime_learners warnings errors internal_tuned_values     acq_cb
INFO  [02:59:02.468]  timestamp_surrogate timestamp_acq_function timestamp_acq_optimizer
INFO  [02:59:02.468]  2026-09-10 02:50:43    2026-09-10 02:50:44     2026-09-10 02:50:44
INFO  [02:59:02.468]  2026-09-10 02:50:44    2026-09-10 02:50:45     2026-09-10 02:50:45
INFO  [02:59:02.468]  2026-09-10 02:50:45    2026-09-10 02:50:45     2026-09-10 02:50:45
INFO  [02:59:02.468]  2026-09-10 02:50:46    2026-09-10 02:50:46     2026-09-10 02:50:46
INFO  [02:59:02.468]  2026-09-10 02:50:47    2026-09-10 02:50:47     2026-09-10 02:50:47
INFO  [02:59:02.468]  2026-09-10 02:50:47    2026-09-10 02:50:48     2026-09-10 02:50:48
INFO  [02:59:02.468]  2026-09-10 02:50:48    2026-09-10 02:50:48     2026-09-10 02:50:48
INFO  [02:59:02.468]  2026-09-10 02:50:49    2026-09-10 02:50:49     2026-09-10 02:50:49
INFO  [02:59:02.468]  2026-09-10 02:50:50    2026-09-10 02:50:50     2026-09-10 02:50:50
INFO  [02:59:02.468]  2026-09-10 02:50:50    2026-09-10 02:50:51     2026-09-10 02:50:51
INFO  [02:59:02.468]  2026-09-10 02:50:51    2026-09-10 02:50:51     2026-09-10 02:50:51
INFO  [02:59:02.468]  2026-09-10 02:50:52    2026-09-10 02:50:52     2026-09-10 02:50:52
INFO  [02:59:02.468]  2026-09-10 02:50:53    2026-09-10 02:50:53     2026-09-10 02:50:53
INFO  [02:59:02.468]  2026-09-10 02:50:54    2026-09-10 02:50:54     2026-09-10 02:50:54
INFO  [02:59:02.468]  2026-09-10 02:50:54    2026-09-10 02:50:54     2026-09-10 02:50:54
INFO  [02:59:02.468]  2026-09-10 02:50:55    2026-09-10 02:50:55     2026-09-10 02:50:55
INFO  [02:59:02.468]  2026-09-10 02:50:56    2026-09-10 02:50:56     2026-09-10 02:50:56
INFO  [02:59:02.468]  2026-09-10 02:50:57    2026-09-10 02:50:57     2026-09-10 02:50:57
INFO  [02:59:02.468]  2026-09-10 02:50:58    2026-09-10 02:50:58     2026-09-10 02:50:58
INFO  [02:59:02.468]  2026-09-10 02:50:59    2026-09-10 02:50:59     2026-09-10 02:50:59
INFO  [02:59:02.468]  2026-09-10 02:51:00    2026-09-10 02:51:00     2026-09-10 02:51:00
INFO  [02:59:02.468]  2026-09-10 02:51:01    2026-09-10 02:51:01     2026-09-10 02:51:01
INFO  [02:59:02.468]  2026-09-10 02:51:02    2026-09-10 02:51:02     2026-09-10 02:51:02
INFO  [02:59:02.468]  2026-09-10 02:51:02    2026-09-10 02:51:03     2026-09-10 02:51:03
INFO  [02:59:02.468]  2026-09-10 02:51:03    2026-09-10 02:51:04     2026-09-10 02:51:04
INFO  [02:59:02.468]  2026-09-10 02:51:04    2026-09-10 02:51:04     2026-09-10 02:51:04
INFO  [02:59:02.468]  2026-09-10 02:51:05    2026-09-10 02:51:05     2026-09-10 02:51:05
INFO  [02:59:02.468]  2026-09-10 02:51:06    2026-09-10 02:51:06     2026-09-10 02:51:06
INFO  [02:59:02.468]  2026-09-10 02:51:07    2026-09-10 02:51:07     2026-09-10 02:51:07
INFO  [02:59:02.468]  2026-09-10 02:51:08    2026-09-10 02:51:08     2026-09-10 02:51:08
INFO  [02:59:02.468]  2026-09-10 02:51:08    2026-09-10 02:51:09     2026-09-10 02:51:09
INFO  [02:59:02.468]  2026-09-10 02:51:09    2026-09-10 02:51:10     2026-09-10 02:51:10
INFO  [02:59:02.468]  2026-09-10 02:51:10    2026-09-10 02:51:10     2026-09-10 02:51:10
INFO  [02:59:02.468]  2026-09-10 02:51:11    2026-09-10 02:51:11     2026-09-10 02:51:11
INFO  [02:59:02.468]  2026-09-10 02:51:12    2026-09-10 02:51:12     2026-09-10 02:51:12
INFO  [02:59:02.468]  2026-09-10 02:51:13    2026-09-10 02:51:13     2026-09-10 02:51:13
INFO  [02:59:02.468]  2026-09-10 02:51:14    2026-09-10 02:51:14     2026-09-10 02:51:14
INFO  [02:59:02.468]  2026-09-10 02:51:14    2026-09-10 02:51:15     2026-09-10 02:51:15
INFO  [02:59:02.468]  2026-09-10 02:51:15    2026-09-10 02:51:15     2026-09-10 02:51:15
INFO  [02:59:02.468]  2026-09-10 02:51:16    2026-09-10 02:51:16     2026-09-10 02:51:16
INFO  [02:59:02.468]  2026-09-10 02:51:17    2026-09-10 02:51:17     2026-09-10 02:51:17
INFO  [02:59:02.468]  2026-09-10 02:51:18    2026-09-10 02:51:18     2026-09-10 02:51:18
INFO  [02:59:02.468]  2026-09-10 02:51:19    2026-09-10 02:51:19     2026-09-10 02:51:19
INFO  [02:59:02.468]  2026-09-10 02:51:20    2026-09-10 02:51:20     2026-09-10 02:51:20
INFO  [02:59:02.468]  2026-09-10 02:51:20    2026-09-10 02:51:21     2026-09-10 02:51:21
INFO  [02:59:02.468]  2026-09-10 02:51:21    2026-09-10 02:51:21     2026-09-10 02:51:21
INFO  [02:59:02.468]  2026-09-10 02:51:22    2026-09-10 02:51:22     2026-09-10 02:51:22
INFO  [02:59:02.468]  2026-09-10 02:51:23    2026-09-10 02:51:23     2026-09-10 02:51:23
INFO  [02:59:02.468]  2026-09-10 02:51:24    2026-09-10 02:51:24     2026-09-10 02:51:24
INFO  [02:59:02.468]  2026-09-10 02:51:25    2026-09-10 02:51:25     2026-09-10 02:51:25
INFO  [02:59:02.468]  2026-09-10 02:51:25    2026-09-10 02:51:26     2026-09-10 02:51:26
INFO  [02:59:02.468]  2026-09-10 02:51:26    2026-09-10 02:51:27     2026-09-10 02:51:27
INFO  [02:59:02.468]  2026-09-10 02:51:27    2026-09-10 02:51:27     2026-09-10 02:51:27
INFO  [02:59:02.468]  2026-09-10 02:51:28    2026-09-10 02:51:28     2026-09-10 02:51:28
INFO  [02:59:02.468]  2026-09-10 02:51:29    2026-09-10 02:51:29     2026-09-10 02:51:29
INFO  [02:59:02.468]  2026-09-10 02:51:30    2026-09-10 02:51:30     2026-09-10 02:51:30
INFO  [02:59:02.468]  2026-09-10 02:51:31    2026-09-10 02:51:31     2026-09-10 02:51:31
INFO  [02:59:02.468]  2026-09-10 02:51:32    2026-09-10 02:51:32     2026-09-10 02:51:32
INFO  [02:59:02.468]  2026-09-10 02:51:33    2026-09-10 02:51:33     2026-09-10 02:51:33
INFO  [02:59:02.468]  2026-09-10 02:51:33    2026-09-10 02:51:34     2026-09-10 02:51:34
INFO  [02:59:02.468]  2026-09-10 02:51:34    2026-09-10 02:51:35     2026-09-10 02:51:35
INFO  [02:59:02.468]  2026-09-10 02:51:35    2026-09-10 02:51:35     2026-09-10 02:51:35
INFO  [02:59:02.468]  2026-09-10 02:51:36    2026-09-10 02:51:36     2026-09-10 02:51:36
INFO  [02:59:02.468]  2026-09-10 02:51:37    2026-09-10 02:51:37     2026-09-10 02:51:37
INFO  [02:59:02.468]  2026-09-10 02:51:38    2026-09-10 02:51:38     2026-09-10 02:51:38
INFO  [02:59:02.468]  2026-09-10 02:51:39    2026-09-10 02:51:39     2026-09-10 02:51:39
INFO  [02:59:02.468]  2026-09-10 02:51:40    2026-09-10 02:51:40     2026-09-10 02:51:40
INFO  [02:59:02.468]  2026-09-10 02:51:41    2026-09-10 02:51:41     2026-09-10 02:51:41
INFO  [02:59:02.468]  2026-09-10 02:51:41    2026-09-10 02:51:42     2026-09-10 02:51:42
INFO  [02:59:02.468]  2026-09-10 02:51:42    2026-09-10 02:51:43     2026-09-10 02:51:43
INFO  [02:59:02.468]  2026-09-10 02:51:43    2026-09-10 02:51:43     2026-09-10 02:51:43
INFO  [02:59:02.468]  2026-09-10 02:51:44    2026-09-10 02:51:44     2026-09-10 02:51:44
INFO  [02:59:02.468]  2026-09-10 02:51:45    2026-09-10 02:51:45     2026-09-10 02:51:45
INFO  [02:59:02.468]  2026-09-10 02:51:46    2026-09-10 02:51:46     2026-09-10 02:51:46
INFO  [02:59:02.468]  2026-09-10 02:51:47    2026-09-10 02:51:47     2026-09-10 02:51:47
INFO  [02:59:02.468]  2026-09-10 02:51:48    2026-09-10 02:51:48     2026-09-10 02:51:48
INFO  [02:59:02.468]  2026-09-10 02:51:49    2026-09-10 02:51:49     2026-09-10 02:51:49
INFO  [02:59:02.468]  2026-09-10 02:51:50    2026-09-10 02:51:50     2026-09-10 02:51:50
INFO  [02:59:02.468]  2026-09-10 02:51:50    2026-09-10 02:51:51     2026-09-10 02:51:51
INFO  [02:59:02.468]  2026-09-10 02:51:51    2026-09-10 02:51:52     2026-09-10 02:51:52
INFO  [02:59:02.468]  2026-09-10 02:51:52    2026-09-10 02:51:53     2026-09-10 02:51:53
INFO  [02:59:02.468]  2026-09-10 02:51:53    2026-09-10 02:51:53     2026-09-10 02:51:53
INFO  [02:59:02.468]  2026-09-10 02:51:54    2026-09-10 02:51:54     2026-09-10 02:51:54
INFO  [02:59:02.468]  2026-09-10 02:51:56    2026-09-10 02:51:56     2026-09-10 02:51:56
INFO  [02:59:02.468]  2026-09-10 02:51:56    2026-09-10 02:51:57     2026-09-10 02:51:57
INFO  [02:59:02.468]  2026-09-10 02:51:57    2026-09-10 02:51:58     2026-09-10 02:51:58
INFO  [02:59:02.468]  2026-09-10 02:51:58    2026-09-10 02:51:59     2026-09-10 02:51:59
INFO  [02:59:02.468]  2026-09-10 02:51:59    2026-09-10 02:51:59     2026-09-10 02:51:59
INFO  [02:59:02.468]  2026-09-10 02:52:00    2026-09-10 02:52:00     2026-09-10 02:52:00
INFO  [02:59:02.468]  2026-09-10 02:52:01    2026-09-10 02:52:01     2026-09-10 02:52:01
INFO  [02:59:02.468]  2026-09-10 02:52:02    2026-09-10 02:52:02     2026-09-10 02:52:02
INFO  [02:59:02.468]  2026-09-10 02:52:03    2026-09-10 02:52:03     2026-09-10 02:52:03
INFO  [02:59:02.468]  2026-09-10 02:52:04    2026-09-10 02:52:04     2026-09-10 02:52:04
INFO  [02:59:02.468]  2026-09-10 02:52:05    2026-09-10 02:52:05     2026-09-10 02:52:05
INFO  [02:59:02.468]  2026-09-10 02:52:06    2026-09-10 02:52:06     2026-09-10 02:52:06
INFO  [02:59:02.468]  2026-09-10 02:52:06    2026-09-10 02:52:07     2026-09-10 02:52:07
INFO  [02:59:02.468]  2026-09-10 02:52:07    2026-09-10 02:52:08     2026-09-10 02:52:08
INFO  [02:59:02.468]  2026-09-10 02:52:08    2026-09-10 02:52:09     2026-09-10 02:52:09
INFO  [02:59:02.468]  2026-09-10 02:52:09    2026-09-10 02:52:10     2026-09-10 02:52:10
INFO  [02:59:02.468]  2026-09-10 02:52:10    2026-09-10 02:52:11     2026-09-10 02:52:11
INFO  [02:59:02.468]  2026-09-10 02:52:11    2026-09-10 02:52:11     2026-09-10 02:52:11
INFO  [02:59:02.468]  2026-09-10 02:52:12    2026-09-10 02:52:12     2026-09-10 02:52:12
INFO  [02:59:02.468]  2026-09-10 02:52:13    2026-09-10 02:52:13     2026-09-10 02:52:13
INFO  [02:59:02.468]  2026-09-10 02:52:14    2026-09-10 02:52:14     2026-09-10 02:52:14
INFO  [02:59:02.468]  2026-09-10 02:52:15    2026-09-10 02:52:15     2026-09-10 02:52:15
INFO  [02:59:02.468]  2026-09-10 02:52:16    2026-09-10 02:52:16     2026-09-10 02:52:16
INFO  [02:59:02.468]  2026-09-10 02:52:17    2026-09-10 02:52:17     2026-09-10 02:52:17
INFO  [02:59:02.468]  2026-09-10 02:52:18    2026-09-10 02:52:18     2026-09-10 02:52:18
INFO  [02:59:02.468]  2026-09-10 02:52:19    2026-09-10 02:52:19     2026-09-10 02:52:19
INFO  [02:59:02.468]  2026-09-10 02:52:20    2026-09-10 02:52:20     2026-09-10 02:52:20
INFO  [02:59:02.468]  2026-09-10 02:52:21    2026-09-10 02:52:21     2026-09-10 02:52:21
INFO  [02:59:02.468]  2026-09-10 02:52:21    2026-09-10 02:52:22     2026-09-10 02:52:22
INFO  [02:59:02.468]  2026-09-10 02:52:22    2026-09-10 02:52:23     2026-09-10 02:52:23
INFO  [02:59:02.468]  2026-09-10 02:52:23    2026-09-10 02:52:24     2026-09-10 02:52:24
INFO  [02:59:02.468]  2026-09-10 02:52:24    2026-09-10 02:52:24     2026-09-10 02:52:24
INFO  [02:59:02.468]  2026-09-10 02:52:25    2026-09-10 02:52:26     2026-09-10 02:52:26
INFO  [02:59:02.468]  2026-09-10 02:52:26    2026-09-10 02:52:26     2026-09-10 02:52:26
INFO  [02:59:02.468]  2026-09-10 02:52:27    2026-09-10 02:52:27     2026-09-10 02:52:27
INFO  [02:59:02.468]  2026-09-10 02:52:28    2026-09-10 02:52:28     2026-09-10 02:52:28
INFO  [02:59:02.468]  2026-09-10 02:52:29    2026-09-10 02:52:29     2026-09-10 02:52:29
INFO  [02:59:02.468]  2026-09-10 02:52:30    2026-09-10 02:52:30     2026-09-10 02:52:30
INFO  [02:59:02.468]  2026-09-10 02:52:31    2026-09-10 02:52:31     2026-09-10 02:52:31
INFO  [02:59:02.468]  2026-09-10 02:52:32    2026-09-10 02:52:32     2026-09-10 02:52:32
INFO  [02:59:02.468]  2026-09-10 02:52:33    2026-09-10 02:52:33     2026-09-10 02:52:33
INFO  [02:59:02.468]  2026-09-10 02:52:34    2026-09-10 02:52:34     2026-09-10 02:52:34
INFO  [02:59:02.468]  2026-09-10 02:52:35    2026-09-10 02:52:35     2026-09-10 02:52:35
INFO  [02:59:02.468]  2026-09-10 02:52:35    2026-09-10 02:52:36     2026-09-10 02:52:36
INFO  [02:59:02.468]  2026-09-10 02:52:36    2026-09-10 02:52:37     2026-09-10 02:52:37
INFO  [02:59:02.468]  2026-09-10 02:52:37    2026-09-10 02:52:37     2026-09-10 02:52:37
INFO  [02:59:02.468]  2026-09-10 02:52:38    2026-09-10 02:52:38     2026-09-10 02:52:38
INFO  [02:59:02.468]  2026-09-10 02:52:39    2026-09-10 02:52:39     2026-09-10 02:52:39
INFO  [02:59:02.468]  2026-09-10 02:52:40    2026-09-10 02:52:40     2026-09-10 02:52:40
INFO  [02:59:02.468]  2026-09-10 02:52:41    2026-09-10 02:52:41     2026-09-10 02:52:41
INFO  [02:59:02.468]  2026-09-10 02:52:42    2026-09-10 02:52:42     2026-09-10 02:52:42
INFO  [02:59:02.468]  2026-09-10 02:52:43    2026-09-10 02:52:43     2026-09-10 02:52:43
INFO  [02:59:02.468]  2026-09-10 02:52:43    2026-09-10 02:52:44     2026-09-10 02:52:44
INFO  [02:59:02.468]  2026-09-10 02:52:44    2026-09-10 02:52:45     2026-09-10 02:52:45
INFO  [02:59:02.468]  2026-09-10 02:52:45    2026-09-10 02:52:46     2026-09-10 02:52:46
INFO  [02:59:02.468]  2026-09-10 02:52:46    2026-09-10 02:52:46     2026-09-10 02:52:46
INFO  [02:59:02.468]  2026-09-10 02:52:47    2026-09-10 02:52:47     2026-09-10 02:52:47
INFO  [02:59:02.468]  2026-09-10 02:52:48    2026-09-10 02:52:48     2026-09-10 02:52:48
INFO  [02:59:02.468]  2026-09-10 02:52:49    2026-09-10 02:52:49     2026-09-10 02:52:49
INFO  [02:59:02.468]  2026-09-10 02:52:50    2026-09-10 02:52:50     2026-09-10 02:52:50
INFO  [02:59:02.468]  2026-09-10 02:52:51    2026-09-10 02:52:51     2026-09-10 02:52:51
INFO  [02:59:02.468]  2026-09-10 02:52:52    2026-09-10 02:52:52     2026-09-10 02:52:52
INFO  [02:59:02.468]  2026-09-10 02:52:53    2026-09-10 02:52:53     2026-09-10 02:52:53
INFO  [02:59:02.468]  2026-09-10 02:52:54    2026-09-10 02:52:54     2026-09-10 02:52:54
INFO  [02:59:02.468]  2026-09-10 02:52:55    2026-09-10 02:52:55     2026-09-10 02:52:55
INFO  [02:59:02.468]  2026-09-10 02:52:55    2026-09-10 02:52:56     2026-09-10 02:52:56
INFO  [02:59:02.468]  2026-09-10 02:52:56    2026-09-10 02:52:57     2026-09-10 02:52:57
INFO  [02:59:02.468]  2026-09-10 02:52:57    2026-09-10 02:52:58     2026-09-10 02:52:58
INFO  [02:59:02.468]  2026-09-10 02:52:58    2026-09-10 02:52:59     2026-09-10 02:52:59
INFO  [02:59:02.468]  2026-09-10 02:52:59    2026-09-10 02:53:00     2026-09-10 02:53:00
INFO  [02:59:02.468]  2026-09-10 02:53:00    2026-09-10 02:53:01     2026-09-10 02:53:01
INFO  [02:59:02.468]  2026-09-10 02:53:01    2026-09-10 02:53:02     2026-09-10 02:53:02
INFO  [02:59:02.468]  2026-09-10 02:53:02    2026-09-10 02:53:03     2026-09-10 02:53:03
INFO  [02:59:02.468]  2026-09-10 02:53:03    2026-09-10 02:53:04     2026-09-10 02:53:04
INFO  [02:59:02.468]  2026-09-10 02:53:04    2026-09-10 02:53:05     2026-09-10 02:53:05
INFO  [02:59:02.468]  2026-09-10 02:53:05    2026-09-10 02:53:05     2026-09-10 02:53:05
INFO  [02:59:02.468]  2026-09-10 02:53:06    2026-09-10 02:53:07     2026-09-10 02:53:07
INFO  [02:59:02.468]  2026-09-10 02:53:07    2026-09-10 02:53:07     2026-09-10 02:53:07
INFO  [02:59:02.468]  2026-09-10 02:53:08    2026-09-10 02:53:08     2026-09-10 02:53:08
INFO  [02:59:02.468]  2026-09-10 02:53:09    2026-09-10 02:53:09     2026-09-10 02:53:09
INFO  [02:59:02.468]  2026-09-10 02:53:10    2026-09-10 02:53:10     2026-09-10 02:53:10
INFO  [02:59:02.468]  2026-09-10 02:53:11    2026-09-10 02:53:11     2026-09-10 02:53:11
INFO  [02:59:02.468]  2026-09-10 02:53:12    2026-09-10 02:53:12     2026-09-10 02:53:12
INFO  [02:59:02.468]  2026-09-10 02:53:13    2026-09-10 02:53:13     2026-09-10 02:53:13
INFO  [02:59:02.468]  2026-09-10 02:53:14    2026-09-10 02:53:14     2026-09-10 02:53:14
INFO  [02:59:02.468]  2026-09-10 02:53:15    2026-09-10 02:53:15     2026-09-10 02:53:15
INFO  [02:59:02.468]  2026-09-10 02:53:16    2026-09-10 02:53:16     2026-09-10 02:53:16
INFO  [02:59:02.468]  2026-09-10 02:53:17    2026-09-10 02:53:17     2026-09-10 02:53:17
INFO  [02:59:02.468]  2026-09-10 02:53:18    2026-09-10 02:53:18     2026-09-10 02:53:18
INFO  [02:59:02.468]  2026-09-10 02:53:19    2026-09-10 02:53:19     2026-09-10 02:53:19
INFO  [02:59:02.468]  2026-09-10 02:53:20    2026-09-10 02:53:20     2026-09-10 02:53:20
INFO  [02:59:02.468]  2026-09-10 02:53:21    2026-09-10 02:53:21     2026-09-10 02:53:21
INFO  [02:59:02.468]  2026-09-10 02:53:22    2026-09-10 02:53:22     2026-09-10 02:53:22
INFO  [02:59:02.468]  2026-09-10 02:53:23    2026-09-10 02:53:23     2026-09-10 02:53:23
INFO  [02:59:02.468]  2026-09-10 02:53:24    2026-09-10 02:53:24     2026-09-10 02:53:24
INFO  [02:59:02.468]  2026-09-10 02:53:25    2026-09-10 02:53:25     2026-09-10 02:53:25
INFO  [02:59:02.468]  2026-09-10 02:53:26    2026-09-10 02:53:26     2026-09-10 02:53:26
INFO  [02:59:02.468]  2026-09-10 02:53:27    2026-09-10 02:53:27     2026-09-10 02:53:27
INFO  [02:59:02.468]  2026-09-10 02:53:28    2026-09-10 02:53:28     2026-09-10 02:53:28
INFO  [02:59:02.468]  2026-09-10 02:53:29    2026-09-10 02:53:29     2026-09-10 02:53:29
INFO  [02:59:02.468]  2026-09-10 02:53:30    2026-09-10 02:53:30     2026-09-10 02:53:30
INFO  [02:59:02.468]  2026-09-10 02:53:31    2026-09-10 02:53:31     2026-09-10 02:53:31
INFO  [02:59:02.468]  2026-09-10 02:53:32    2026-09-10 02:53:32     2026-09-10 02:53:32
INFO  [02:59:02.468]  2026-09-10 02:53:33    2026-09-10 02:53:33     2026-09-10 02:53:33
INFO  [02:59:02.468]  2026-09-10 02:53:34    2026-09-10 02:53:34     2026-09-10 02:53:34
INFO  [02:59:02.468]  2026-09-10 02:53:35    2026-09-10 02:53:35     2026-09-10 02:53:35
INFO  [02:59:02.468]  2026-09-10 02:53:36    2026-09-10 02:53:36     2026-09-10 02:53:36
INFO  [02:59:02.468]  2026-09-10 02:53:37    2026-09-10 02:53:37     2026-09-10 02:53:37
INFO  [02:59:02.468]  2026-09-10 02:53:38    2026-09-10 02:53:38     2026-09-10 02:53:38
INFO  [02:59:02.468]  2026-09-10 02:53:39    2026-09-10 02:53:40     2026-09-10 02:53:40
INFO  [02:59:02.468]  2026-09-10 02:53:40    2026-09-10 02:53:41     2026-09-10 02:53:41
INFO  [02:59:02.468]  2026-09-10 02:53:41    2026-09-10 02:53:42     2026-09-10 02:53:42
INFO  [02:59:02.468]  2026-09-10 02:53:43    2026-09-10 02:53:43     2026-09-10 02:53:43
INFO  [02:59:02.468]  2026-09-10 02:53:44    2026-09-10 02:53:44     2026-09-10 02:53:44
INFO  [02:59:02.468]  2026-09-10 02:53:45    2026-09-10 02:53:45     2026-09-10 02:53:45
INFO  [02:59:02.468]  2026-09-10 02:53:46    2026-09-10 02:53:46     2026-09-10 02:53:46
INFO  [02:59:02.468]  2026-09-10 02:53:47    2026-09-10 02:53:47     2026-09-10 02:53:47
INFO  [02:59:02.468]  2026-09-10 02:53:48    2026-09-10 02:53:48     2026-09-10 02:53:48
INFO  [02:59:02.468]  2026-09-10 02:53:49    2026-09-10 02:53:49     2026-09-10 02:53:49
INFO  [02:59:02.468]  2026-09-10 02:53:50    2026-09-10 02:53:50     2026-09-10 02:53:50
INFO  [02:59:02.468]  2026-09-10 02:53:51    2026-09-10 02:53:51     2026-09-10 02:53:51
INFO  [02:59:02.468]  2026-09-10 02:53:52    2026-09-10 02:53:52     2026-09-10 02:53:52
INFO  [02:59:02.468]  2026-09-10 02:53:53    2026-09-10 02:53:53     2026-09-10 02:53:53
INFO  [02:59:02.468]  2026-09-10 02:53:54    2026-09-10 02:53:55     2026-09-10 02:53:55
INFO  [02:59:02.468]  2026-09-10 02:53:55    2026-09-10 02:53:56     2026-09-10 02:53:56
INFO  [02:59:02.468]  2026-09-10 02:53:56    2026-09-10 02:53:57     2026-09-10 02:53:57
INFO  [02:59:02.468]  2026-09-10 02:53:57    2026-09-10 02:53:58     2026-09-10 02:53:58
INFO  [02:59:02.468]  2026-09-10 02:53:58    2026-09-10 02:53:59     2026-09-10 02:53:59
INFO  [02:59:02.468]  2026-09-10 02:54:00    2026-09-10 02:54:00     2026-09-10 02:54:00
INFO  [02:59:02.468]  2026-09-10 02:54:01    2026-09-10 02:54:01     2026-09-10 02:54:01
INFO  [02:59:02.468]  2026-09-10 02:54:02    2026-09-10 02:54:02     2026-09-10 02:54:02
INFO  [02:59:02.468]  2026-09-10 02:54:03    2026-09-10 02:54:03     2026-09-10 02:54:03
INFO  [02:59:02.468]  2026-09-10 02:54:04    2026-09-10 02:54:04     2026-09-10 02:54:04
INFO  [02:59:02.468]  2026-09-10 02:54:05    2026-09-10 02:54:05     2026-09-10 02:54:05
INFO  [02:59:02.468]  2026-09-10 02:54:06    2026-09-10 02:54:07     2026-09-10 02:54:07
INFO  [02:59:02.468]  2026-09-10 02:54:07    2026-09-10 02:54:08     2026-09-10 02:54:08
INFO  [02:59:02.468]  2026-09-10 02:54:08    2026-09-10 02:54:09     2026-09-10 02:54:09
INFO  [02:59:02.468]  2026-09-10 02:54:09    2026-09-10 02:54:10     2026-09-10 02:54:10
INFO  [02:59:02.468]  2026-09-10 02:54:10    2026-09-10 02:54:11     2026-09-10 02:54:11
INFO  [02:59:02.468]  2026-09-10 02:54:12    2026-09-10 02:54:12     2026-09-10 02:54:12
INFO  [02:59:02.468]  2026-09-10 02:54:13    2026-09-10 02:54:13     2026-09-10 02:54:13
INFO  [02:59:02.468]  2026-09-10 02:54:14    2026-09-10 02:54:14     2026-09-10 02:54:14
INFO  [02:59:02.468]  2026-09-10 02:54:15    2026-09-10 02:54:15     2026-09-10 02:54:15
INFO  [02:59:02.468]  2026-09-10 02:54:16    2026-09-10 02:54:16     2026-09-10 02:54:16
INFO  [02:59:02.468]  2026-09-10 02:54:17    2026-09-10 02:54:18     2026-09-10 02:54:18
INFO  [02:59:02.468]  2026-09-10 02:54:18    2026-09-10 02:54:19     2026-09-10 02:54:19
INFO  [02:59:02.468]  2026-09-10 02:54:19    2026-09-10 02:54:20     2026-09-10 02:54:20
INFO  [02:59:02.468]  2026-09-10 02:54:21    2026-09-10 02:54:21     2026-09-10 02:54:21
INFO  [02:59:02.468]  2026-09-10 02:54:22    2026-09-10 02:54:22     2026-09-10 02:54:22
INFO  [02:59:02.468]  2026-09-10 02:54:23    2026-09-10 02:54:23     2026-09-10 02:54:23
INFO  [02:59:02.468]  2026-09-10 02:54:24    2026-09-10 02:54:24     2026-09-10 02:54:24
INFO  [02:59:02.468]  2026-09-10 02:54:25    2026-09-10 02:54:26     2026-09-10 02:54:26
INFO  [02:59:02.468]  2026-09-10 02:54:26    2026-09-10 02:54:27     2026-09-10 02:54:27
INFO  [02:59:02.468]  2026-09-10 02:54:27    2026-09-10 02:54:28     2026-09-10 02:54:28
INFO  [02:59:02.468]  2026-09-10 02:54:28    2026-09-10 02:54:29     2026-09-10 02:54:29
INFO  [02:59:02.468]  2026-09-10 02:54:29    2026-09-10 02:54:30     2026-09-10 02:54:30
INFO  [02:59:02.468]  2026-09-10 02:54:31    2026-09-10 02:54:31     2026-09-10 02:54:31
INFO  [02:59:02.468]  2026-09-10 02:54:32    2026-09-10 02:54:33     2026-09-10 02:54:33
INFO  [02:59:02.468]  2026-09-10 02:54:33    2026-09-10 02:54:34     2026-09-10 02:54:34
INFO  [02:59:02.468]  2026-09-10 02:54:34    2026-09-10 02:54:35     2026-09-10 02:54:35
INFO  [02:59:02.468]  2026-09-10 02:54:35    2026-09-10 02:54:36     2026-09-10 02:54:36
INFO  [02:59:02.468]  2026-09-10 02:54:36    2026-09-10 02:54:37     2026-09-10 02:54:37
INFO  [02:59:02.468]  2026-09-10 02:54:38    2026-09-10 02:54:39     2026-09-10 02:54:39
INFO  [02:59:02.468]  2026-09-10 02:54:39    2026-09-10 02:54:40     2026-09-10 02:54:40
INFO  [02:59:02.468]  2026-09-10 02:54:40    2026-09-10 02:54:41     2026-09-10 02:54:41
INFO  [02:59:02.468]  2026-09-10 02:54:42    2026-09-10 02:54:42     2026-09-10 02:54:42
INFO  [02:59:02.468]  2026-09-10 02:54:43    2026-09-10 02:54:43     2026-09-10 02:54:43
INFO  [02:59:02.468]  2026-09-10 02:54:44    2026-09-10 02:54:44     2026-09-10 02:54:44
INFO  [02:59:02.468]  2026-09-10 02:54:45    2026-09-10 02:54:45     2026-09-10 02:54:45
INFO  [02:59:02.468]  2026-09-10 02:54:46    2026-09-10 02:54:46     2026-09-10 02:54:46
INFO  [02:59:02.468]  2026-09-10 02:54:47    2026-09-10 02:54:48     2026-09-10 02:54:48
INFO  [02:59:02.468]  2026-09-10 02:54:48    2026-09-10 02:54:49     2026-09-10 02:54:49
INFO  [02:59:02.468]  2026-09-10 02:54:49    2026-09-10 02:54:50     2026-09-10 02:54:50
INFO  [02:59:02.468]  2026-09-10 02:54:51    2026-09-10 02:54:51     2026-09-10 02:54:51
INFO  [02:59:02.468]  2026-09-10 02:54:52    2026-09-10 02:54:52     2026-09-10 02:54:52
INFO  [02:59:02.468]  2026-09-10 02:54:53    2026-09-10 02:54:53     2026-09-10 02:54:53
INFO  [02:59:02.468]  2026-09-10 02:54:54    2026-09-10 02:54:54     2026-09-10 02:54:54
INFO  [02:59:02.468]  2026-09-10 02:54:55    2026-09-10 02:54:56     2026-09-10 02:54:56
INFO  [02:59:02.468]  2026-09-10 02:54:56    2026-09-10 02:54:57     2026-09-10 02:54:57
INFO  [02:59:02.468]  2026-09-10 02:54:58    2026-09-10 02:54:58     2026-09-10 02:54:58
INFO  [02:59:02.468]  2026-09-10 02:54:59    2026-09-10 02:54:59     2026-09-10 02:54:59
INFO  [02:59:02.468]  2026-09-10 02:55:00    2026-09-10 02:55:00     2026-09-10 02:55:00
INFO  [02:59:02.468]  2026-09-10 02:55:01    2026-09-10 02:55:01     2026-09-10 02:55:01
INFO  [02:59:02.468]  2026-09-10 02:55:02    2026-09-10 02:55:03     2026-09-10 02:55:03
INFO  [02:59:02.468]  2026-09-10 02:55:03    2026-09-10 02:55:04     2026-09-10 02:55:04
INFO  [02:59:02.468]  2026-09-10 02:55:04    2026-09-10 02:55:05     2026-09-10 02:55:05
INFO  [02:59:02.468]  2026-09-10 02:55:06    2026-09-10 02:55:06     2026-09-10 02:55:06
INFO  [02:59:02.468]  2026-09-10 02:55:07    2026-09-10 02:55:07     2026-09-10 02:55:07
INFO  [02:59:02.468]  2026-09-10 02:55:08    2026-09-10 02:55:08     2026-09-10 02:55:08
INFO  [02:59:02.468]  2026-09-10 02:55:09    2026-09-10 02:55:09     2026-09-10 02:55:09
INFO  [02:59:02.468]  2026-09-10 02:55:10    2026-09-10 02:55:11     2026-09-10 02:55:11
INFO  [02:59:02.468]  2026-09-10 02:55:11    2026-09-10 02:55:12     2026-09-10 02:55:12
INFO  [02:59:02.468]  2026-09-10 02:55:12    2026-09-10 02:55:13     2026-09-10 02:55:13
INFO  [02:59:02.468]  2026-09-10 02:55:14    2026-09-10 02:55:14     2026-09-10 02:55:14
INFO  [02:59:02.468]  2026-09-10 02:55:15    2026-09-10 02:55:16     2026-09-10 02:55:16
INFO  [02:59:02.468]  2026-09-10 02:55:16    2026-09-10 02:55:17     2026-09-10 02:55:17
INFO  [02:59:02.468]  2026-09-10 02:55:17    2026-09-10 02:55:18     2026-09-10 02:55:18
INFO  [02:59:02.468]  2026-09-10 02:55:19    2026-09-10 02:55:19     2026-09-10 02:55:19
INFO  [02:59:02.468]  2026-09-10 02:55:20    2026-09-10 02:55:20     2026-09-10 02:55:20
INFO  [02:59:02.468]  2026-09-10 02:55:21    2026-09-10 02:55:22     2026-09-10 02:55:22
INFO  [02:59:02.468]  2026-09-10 02:55:22    2026-09-10 02:55:23     2026-09-10 02:55:23
INFO  [02:59:02.468]  2026-09-10 02:55:23    2026-09-10 02:55:24     2026-09-10 02:55:24
INFO  [02:59:02.468]  2026-09-10 02:55:25    2026-09-10 02:55:25     2026-09-10 02:55:25
INFO  [02:59:02.468]  2026-09-10 02:55:26    2026-09-10 02:55:26     2026-09-10 02:55:26
INFO  [02:59:02.468]  2026-09-10 02:55:27    2026-09-10 02:55:28     2026-09-10 02:55:28
INFO  [02:59:02.468]  2026-09-10 02:55:28    2026-09-10 02:55:29     2026-09-10 02:55:29
INFO  [02:59:02.468]  2026-09-10 02:55:29    2026-09-10 02:55:30     2026-09-10 02:55:30
INFO  [02:59:02.468]  2026-09-10 02:55:30    2026-09-10 02:55:31     2026-09-10 02:55:31
INFO  [02:59:02.468]  2026-09-10 02:55:32    2026-09-10 02:55:32     2026-09-10 02:55:32
INFO  [02:59:02.468]  2026-09-10 02:55:33    2026-09-10 02:55:33     2026-09-10 02:55:33
INFO  [02:59:02.468]  2026-09-10 02:55:34    2026-09-10 02:55:35     2026-09-10 02:55:35
INFO  [02:59:02.468]  2026-09-10 02:55:35    2026-09-10 02:55:36     2026-09-10 02:55:36
INFO  [02:59:02.468]  2026-09-10 02:55:37    2026-09-10 02:55:37     2026-09-10 02:55:37
INFO  [02:59:02.468]  2026-09-10 02:55:38    2026-09-10 02:55:38     2026-09-10 02:55:38
INFO  [02:59:02.468]  2026-09-10 02:55:39    2026-09-10 02:55:40     2026-09-10 02:55:40
INFO  [02:59:02.468]  2026-09-10 02:55:40    2026-09-10 02:55:41     2026-09-10 02:55:41
INFO  [02:59:02.468]  2026-09-10 02:55:42    2026-09-10 02:55:42     2026-09-10 02:55:42
INFO  [02:59:02.468]  2026-09-10 02:55:43    2026-09-10 02:55:43     2026-09-10 02:55:43
INFO  [02:59:02.468]  2026-09-10 02:55:44    2026-09-10 02:55:45     2026-09-10 02:55:45
INFO  [02:59:02.468]  2026-09-10 02:55:45    2026-09-10 02:55:46     2026-09-10 02:55:46
INFO  [02:59:02.468]  2026-09-10 02:55:46    2026-09-10 02:55:47     2026-09-10 02:55:47
INFO  [02:59:02.468]  2026-09-10 02:55:47    2026-09-10 02:55:48     2026-09-10 02:55:48
INFO  [02:59:02.468]  2026-09-10 02:55:49    2026-09-10 02:55:49     2026-09-10 02:55:49
INFO  [02:59:02.468]  2026-09-10 02:55:50    2026-09-10 02:55:50     2026-09-10 02:55:50
INFO  [02:59:02.468]  2026-09-10 02:55:51    2026-09-10 02:55:52     2026-09-10 02:55:52
INFO  [02:59:02.468]  2026-09-10 02:55:52    2026-09-10 02:55:57     2026-09-10 02:55:57
INFO  [02:59:02.468]  2026-09-10 02:55:57    2026-09-10 02:55:58     2026-09-10 02:55:58
INFO  [02:59:02.468]  2026-09-10 02:56:00    2026-09-10 02:56:00     2026-09-10 02:56:00
INFO  [02:59:02.468]  2026-09-10 02:55:58    2026-09-10 02:55:59     2026-09-10 02:55:59
INFO  [02:59:02.468]  2026-09-10 02:56:01    2026-09-10 02:56:01     2026-09-10 02:56:01
INFO  [02:59:02.468]  2026-09-10 02:56:02    2026-09-10 02:56:03     2026-09-10 02:56:03
INFO  [02:59:02.468]  2026-09-10 02:56:03    2026-09-10 02:56:04     2026-09-10 02:56:04
INFO  [02:59:02.468]  2026-09-10 02:56:04    2026-09-10 02:56:05     2026-09-10 02:56:05
INFO  [02:59:02.468]  2026-09-10 02:56:06    2026-09-10 02:56:06     2026-09-10 02:56:06
INFO  [02:59:02.468]  2026-09-10 02:56:07    2026-09-10 02:56:07     2026-09-10 02:56:07
INFO  [02:59:02.468]  2026-09-10 02:56:08    2026-09-10 02:56:09     2026-09-10 02:56:09
INFO  [02:59:02.468]  2026-09-10 02:56:09    2026-09-10 02:56:10     2026-09-10 02:56:10
INFO  [02:59:02.468]  2026-09-10 02:56:10    2026-09-10 02:56:11     2026-09-10 02:56:11
INFO  [02:59:02.468]  2026-09-10 02:56:12    2026-09-10 02:56:12     2026-09-10 02:56:12
INFO  [02:59:02.468]  2026-09-10 02:56:13    2026-09-10 02:56:14     2026-09-10 02:56:14
INFO  [02:59:02.468]  2026-09-10 02:56:14    2026-09-10 02:56:15     2026-09-10 02:56:15
INFO  [02:59:02.468]  2026-09-10 02:56:15    2026-09-10 02:56:16     2026-09-10 02:56:16
INFO  [02:59:02.468]  2026-09-10 02:56:17    2026-09-10 02:56:17     2026-09-10 02:56:17
INFO  [02:59:02.468]  2026-09-10 02:56:18    2026-09-10 02:56:18     2026-09-10 02:56:18
INFO  [02:59:02.468]  2026-09-10 02:56:19    2026-09-10 02:56:20     2026-09-10 02:56:20
INFO  [02:59:02.468]  2026-09-10 02:56:20    2026-09-10 02:56:21     2026-09-10 02:56:21
INFO  [02:59:02.468]  2026-09-10 02:56:22    2026-09-10 02:56:22     2026-09-10 02:56:22
INFO  [02:59:02.468]  2026-09-10 02:56:23    2026-09-10 02:56:24     2026-09-10 02:56:24
INFO  [02:59:02.468]  2026-09-10 02:56:24    2026-09-10 02:56:25     2026-09-10 02:56:25
INFO  [02:59:02.468]  2026-09-10 02:56:26    2026-09-10 02:56:26     2026-09-10 02:56:26
INFO  [02:59:02.468]  2026-09-10 02:56:27    2026-09-10 02:56:27     2026-09-10 02:56:27
INFO  [02:59:02.468]  2026-09-10 02:56:28    2026-09-10 02:56:29     2026-09-10 02:56:29
INFO  [02:59:02.468]  2026-09-10 02:56:30    2026-09-10 02:56:30     2026-09-10 02:56:30
INFO  [02:59:02.468]  2026-09-10 02:56:31    2026-09-10 02:56:31     2026-09-10 02:56:31
INFO  [02:59:02.468]  2026-09-10 02:56:32    2026-09-10 02:56:33     2026-09-10 02:56:33
INFO  [02:59:02.468]  2026-09-10 02:56:33    2026-09-10 02:56:34     2026-09-10 02:56:34
INFO  [02:59:02.468]  2026-09-10 02:56:35    2026-09-10 02:56:35     2026-09-10 02:56:35
INFO  [02:59:02.468]  2026-09-10 02:56:36    2026-09-10 02:56:36     2026-09-10 02:56:36
INFO  [02:59:02.468]  2026-09-10 02:56:37    2026-09-10 02:56:38     2026-09-10 02:56:38
INFO  [02:59:02.468]  2026-09-10 02:56:38    2026-09-10 02:56:39     2026-09-10 02:56:39
INFO  [02:59:02.468]  2026-09-10 02:56:40    2026-09-10 02:56:40     2026-09-10 02:56:40
INFO  [02:59:02.468]  2026-09-10 02:56:41    2026-09-10 02:56:41     2026-09-10 02:56:41
INFO  [02:59:02.468]  2026-09-10 02:56:42    2026-09-10 02:56:43     2026-09-10 02:56:43
INFO  [02:59:02.468]  2026-09-10 02:56:43    2026-09-10 02:56:44     2026-09-10 02:56:44
INFO  [02:59:02.468]  2026-09-10 02:56:45    2026-09-10 02:56:45     2026-09-10 02:56:45
INFO  [02:59:02.468]  2026-09-10 02:56:46    2026-09-10 02:56:46     2026-09-10 02:56:46
INFO  [02:59:02.468]  2026-09-10 02:56:47    2026-09-10 02:56:48     2026-09-10 02:56:48
INFO  [02:59:02.468]  2026-09-10 02:56:48    2026-09-10 02:56:49     2026-09-10 02:56:49
INFO  [02:59:02.468]  2026-09-10 02:56:50    2026-09-10 02:56:50     2026-09-10 02:56:50
INFO  [02:59:02.468]  2026-09-10 02:56:51    2026-09-10 02:56:51     2026-09-10 02:56:51
INFO  [02:59:02.468]  2026-09-10 02:56:52    2026-09-10 02:56:53     2026-09-10 02:56:53
INFO  [02:59:02.468]  2026-09-10 02:56:53    2026-09-10 02:56:54     2026-09-10 02:56:54
INFO  [02:59:02.468]  2026-09-10 02:56:55    2026-09-10 02:56:55     2026-09-10 02:56:55
INFO  [02:59:02.468]  2026-09-10 02:56:56    2026-09-10 02:56:57     2026-09-10 02:56:57
INFO  [02:59:02.468]  2026-09-10 02:56:57    2026-09-10 02:56:58     2026-09-10 02:56:58
INFO  [02:59:02.468]  2026-09-10 02:56:58    2026-09-10 02:56:59     2026-09-10 02:56:59
INFO  [02:59:02.468]  2026-09-10 02:57:00    2026-09-10 02:57:01     2026-09-10 02:57:01
INFO  [02:59:02.468]  2026-09-10 02:57:01    2026-09-10 02:57:02     2026-09-10 02:57:02
INFO  [02:59:02.468]  2026-09-10 02:57:02    2026-09-10 02:57:03     2026-09-10 02:57:03
INFO  [02:59:02.468]  2026-09-10 02:57:04    2026-09-10 02:57:04     2026-09-10 02:57:04
INFO  [02:59:02.468]  2026-09-10 02:57:05    2026-09-10 02:57:06     2026-09-10 02:57:06
INFO  [02:59:02.468]  2026-09-10 02:57:06    2026-09-10 02:57:07     2026-09-10 02:57:07
INFO  [02:59:02.468]  2026-09-10 02:57:08    2026-09-10 02:57:08     2026-09-10 02:57:08
INFO  [02:59:02.468]  2026-09-10 02:57:09    2026-09-10 02:57:09     2026-09-10 02:57:09
INFO  [02:59:02.468]  2026-09-10 02:57:10    2026-09-10 02:57:11     2026-09-10 02:57:11
INFO  [02:59:02.468]  2026-09-10 02:57:11    2026-09-10 02:57:12     2026-09-10 02:57:12
INFO  [02:59:02.468]  2026-09-10 02:57:13    2026-09-10 02:57:13     2026-09-10 02:57:13
INFO  [02:59:02.468]  2026-09-10 02:57:14    2026-09-10 02:57:15     2026-09-10 02:57:15
INFO  [02:59:02.468]  2026-09-10 02:57:15    2026-09-10 02:57:16     2026-09-10 02:57:16
INFO  [02:59:02.468]  2026-09-10 02:57:17    2026-09-10 02:57:17     2026-09-10 02:57:17
INFO  [02:59:02.468]  2026-09-10 02:57:18    2026-09-10 02:57:19     2026-09-10 02:57:19
INFO  [02:59:02.468]  2026-09-10 02:57:19    2026-09-10 02:57:20     2026-09-10 02:57:20
INFO  [02:59:02.468]  2026-09-10 02:57:21    2026-09-10 02:57:21     2026-09-10 02:57:21
INFO  [02:59:02.468]  2026-09-10 02:57:22    2026-09-10 02:57:22     2026-09-10 02:57:22
INFO  [02:59:02.468]  2026-09-10 02:57:23    2026-09-10 02:57:24     2026-09-10 02:57:24
INFO  [02:59:02.468]  2026-09-10 02:57:25    2026-09-10 02:57:25     2026-09-10 02:57:25
INFO  [02:59:02.468]  2026-09-10 02:57:26    2026-09-10 02:57:26     2026-09-10 02:57:26
INFO  [02:59:02.468]  2026-09-10 02:57:27    2026-09-10 02:57:28     2026-09-10 02:57:28
INFO  [02:59:02.468]  2026-09-10 02:57:29    2026-09-10 02:57:29     2026-09-10 02:57:29
INFO  [02:59:02.468]  2026-09-10 02:57:30    2026-09-10 02:57:31     2026-09-10 02:57:31
INFO  [02:59:02.468]  2026-09-10 02:57:31    2026-09-10 02:57:32     2026-09-10 02:57:32
INFO  [02:59:02.468]  2026-09-10 02:57:33    2026-09-10 02:57:33     2026-09-10 02:57:33
INFO  [02:59:02.468]  2026-09-10 02:57:34    2026-09-10 02:57:35     2026-09-10 02:57:35
INFO  [02:59:02.468]  2026-09-10 02:57:35    2026-09-10 02:57:36     2026-09-10 02:57:36
INFO  [02:59:02.468]  2026-09-10 02:57:37    2026-09-10 02:57:37     2026-09-10 02:57:37
INFO  [02:59:02.468]  2026-09-10 02:57:38    2026-09-10 02:57:39     2026-09-10 02:57:39
INFO  [02:59:02.468]  2026-09-10 02:57:39    2026-09-10 02:57:40     2026-09-10 02:57:40
INFO  [02:59:02.468]  2026-09-10 02:57:41    2026-09-10 02:57:41     2026-09-10 02:57:41
INFO  [02:59:02.468]  2026-09-10 02:57:42    2026-09-10 02:57:43     2026-09-10 02:57:43
INFO  [02:59:02.468]  2026-09-10 02:57:44    2026-09-10 02:57:44     2026-09-10 02:57:44
INFO  [02:59:02.468]  2026-09-10 02:57:45    2026-09-10 02:57:46     2026-09-10 02:57:46
INFO  [02:59:02.468]  2026-09-10 02:57:46    2026-09-10 02:57:47     2026-09-10 02:57:47
INFO  [02:59:02.468]  2026-09-10 02:57:48    2026-09-10 02:57:48     2026-09-10 02:57:48
INFO  [02:59:02.468]  2026-09-10 02:57:49    2026-09-10 02:57:50     2026-09-10 02:57:50
INFO  [02:59:02.468]  2026-09-10 02:57:50    2026-09-10 02:57:51     2026-09-10 02:57:51
INFO  [02:59:02.468]  2026-09-10 02:57:52    2026-09-10 02:57:52     2026-09-10 02:57:52
INFO  [02:59:02.468]  2026-09-10 02:57:53    2026-09-10 02:57:54     2026-09-10 02:57:54
INFO  [02:59:02.468]  2026-09-10 02:57:54    2026-09-10 02:57:55     2026-09-10 02:57:55
INFO  [02:59:02.468]  2026-09-10 02:57:56    2026-09-10 02:57:56     2026-09-10 02:57:56
INFO  [02:59:02.468]  2026-09-10 02:57:57    2026-09-10 02:57:58     2026-09-10 02:57:58
INFO  [02:59:02.468]  2026-09-10 02:57:58    2026-09-10 02:57:59     2026-09-10 02:57:59
INFO  [02:59:02.468]  2026-09-10 02:58:00    2026-09-10 02:58:00     2026-09-10 02:58:00
INFO  [02:59:02.468]  2026-09-10 02:58:01    2026-09-10 02:58:02     2026-09-10 02:58:02
INFO  [02:59:02.468]  2026-09-10 02:58:02    2026-09-10 02:58:03     2026-09-10 02:58:03
INFO  [02:59:02.468]  2026-09-10 02:58:04    2026-09-10 02:58:04     2026-09-10 02:58:04
INFO  [02:59:02.468]  2026-09-10 02:58:05    2026-09-10 02:58:06     2026-09-10 02:58:06
INFO  [02:59:02.468]  2026-09-10 02:58:06    2026-09-10 02:58:07     2026-09-10 02:58:07
INFO  [02:59:02.468]  2026-09-10 02:58:08    2026-09-10 02:58:09     2026-09-10 02:58:09
INFO  [02:59:02.468]  2026-09-10 02:58:10    2026-09-10 02:58:10     2026-09-10 02:58:10
INFO  [02:59:02.468]  2026-09-10 02:58:11    2026-09-10 02:58:12     2026-09-10 02:58:12
INFO  [02:59:02.468]  2026-09-10 02:58:12    2026-09-10 02:58:13     2026-09-10 02:58:13
INFO  [02:59:02.468]  2026-09-10 02:58:13    2026-09-10 02:58:14     2026-09-10 02:58:14
INFO  [02:59:02.468]  2026-09-10 02:58:15    2026-09-10 02:58:15     2026-09-10 02:58:15
INFO  [02:59:02.468]  2026-09-10 02:58:16    2026-09-10 02:58:17     2026-09-10 02:58:17
INFO  [02:59:02.468]  2026-09-10 02:58:17    2026-09-10 02:58:18     2026-09-10 02:58:18
INFO  [02:59:02.468]  2026-09-10 02:58:19    2026-09-10 02:58:19     2026-09-10 02:58:19
INFO  [02:59:02.468]  2026-09-10 02:58:20    2026-09-10 02:58:21     2026-09-10 02:58:21
INFO  [02:59:02.468]  2026-09-10 02:58:21    2026-09-10 02:58:22     2026-09-10 02:58:22
INFO  [02:59:02.468]  2026-09-10 02:58:23    2026-09-10 02:58:23     2026-09-10 02:58:23
INFO  [02:59:02.468]  2026-09-10 02:58:24    2026-09-10 02:58:25     2026-09-10 02:58:25
INFO  [02:59:02.468]  2026-09-10 02:58:25    2026-09-10 02:58:26     2026-09-10 02:58:26
INFO  [02:59:02.468]  2026-09-10 02:58:27    2026-09-10 02:58:27     2026-09-10 02:58:27
INFO  [02:59:02.468]  2026-09-10 02:58:28    2026-09-10 02:58:29     2026-09-10 02:58:29
INFO  [02:59:02.468]  2026-09-10 02:58:29    2026-09-10 02:58:30     2026-09-10 02:58:30
INFO  [02:59:02.468]  2026-09-10 02:58:31    2026-09-10 02:58:31     2026-09-10 02:58:31
INFO  [02:59:02.468]  2026-09-10 02:58:32    2026-09-10 02:58:33     2026-09-10 02:58:33
INFO  [02:59:02.468]  2026-09-10 02:58:33    2026-09-10 02:58:34     2026-09-10 02:58:34
INFO  [02:59:02.468]  2026-09-10 02:58:35    2026-09-10 02:58:35     2026-09-10 02:58:35
INFO  [02:59:02.468]  2026-09-10 02:58:36    2026-09-10 02:58:37     2026-09-10 02:58:37
INFO  [02:59:02.468]  2026-09-10 02:58:37    2026-09-10 02:58:38     2026-09-10 02:58:38
INFO  [02:59:02.468]  2026-09-10 02:58:39    2026-09-10 02:58:39     2026-09-10 02:58:39
INFO  [02:59:02.468]  2026-09-10 02:58:40    2026-09-10 02:58:41     2026-09-10 02:58:41
INFO  [02:59:02.468]  2026-09-10 02:58:42    2026-09-10 02:58:42     2026-09-10 02:58:42
INFO  [02:59:02.468]  2026-09-10 02:58:43    2026-09-10 02:58:44     2026-09-10 02:58:44
INFO  [02:59:02.468]  2026-09-10 02:58:45    2026-09-10 02:58:45     2026-09-10 02:58:45
INFO  [02:59:02.468]  2026-09-10 02:58:46    2026-09-10 02:58:47     2026-09-10 02:58:47
INFO  [02:59:02.468]  2026-09-10 02:58:47    2026-09-10 02:58:48     2026-09-10 02:58:48
INFO  [02:59:02.468]  2026-09-10 02:58:49    2026-09-10 02:58:50     2026-09-10 02:58:50
INFO  [02:59:02.468]  2026-09-10 02:58:50    2026-09-10 02:58:51     2026-09-10 02:58:51
INFO  [02:59:02.468]  2026-09-10 02:58:52    2026-09-10 02:58:53     2026-09-10 02:58:53
INFO  [02:59:02.468]  2026-09-10 02:58:53    2026-09-10 02:58:54     2026-09-10 02:58:54
INFO  [02:59:02.468]  2026-09-10 02:58:55    2026-09-10 02:58:56     2026-09-10 02:58:56
INFO  [02:59:02.468]  2026-09-10 02:58:56    2026-09-10 02:58:57     2026-09-10 02:58:57
INFO  [02:59:02.468]  2026-09-10 02:58:58    2026-09-10 02:58:59     2026-09-10 02:58:59
INFO  [02:59:02.468]  2026-09-10 02:58:59    2026-09-10 02:59:00     2026-09-10 02:59:00
INFO  [02:59:02.468]  timestamp_surrogate timestamp_acq_function timestamp_acq_optimizer
INFO  [02:59:02.468]       timestamp_loop
INFO  [02:59:02.468]  2026-09-10 02:50:44
INFO  [02:59:02.468]  2026-09-10 02:50:45
INFO  [02:59:02.468]  2026-09-10 02:50:46
INFO  [02:59:02.468]  2026-09-10 02:50:47
INFO  [02:59:02.468]  2026-09-10 02:50:47
INFO  [02:59:02.468]  2026-09-10 02:50:48
INFO  [02:59:02.468]  2026-09-10 02:50:49
INFO  [02:59:02.468]  2026-09-10 02:50:50
INFO  [02:59:02.468]  2026-09-10 02:50:50
INFO  [02:59:02.468]  2026-09-10 02:50:51
INFO  [02:59:02.468]  2026-09-10 02:50:52
INFO  [02:59:02.468]  2026-09-10 02:50:53
INFO  [02:59:02.468]  2026-09-10 02:50:54
INFO  [02:59:02.468]  2026-09-10 02:50:54
INFO  [02:59:02.468]  2026-09-10 02:50:55
INFO  [02:59:02.468]  2026-09-10 02:50:56
INFO  [02:59:02.468]  2026-09-10 02:50:57
INFO  [02:59:02.468]  2026-09-10 02:50:58
INFO  [02:59:02.468]  2026-09-10 02:50:59
INFO  [02:59:02.468]  2026-09-10 02:51:00
INFO  [02:59:02.468]  2026-09-10 02:51:01
INFO  [02:59:02.468]  2026-09-10 02:51:02
INFO  [02:59:02.468]  2026-09-10 02:51:02
INFO  [02:59:02.468]  2026-09-10 02:51:03
INFO  [02:59:02.468]  2026-09-10 02:51:04
INFO  [02:59:02.468]  2026-09-10 02:51:05
INFO  [02:59:02.468]  2026-09-10 02:51:06
INFO  [02:59:02.468]  2026-09-10 02:51:07
INFO  [02:59:02.468]  2026-09-10 02:51:08
INFO  [02:59:02.468]  2026-09-10 02:51:08
INFO  [02:59:02.468]  2026-09-10 02:51:09
INFO  [02:59:02.468]  2026-09-10 02:51:10
INFO  [02:59:02.468]  2026-09-10 02:51:11
INFO  [02:59:02.468]  2026-09-10 02:51:12
INFO  [02:59:02.468]  2026-09-10 02:51:13
INFO  [02:59:02.468]  2026-09-10 02:51:14
INFO  [02:59:02.468]  2026-09-10 02:51:14
INFO  [02:59:02.468]  2026-09-10 02:51:15
INFO  [02:59:02.468]  2026-09-10 02:51:16
INFO  [02:59:02.468]  2026-09-10 02:51:17
INFO  [02:59:02.468]  2026-09-10 02:51:18
INFO  [02:59:02.468]  2026-09-10 02:51:19
INFO  [02:59:02.468]  2026-09-10 02:51:20
INFO  [02:59:02.468]  2026-09-10 02:51:20
INFO  [02:59:02.468]  2026-09-10 02:51:21
INFO  [02:59:02.468]  2026-09-10 02:51:22
INFO  [02:59:02.468]  2026-09-10 02:51:23
INFO  [02:59:02.468]  2026-09-10 02:51:24
INFO  [02:59:02.468]  2026-09-10 02:51:25
INFO  [02:59:02.468]  2026-09-10 02:51:25
INFO  [02:59:02.468]  2026-09-10 02:51:26
INFO  [02:59:02.468]  2026-09-10 02:51:27
INFO  [02:59:02.468]  2026-09-10 02:51:28
INFO  [02:59:02.468]  2026-09-10 02:51:29
INFO  [02:59:02.468]  2026-09-10 02:51:30
INFO  [02:59:02.468]  2026-09-10 02:51:31
INFO  [02:59:02.468]  2026-09-10 02:51:32
INFO  [02:59:02.468]  2026-09-10 02:51:33
INFO  [02:59:02.468]  2026-09-10 02:51:33
INFO  [02:59:02.468]  2026-09-10 02:51:34
INFO  [02:59:02.468]  2026-09-10 02:51:35
INFO  [02:59:02.468]  2026-09-10 02:51:36
INFO  [02:59:02.468]  2026-09-10 02:51:37
INFO  [02:59:02.468]  2026-09-10 02:51:38
INFO  [02:59:02.468]  2026-09-10 02:51:39
INFO  [02:59:02.468]  2026-09-10 02:51:40
INFO  [02:59:02.468]  2026-09-10 02:51:41
INFO  [02:59:02.468]  2026-09-10 02:51:41
INFO  [02:59:02.468]  2026-09-10 02:51:42
INFO  [02:59:02.468]  2026-09-10 02:51:43
INFO  [02:59:02.468]  2026-09-10 02:51:44
INFO  [02:59:02.468]  2026-09-10 02:51:45
INFO  [02:59:02.468]  2026-09-10 02:51:46
INFO  [02:59:02.468]  2026-09-10 02:51:47
INFO  [02:59:02.468]  2026-09-10 02:51:48
INFO  [02:59:02.468]  2026-09-10 02:51:49
INFO  [02:59:02.468]  2026-09-10 02:51:50
INFO  [02:59:02.468]  2026-09-10 02:51:50
INFO  [02:59:02.468]  2026-09-10 02:51:51
INFO  [02:59:02.468]  2026-09-10 02:51:52
INFO  [02:59:02.468]  2026-09-10 02:51:53
INFO  [02:59:02.468]  2026-09-10 02:51:54
INFO  [02:59:02.468]  2026-09-10 02:51:56
INFO  [02:59:02.468]  2026-09-10 02:51:56
INFO  [02:59:02.468]  2026-09-10 02:51:57
INFO  [02:59:02.468]  2026-09-10 02:51:58
INFO  [02:59:02.468]  2026-09-10 02:51:59
INFO  [02:59:02.468]  2026-09-10 02:52:00
INFO  [02:59:02.468]  2026-09-10 02:52:01
INFO  [02:59:02.468]  2026-09-10 02:52:02
INFO  [02:59:02.468]  2026-09-10 02:52:03
INFO  [02:59:02.468]  2026-09-10 02:52:04
INFO  [02:59:02.468]  2026-09-10 02:52:05
INFO  [02:59:02.468]  2026-09-10 02:52:06
INFO  [02:59:02.468]  2026-09-10 02:52:06
INFO  [02:59:02.468]  2026-09-10 02:52:07
INFO  [02:59:02.468]  2026-09-10 02:52:08
INFO  [02:59:02.468]  2026-09-10 02:52:09
INFO  [02:59:02.468]  2026-09-10 02:52:10
INFO  [02:59:02.468]  2026-09-10 02:52:11
INFO  [02:59:02.468]  2026-09-10 02:52:12
INFO  [02:59:02.468]  2026-09-10 02:52:13
INFO  [02:59:02.468]  2026-09-10 02:52:14
INFO  [02:59:02.468]  2026-09-10 02:52:15
INFO  [02:59:02.468]  2026-09-10 02:52:16
INFO  [02:59:02.468]  2026-09-10 02:52:17
INFO  [02:59:02.468]  2026-09-10 02:52:18
INFO  [02:59:02.468]  2026-09-10 02:52:19
INFO  [02:59:02.468]  2026-09-10 02:52:20
INFO  [02:59:02.468]  2026-09-10 02:52:21
INFO  [02:59:02.468]  2026-09-10 02:52:21
INFO  [02:59:02.468]  2026-09-10 02:52:22
INFO  [02:59:02.468]  2026-09-10 02:52:23
INFO  [02:59:02.468]  2026-09-10 02:52:24
INFO  [02:59:02.468]  2026-09-10 02:52:25
INFO  [02:59:02.468]  2026-09-10 02:52:26
INFO  [02:59:02.468]  2026-09-10 02:52:27
INFO  [02:59:02.468]  2026-09-10 02:52:28
INFO  [02:59:02.468]  2026-09-10 02:52:29
INFO  [02:59:02.468]  2026-09-10 02:52:30
INFO  [02:59:02.468]  2026-09-10 02:52:31
INFO  [02:59:02.468]  2026-09-10 02:52:32
INFO  [02:59:02.468]  2026-09-10 02:52:33
INFO  [02:59:02.468]  2026-09-10 02:52:34
INFO  [02:59:02.468]  2026-09-10 02:52:35
INFO  [02:59:02.468]  2026-09-10 02:52:35
INFO  [02:59:02.468]  2026-09-10 02:52:36
INFO  [02:59:02.468]  2026-09-10 02:52:37
INFO  [02:59:02.468]  2026-09-10 02:52:38
INFO  [02:59:02.468]  2026-09-10 02:52:39
INFO  [02:59:02.468]  2026-09-10 02:52:40
INFO  [02:59:02.468]  2026-09-10 02:52:41
INFO  [02:59:02.468]  2026-09-10 02:52:42
INFO  [02:59:02.468]  2026-09-10 02:52:43
INFO  [02:59:02.468]  2026-09-10 02:52:43
INFO  [02:59:02.468]  2026-09-10 02:52:44
INFO  [02:59:02.468]  2026-09-10 02:52:45
INFO  [02:59:02.468]  2026-09-10 02:52:46
INFO  [02:59:02.468]  2026-09-10 02:52:47
INFO  [02:59:02.468]  2026-09-10 02:52:48
INFO  [02:59:02.468]  2026-09-10 02:52:49
INFO  [02:59:02.468]  2026-09-10 02:52:50
INFO  [02:59:02.468]  2026-09-10 02:52:51
INFO  [02:59:02.468]  2026-09-10 02:52:52
INFO  [02:59:02.468]  2026-09-10 02:52:53
INFO  [02:59:02.468]  2026-09-10 02:52:54
INFO  [02:59:02.468]  2026-09-10 02:52:55
INFO  [02:59:02.468]  2026-09-10 02:52:55
INFO  [02:59:02.468]  2026-09-10 02:52:56
INFO  [02:59:02.468]  2026-09-10 02:52:57
INFO  [02:59:02.468]  2026-09-10 02:52:58
INFO  [02:59:02.468]  2026-09-10 02:52:59
INFO  [02:59:02.468]  2026-09-10 02:53:00
INFO  [02:59:02.468]  2026-09-10 02:53:01
INFO  [02:59:02.468]  2026-09-10 02:53:02
INFO  [02:59:02.468]  2026-09-10 02:53:03
INFO  [02:59:02.468]  2026-09-10 02:53:04
INFO  [02:59:02.468]  2026-09-10 02:53:05
INFO  [02:59:02.468]  2026-09-10 02:53:06
INFO  [02:59:02.468]  2026-09-10 02:53:07
INFO  [02:59:02.468]  2026-09-10 02:53:08
INFO  [02:59:02.468]  2026-09-10 02:53:09
INFO  [02:59:02.468]  2026-09-10 02:53:10
INFO  [02:59:02.468]  2026-09-10 02:53:11
INFO  [02:59:02.468]  2026-09-10 02:53:12
INFO  [02:59:02.468]  2026-09-10 02:53:13
INFO  [02:59:02.468]  2026-09-10 02:53:14
INFO  [02:59:02.468]  2026-09-10 02:53:15
INFO  [02:59:02.468]  2026-09-10 02:53:16
INFO  [02:59:02.468]  2026-09-10 02:53:17
INFO  [02:59:02.468]  2026-09-10 02:53:18
INFO  [02:59:02.468]  2026-09-10 02:53:19
INFO  [02:59:02.468]  2026-09-10 02:53:20
INFO  [02:59:02.468]  2026-09-10 02:53:21
INFO  [02:59:02.468]  2026-09-10 02:53:22
INFO  [02:59:02.468]  2026-09-10 02:53:23
INFO  [02:59:02.468]  2026-09-10 02:53:24
INFO  [02:59:02.468]  2026-09-10 02:53:25
INFO  [02:59:02.468]  2026-09-10 02:53:26
INFO  [02:59:02.468]  2026-09-10 02:53:27
INFO  [02:59:02.468]  2026-09-10 02:53:28
INFO  [02:59:02.468]  2026-09-10 02:53:29
INFO  [02:59:02.468]  2026-09-10 02:53:30
INFO  [02:59:02.468]  2026-09-10 02:53:31
INFO  [02:59:02.468]  2026-09-10 02:53:32
INFO  [02:59:02.468]  2026-09-10 02:53:33
INFO  [02:59:02.468]  2026-09-10 02:53:34
INFO  [02:59:02.468]  2026-09-10 02:53:35
INFO  [02:59:02.468]  2026-09-10 02:53:36
INFO  [02:59:02.468]  2026-09-10 02:53:37
INFO  [02:59:02.468]  2026-09-10 02:53:38
INFO  [02:59:02.468]  2026-09-10 02:53:39
INFO  [02:59:02.468]  2026-09-10 02:53:40
INFO  [02:59:02.468]  2026-09-10 02:53:41
INFO  [02:59:02.468]  2026-09-10 02:53:42
INFO  [02:59:02.468]  2026-09-10 02:53:44
INFO  [02:59:02.468]  2026-09-10 02:53:45
INFO  [02:59:02.468]  2026-09-10 02:53:46
INFO  [02:59:02.468]  2026-09-10 02:53:47
INFO  [02:59:02.468]  2026-09-10 02:53:48
INFO  [02:59:02.468]  2026-09-10 02:53:49
INFO  [02:59:02.468]  2026-09-10 02:53:50
INFO  [02:59:02.468]  2026-09-10 02:53:51
INFO  [02:59:02.468]  2026-09-10 02:53:52
INFO  [02:59:02.468]  2026-09-10 02:53:53
INFO  [02:59:02.468]  2026-09-10 02:53:54
INFO  [02:59:02.468]  2026-09-10 02:53:55
INFO  [02:59:02.468]  2026-09-10 02:53:56
INFO  [02:59:02.468]  2026-09-10 02:53:57
INFO  [02:59:02.468]  2026-09-10 02:53:58
INFO  [02:59:02.468]  2026-09-10 02:54:00
INFO  [02:59:02.468]  2026-09-10 02:54:01
INFO  [02:59:02.468]  2026-09-10 02:54:02
INFO  [02:59:02.468]  2026-09-10 02:54:03
INFO  [02:59:02.468]  2026-09-10 02:54:04
INFO  [02:59:02.468]  2026-09-10 02:54:05
INFO  [02:59:02.468]  2026-09-10 02:54:06
INFO  [02:59:02.468]  2026-09-10 02:54:07
INFO  [02:59:02.468]  2026-09-10 02:54:08
INFO  [02:59:02.468]  2026-09-10 02:54:09
INFO  [02:59:02.468]  2026-09-10 02:54:10
INFO  [02:59:02.468]  2026-09-10 02:54:12
INFO  [02:59:02.468]  2026-09-10 02:54:13
INFO  [02:59:02.468]  2026-09-10 02:54:14
INFO  [02:59:02.468]  2026-09-10 02:54:15
INFO  [02:59:02.468]  2026-09-10 02:54:16
INFO  [02:59:02.468]  2026-09-10 02:54:17
INFO  [02:59:02.468]  2026-09-10 02:54:18
INFO  [02:59:02.468]  2026-09-10 02:54:19
INFO  [02:59:02.468]  2026-09-10 02:54:20
INFO  [02:59:02.468]  2026-09-10 02:54:22
INFO  [02:59:02.468]  2026-09-10 02:54:23
INFO  [02:59:02.468]  2026-09-10 02:54:24
INFO  [02:59:02.468]  2026-09-10 02:54:25
INFO  [02:59:02.468]  2026-09-10 02:54:26
INFO  [02:59:02.468]  2026-09-10 02:54:27
INFO  [02:59:02.468]  2026-09-10 02:54:28
INFO  [02:59:02.468]  2026-09-10 02:54:29
INFO  [02:59:02.468]  2026-09-10 02:54:31
INFO  [02:59:02.468]  2026-09-10 02:54:32
INFO  [02:59:02.468]  2026-09-10 02:54:33
INFO  [02:59:02.468]  2026-09-10 02:54:34
INFO  [02:59:02.468]  2026-09-10 02:54:35
INFO  [02:59:02.468]  2026-09-10 02:54:36
INFO  [02:59:02.468]  2026-09-10 02:54:38
INFO  [02:59:02.468]  2026-09-10 02:54:39
INFO  [02:59:02.468]  2026-09-10 02:54:40
INFO  [02:59:02.468]  2026-09-10 02:54:42
INFO  [02:59:02.468]  2026-09-10 02:54:43
INFO  [02:59:02.468]  2026-09-10 02:54:44
INFO  [02:59:02.468]  2026-09-10 02:54:45
INFO  [02:59:02.468]  2026-09-10 02:54:46
INFO  [02:59:02.468]  2026-09-10 02:54:47
INFO  [02:59:02.468]  2026-09-10 02:54:48
INFO  [02:59:02.468]  2026-09-10 02:54:49
INFO  [02:59:02.468]  2026-09-10 02:54:51
INFO  [02:59:02.468]  2026-09-10 02:54:52
INFO  [02:59:02.468]  2026-09-10 02:54:53
INFO  [02:59:02.468]  2026-09-10 02:54:54
INFO  [02:59:02.468]  2026-09-10 02:54:55
INFO  [02:59:02.468]  2026-09-10 02:54:56
INFO  [02:59:02.468]  2026-09-10 02:54:58
INFO  [02:59:02.468]  2026-09-10 02:54:59
INFO  [02:59:02.468]  2026-09-10 02:55:00
INFO  [02:59:02.468]  2026-09-10 02:55:01
INFO  [02:59:02.468]  2026-09-10 02:55:02
INFO  [02:59:02.468]  2026-09-10 02:55:03
INFO  [02:59:02.468]  2026-09-10 02:55:04
INFO  [02:59:02.468]  2026-09-10 02:55:06
INFO  [02:59:02.468]  2026-09-10 02:55:07
INFO  [02:59:02.468]  2026-09-10 02:55:08
INFO  [02:59:02.468]  2026-09-10 02:55:09
INFO  [02:59:02.468]  2026-09-10 02:55:10
INFO  [02:59:02.468]  2026-09-10 02:55:11
INFO  [02:59:02.468]  2026-09-10 02:55:12
INFO  [02:59:02.468]  2026-09-10 02:55:14
INFO  [02:59:02.468]  2026-09-10 02:55:15
INFO  [02:59:02.468]  2026-09-10 02:55:16
INFO  [02:59:02.468]  2026-09-10 02:55:17
INFO  [02:59:02.468]  2026-09-10 02:55:19
INFO  [02:59:02.468]  2026-09-10 02:55:20
INFO  [02:59:02.468]  2026-09-10 02:55:21
INFO  [02:59:02.468]  2026-09-10 02:55:22
INFO  [02:59:02.468]  2026-09-10 02:55:23
INFO  [02:59:02.468]  2026-09-10 02:55:25
INFO  [02:59:02.468]  2026-09-10 02:55:26
INFO  [02:59:02.468]  2026-09-10 02:55:27
INFO  [02:59:02.468]  2026-09-10 02:55:28
INFO  [02:59:02.468]  2026-09-10 02:55:29
INFO  [02:59:02.468]  2026-09-10 02:55:30
INFO  [02:59:02.468]  2026-09-10 02:55:32
INFO  [02:59:02.468]  2026-09-10 02:55:33
INFO  [02:59:02.468]  2026-09-10 02:55:34
INFO  [02:59:02.468]  2026-09-10 02:55:35
INFO  [02:59:02.468]  2026-09-10 02:55:37
INFO  [02:59:02.468]  2026-09-10 02:55:38
INFO  [02:59:02.468]  2026-09-10 02:55:39
INFO  [02:59:02.468]  2026-09-10 02:55:40
INFO  [02:59:02.468]  2026-09-10 02:55:42
INFO  [02:59:02.468]  2026-09-10 02:55:43
INFO  [02:59:02.468]  2026-09-10 02:55:44
INFO  [02:59:02.468]  2026-09-10 02:55:45
INFO  [02:59:02.468]  2026-09-10 02:55:46
INFO  [02:59:02.468]  2026-09-10 02:55:47
INFO  [02:59:02.468]  2026-09-10 02:55:49
INFO  [02:59:02.468]  2026-09-10 02:55:50
INFO  [02:59:02.468]  2026-09-10 02:55:51
INFO  [02:59:02.468]  2026-09-10 02:55:52
INFO  [02:59:02.468]  2026-09-10 02:55:57
INFO  [02:59:02.468]  2026-09-10 02:55:58
INFO  [02:59:02.468]  2026-09-10 02:56:01
INFO  [02:59:02.468]  2026-09-10 02:56:00
INFO  [02:59:02.468]  2026-09-10 02:56:02
INFO  [02:59:02.468]  2026-09-10 02:56:03
INFO  [02:59:02.468]  2026-09-10 02:56:04
INFO  [02:59:02.468]  2026-09-10 02:56:06
INFO  [02:59:02.468]  2026-09-10 02:56:07
INFO  [02:59:02.468]  2026-09-10 02:56:08
INFO  [02:59:02.468]  2026-09-10 02:56:09
INFO  [02:59:02.468]  2026-09-10 02:56:10
INFO  [02:59:02.468]  2026-09-10 02:56:12
INFO  [02:59:02.468]  2026-09-10 02:56:13
INFO  [02:59:02.468]  2026-09-10 02:56:14
INFO  [02:59:02.468]  2026-09-10 02:56:15
INFO  [02:59:02.468]  2026-09-10 02:56:17
INFO  [02:59:02.468]  2026-09-10 02:56:18
INFO  [02:59:02.468]  2026-09-10 02:56:19
INFO  [02:59:02.468]  2026-09-10 02:56:20
INFO  [02:59:02.468]  2026-09-10 02:56:22
INFO  [02:59:02.468]  2026-09-10 02:56:23
INFO  [02:59:02.468]  2026-09-10 02:56:24
INFO  [02:59:02.468]  2026-09-10 02:56:26
INFO  [02:59:02.468]  2026-09-10 02:56:27
INFO  [02:59:02.468]  2026-09-10 02:56:28
INFO  [02:59:02.468]  2026-09-10 02:56:30
INFO  [02:59:02.468]  2026-09-10 02:56:31
INFO  [02:59:02.468]  2026-09-10 02:56:32
INFO  [02:59:02.468]  2026-09-10 02:56:33
INFO  [02:59:02.468]  2026-09-10 02:56:35
INFO  [02:59:02.468]  2026-09-10 02:56:36
INFO  [02:59:02.468]  2026-09-10 02:56:37
INFO  [02:59:02.468]  2026-09-10 02:56:38
INFO  [02:59:02.468]  2026-09-10 02:56:40
INFO  [02:59:02.468]  2026-09-10 02:56:41
INFO  [02:59:02.468]  2026-09-10 02:56:42
INFO  [02:59:02.468]  2026-09-10 02:56:43
INFO  [02:59:02.468]  2026-09-10 02:56:45
INFO  [02:59:02.468]  2026-09-10 02:56:46
INFO  [02:59:02.468]  2026-09-10 02:56:47
INFO  [02:59:02.468]  2026-09-10 02:56:48
INFO  [02:59:02.468]  2026-09-10 02:56:50
INFO  [02:59:02.468]  2026-09-10 02:56:51
INFO  [02:59:02.468]  2026-09-10 02:56:52
INFO  [02:59:02.468]  2026-09-10 02:56:53
INFO  [02:59:02.468]  2026-09-10 02:56:55
INFO  [02:59:02.468]  2026-09-10 02:56:56
INFO  [02:59:02.468]  2026-09-10 02:56:57
INFO  [02:59:02.468]  2026-09-10 02:56:58
INFO  [02:59:02.468]  2026-09-10 02:57:00
INFO  [02:59:02.468]  2026-09-10 02:57:01
INFO  [02:59:02.468]  2026-09-10 02:57:02
INFO  [02:59:02.468]  2026-09-10 02:57:04
INFO  [02:59:02.468]  2026-09-10 02:57:05
INFO  [02:59:02.468]  2026-09-10 02:57:06
INFO  [02:59:02.468]  2026-09-10 02:57:08
INFO  [02:59:02.468]  2026-09-10 02:57:09
INFO  [02:59:02.468]  2026-09-10 02:57:10
INFO  [02:59:02.468]  2026-09-10 02:57:11
INFO  [02:59:02.468]  2026-09-10 02:57:13
INFO  [02:59:02.468]  2026-09-10 02:57:14
INFO  [02:59:02.468]  2026-09-10 02:57:15
INFO  [02:59:02.468]  2026-09-10 02:57:17
INFO  [02:59:02.468]  2026-09-10 02:57:18
INFO  [02:59:02.468]  2026-09-10 02:57:19
INFO  [02:59:02.468]  2026-09-10 02:57:21
INFO  [02:59:02.468]  2026-09-10 02:57:22
INFO  [02:59:02.468]  2026-09-10 02:57:23
INFO  [02:59:02.468]  2026-09-10 02:57:25
INFO  [02:59:02.468]  2026-09-10 02:57:26
INFO  [02:59:02.468]  2026-09-10 02:57:27
INFO  [02:59:02.468]  2026-09-10 02:57:29
INFO  [02:59:02.468]  2026-09-10 02:57:30
INFO  [02:59:02.468]  2026-09-10 02:57:31
INFO  [02:59:02.468]  2026-09-10 02:57:33
INFO  [02:59:02.468]  2026-09-10 02:57:34
INFO  [02:59:02.468]  2026-09-10 02:57:35
INFO  [02:59:02.468]  2026-09-10 02:57:37
INFO  [02:59:02.468]  2026-09-10 02:57:38
INFO  [02:59:02.468]  2026-09-10 02:57:39
INFO  [02:59:02.468]  2026-09-10 02:57:41
INFO  [02:59:02.468]  2026-09-10 02:57:42
INFO  [02:59:02.468]  2026-09-10 02:57:44
INFO  [02:59:02.468]  2026-09-10 02:57:45
INFO  [02:59:02.468]  2026-09-10 02:57:46
INFO  [02:59:02.468]  2026-09-10 02:57:48
INFO  [02:59:02.468]  2026-09-10 02:57:49
INFO  [02:59:02.468]  2026-09-10 02:57:50
INFO  [02:59:02.468]  2026-09-10 02:57:52
INFO  [02:59:02.468]  2026-09-10 02:57:53
INFO  [02:59:02.468]  2026-09-10 02:57:54
INFO  [02:59:02.468]  2026-09-10 02:57:56
INFO  [02:59:02.468]  2026-09-10 02:57:57
INFO  [02:59:02.468]  2026-09-10 02:57:58
INFO  [02:59:02.468]  2026-09-10 02:58:00
INFO  [02:59:02.468]  2026-09-10 02:58:01
INFO  [02:59:02.468]  2026-09-10 02:58:02
INFO  [02:59:02.468]  2026-09-10 02:58:04
INFO  [02:59:02.468]  2026-09-10 02:58:05
INFO  [02:59:02.468]  2026-09-10 02:58:06
INFO  [02:59:02.468]  2026-09-10 02:58:08
INFO  [02:59:02.468]  2026-09-10 02:58:10
INFO  [02:59:02.468]  2026-09-10 02:58:11
INFO  [02:59:02.468]  2026-09-10 02:58:12
INFO  [02:59:02.468]  2026-09-10 02:58:13
INFO  [02:59:02.468]  2026-09-10 02:58:15
INFO  [02:59:02.468]  2026-09-10 02:58:16
INFO  [02:59:02.468]  2026-09-10 02:58:17
INFO  [02:59:02.468]  2026-09-10 02:58:19
INFO  [02:59:02.468]  2026-09-10 02:58:20
INFO  [02:59:02.468]  2026-09-10 02:58:21
INFO  [02:59:02.468]  2026-09-10 02:58:23
INFO  [02:59:02.468]  2026-09-10 02:58:24
INFO  [02:59:02.468]  2026-09-10 02:58:25
INFO  [02:59:02.468]  2026-09-10 02:58:27
INFO  [02:59:02.468]  2026-09-10 02:58:28
INFO  [02:59:02.468]  2026-09-10 02:58:29
INFO  [02:59:02.468]  2026-09-10 02:58:31
INFO  [02:59:02.468]  2026-09-10 02:58:32
INFO  [02:59:02.468]  2026-09-10 02:58:33
INFO  [02:59:02.468]  2026-09-10 02:58:35
INFO  [02:59:02.468]  2026-09-10 02:58:36
INFO  [02:59:02.468]  2026-09-10 02:58:37
INFO  [02:59:02.468]  2026-09-10 02:58:39
INFO  [02:59:02.468]  2026-09-10 02:58:40
INFO  [02:59:02.468]  2026-09-10 02:58:41
INFO  [02:59:02.468]  2026-09-10 02:58:43
INFO  [02:59:02.468]  2026-09-10 02:58:45
INFO  [02:59:02.468]  2026-09-10 02:58:46
INFO  [02:59:02.468]  2026-09-10 02:58:47
INFO  [02:59:02.468]  2026-09-10 02:58:49
INFO  [02:59:02.468]  2026-09-10 02:58:50
INFO  [02:59:02.468]  2026-09-10 02:58:52
INFO  [02:59:02.468]  2026-09-10 02:58:53
INFO  [02:59:02.468]  2026-09-10 02:58:55
INFO  [02:59:02.468]  2026-09-10 02:58:56
INFO  [02:59:02.468]  2026-09-10 02:58:58
INFO  [02:59:02.468]  2026-09-10 02:58:59
INFO  [02:59:02.468]  2026-09-10 02:59:01
INFO  [02:59:02.468]       timestamp_loop
INFO  [02:59:03.225] [mlr3] Calling train method of fallback 'regr.ranger' on task 'surrogate_task' with 610 observations {learner: <LearnerRegrRanger/LearnerRegr/Learner/R6>}
INFO  [02:59:04.702] [mlr3] Calling train method of fallback 'regr.ranger' on task 'surrogate_task' with 611 observations {learner: <LearnerRegrRanger/LearnerRegr/Learner/R6>}
INFO  [02:59:06.192] [mlr3] Calling train method of fallback 'regr.ranger' on task 'surrogate_task' with 612 observations {learner: <LearnerRegrRanger/LearnerRegr/Learner/R6>}
INFO  [02:59:07.640] [mlr3] Calling train method of fallback 'regr.ranger' on task 'surrogate_task' with 613 observations {learner: <LearnerRegrRanger/LearnerRegr/Learner/R6>}
INFO  [02:59:09.195] [mlr3] Calling train method of fallback 'regr.ranger' on task 'surrogate_task' with 614 observations {learner: <LearnerRegrRanger/LearnerRegr/Learner/R6>}
INFO  [02:59:10.634] [mlr3] Calling train method of fallback 'regr.ranger' on task 'surrogate_task' with 615 observations {learner: <LearnerRegrRanger/LearnerRegr/Learner/R6>}
INFO  [02:59:12.171] [mlr3] Calling train method of fallback 'regr.ranger' on task 'surrogate_task' with 616 observations {learner: <LearnerRegrRanger/LearnerRegr/Learner/R6>}
INFO  [02:59:13.761] [mlr3] Calling train method of fallback 'regr.ranger' on task 'surrogate_task' with 617 observations {learner: <LearnerRegrRanger/LearnerRegr/Learner/R6>}
INFO  [02:59:15.292] [mlr3] Calling train method of fallback 'regr.ranger' on task 'surrogate_task' with 617 observations {learner: <LearnerRegrRanger/LearnerRegr/Learner/R6>}
INFO  [02:59:16.791] [mlr3] Calling train method of fallback 'regr.ranger' on task 'surrogate_task' with 619 observations {learner: <LearnerRegrRanger/LearnerRegr/Learner/R6>}
INFO  [02:59:18.323] [mlr3] Calling train method of fallback 'regr.ranger' on task 'surrogate_task' with 620 observations {learner: <LearnerRegrRanger/LearnerRegr/Learner/R6>}
INFO  [02:59:19.721] [mlr3] Calling train method of fallback 'regr.ranger' on task 'surrogate_task' with 621 observations {learner: <LearnerRegrRanger/LearnerRegr/Learner/R6>}
INFO  [02:59:21.229] [mlr3] Calling train method of fallback 'regr.ranger' on task 'surrogate_task' with 622 observations {learner: <LearnerRegrRanger/LearnerRegr/Learner/R6>}
INFO  [02:59:22.626] [mlr3] Calling train method of fallback 'regr.ranger' on task 'surrogate_task' with 623 observations {learner: <LearnerRegrRanger/LearnerRegr/Learner/R6>}
INFO  [02:59:24.218] [mlr3] Calling train method of fallback 'regr.ranger' on task 'surrogate_task' with 624 observations {learner: <LearnerRegrRanger/LearnerRegr/Learner/R6>}
INFO  [02:59:25.673] [mlr3] Calling train method of fallback 'regr.ranger' on task 'surrogate_task' with 625 observations {learner: <LearnerRegrRanger/LearnerRegr/Learner/R6>}
INFO  [02:59:27.182] [mlr3] Calling train method of fallback 'regr.ranger' on task 'surrogate_task' with 626 observations {learner: <LearnerRegrRanger/LearnerRegr/Learner/R6>}
INFO  [02:59:28.593] [mlr3] Calling train method of fallback 'regr.ranger' on task 'surrogate_task' with 627 observations {learner: <LearnerRegrRanger/LearnerRegr/Learner/R6>}
INFO  [02:59:30.086] [mlr3] Calling train method of fallback 'regr.ranger' on task 'surrogate_task' with 628 observations {learner: <LearnerRegrRanger/LearnerRegr/Learner/R6>}
INFO  [02:59:31.477] [mlr3] Calling train method of fallback 'regr.ranger' on task 'surrogate_task' with 629 observations {learner: <LearnerRegrRanger/LearnerRegr/Learner/R6>}
INFO  [02:59:32.976] [mlr3] Calling train method of fallback 'regr.ranger' on task 'surrogate_task' with 630 observations {learner: <LearnerRegrRanger/LearnerRegr/Learner/R6>}
INFO  [02:59:34.444] [mlr3] Calling train method of fallback 'regr.ranger' on task 'surrogate_task' with 630 observations {learner: <LearnerRegrRanger/LearnerRegr/Learner/R6>}
INFO  [02:59:36.402] [mlr3] Calling train method of fallback 'regr.ranger' on task 'surrogate_task' with 632 observations {learner: <LearnerRegrRanger/LearnerRegr/Learner/R6>}
INFO  [02:59:37.867] [mlr3] Calling train method of fallback 'regr.ranger' on task 'surrogate_task' with 633 observations {learner: <LearnerRegrRanger/LearnerRegr/Learner/R6>}
INFO  [02:59:39.307] [mlr3] Calling train method of fallback 'regr.ranger' on task 'surrogate_task' with 634 observations {learner: <LearnerRegrRanger/LearnerRegr/Learner/R6>}
INFO  [02:59:40.761] [mlr3] Calling train method of fallback 'regr.ranger' on task 'surrogate_task' with 635 observations {learner: <LearnerRegrRanger/LearnerRegr/Learner/R6>}
INFO  [02:59:42.292] [mlr3] Calling train method of fallback 'regr.ranger' on task 'surrogate_task' with 636 observations {learner: <LearnerRegrRanger/LearnerRegr/Learner/R6>}
INFO  [02:59:43.748] [mlr3] Calling train method of fallback 'regr.ranger' on task 'surrogate_task' with 637 observations {learner: <LearnerRegrRanger/LearnerRegr/Learner/R6>}
INFO  [02:59:45.194] [mlr3] Calling train method of fallback 'regr.ranger' on task 'surrogate_task' with 638 observations {learner: <LearnerRegrRanger/LearnerRegr/Learner/R6>}
INFO  [02:59:46.665] [mlr3] Calling train method of fallback 'regr.ranger' on task 'surrogate_task' with 639 observations {learner: <LearnerRegrRanger/LearnerRegr/Learner/R6>}
INFO  [02:59:48.148] [mlr3] Calling train method of fallback 'regr.ranger' on task 'surrogate_task' with 640 observations {learner: <LearnerRegrRanger/LearnerRegr/Learner/R6>}
INFO  [02:59:49.634] [mlr3] Calling train method of fallback 'regr.ranger' on task 'surrogate_task' with 641 observations {learner: <LearnerRegrRanger/LearnerRegr/Learner/R6>}
INFO  [02:59:51.130] [mlr3] Calling train method of fallback 'regr.ranger' on task 'surrogate_task' with 642 observations {learner: <LearnerRegrRanger/LearnerRegr/Learner/R6>}
INFO  [02:59:52.633] [mlr3] Calling train method of fallback 'regr.ranger' on task 'surrogate_task' with 642 observations {learner: <LearnerRegrRanger/LearnerRegr/Learner/R6>}
INFO  [02:59:54.131] [mlr3] Calling train method of fallback 'regr.ranger' on task 'surrogate_task' with 643 observations {learner: <LearnerRegrRanger/LearnerRegr/Learner/R6>}
INFO  [02:59:54.194] Finished optimizing after 643 evaluation(s)
INFO  [02:59:54.196] Result:
INFO  [02:59:54.200]  learning_rate num_leaves min_data_in_leaf feature_fraction extra_trees
INFO  [02:59:54.200]     -0.7045381        115               29        0.6422198        TRUE
INFO  [02:59:54.200]  lambda_l1 lambda_l2 min_gain_to_split internal_tuned_values learner_param_vals
INFO  [02:59:54.200]   -5.79874 -3.774325         -5.323229     num_iterations=56         <list[12]>
INFO  [02:59:54.200]   x_domain classif.ce
INFO  [02:59:54.200]  <list[8]>      0.189
