Waiting for workers to connect... 28/448
Waiting for workers to connect... 45/448
Waiting for workers to connect... 62/448
Waiting for workers to connect... 80/448
Waiting for workers to connect... 98/448
Waiting for workers to connect... 120/448
Waiting for workers to connect... 138/448
Waiting for workers to connect... 157/448
Waiting for workers to connect... 175/448
Waiting for workers to connect... 195/448
Waiting for workers to connect... 214/448
Waiting for workers to connect... 237/448
Waiting for workers to connect... 256/448
Waiting for workers to connect... 274/448
Waiting for workers to connect... 293/448
Waiting for workers to connect... 313/448
Waiting for workers to connect... 336/448
Waiting for workers to connect... 352/448
Waiting for workers to connect... 369/448
Waiting for workers to connect... 384/448
Waiting for workers to connect... 400/448
Waiting for workers to connect... 418/448
Waiting for workers to connect... 447/448
Waiting for workers to connect... 448/448
INFO  [23:57:00.881] [rush] Starting 448 worker(s)
INFO  [23:57:04.781] [rush] 1 worker(s) registered
INFO  [23:57:04.784] Starting to optimize 8 parameter(s) with '<OptimizerAsyncMboCentral>' and '<TerminatorRunTime> [secs=600]' on 448 mirai worker(s)
INFO  [23:57:05.789] 62 worker(s) running
INFO  [23:57:05.816] Results of 100 configuration(s):
INFO  [23:57:05.824]  classif.ce learning_rate num_leaves min_data_in_leaf feature_fraction
INFO  [23:57:05.824]       0.300   -6.38329379        169              146        0.7424648
INFO  [23:57:05.824]       0.231   -1.30257969        205              111        0.8433959
INFO  [23:57:05.824]       0.223   -1.48861805         45               83        0.1111943
INFO  [23:57:05.824]       0.237   -2.60606428         54               12        0.8131533
INFO  [23:57:05.824]       0.300   -4.23251512         90              195        0.1067254
INFO  [23:57:05.824]       0.300   -6.25319899        174              132        0.8320900
INFO  [23:57:05.824]       0.300   -4.24299538        229              126        0.8893019
INFO  [23:57:05.824]       0.300   -3.05345588         43               15        0.8962484
INFO  [23:57:05.824]       0.233   -3.40781661         99              191        0.8363981
INFO  [23:57:05.824]       0.239   -0.45948649        188                4        0.5827673
INFO  [23:57:05.824]       0.300   -2.54960041        230               47        0.6740615
INFO  [23:57:05.824]       0.244   -1.63507278        186               38        0.3238776
INFO  [23:57:05.824]       0.228   -4.56969488        217               19        0.7276665
INFO  [23:57:05.824]       0.226   -0.01816825        139              115        0.7634859
INFO  [23:57:05.824]       0.300   -3.59001078         58               22        0.3548272
INFO  [23:57:05.824]       0.300   -5.23882947        254              194        0.5209571
INFO  [23:57:05.824]       0.300   -6.42962457         70               46        0.5446627
INFO  [23:57:05.824]       0.300   -2.05889220        200               27        0.2317128
INFO  [23:57:05.824]       0.300   -6.53317560         38               88        0.6470965
INFO  [23:57:05.824]       0.229   -2.24233934        114              103        0.6124186
INFO  [23:57:05.824]       0.300   -6.06671153        244              150        0.8388984
INFO  [23:57:05.824]       0.216   -1.81095809        229               91        0.6232637
INFO  [23:57:05.824]       0.232   -3.09744199        160              143        0.9190616
INFO  [23:57:05.824]       0.220   -1.65018329         19              123        0.9241059
INFO  [23:57:05.824]       0.300   -6.63440272         80                4        0.4906318
INFO  [23:57:05.824]       0.300   -4.60444156        156              137        0.6081825
INFO  [23:57:05.824]       0.300   -3.25514025         92               14        0.2011751
INFO  [23:57:05.824]       0.300   -2.74311354         34               60        0.1051371
INFO  [23:57:05.824]       0.300   -6.47920688        121               14        0.9712305
INFO  [23:57:05.824]       0.300   -0.25715974         47               77        0.4302411
INFO  [23:57:05.824]       0.223   -2.09506712         35               42        0.6696234
INFO  [23:57:05.824]       0.300   -6.20393558        118              157        0.2391775
INFO  [23:57:05.824]       0.300   -4.09617124        223               82        0.9663907
INFO  [23:57:05.824]       0.300   -6.25313918        171              144        0.8477581
INFO  [23:57:05.824]       0.300   -5.25265225        242              157        0.9232672
INFO  [23:57:05.824]       0.216   -1.97646109         77               17        0.9962558
INFO  [23:57:05.824]       0.300   -6.24019045        185              119        0.6405662
INFO  [23:57:05.824]       0.300   -4.36088827        147               24        0.3227215
INFO  [23:57:05.824]       0.239   -2.69053488         99              195        0.9157721
INFO  [23:57:05.824]       0.300   -1.78873616        107              135        0.3940856
INFO  [23:57:05.824]       0.300   -5.77836259        252               56        0.3255368
INFO  [23:57:05.824]       0.300   -3.98105723        103              195        0.1253714
INFO  [23:57:05.824]       0.234   -2.64153829         85              141        0.5969727
INFO  [23:57:05.824]       0.221   -3.19824778        154               15        0.4770766
INFO  [23:57:05.824]       0.300   -6.05524587        142              195        0.9646582
INFO  [23:57:05.824]       0.300   -4.61811496        177              102        0.4994466
INFO  [23:57:05.824]       0.300   -5.33850863         66               90        0.3817670
INFO  [23:57:05.824]       0.300   -1.30261459         91               79        0.3633877
INFO  [23:57:05.824]       0.300   -5.04619449        179              131        0.4134704
INFO  [23:57:05.824]       0.300   -1.92338251        130               10        0.7295956
INFO  [23:57:05.824]       0.300   -4.54256363        112               29        0.4956610
INFO  [23:57:05.824]       0.246   -3.72538499         58              192        0.5849929
INFO  [23:57:05.824]       0.300   -5.15931390        171              134        0.6436987
INFO  [23:57:05.824]       0.300   -5.56129555        189               51        0.7042622
INFO  [23:57:05.824]       0.300   -0.18952908         39               88        0.9042824
INFO  [23:57:05.824]       0.205   -2.74297363         42               22        0.9865450
INFO  [23:57:05.824]       0.300   -6.43362125         42               12        0.5382039
INFO  [23:57:05.824]       0.285   -2.26279713         51               72        0.6437350
INFO  [23:57:05.824]       0.300   -6.60698727         14              153        0.5605609
INFO  [23:57:05.824]       0.269   -1.17876162         53               17        0.1396922
INFO  [23:57:05.824]       0.300   -5.39984386        230              192        0.1300518
INFO  [23:57:05.824]       0.248   -3.80327771         60               64        0.9663571
INFO  [23:57:05.824]       0.300   -6.41230482        206               86        0.3938456
INFO  [23:57:05.824]       0.300   -5.43370456        251              191        0.7519837
INFO  [23:57:05.824]       0.300   -3.16270026        255               32        0.1607654
INFO  [23:57:05.824]       0.300   -5.36310032         54               38        0.9179990
INFO  [23:57:05.824]       0.300   -4.60038232        181              131        0.3837239
INFO  [23:57:05.824]       0.300   -5.99625303        161                5        0.5422886
INFO  [23:57:05.824]       0.300   -5.22148782        244              192        0.6430429
INFO  [23:57:05.824]       0.300   -6.26124194        214               62        0.1211187
INFO  [23:57:05.824]       0.211   -0.86671768        211               16        0.7207213
INFO  [23:57:05.824]       0.220   -2.57109847        179               25        0.3850097
INFO  [23:57:05.824]       0.300   -3.91523615        167                6        0.1117194
INFO  [23:57:05.824]       0.229   -3.44219822        168              116        0.7510261
INFO  [23:57:05.824]       0.238   -4.00637620        155                7        0.8628909
INFO  [23:57:05.824]       0.239   -3.03813537         14              198        0.2782245
INFO  [23:57:05.824]       0.300   -4.76289635        132              149        0.7517202
INFO  [23:57:05.824]       0.300   -5.42354957         96              114        0.1082238
INFO  [23:57:05.824]       0.300   -1.52376760         22              135        0.7458489
INFO  [23:57:05.824]       0.300   -1.30554023        217              118        0.5693931
INFO  [23:57:05.824]       0.300   -2.45691431        158               35        0.2289615
INFO  [23:57:05.824]       0.248   -3.88340848        136               83        0.8966371
INFO  [23:57:05.824]       0.300   -5.21670303        171              179        0.1919934
INFO  [23:57:05.824]       0.300   -2.72824193        233               59        0.1032267
INFO  [23:57:05.824]       0.300   -6.40267667         83               43        0.5359068
INFO  [23:57:05.824]       0.300   -4.56468168         61              117        0.2988177
INFO  [23:57:05.824]       0.300   -3.69377369         70              178        0.5284484
INFO  [23:57:05.824]       0.269   -4.52531765         10               89        0.6171225
INFO  [23:57:05.824]       0.300   -6.24161984        141               49        0.4248242
INFO  [23:57:05.824]       0.300   -5.94567908        233               44        0.2451616
INFO  [23:57:05.824]       0.300   -1.71746575        204              122        0.1615961
INFO  [23:57:05.824]       0.300   -6.71740705        123              141        0.6536131
INFO  [23:57:05.824]       0.300   -6.50265379         50              133        0.7216960
INFO  [23:57:05.824]       0.300   -1.85140113        124              110        0.2498712
INFO  [23:57:05.824]       0.229   -2.65148775        123               62        0.6879463
INFO  [23:57:05.824]       0.248   -3.45742555        233               57        0.1485387
INFO  [23:57:05.824]       0.300   -1.96238944        238               19        0.1740552
INFO  [23:57:05.824]       0.223   -1.86147342        223               47        0.2490443
INFO  [23:57:05.824]       0.300   -2.82433309         40              170        0.3773418
INFO  [23:57:05.824]       0.217   -2.04308654         27               25        0.5804153
INFO  [23:57:05.824]  classif.ce learning_rate num_leaves min_data_in_leaf feature_fraction
INFO  [23:57:05.824]  extra_trees   lambda_l1   lambda_l2 min_gain_to_split        timestamp_xs
INFO  [23:57:05.824]         TRUE -0.86665899 -5.22264297         -3.345216 2026-09-09 23:57:00
INFO  [23:57:05.824]        FALSE -0.36641028 -1.14230431         -4.982122 2026-09-09 23:57:00
INFO  [23:57:05.824]        FALSE -6.24007798 -2.09159542         -5.704951 2026-09-09 23:57:00
INFO  [23:57:05.824]        FALSE  2.24369723 -1.22359762         -4.690971 2026-09-09 23:57:00
INFO  [23:57:05.824]         TRUE -4.88481816  0.18322599         -5.772127 2026-09-09 23:57:00
INFO  [23:57:05.824]         TRUE -3.64834340 -4.42021095         -3.792720 2026-09-09 23:57:00
INFO  [23:57:05.824]         TRUE -2.34955987  2.74254075         -6.791196 2026-09-09 23:57:00
INFO  [23:57:05.824]         TRUE  3.74363941 -6.11087835         -6.496299 2026-09-09 23:57:00
INFO  [23:57:05.824]        FALSE -3.74416646 -5.13954040         -5.182063 2026-09-09 23:57:00
INFO  [23:57:05.824]        FALSE  0.48165881 -6.73156094         -3.132681 2026-09-09 23:57:00
INFO  [23:57:05.824]         TRUE  3.49865603 -2.35518749         -5.000111 2026-09-09 23:57:00
INFO  [23:57:05.824]        FALSE -5.21158926  6.03681098         -6.426248 2026-09-09 23:57:00
INFO  [23:57:05.824]        FALSE -0.64948298 -3.79489616         -5.420382 2026-09-09 23:57:00
INFO  [23:57:05.824]        FALSE  0.64496408  3.86103368         -2.947740 2026-09-09 23:57:00
INFO  [23:57:05.824]        FALSE  4.82228405  0.39052368         -2.459177 2026-09-09 23:57:00
INFO  [23:57:05.824]        FALSE  4.82879644 -4.30707012         -3.196596 2026-09-09 23:57:00
INFO  [23:57:05.824]         TRUE -2.59160435  3.62126522         -5.340298 2026-09-09 23:57:00
INFO  [23:57:05.824]        FALSE -0.61787095  6.37533976         -4.991164 2026-09-09 23:57:00
INFO  [23:57:05.824]         TRUE  3.55509064 -1.03491059         -5.962409 2026-09-09 23:57:00
INFO  [23:57:05.824]         TRUE -3.63185209 -4.94504156         -6.049389 2026-09-09 23:57:00
INFO  [23:57:05.824]        FALSE -4.52293474  2.51358815         -4.585289 2026-09-09 23:57:00
INFO  [23:57:05.824]        FALSE -0.37137459 -3.24676020         -4.906704 2026-09-09 23:57:00
INFO  [23:57:05.824]         TRUE  1.05015032 -1.59585328         -6.422571 2026-09-09 23:57:00
INFO  [23:57:05.824]         TRUE -0.83457237 -5.49527792         -3.439709 2026-09-09 23:57:00
INFO  [23:57:05.824]         TRUE  2.59169636  5.78465098         -5.075953 2026-09-09 23:57:00
INFO  [23:57:05.824]         TRUE -5.02098339  3.50482825         -2.662976 2026-09-09 23:57:00
INFO  [23:57:05.824]         TRUE  3.82005187  1.06485155         -3.266851 2026-09-09 23:57:00
INFO  [23:57:05.824]         TRUE  5.00066937  1.23510885         -5.242887 2026-09-09 23:57:00
INFO  [23:57:05.824]        FALSE  3.37126131 -4.56353330         -3.438173 2026-09-09 23:57:00
INFO  [23:57:05.824]        FALSE  5.66373030  4.28511864         -5.286314 2026-09-09 23:57:00
INFO  [23:57:05.824]         TRUE  0.12496338  0.98698455         -3.053898 2026-09-09 23:57:00
INFO  [23:57:05.824]         TRUE -0.23763870 -3.01791886         -4.214126 2026-09-09 23:57:00
INFO  [23:57:05.824]        FALSE  5.05015828 -5.41511759         -3.208238 2026-09-09 23:57:00
INFO  [23:57:05.824]        FALSE -4.72566666 -1.83703118         -6.478042 2026-09-09 23:57:00
INFO  [23:57:05.824]         TRUE -4.88532155  0.75901977         -2.522449 2026-09-09 23:57:00
INFO  [23:57:05.824]        FALSE -4.67040097 -5.31261495         -6.262982 2026-09-09 23:57:00
INFO  [23:57:05.824]        FALSE -2.07060307  6.27270288         -2.475152 2026-09-09 23:57:00
INFO  [23:57:05.824]        FALSE -1.23560309  3.33113518         -2.917219 2026-09-09 23:57:00
INFO  [23:57:05.824]         TRUE -4.51106263 -3.89221285         -4.449859 2026-09-09 23:57:00
INFO  [23:57:05.824]         TRUE  3.60631529 -5.80660165         -5.899642 2026-09-09 23:57:00
INFO  [23:57:05.824]         TRUE -2.07080698 -2.00062381         -5.390521 2026-09-09 23:57:00
INFO  [23:57:05.824]         TRUE -0.27806239  0.08275777         -2.372010 2026-09-09 23:57:00
INFO  [23:57:05.824]        FALSE -1.12728865 -3.89432236         -3.850569 2026-09-09 23:57:00
INFO  [23:57:05.824]         TRUE -1.56792447 -3.63886110         -3.875006 2026-09-09 23:57:00
INFO  [23:57:05.824]        FALSE  5.77304051 -2.55819634         -4.688369 2026-09-09 23:57:00
INFO  [23:57:05.824]         TRUE -5.39883198  4.95158939         -3.649537 2026-09-09 23:57:00
INFO  [23:57:05.824]         TRUE -4.63130955 -1.01097693         -6.060426 2026-09-09 23:57:00
INFO  [23:57:05.824]         TRUE  5.50902826  1.65593402         -3.892166 2026-09-09 23:57:00
INFO  [23:57:05.824]        FALSE  2.54489981  2.79581116         -3.640565 2026-09-09 23:57:00
INFO  [23:57:05.824]        FALSE  5.85270128  4.15607009         -6.861624 2026-09-09 23:57:00
INFO  [23:57:05.824]         TRUE -3.34105620  5.10485435         -4.208465 2026-09-09 23:57:00
INFO  [23:57:05.824]        FALSE -6.40799773 -2.87155832         -3.003512 2026-09-09 23:57:00
INFO  [23:57:05.824]        FALSE  3.07063397  3.26408759         -4.219299 2026-09-09 23:57:00
INFO  [23:57:05.824]         TRUE -1.99610352  4.77039810         -3.334931 2026-09-09 23:57:00
INFO  [23:57:05.824]         TRUE  6.82974505 -6.06206394         -6.479743 2026-09-09 23:57:00
INFO  [23:57:05.824]         TRUE -3.92591481 -1.19555502         -6.144103 2026-09-09 23:57:00
INFO  [23:57:05.824]         TRUE -5.92506279 -1.68333892         -2.789678 2026-09-09 23:57:00
INFO  [23:57:05.824]         TRUE  2.94139845 -3.86815373         -5.289079 2026-09-09 23:57:00
INFO  [23:57:05.824]         TRUE -3.66370517 -6.19107630         -4.134967 2026-09-09 23:57:00
INFO  [23:57:05.824]         TRUE  2.53534127  1.94510374         -6.103316 2026-09-09 23:57:00
INFO  [23:57:05.824]        FALSE -5.51836697 -3.76475977         -3.950724 2026-09-09 23:57:00
INFO  [23:57:05.824]         TRUE -3.41792961 -6.62795820         -3.414000 2026-09-09 23:57:00
INFO  [23:57:05.824]         TRUE -1.31828927  0.77158705         -2.832119 2026-09-09 23:57:00
INFO  [23:57:05.824]         TRUE  4.72071847 -2.19689091         -2.634266 2026-09-09 23:57:00
INFO  [23:57:05.824]        FALSE  3.08933229  0.27615106         -2.359865 2026-09-09 23:57:00
INFO  [23:57:05.824]         TRUE  1.66221562 -4.99736110         -3.130859 2026-09-09 23:57:00
INFO  [23:57:05.824]        FALSE -2.65647657  4.73935115         -5.742662 2026-09-09 23:57:00
INFO  [23:57:05.824]        FALSE -3.17128794 -3.50582517         -4.999791 2026-09-09 23:57:00
INFO  [23:57:05.824]        FALSE -5.12088989 -5.29448138         -4.551505 2026-09-09 23:57:00
INFO  [23:57:05.824]        FALSE  5.38774029  2.05854163         -5.813827 2026-09-09 23:57:00
INFO  [23:57:05.824]         TRUE -5.49635634 -5.51645008         -2.493103 2026-09-09 23:57:00
INFO  [23:57:05.824]         TRUE -6.39742460  0.64138140         -6.673055 2026-09-09 23:57:00
INFO  [23:57:05.824]         TRUE -5.89245456 -3.09049800         -2.762351 2026-09-09 23:57:00
INFO  [23:57:05.824]        FALSE  0.92409760 -1.10671871         -5.925578 2026-09-09 23:57:00
INFO  [23:57:05.824]        FALSE  1.50711322  0.19767315         -4.019633 2026-09-09 23:57:00
INFO  [23:57:05.824]        FALSE -0.20444787 -2.23109495         -5.042518 2026-09-09 23:57:00
INFO  [23:57:05.824]         TRUE -4.70858523 -1.39483778         -3.934518 2026-09-09 23:57:00
INFO  [23:57:05.824]        FALSE -6.04828825 -6.41098543         -5.617910 2026-09-09 23:57:00
INFO  [23:57:05.824]        FALSE  6.43844523  2.32643547         -4.806279 2026-09-09 23:57:00
INFO  [23:57:05.824]         TRUE  3.13748488  1.86319406         -4.994640 2026-09-09 23:57:00
INFO  [23:57:05.824]         TRUE  5.57226644 -0.54995478         -4.204037 2026-09-09 23:57:00
INFO  [23:57:05.824]         TRUE -4.75448977 -0.55228531         -5.874434 2026-09-09 23:57:00
INFO  [23:57:05.824]        FALSE -4.39995095  0.39025227         -4.428422 2026-09-09 23:57:00
INFO  [23:57:05.824]         TRUE  4.12797159 -5.63490690         -4.635004 2026-09-09 23:57:00
INFO  [23:57:05.824]         TRUE -2.18393342 -2.65242436         -4.215215 2026-09-09 23:57:00
INFO  [23:57:05.824]         TRUE  1.58897487  4.75983157         -4.336406 2026-09-09 23:57:00
INFO  [23:57:05.824]         TRUE  6.48868284  4.51244747         -2.574721 2026-09-09 23:57:00
INFO  [23:57:05.824]        FALSE -4.57103918 -5.55647050         -6.282795 2026-09-09 23:57:00
INFO  [23:57:05.824]         TRUE  0.74534753  5.03532215         -3.739922 2026-09-09 23:57:00
INFO  [23:57:05.824]        FALSE -0.78864936 -2.02514860         -5.504179 2026-09-09 23:57:00
INFO  [23:57:05.824]        FALSE  6.76151272 -3.36586321         -5.757144 2026-09-09 23:57:00
INFO  [23:57:05.824]        FALSE -0.36735840  5.21113125         -2.609671 2026-09-09 23:57:00
INFO  [23:57:05.824]        FALSE -5.29665317 -3.02160699         -6.713829 2026-09-09 23:57:00
INFO  [23:57:05.824]        FALSE  4.73703162 -0.57512408         -3.247451 2026-09-09 23:57:00
INFO  [23:57:05.824]         TRUE -3.19994365 -2.21009322         -5.472950 2026-09-09 23:57:00
INFO  [23:57:05.824]        FALSE -3.62507966  0.76107725         -3.191509 2026-09-09 23:57:00
INFO  [23:57:05.824]        FALSE  6.18330428 -3.60452899         -2.411755 2026-09-09 23:57:00
INFO  [23:57:05.824]        FALSE  0.08134108 -3.94633126         -5.966411 2026-09-09 23:57:00
INFO  [23:57:05.824]         TRUE  4.37662307  1.84045351         -2.655422 2026-09-09 23:57:00
INFO  [23:57:05.824]         TRUE -4.16237944 -1.26354746         -2.378563 2026-09-09 23:57:00
INFO  [23:57:05.824]  extra_trees   lambda_l1   lambda_l2 min_gain_to_split        timestamp_xs
INFO  [23:57:05.824]         timestamp_ys
INFO  [23:57:05.824]  2026-09-09 23:57:00
INFO  [23:57:05.824]  2026-09-09 23:57:00
INFO  [23:57:05.824]  2026-09-09 23:57:00
INFO  [23:57:05.824]  2026-09-09 23:57:00
INFO  [23:57:05.824]  2026-09-09 23:57:00
INFO  [23:57:05.824]  2026-09-09 23:57:00
INFO  [23:57:05.824]  2026-09-09 23:57:00
INFO  [23:57:05.824]  2026-09-09 23:57:00
INFO  [23:57:05.824]  2026-09-09 23:57:00
INFO  [23:57:05.824]  2026-09-09 23:57:00
INFO  [23:57:05.824]  2026-09-09 23:57:00
INFO  [23:57:05.824]  2026-09-09 23:57:00
INFO  [23:57:05.824]  2026-09-09 23:57:00
INFO  [23:57:05.824]  2026-09-09 23:57:00
INFO  [23:57:05.824]  2026-09-09 23:57:00
INFO  [23:57:05.824]  2026-09-09 23:57:00
INFO  [23:57:05.824]  2026-09-09 23:57:00
INFO  [23:57:05.824]  2026-09-09 23:57:00
INFO  [23:57:05.824]  2026-09-09 23:57:00
INFO  [23:57:05.824]  2026-09-09 23:57:00
INFO  [23:57:05.824]  2026-09-09 23:57:00
INFO  [23:57:05.824]  2026-09-09 23:57:00
INFO  [23:57:05.824]  2026-09-09 23:57:00
INFO  [23:57:05.824]  2026-09-09 23:57:00
INFO  [23:57:05.824]  2026-09-09 23:57:00
INFO  [23:57:05.824]  2026-09-09 23:57:00
INFO  [23:57:05.824]  2026-09-09 23:57:00
INFO  [23:57:05.824]  2026-09-09 23:57:00
INFO  [23:57:05.824]  2026-09-09 23:57:00
INFO  [23:57:05.824]  2026-09-09 23:57:00
INFO  [23:57:05.824]  2026-09-09 23:57:00
INFO  [23:57:05.824]  2026-09-09 23:57:00
INFO  [23:57:05.824]  2026-09-09 23:57:00
INFO  [23:57:05.824]  2026-09-09 23:57:00
INFO  [23:57:05.824]  2026-09-09 23:57:00
INFO  [23:57:05.824]  2026-09-09 23:57:00
INFO  [23:57:05.824]  2026-09-09 23:57:00
INFO  [23:57:05.824]  2026-09-09 23:57:00
INFO  [23:57:05.824]  2026-09-09 23:57:00
INFO  [23:57:05.824]  2026-09-09 23:57:00
INFO  [23:57:05.824]  2026-09-09 23:57:00
INFO  [23:57:05.824]  2026-09-09 23:57:00
INFO  [23:57:05.824]  2026-09-09 23:57:00
INFO  [23:57:05.824]  2026-09-09 23:57:00
INFO  [23:57:05.824]  2026-09-09 23:57:00
INFO  [23:57:05.824]  2026-09-09 23:57:00
INFO  [23:57:05.824]  2026-09-09 23:57:00
INFO  [23:57:05.824]  2026-09-09 23:57:00
INFO  [23:57:05.824]  2026-09-09 23:57:00
INFO  [23:57:05.824]  2026-09-09 23:57:00
INFO  [23:57:05.824]  2026-09-09 23:57:00
INFO  [23:57:05.824]  2026-09-09 23:57:00
INFO  [23:57:05.824]  2026-09-09 23:57:00
INFO  [23:57:05.824]  2026-09-09 23:57:00
INFO  [23:57:05.824]  2026-09-09 23:57:00
INFO  [23:57:05.824]  2026-09-09 23:57:00
INFO  [23:57:05.824]  2026-09-09 23:57:00
INFO  [23:57:05.824]  2026-09-09 23:57:00
INFO  [23:57:05.824]  2026-09-09 23:57:00
INFO  [23:57:05.824]  2026-09-09 23:57:00
INFO  [23:57:05.824]  2026-09-09 23:57:00
INFO  [23:57:05.824]  2026-09-09 23:57:00
INFO  [23:57:05.824]  2026-09-09 23:57:00
INFO  [23:57:05.824]  2026-09-09 23:57:00
INFO  [23:57:05.824]  2026-09-09 23:57:00
INFO  [23:57:05.824]  2026-09-09 23:57:00
INFO  [23:57:05.824]  2026-09-09 23:57:00
INFO  [23:57:05.824]  2026-09-09 23:57:00
INFO  [23:57:05.824]  2026-09-09 23:57:00
INFO  [23:57:05.824]  2026-09-09 23:57:00
INFO  [23:57:05.824]  2026-09-09 23:57:00
INFO  [23:57:05.824]  2026-09-09 23:57:00
INFO  [23:57:05.824]  2026-09-09 23:57:00
INFO  [23:57:05.824]  2026-09-09 23:57:00
INFO  [23:57:05.824]  2026-09-09 23:57:00
INFO  [23:57:05.824]  2026-09-09 23:57:00
INFO  [23:57:05.824]  2026-09-09 23:57:00
INFO  [23:57:05.824]  2026-09-09 23:57:00
INFO  [23:57:05.824]  2026-09-09 23:57:00
INFO  [23:57:05.824]  2026-09-09 23:57:00
INFO  [23:57:05.824]  2026-09-09 23:57:00
INFO  [23:57:05.824]  2026-09-09 23:57:00
INFO  [23:57:05.824]  2026-09-09 23:57:00
INFO  [23:57:05.824]  2026-09-09 23:57:00
INFO  [23:57:05.824]  2026-09-09 23:57:00
INFO  [23:57:05.824]  2026-09-09 23:57:00
INFO  [23:57:05.824]  2026-09-09 23:57:00
INFO  [23:57:05.824]  2026-09-09 23:57:00
INFO  [23:57:05.824]  2026-09-09 23:57:00
INFO  [23:57:05.824]  2026-09-09 23:57:00
INFO  [23:57:05.824]  2026-09-09 23:57:00
INFO  [23:57:05.824]  2026-09-09 23:57:00
INFO  [23:57:05.824]  2026-09-09 23:57:00
INFO  [23:57:05.824]  2026-09-09 23:57:00
INFO  [23:57:05.824]  2026-09-09 23:57:00
INFO  [23:57:05.824]  2026-09-09 23:57:00
INFO  [23:57:05.824]  2026-09-09 23:57:00
INFO  [23:57:05.824]  2026-09-09 23:57:00
INFO  [23:57:05.824]  2026-09-09 23:57:00
INFO  [23:57:05.824]  2026-09-09 23:57:00
INFO  [23:57:05.824]         timestamp_ys
INFO  [23:57:05.970] [mlr3] Calling train method of fallback 'regr.ranger' on task 'surrogate_task' with 100 observations {learner: <LearnerRegrRanger/LearnerRegr/Learner/R6>}
INFO  [23:57:06.656] [mlr3] Calling train method of fallback 'regr.ranger' on task 'surrogate_task' with 101 observations {learner: <LearnerRegrRanger/LearnerRegr/Learner/R6>}
INFO  [23:57:07.308] [mlr3] Calling train method of fallback 'regr.ranger' on task 'surrogate_task' with 101 observations {learner: <LearnerRegrRanger/LearnerRegr/Learner/R6>}
INFO  [23:57:07.921] [mlr3] Calling train method of fallback 'regr.ranger' on task 'surrogate_task' with 102 observations {learner: <LearnerRegrRanger/LearnerRegr/Learner/R6>}
INFO  [23:57:08.521] [mlr3] Calling train method of fallback 'regr.ranger' on task 'surrogate_task' with 104 observations {learner: <LearnerRegrRanger/LearnerRegr/Learner/R6>}
INFO  [23:57:09.193] [mlr3] Calling train method of fallback 'regr.ranger' on task 'surrogate_task' with 105 observations {learner: <LearnerRegrRanger/LearnerRegr/Learner/R6>}
INFO  [23:57:09.859] [mlr3] Calling train method of fallback 'regr.ranger' on task 'surrogate_task' with 106 observations {learner: <LearnerRegrRanger/LearnerRegr/Learner/R6>}
INFO  [23:57:10.539] [mlr3] Calling train method of fallback 'regr.ranger' on task 'surrogate_task' with 107 observations {learner: <LearnerRegrRanger/LearnerRegr/Learner/R6>}
INFO  [23:57:11.242] [mlr3] Calling train method of fallback 'regr.ranger' on task 'surrogate_task' with 108 observations {learner: <LearnerRegrRanger/LearnerRegr/Learner/R6>}
INFO  [23:57:12.001] [mlr3] Calling train method of fallback 'regr.ranger' on task 'surrogate_task' with 109 observations {learner: <LearnerRegrRanger/LearnerRegr/Learner/R6>}
INFO  [23:57:12.718] [mlr3] Calling train method of fallback 'regr.ranger' on task 'surrogate_task' with 110 observations {learner: <LearnerRegrRanger/LearnerRegr/Learner/R6>}
INFO  [23:57:13.323] [mlr3] Calling train method of fallback 'regr.ranger' on task 'surrogate_task' with 111 observations {learner: <LearnerRegrRanger/LearnerRegr/Learner/R6>}
INFO  [23:57:13.975] [mlr3] Calling train method of fallback 'regr.ranger' on task 'surrogate_task' with 112 observations {learner: <LearnerRegrRanger/LearnerRegr/Learner/R6>}
INFO  [23:57:14.659] [mlr3] Calling train method of fallback 'regr.ranger' on task 'surrogate_task' with 113 observations {learner: <LearnerRegrRanger/LearnerRegr/Learner/R6>}
INFO  [23:57:15.295] [mlr3] Calling train method of fallback 'regr.ranger' on task 'surrogate_task' with 114 observations {learner: <LearnerRegrRanger/LearnerRegr/Learner/R6>}
INFO  [23:57:15.965] [mlr3] Calling train method of fallback 'regr.ranger' on task 'surrogate_task' with 115 observations {learner: <LearnerRegrRanger/LearnerRegr/Learner/R6>}
INFO  [23:57:16.626] [mlr3] Calling train method of fallback 'regr.ranger' on task 'surrogate_task' with 116 observations {learner: <LearnerRegrRanger/LearnerRegr/Learner/R6>}
INFO  [23:57:17.285] [mlr3] Calling train method of fallback 'regr.ranger' on task 'surrogate_task' with 117 observations {learner: <LearnerRegrRanger/LearnerRegr/Learner/R6>}
INFO  [23:57:17.951] [mlr3] Calling train method of fallback 'regr.ranger' on task 'surrogate_task' with 118 observations {learner: <LearnerRegrRanger/LearnerRegr/Learner/R6>}
INFO  [23:57:18.622] [mlr3] Calling train method of fallback 'regr.ranger' on task 'surrogate_task' with 119 observations {learner: <LearnerRegrRanger/LearnerRegr/Learner/R6>}
INFO  [23:57:19.297] [mlr3] Calling train method of fallback 'regr.ranger' on task 'surrogate_task' with 120 observations {learner: <LearnerRegrRanger/LearnerRegr/Learner/R6>}
INFO  [23:57:19.976] [mlr3] Calling train method of fallback 'regr.ranger' on task 'surrogate_task' with 121 observations {learner: <LearnerRegrRanger/LearnerRegr/Learner/R6>}
INFO  [23:57:20.673] [mlr3] Calling train method of fallback 'regr.ranger' on task 'surrogate_task' with 122 observations {learner: <LearnerRegrRanger/LearnerRegr/Learner/R6>}
INFO  [23:57:21.359] [mlr3] Calling train method of fallback 'regr.ranger' on task 'surrogate_task' with 123 observations {learner: <LearnerRegrRanger/LearnerRegr/Learner/R6>}
INFO  [23:57:22.325] [mlr3] Calling train method of fallback 'regr.ranger' on task 'surrogate_task' with 124 observations {learner: <LearnerRegrRanger/LearnerRegr/Learner/R6>}
INFO  [23:57:23.004] [mlr3] Calling train method of fallback 'regr.ranger' on task 'surrogate_task' with 125 observations {learner: <LearnerRegrRanger/LearnerRegr/Learner/R6>}
INFO  [23:57:23.686] [mlr3] Calling train method of fallback 'regr.ranger' on task 'surrogate_task' with 126 observations {learner: <LearnerRegrRanger/LearnerRegr/Learner/R6>}
INFO  [23:57:24.358] [mlr3] Calling train method of fallback 'regr.ranger' on task 'surrogate_task' with 126 observations {learner: <LearnerRegrRanger/LearnerRegr/Learner/R6>}
INFO  [23:57:25.068] [mlr3] Calling train method of fallback 'regr.ranger' on task 'surrogate_task' with 128 observations {learner: <LearnerRegrRanger/LearnerRegr/Learner/R6>}
INFO  [23:57:25.787] [mlr3] Calling train method of fallback 'regr.ranger' on task 'surrogate_task' with 129 observations {learner: <LearnerRegrRanger/LearnerRegr/Learner/R6>}
INFO  [23:57:26.463] [mlr3] Calling train method of fallback 'regr.ranger' on task 'surrogate_task' with 130 observations {learner: <LearnerRegrRanger/LearnerRegr/Learner/R6>}
INFO  [23:57:27.197] [mlr3] Calling train method of fallback 'regr.ranger' on task 'surrogate_task' with 131 observations {learner: <LearnerRegrRanger/LearnerRegr/Learner/R6>}
INFO  [23:57:27.925] [mlr3] Calling train method of fallback 'regr.ranger' on task 'surrogate_task' with 132 observations {learner: <LearnerRegrRanger/LearnerRegr/Learner/R6>}
INFO  [23:57:28.631] [mlr3] Calling train method of fallback 'regr.ranger' on task 'surrogate_task' with 133 observations {learner: <LearnerRegrRanger/LearnerRegr/Learner/R6>}
INFO  [23:57:29.316] [mlr3] Calling train method of fallback 'regr.ranger' on task 'surrogate_task' with 134 observations {learner: <LearnerRegrRanger/LearnerRegr/Learner/R6>}
INFO  [23:57:29.998] [mlr3] Calling train method of fallback 'regr.ranger' on task 'surrogate_task' with 135 observations {learner: <LearnerRegrRanger/LearnerRegr/Learner/R6>}
INFO  [23:57:30.681] [mlr3] Calling train method of fallback 'regr.ranger' on task 'surrogate_task' with 136 observations {learner: <LearnerRegrRanger/LearnerRegr/Learner/R6>}
INFO  [23:57:31.355] [mlr3] Calling train method of fallback 'regr.ranger' on task 'surrogate_task' with 137 observations {learner: <LearnerRegrRanger/LearnerRegr/Learner/R6>}
INFO  [23:57:32.026] [mlr3] Calling train method of fallback 'regr.ranger' on task 'surrogate_task' with 138 observations {learner: <LearnerRegrRanger/LearnerRegr/Learner/R6>}
INFO  [23:57:32.698] [mlr3] Calling train method of fallback 'regr.ranger' on task 'surrogate_task' with 139 observations {learner: <LearnerRegrRanger/LearnerRegr/Learner/R6>}
INFO  [23:57:33.393] [mlr3] Calling train method of fallback 'regr.ranger' on task 'surrogate_task' with 140 observations {learner: <LearnerRegrRanger/LearnerRegr/Learner/R6>}
INFO  [23:57:34.110] [mlr3] Calling train method of fallback 'regr.ranger' on task 'surrogate_task' with 141 observations {learner: <LearnerRegrRanger/LearnerRegr/Learner/R6>}
INFO  [23:57:34.795] [mlr3] Calling train method of fallback 'regr.ranger' on task 'surrogate_task' with 142 observations {learner: <LearnerRegrRanger/LearnerRegr/Learner/R6>}
INFO  [23:57:35.470] [mlr3] Calling train method of fallback 'regr.ranger' on task 'surrogate_task' with 143 observations {learner: <LearnerRegrRanger/LearnerRegr/Learner/R6>}
INFO  [23:57:36.169] [mlr3] Calling train method of fallback 'regr.ranger' on task 'surrogate_task' with 144 observations {learner: <LearnerRegrRanger/LearnerRegr/Learner/R6>}
INFO  [23:57:36.873] [mlr3] Calling train method of fallback 'regr.ranger' on task 'surrogate_task' with 145 observations {learner: <LearnerRegrRanger/LearnerRegr/Learner/R6>}
INFO  [23:57:37.599] [mlr3] Calling train method of fallback 'regr.ranger' on task 'surrogate_task' with 146 observations {learner: <LearnerRegrRanger/LearnerRegr/Learner/R6>}
INFO  [23:57:38.307] [mlr3] Calling train method of fallback 'regr.ranger' on task 'surrogate_task' with 147 observations {learner: <LearnerRegrRanger/LearnerRegr/Learner/R6>}
INFO  [23:57:39.011] [mlr3] Calling train method of fallback 'regr.ranger' on task 'surrogate_task' with 148 observations {learner: <LearnerRegrRanger/LearnerRegr/Learner/R6>}
INFO  [23:57:39.734] [mlr3] Calling train method of fallback 'regr.ranger' on task 'surrogate_task' with 149 observations {learner: <LearnerRegrRanger/LearnerRegr/Learner/R6>}
INFO  [23:57:40.680] [mlr3] Calling train method of fallback 'regr.ranger' on task 'surrogate_task' with 150 observations {learner: <LearnerRegrRanger/LearnerRegr/Learner/R6>}
INFO  [23:57:41.387] [mlr3] Calling train method of fallback 'regr.ranger' on task 'surrogate_task' with 151 observations {learner: <LearnerRegrRanger/LearnerRegr/Learner/R6>}
INFO  [23:57:42.121] [mlr3] Calling train method of fallback 'regr.ranger' on task 'surrogate_task' with 152 observations {learner: <LearnerRegrRanger/LearnerRegr/Learner/R6>}
INFO  [23:57:42.801] [mlr3] Calling train method of fallback 'regr.ranger' on task 'surrogate_task' with 153 observations {learner: <LearnerRegrRanger/LearnerRegr/Learner/R6>}
INFO  [23:57:43.521] [mlr3] Calling train method of fallback 'regr.ranger' on task 'surrogate_task' with 154 observations {learner: <LearnerRegrRanger/LearnerRegr/Learner/R6>}
INFO  [23:57:44.228] [mlr3] Calling train method of fallback 'regr.ranger' on task 'surrogate_task' with 155 observations {learner: <LearnerRegrRanger/LearnerRegr/Learner/R6>}
INFO  [23:57:44.924] [mlr3] Calling train method of fallback 'regr.ranger' on task 'surrogate_task' with 156 observations {learner: <LearnerRegrRanger/LearnerRegr/Learner/R6>}
INFO  [23:57:45.639] [mlr3] Calling train method of fallback 'regr.ranger' on task 'surrogate_task' with 157 observations {learner: <LearnerRegrRanger/LearnerRegr/Learner/R6>}
INFO  [23:57:46.354] [mlr3] Calling train method of fallback 'regr.ranger' on task 'surrogate_task' with 158 observations {learner: <LearnerRegrRanger/LearnerRegr/Learner/R6>}
INFO  [23:57:47.055] [mlr3] Calling train method of fallback 'regr.ranger' on task 'surrogate_task' with 159 observations {learner: <LearnerRegrRanger/LearnerRegr/Learner/R6>}
INFO  [23:57:47.769] [mlr3] Calling train method of fallback 'regr.ranger' on task 'surrogate_task' with 160 observations {learner: <LearnerRegrRanger/LearnerRegr/Learner/R6>}
INFO  [23:57:48.455] [mlr3] Calling train method of fallback 'regr.ranger' on task 'surrogate_task' with 161 observations {learner: <LearnerRegrRanger/LearnerRegr/Learner/R6>}
INFO  [23:57:49.194] [mlr3] Calling train method of fallback 'regr.ranger' on task 'surrogate_task' with 162 observations {learner: <LearnerRegrRanger/LearnerRegr/Learner/R6>}
INFO  [23:57:49.938] [mlr3] Calling train method of fallback 'regr.ranger' on task 'surrogate_task' with 163 observations {learner: <LearnerRegrRanger/LearnerRegr/Learner/R6>}
INFO  [23:57:51.496] 448 worker(s) running
INFO  [23:57:51.545] Results of 63 configuration(s):
INFO  [23:57:51.564]  classif.ce learning_rate num_leaves min_data_in_leaf feature_fraction
INFO  [23:57:51.564]       0.218   -2.07158297         24               20        1.0000000
INFO  [23:57:51.564]       0.226   -3.29221491         41               23        1.0000000
INFO  [23:57:51.564]       0.300   -2.48095522        161              165        0.9843407
INFO  [23:57:51.564]       0.220   -2.90466106         85               22        0.9909334
INFO  [23:57:51.564]       0.300   -2.72947877        168               83        0.9869935
INFO  [23:57:51.564]       0.235   -2.74160272         38              180        1.0000000
INFO  [23:57:51.564]       0.219   -2.64930239         58               22        0.9874766
INFO  [23:57:51.564]       0.212   -2.85731671         40               21        0.9879646
INFO  [23:57:51.564]       0.218   -2.87178076         42                6        0.9822381
INFO  [23:57:51.564]       0.224   -2.84875194         38               20        0.9803382
INFO  [23:57:51.564]       0.242   -0.55652315         16               20        0.9985571
INFO  [23:57:51.564]       0.300   -1.35546186         41               20        0.9882439
INFO  [23:57:51.564]       0.300   -2.90548698        112              200        0.9891949
INFO  [23:57:51.564]       0.222   -2.63855858         37               24        0.9848851
INFO  [23:57:51.564]       0.210   -2.63923439         46               23        0.9801798
INFO  [23:57:51.564]       0.222   -3.03824673         43               10        0.9981083
INFO  [23:57:51.564]       0.208   -2.77626905         42               18        0.7819629
INFO  [23:57:51.564]       0.219   -2.76111794         49               23        0.9936292
INFO  [23:57:51.564]       0.234   -2.67513552        210               21        0.1664834
INFO  [23:57:51.564]       0.244   -2.74585490         34               21        0.9591024
INFO  [23:57:51.564]       0.218   -2.79397789        219               22        0.9844809
INFO  [23:57:51.564]       0.219   -2.64595783        234               18        0.9948882
INFO  [23:57:51.564]       0.300   -6.67543359         42               13        0.9781984
INFO  [23:57:51.564]       0.215   -2.73147213        227               23        0.9857173
INFO  [23:57:51.564]       0.220   -2.69043279         10                1        1.0000000
INFO  [23:57:51.564]       0.223   -2.74236241         40               23        0.3723135
INFO  [23:57:51.564]       0.217   -3.12026555         45               22        0.6852210
INFO  [23:57:51.564]       0.221   -2.83835249         42               16        0.7733582
INFO  [23:57:51.564]       0.224   -2.08593772         22               87        1.0000000
INFO  [23:57:51.564]       0.210   -2.82608279        149               21        0.9752139
INFO  [23:57:51.564]       0.239   -1.78884438         44              120        1.0000000
INFO  [23:57:51.564]       0.234   -2.71908926         42              200        0.9815206
INFO  [23:57:51.564]       0.210   -2.76577536         45               22        0.9854011
INFO  [23:57:51.564]       0.219   -2.75372344        204               22        0.9866853
INFO  [23:57:51.564]       0.215   -2.43597641        148               22        0.9881344
INFO  [23:57:51.564]       0.234   -2.79770106        143               22        0.9875650
INFO  [23:57:51.564]       0.234   -2.78965564         42               22        1.0000000
INFO  [23:57:51.564]       0.217   -2.76472343         35               20        0.9751741
INFO  [23:57:51.564]       0.251   -5.14101154         86               21        0.9821153
INFO  [23:57:51.564]       0.214   -2.69514936         82               24        0.9820412
INFO  [23:57:51.564]       0.223   -2.65213425         41               22        0.2534997
INFO  [23:57:51.564]       0.212   -2.31240134        170               21        0.9792994
INFO  [23:57:51.564]       0.259   -2.76992446        126               19        0.2110731
INFO  [23:57:51.564]       0.217   -2.74452750         38               14        1.0000000
INFO  [23:57:51.564]       0.220   -2.75774055        203               20        0.2296405
INFO  [23:57:51.564]       0.208    0.00000000         42               24        0.9886486
INFO  [23:57:51.564]       0.211   -2.79539853        196               22        0.8202390
INFO  [23:57:51.564]       0.254   -4.59181197         26               16        0.9867884
INFO  [23:57:51.564]       0.224    0.00000000        201               15        0.1570822
INFO  [23:57:51.564]       0.214   -0.64199980        195                9        0.8600998
INFO  [23:57:51.564]       0.218   -2.98322814         42               21        0.9558047
INFO  [23:57:51.564]       0.216    0.00000000         44               22        0.2234839
INFO  [23:57:51.564]       0.238    0.00000000         15              200        0.2103923
INFO  [23:57:51.564]       0.231    0.00000000         42               20        0.9702017
INFO  [23:57:51.564]       0.214   -0.27750836         42               22        0.8350636
INFO  [23:57:51.564]       0.208    0.00000000         30               18        0.8250117
INFO  [23:57:51.564]       0.217   -2.55142005         42               21        0.9711432
INFO  [23:57:51.564]       0.220   -2.79383702        248               19        0.9854541
INFO  [23:57:51.564]       0.215   -1.42276572        217               21        0.7885048
INFO  [23:57:51.564]       0.228   -0.07755328        197               17        0.8172661
INFO  [23:57:51.564]       0.242    0.00000000        185               12        0.8233368
INFO  [23:57:51.564]       0.245   -3.20263037         58               23        0.1275471
INFO  [23:57:51.564]       0.225   -0.95234587         42               19        1.0000000
INFO  [23:57:51.564]  classif.ce learning_rate num_leaves min_data_in_leaf feature_fraction
INFO  [23:57:51.564]  extra_trees lambda_l1   lambda_l2 min_gain_to_split        timestamp_xs
INFO  [23:57:51.564]         TRUE -3.894094 -1.38582646         -6.199732 2026-09-09 23:57:06
INFO  [23:57:51.564]         TRUE -3.953889 -1.27397756         -6.104618 2026-09-09 23:57:07
INFO  [23:57:51.564]         TRUE  5.957670  3.96671834         -4.589933 2026-09-09 23:57:07
INFO  [23:57:51.564]         TRUE -3.928511 -1.19897529         -6.199637 2026-09-09 23:57:08
INFO  [23:57:51.564]         TRUE  6.907755  4.18663059         -6.129507 2026-09-09 23:57:09
INFO  [23:57:51.564]         TRUE -3.889550 -1.00595095         -6.557827 2026-09-09 23:57:09
INFO  [23:57:51.564]         TRUE -4.141490  2.56641643         -6.157172 2026-09-09 23:57:10
INFO  [23:57:51.564]         TRUE -3.630155 -1.46741370         -6.102600 2026-09-09 23:57:11
INFO  [23:57:51.564]         TRUE  1.138395 -1.45369524         -6.139920 2026-09-09 23:57:11
INFO  [23:57:51.564]         TRUE -4.086279  2.98330174         -6.145916 2026-09-09 23:57:12
INFO  [23:57:51.564]         TRUE -0.559912  6.58178049         -6.140349 2026-09-09 23:57:13
INFO  [23:57:51.564]         TRUE  6.907755 -0.94989838         -4.748193 2026-09-09 23:57:13
INFO  [23:57:51.564]         TRUE -3.096441  5.52192095         -2.327644 2026-09-09 23:57:14
INFO  [23:57:51.564]         TRUE -4.118379 -1.35400164         -6.113863 2026-09-09 23:57:15
INFO  [23:57:51.564]         TRUE -3.911989 -6.90775528         -6.117429 2026-09-09 23:57:15
INFO  [23:57:51.564]         TRUE -4.169260 -1.05054502         -2.948909 2026-09-09 23:57:16
INFO  [23:57:51.564]         TRUE -3.901080 -1.17764447         -6.127224 2026-09-09 23:57:17
INFO  [23:57:51.564]         TRUE -3.909367 -1.00295188         -2.705769 2026-09-09 23:57:17
INFO  [23:57:51.564]         TRUE -3.926127 -1.26908329         -6.907755 2026-09-09 23:57:18
INFO  [23:57:51.564]         TRUE -3.477801  4.65941383         -2.302585 2026-09-09 23:57:19
INFO  [23:57:51.564]         TRUE -3.840806 -1.32162305         -6.205418 2026-09-09 23:57:19
INFO  [23:57:51.564]         TRUE -3.905420  0.32992880         -6.059276 2026-09-09 23:57:20
INFO  [23:57:51.564]         TRUE -3.923494 -1.23084698         -3.302887 2026-09-09 23:57:21
INFO  [23:57:51.564]         TRUE -3.767533 -0.72399313         -6.772719 2026-09-09 23:57:22
INFO  [23:57:51.564]         TRUE -3.921664 -1.10192574         -2.328788 2026-09-09 23:57:22
INFO  [23:57:51.564]         TRUE -4.973740 -1.17488761         -6.263591 2026-09-09 23:57:23
INFO  [23:57:51.564]         TRUE -3.939553 -0.77046094         -6.168761 2026-09-09 23:57:24
INFO  [23:57:51.564]         TRUE -3.757005  3.34024324         -6.123667 2026-09-09 23:57:24
INFO  [23:57:51.564]         TRUE -5.946191 -1.19283790         -4.607466 2026-09-09 23:57:25
INFO  [23:57:51.564]         TRUE -2.415442 -0.08406508         -6.161272 2026-09-09 23:57:26
INFO  [23:57:51.564]         TRUE  1.865800 -6.58469127         -6.016395 2026-09-09 23:57:27
INFO  [23:57:51.564]         TRUE -3.916716 -5.58146112         -2.302585 2026-09-09 23:57:27
INFO  [23:57:51.564]        FALSE -1.596758 -3.53158089         -6.235857 2026-09-09 23:57:28
INFO  [23:57:51.564]         TRUE -6.724111 -1.22688826         -4.498785 2026-09-09 23:57:29
INFO  [23:57:51.564]         TRUE -2.024533 -2.23173980         -6.795338 2026-09-09 23:57:29
INFO  [23:57:51.564]        FALSE -3.934580  4.95110267         -6.059718 2026-09-09 23:57:30
INFO  [23:57:51.564]         TRUE -4.407575  3.92035931         -6.149061 2026-09-09 23:57:31
INFO  [23:57:51.564]         TRUE -4.013996 -1.16017411         -6.148312 2026-09-09 23:57:32
INFO  [23:57:51.564]        FALSE -2.725320 -1.13197454         -6.252091 2026-09-09 23:57:31
INFO  [23:57:51.564]         TRUE -1.602154 -1.10476449         -6.147664 2026-09-09 23:57:33
INFO  [23:57:51.564]         TRUE -1.662833 -1.17115590         -6.125271 2026-09-09 23:57:33
INFO  [23:57:51.564]         TRUE -3.870606 -1.21871172         -6.121003 2026-09-09 23:57:34
INFO  [23:57:51.564]         TRUE  1.859793  0.16339490         -6.324821 2026-09-09 23:57:35
INFO  [23:57:51.564]        FALSE -3.912922  0.46824634         -6.147456 2026-09-09 23:57:36
INFO  [23:57:51.564]         TRUE -3.914332 -1.19288141         -6.144427 2026-09-09 23:57:36
INFO  [23:57:51.564]         TRUE -3.922559 -1.15865376         -6.127021 2026-09-09 23:57:37
INFO  [23:57:51.564]         TRUE -3.921442 -1.23064973         -6.052054 2026-09-09 23:57:38
INFO  [23:57:51.564]         TRUE -6.578470 -1.22224090         -6.139175 2026-09-09 23:57:38
INFO  [23:57:51.564]        FALSE -3.944059  1.10445708         -6.119196 2026-09-09 23:57:39
INFO  [23:57:51.564]        FALSE -5.566238 -6.90775528         -6.535611 2026-09-09 23:57:40
INFO  [23:57:51.564]         TRUE -3.247682 -6.12419183         -6.907755 2026-09-09 23:57:41
INFO  [23:57:51.564]         TRUE -1.082097 -6.90775528         -6.165672 2026-09-09 23:57:41
INFO  [23:57:51.564]         TRUE -1.002003 -6.90775528         -6.164080 2026-09-09 23:57:42
INFO  [23:57:51.564]         TRUE -3.922379 -6.35365165         -6.126047 2026-09-09 23:57:43
INFO  [23:57:51.564]         TRUE -3.920848 -1.31770812         -6.348895 2026-09-09 23:57:44
INFO  [23:57:51.564]         TRUE -2.751188  2.61948205         -6.907755 2026-09-09 23:57:44
INFO  [23:57:51.564]         TRUE -3.956742 -0.57066013         -2.302585 2026-09-09 23:57:45
INFO  [23:57:51.564]        FALSE  1.260718 -1.21505294         -6.907755 2026-09-09 23:57:46
INFO  [23:57:51.564]        FALSE -1.103543 -1.18349215         -2.354246 2026-09-09 23:57:46
INFO  [23:57:51.564]         TRUE  1.175193  2.12396561         -6.907755 2026-09-09 23:57:47
INFO  [23:57:51.564]        FALSE -2.821929 -1.18447978         -2.514201 2026-09-09 23:57:48
INFO  [23:57:51.564]         TRUE -2.311165 -0.05035294         -6.158603 2026-09-09 23:57:49
INFO  [23:57:51.564]         TRUE  1.419980 -6.90775528         -6.157998 2026-09-09 23:57:49
INFO  [23:57:51.564]  extra_trees lambda_l1   lambda_l2 min_gain_to_split        timestamp_xs
INFO  [23:57:51.564]         timestamp_ys                                       worker_id
INFO  [23:57:51.564]  2026-09-09 23:57:08              unmerchantable_rhinoceros_26a92c30
INFO  [23:57:51.564]  2026-09-09 23:57:08                      brambly_amphibian_4d409de7
INFO  [23:57:51.564]  2026-09-09 23:57:09             semigeometric_americancrow_7a28bafa
INFO  [23:57:51.564]  2026-09-09 23:57:09                         leekgreen_cats_2a1dc7a4
INFO  [23:57:51.564]  2026-09-09 23:57:09  hydrophilic_zebraswallowtailbutterfly_25bdc41b
INFO  [23:57:51.564]  2026-09-09 23:57:10        odoriferous_americanindianhorse_a1d52fdd
INFO  [23:57:51.564]  2026-09-09 23:57:11                 sympathetic_arthropods_c1bbc658
INFO  [23:57:51.564]  2026-09-09 23:57:12                      marginal_leafbird_f63c0698
INFO  [23:57:51.564]  2026-09-09 23:57:13                    royal_amazondolphin_aa768e4a
INFO  [23:57:51.564]  2026-09-09 23:57:13                     alphabetic_cowbird_7260117a
INFO  [23:57:51.564]  2026-09-09 23:57:14           matriarchic_irrawaddydolphin_f80dbfe4
INFO  [23:57:51.564]  2026-09-09 23:57:14                       incautious_xerus_9eac9b0c
INFO  [23:57:51.564]  2026-09-09 23:57:15                        kittenish_pooch_0c51f8a4
INFO  [23:57:51.564]  2026-09-09 23:57:16                      semimagnetic_grub_d1cf1355
INFO  [23:57:51.564]  2026-09-09 23:57:16                          igneous_urutu_63383eb6
INFO  [23:57:51.564]  2026-09-09 23:57:17              metamathematical_scorpion_a4140707
INFO  [23:57:51.564]  2026-09-09 23:57:18              frightening_watermoccasin_39aa2eab
INFO  [23:57:51.564]  2026-09-09 23:57:19                            costly_mite_a97d7870
INFO  [23:57:51.564]  2026-09-09 23:57:19                hallucinatory_goosefish_1171f849
INFO  [23:57:51.564]  2026-09-09 23:57:20                        cosey_swellfish_728f7433
INFO  [23:57:51.564]  2026-09-09 23:57:21                           aurous_pooch_eeb72590
INFO  [23:57:51.564]  2026-09-09 23:57:21                hallucinatory_goosefish_1171f849
INFO  [23:57:51.564]  2026-09-09 23:57:22                     reponsible_lobster_17bf468b
INFO  [23:57:51.564]  2026-09-09 23:57:23                          flammable_ray_8d6362d5
INFO  [23:57:51.564]  2026-09-09 23:57:23              noninvincible_widowspider_02a8d58d
INFO  [23:57:51.564]  2026-09-09 23:57:24                      squirrellike_carp_5d63dc67
INFO  [23:57:51.564]  2026-09-09 23:57:25                      future_hellbender_78b97c0e
INFO  [23:57:51.564]  2026-09-09 23:57:26                        unmetallic_roan_9d045ddf
INFO  [23:57:51.564]  2026-09-09 23:57:26                            costly_mite_a97d7870
INFO  [23:57:51.564]  2026-09-09 23:57:27                      discrete_finwhale_4456dce5
INFO  [23:57:51.564]  2026-09-09 23:57:28                       uninfested_racer_75537c09
INFO  [23:57:51.564]  2026-09-09 23:57:28                       incautious_xerus_9eac9b0c
INFO  [23:57:51.564]  2026-09-09 23:57:29                      titanite_plankton_9d6f68cc
INFO  [23:57:51.564]  2026-09-09 23:57:30               commentarial_barebirdbat_e7c60a33
INFO  [23:57:51.564]  2026-09-09 23:57:30               unwieldy_greatwhiteshark_8ee1630b
INFO  [23:57:51.564]  2026-09-09 23:57:31                         striking_stoat_13e2d344
INFO  [23:57:51.564]  2026-09-09 23:57:32                       uninfested_racer_75537c09
INFO  [23:57:51.564]  2026-09-09 23:57:33                      squirrellike_carp_5d63dc67
INFO  [23:57:51.564]  2026-09-09 23:57:33 pseudoartistic_gossamerwingedbutterfly_30b39e3c
INFO  [23:57:51.564]  2026-09-09 23:57:34                      foreknowable_eyas_5abdcaa4
INFO  [23:57:51.564]  2026-09-09 23:57:35                         messy_harpseal_40367d7b
INFO  [23:57:51.564]  2026-09-09 23:57:35                hallucinatory_goosefish_1171f849
INFO  [23:57:51.564]  2026-09-09 23:57:36                       uninfested_racer_75537c09
INFO  [23:57:51.564]  2026-09-09 23:57:37                         messy_harpseal_40367d7b
INFO  [23:57:51.564]  2026-09-09 23:57:37                 cavitied_frenchbulldog_24b070af
INFO  [23:57:51.564]  2026-09-09 23:57:38                            costly_mite_a97d7870
INFO  [23:57:51.564]  2026-09-09 23:57:39                       uninfested_racer_75537c09
INFO  [23:57:51.564]  2026-09-09 23:57:39                      squirrellike_carp_5d63dc67
INFO  [23:57:51.564]  2026-09-09 23:57:40           subwealthy_galapagostortoise_2f709775
INFO  [23:57:51.564]  2026-09-09 23:57:41                     wormy_sandbarshark_70e703ef
INFO  [23:57:51.564]  2026-09-09 23:57:42                    dotted_yellowthroat_1f81044e
INFO  [23:57:51.564]  2026-09-09 23:57:43                 emptied_alaskankleekai_711a3291
INFO  [23:57:51.564]  2026-09-09 23:57:43               commentarial_barebirdbat_e7c60a33
INFO  [23:57:51.564]  2026-09-09 23:57:44                   handwritten_dormouse_62b64c2b
INFO  [23:57:51.564]  2026-09-09 23:57:44                 emptied_alaskankleekai_711a3291
INFO  [23:57:51.564]  2026-09-09 23:57:45                    dotted_yellowthroat_1f81044e
INFO  [23:57:51.564]  2026-09-09 23:57:46              unmerchantable_rhinoceros_26a92c30
INFO  [23:57:51.564]  2026-09-09 23:57:47           transparent_galapagossealion_80b3d06d
INFO  [23:57:51.564]  2026-09-09 23:57:47                            costly_mite_a97d7870
INFO  [23:57:51.564]  2026-09-09 23:57:48                      squirrellike_carp_5d63dc67
INFO  [23:57:51.564]  2026-09-09 23:57:49           transparent_galapagossealion_80b3d06d
INFO  [23:57:51.564]  2026-09-09 23:57:50                   statued_komododragon_44047f3e
INFO  [23:57:51.564]  2026-09-09 23:57:50                hallucinatory_goosefish_1171f849
INFO  [23:57:51.564]         timestamp_ys                                       worker_id
INFO  [23:57:51.564]  runtime_learners warnings errors internal_tuned_values     acq_cb
INFO  [23:57:51.564]             0.646        0      0     num_iterations=39 -27.191816
INFO  [23:57:51.564]             0.797        0      0    num_iterations=102 -26.188692
INFO  [23:57:51.564]             0.429        0      0      num_iterations=1 -25.876028
INFO  [23:57:51.564]             0.717        0      0     num_iterations=70 -25.155052
INFO  [23:57:51.564]             0.438        0      0      num_iterations=1 -24.300288
INFO  [23:57:51.564]             0.583        0      0    num_iterations=104 -21.968682
INFO  [23:57:51.564]             0.709        0      0    num_iterations=108 -22.295257
INFO  [23:57:51.564]             0.842        0      0    num_iterations=125 -21.265528
INFO  [23:57:51.564]             0.655        0      0    num_iterations=115 -18.529636
INFO  [23:57:51.564]             0.700        0      0    num_iterations=111 -23.522628
INFO  [23:57:51.564]             0.608        0      0     num_iterations=82 -16.874125
INFO  [23:57:51.564]             0.385        0      0      num_iterations=1 -15.493880
INFO  [23:57:51.564]             0.412        0      0      num_iterations=1 -13.038776
INFO  [23:57:51.564]             0.687        0      0     num_iterations=82 -16.757016
INFO  [23:57:51.564]             0.695        0      0     num_iterations=66 -17.312238
INFO  [23:57:51.564]             0.688        0      0     num_iterations=74 -15.380692
INFO  [23:57:51.564]             0.780        0      0    num_iterations=139 -16.719734
INFO  [23:57:51.564]             0.649        0      0     num_iterations=87 -17.393518
INFO  [23:57:51.564]             0.602        0      0    num_iterations=145 -15.634726
INFO  [23:57:51.564]             0.648        0      0    num_iterations=120 -13.487950
INFO  [23:57:51.564]             0.768        0      0     num_iterations=76 -16.342858
INFO  [23:57:51.564]             0.647        0      0     num_iterations=86 -14.426707
INFO  [23:57:51.564]             0.503        0      0      num_iterations=1 -14.374180
INFO  [23:57:51.564]             0.775        0      0     num_iterations=94 -16.746103
INFO  [23:57:51.564]             0.614        0      0     num_iterations=73 -15.824318
INFO  [23:57:51.564]             0.652        0      0     num_iterations=96 -16.178309
INFO  [23:57:51.564]             0.786        0      0    num_iterations=117 -13.272952
INFO  [23:57:51.564]             0.729        0      0    num_iterations=131 -14.069670
INFO  [23:57:51.564]             0.522        0      0     num_iterations=56 -12.348754
INFO  [23:57:51.564]             0.784        0      0    num_iterations=117 -11.050300
INFO  [23:57:51.564]             0.474        0      0     num_iterations=51  -9.391192
INFO  [23:57:51.564]             0.533        0      0    num_iterations=102 -12.622980
INFO  [23:57:51.564]             0.945        0      0     num_iterations=75 -14.484397
INFO  [23:57:51.564]             0.717        0      0     num_iterations=80 -16.467496
INFO  [23:57:51.564]             0.672        0      0     num_iterations=65 -10.988313
INFO  [23:57:51.564]             0.798        0      0    num_iterations=121 -12.672933
INFO  [23:57:51.564]             0.607        0      0    num_iterations=109 -16.163833
INFO  [23:57:51.564]             0.622        0      0     num_iterations=76 -15.535140
INFO  [23:57:51.564]             1.146        0      0    num_iterations=153 -11.987972
INFO  [23:57:51.564]             0.700        0      0     num_iterations=98 -12.393741
INFO  [23:57:51.564]             0.632        0      0    num_iterations=132 -12.663343
INFO  [23:57:51.564]             0.615        0      0     num_iterations=63 -13.734739
INFO  [23:57:51.564]             0.507        0      0    num_iterations=133 -10.818897
INFO  [23:57:51.564]             0.793        0      0     num_iterations=43 -13.528085
INFO  [23:57:51.564]             0.751        0      0    num_iterations=140 -17.381355
INFO  [23:57:51.564]             0.470        0      0     num_iterations=26 -16.897315
INFO  [23:57:51.564]             0.702        0      0    num_iterations=100 -12.314145
INFO  [23:57:51.564]             0.826        0      0    num_iterations=129 -14.445676
INFO  [23:57:51.564]             0.530        0      0     num_iterations=28 -11.204780
INFO  [23:57:51.564]             0.595        0      0     num_iterations=15 -10.145722
INFO  [23:57:51.564]             0.743        0      0     num_iterations=94 -11.404207
INFO  [23:57:51.564]             0.709        0      0     num_iterations=53  -9.821620
INFO  [23:57:51.564]             0.372        0      0     num_iterations=41 -19.528766
INFO  [23:57:51.564]             0.546        0      0     num_iterations=16 -15.765924
INFO  [23:57:51.564]             0.457        0      0     num_iterations=18 -12.195310
INFO  [23:57:51.564]             0.528        0      0     num_iterations=64 -10.490562
INFO  [23:57:51.564]             0.605        0      0     num_iterations=98 -10.649561
INFO  [23:57:51.564]             0.703        0      0     num_iterations=42 -10.984572
INFO  [23:57:51.564]             0.472        0      0     num_iterations=19 -10.829916
INFO  [23:57:51.564]             0.373        0      0     num_iterations=11 -11.934184
INFO  [23:57:51.564]             0.614        0      0     num_iterations=11 -11.463914
INFO  [23:57:51.564]             0.667        0      0    num_iterations=159  -9.879454
INFO  [23:57:51.564]             0.410        0      0     num_iterations=32  -9.732797
INFO  [23:57:51.564]  runtime_learners warnings errors internal_tuned_values     acq_cb
INFO  [23:57:51.564]  timestamp_surrogate timestamp_acq_function timestamp_acq_optimizer
INFO  [23:57:51.564]  2026-09-09 23:57:05    2026-09-09 23:57:05     2026-09-09 23:57:05
INFO  [23:57:51.564]  2026-09-09 23:57:06    2026-09-09 23:57:06     2026-09-09 23:57:06
INFO  [23:57:51.564]  2026-09-09 23:57:07    2026-09-09 23:57:07     2026-09-09 23:57:07
INFO  [23:57:51.564]  2026-09-09 23:57:07    2026-09-09 23:57:07     2026-09-09 23:57:07
INFO  [23:57:51.564]  2026-09-09 23:57:08    2026-09-09 23:57:08     2026-09-09 23:57:08
INFO  [23:57:51.564]  2026-09-09 23:57:09    2026-09-09 23:57:09     2026-09-09 23:57:09
INFO  [23:57:51.564]  2026-09-09 23:57:09    2026-09-09 23:57:09     2026-09-09 23:57:09
INFO  [23:57:51.564]  2026-09-09 23:57:10    2026-09-09 23:57:10     2026-09-09 23:57:10
INFO  [23:57:51.564]  2026-09-09 23:57:11    2026-09-09 23:57:11     2026-09-09 23:57:11
INFO  [23:57:51.564]  2026-09-09 23:57:11    2026-09-09 23:57:12     2026-09-09 23:57:12
INFO  [23:57:51.564]  2026-09-09 23:57:12    2026-09-09 23:57:12     2026-09-09 23:57:12
INFO  [23:57:51.564]  2026-09-09 23:57:13    2026-09-09 23:57:13     2026-09-09 23:57:13
INFO  [23:57:51.564]  2026-09-09 23:57:13    2026-09-09 23:57:13     2026-09-09 23:57:13
INFO  [23:57:51.564]  2026-09-09 23:57:14    2026-09-09 23:57:14     2026-09-09 23:57:14
INFO  [23:57:51.564]  2026-09-09 23:57:15    2026-09-09 23:57:15     2026-09-09 23:57:15
INFO  [23:57:51.564]  2026-09-09 23:57:15    2026-09-09 23:57:15     2026-09-09 23:57:15
INFO  [23:57:51.564]  2026-09-09 23:57:16    2026-09-09 23:57:16     2026-09-09 23:57:16
INFO  [23:57:51.564]  2026-09-09 23:57:17    2026-09-09 23:57:17     2026-09-09 23:57:17
INFO  [23:57:51.564]  2026-09-09 23:57:17    2026-09-09 23:57:17     2026-09-09 23:57:17
INFO  [23:57:51.564]  2026-09-09 23:57:18    2026-09-09 23:57:18     2026-09-09 23:57:18
INFO  [23:57:51.564]  2026-09-09 23:57:19    2026-09-09 23:57:19     2026-09-09 23:57:19
INFO  [23:57:51.564]  2026-09-09 23:57:19    2026-09-09 23:57:19     2026-09-09 23:57:19
INFO  [23:57:51.564]  2026-09-09 23:57:20    2026-09-09 23:57:20     2026-09-09 23:57:20
INFO  [23:57:51.564]  2026-09-09 23:57:21    2026-09-09 23:57:21     2026-09-09 23:57:21
INFO  [23:57:51.564]  2026-09-09 23:57:22    2026-09-09 23:57:22     2026-09-09 23:57:22
INFO  [23:57:51.564]  2026-09-09 23:57:22    2026-09-09 23:57:23     2026-09-09 23:57:23
INFO  [23:57:51.564]  2026-09-09 23:57:23    2026-09-09 23:57:23     2026-09-09 23:57:23
INFO  [23:57:51.564]  2026-09-09 23:57:24    2026-09-09 23:57:24     2026-09-09 23:57:24
INFO  [23:57:51.564]  2026-09-09 23:57:24    2026-09-09 23:57:25     2026-09-09 23:57:25
INFO  [23:57:51.564]  2026-09-09 23:57:25    2026-09-09 23:57:25     2026-09-09 23:57:25
INFO  [23:57:51.564]  2026-09-09 23:57:26    2026-09-09 23:57:26     2026-09-09 23:57:26
INFO  [23:57:51.564]  2026-09-09 23:57:27    2026-09-09 23:57:27     2026-09-09 23:57:27
INFO  [23:57:51.564]  2026-09-09 23:57:27    2026-09-09 23:57:27     2026-09-09 23:57:27
INFO  [23:57:51.564]  2026-09-09 23:57:28    2026-09-09 23:57:28     2026-09-09 23:57:28
INFO  [23:57:51.564]  2026-09-09 23:57:29    2026-09-09 23:57:29     2026-09-09 23:57:29
INFO  [23:57:51.564]  2026-09-09 23:57:29    2026-09-09 23:57:30     2026-09-09 23:57:30
INFO  [23:57:51.564]  2026-09-09 23:57:30    2026-09-09 23:57:30     2026-09-09 23:57:30
INFO  [23:57:51.564]  2026-09-09 23:57:31    2026-09-09 23:57:32     2026-09-09 23:57:32
INFO  [23:57:51.564]  2026-09-09 23:57:31    2026-09-09 23:57:31     2026-09-09 23:57:31
INFO  [23:57:51.564]  2026-09-09 23:57:32    2026-09-09 23:57:32     2026-09-09 23:57:32
INFO  [23:57:51.564]  2026-09-09 23:57:33    2026-09-09 23:57:33     2026-09-09 23:57:33
INFO  [23:57:51.564]  2026-09-09 23:57:33    2026-09-09 23:57:34     2026-09-09 23:57:34
INFO  [23:57:51.564]  2026-09-09 23:57:34    2026-09-09 23:57:34     2026-09-09 23:57:34
INFO  [23:57:51.564]  2026-09-09 23:57:35    2026-09-09 23:57:35     2026-09-09 23:57:35
INFO  [23:57:51.564]  2026-09-09 23:57:36    2026-09-09 23:57:36     2026-09-09 23:57:36
INFO  [23:57:51.564]  2026-09-09 23:57:36    2026-09-09 23:57:36     2026-09-09 23:57:36
INFO  [23:57:51.564]  2026-09-09 23:57:37    2026-09-09 23:57:37     2026-09-09 23:57:37
INFO  [23:57:51.564]  2026-09-09 23:57:38    2026-09-09 23:57:38     2026-09-09 23:57:38
INFO  [23:57:51.564]  2026-09-09 23:57:38    2026-09-09 23:57:39     2026-09-09 23:57:39
INFO  [23:57:51.564]  2026-09-09 23:57:39    2026-09-09 23:57:39     2026-09-09 23:57:39
INFO  [23:57:51.564]  2026-09-09 23:57:40    2026-09-09 23:57:40     2026-09-09 23:57:40
INFO  [23:57:51.564]  2026-09-09 23:57:41    2026-09-09 23:57:41     2026-09-09 23:57:41
INFO  [23:57:51.564]  2026-09-09 23:57:41    2026-09-09 23:57:42     2026-09-09 23:57:42
INFO  [23:57:51.564]  2026-09-09 23:57:42    2026-09-09 23:57:42     2026-09-09 23:57:42
INFO  [23:57:51.564]  2026-09-09 23:57:43    2026-09-09 23:57:43     2026-09-09 23:57:43
INFO  [23:57:51.564]  2026-09-09 23:57:44    2026-09-09 23:57:44     2026-09-09 23:57:44
INFO  [23:57:51.564]  2026-09-09 23:57:44    2026-09-09 23:57:44     2026-09-09 23:57:44
INFO  [23:57:51.564]  2026-09-09 23:57:45    2026-09-09 23:57:45     2026-09-09 23:57:45
INFO  [23:57:51.564]  2026-09-09 23:57:46    2026-09-09 23:57:46     2026-09-09 23:57:46
INFO  [23:57:51.564]  2026-09-09 23:57:46    2026-09-09 23:57:47     2026-09-09 23:57:47
INFO  [23:57:51.564]  2026-09-09 23:57:47    2026-09-09 23:57:47     2026-09-09 23:57:47
INFO  [23:57:51.564]  2026-09-09 23:57:48    2026-09-09 23:57:48     2026-09-09 23:57:48
INFO  [23:57:51.564]  2026-09-09 23:57:49    2026-09-09 23:57:49     2026-09-09 23:57:49
INFO  [23:57:51.564]  timestamp_surrogate timestamp_acq_function timestamp_acq_optimizer
INFO  [23:57:51.564]       timestamp_loop
INFO  [23:57:51.564]  2026-09-09 23:57:06
INFO  [23:57:51.564]  2026-09-09 23:57:07
INFO  [23:57:51.564]  2026-09-09 23:57:07
INFO  [23:57:51.564]  2026-09-09 23:57:08
INFO  [23:57:51.564]  2026-09-09 23:57:09
INFO  [23:57:51.564]  2026-09-09 23:57:09
INFO  [23:57:51.564]  2026-09-09 23:57:10
INFO  [23:57:51.564]  2026-09-09 23:57:11
INFO  [23:57:51.564]  2026-09-09 23:57:11
INFO  [23:57:51.564]  2026-09-09 23:57:12
INFO  [23:57:51.564]  2026-09-09 23:57:13
INFO  [23:57:51.564]  2026-09-09 23:57:13
INFO  [23:57:51.564]  2026-09-09 23:57:14
INFO  [23:57:51.564]  2026-09-09 23:57:15
INFO  [23:57:51.564]  2026-09-09 23:57:15
INFO  [23:57:51.564]  2026-09-09 23:57:16
INFO  [23:57:51.564]  2026-09-09 23:57:17
INFO  [23:57:51.564]  2026-09-09 23:57:17
INFO  [23:57:51.564]  2026-09-09 23:57:18
INFO  [23:57:51.564]  2026-09-09 23:57:19
INFO  [23:57:51.564]  2026-09-09 23:57:19
INFO  [23:57:51.564]  2026-09-09 23:57:20
INFO  [23:57:51.564]  2026-09-09 23:57:21
INFO  [23:57:51.564]  2026-09-09 23:57:22
INFO  [23:57:51.564]  2026-09-09 23:57:22
INFO  [23:57:51.564]  2026-09-09 23:57:23
INFO  [23:57:51.564]  2026-09-09 23:57:24
INFO  [23:57:51.564]  2026-09-09 23:57:24
INFO  [23:57:51.564]  2026-09-09 23:57:25
INFO  [23:57:51.564]  2026-09-09 23:57:26
INFO  [23:57:51.564]  2026-09-09 23:57:27
INFO  [23:57:51.564]  2026-09-09 23:57:27
INFO  [23:57:51.564]  2026-09-09 23:57:28
INFO  [23:57:51.564]  2026-09-09 23:57:29
INFO  [23:57:51.564]  2026-09-09 23:57:29
INFO  [23:57:51.564]  2026-09-09 23:57:30
INFO  [23:57:51.564]  2026-09-09 23:57:31
INFO  [23:57:51.564]  2026-09-09 23:57:32
INFO  [23:57:51.564]  2026-09-09 23:57:31
INFO  [23:57:51.564]  2026-09-09 23:57:33
INFO  [23:57:51.564]  2026-09-09 23:57:33
INFO  [23:57:51.564]  2026-09-09 23:57:34
INFO  [23:57:51.564]  2026-09-09 23:57:35
INFO  [23:57:51.564]  2026-09-09 23:57:36
INFO  [23:57:51.564]  2026-09-09 23:57:36
INFO  [23:57:51.564]  2026-09-09 23:57:37
INFO  [23:57:51.564]  2026-09-09 23:57:38
INFO  [23:57:51.564]  2026-09-09 23:57:38
INFO  [23:57:51.564]  2026-09-09 23:57:39
INFO  [23:57:51.564]  2026-09-09 23:57:40
INFO  [23:57:51.564]  2026-09-09 23:57:41
INFO  [23:57:51.564]  2026-09-09 23:57:41
INFO  [23:57:51.564]  2026-09-09 23:57:42
INFO  [23:57:51.564]  2026-09-09 23:57:43
INFO  [23:57:51.564]  2026-09-09 23:57:44
INFO  [23:57:51.564]  2026-09-09 23:57:44
INFO  [23:57:51.564]  2026-09-09 23:57:45
INFO  [23:57:51.564]  2026-09-09 23:57:46
INFO  [23:57:51.564]  2026-09-09 23:57:46
INFO  [23:57:51.564]  2026-09-09 23:57:47
INFO  [23:57:51.564]  2026-09-09 23:57:48
INFO  [23:57:51.564]  2026-09-09 23:57:49
INFO  [23:57:51.564]  2026-09-09 23:57:49
INFO  [23:57:51.564]       timestamp_loop
INFO  [23:57:51.788] [mlr3] Calling train method of fallback 'regr.ranger' on task 'surrogate_task' with 164 observations {learner: <LearnerRegrRanger/LearnerRegr/Learner/R6>}
INFO  [23:57:52.516] [mlr3] Calling train method of fallback 'regr.ranger' on task 'surrogate_task' with 165 observations {learner: <LearnerRegrRanger/LearnerRegr/Learner/R6>}
INFO  [23:57:53.253] [mlr3] Calling train method of fallback 'regr.ranger' on task 'surrogate_task' with 166 observations {learner: <LearnerRegrRanger/LearnerRegr/Learner/R6>}
INFO  [23:57:53.984] [mlr3] Calling train method of fallback 'regr.ranger' on task 'surrogate_task' with 167 observations {learner: <LearnerRegrRanger/LearnerRegr/Learner/R6>}
INFO  [23:57:54.750] [mlr3] Calling train method of fallback 'regr.ranger' on task 'surrogate_task' with 168 observations {learner: <LearnerRegrRanger/LearnerRegr/Learner/R6>}
INFO  [23:57:55.587] [mlr3] Calling train method of fallback 'regr.ranger' on task 'surrogate_task' with 169 observations {learner: <LearnerRegrRanger/LearnerRegr/Learner/R6>}
INFO  [23:57:56.390] [mlr3] Calling train method of fallback 'regr.ranger' on task 'surrogate_task' with 170 observations {learner: <LearnerRegrRanger/LearnerRegr/Learner/R6>}
INFO  [23:57:57.184] [mlr3] Calling train method of fallback 'regr.ranger' on task 'surrogate_task' with 171 observations {learner: <LearnerRegrRanger/LearnerRegr/Learner/R6>}
INFO  [23:57:58.325] [mlr3] Calling train method of fallback 'regr.ranger' on task 'surrogate_task' with 172 observations {learner: <LearnerRegrRanger/LearnerRegr/Learner/R6>}
INFO  [23:57:59.112] [mlr3] Calling train method of fallback 'regr.ranger' on task 'surrogate_task' with 173 observations {learner: <LearnerRegrRanger/LearnerRegr/Learner/R6>}
INFO  [23:57:59.880] [mlr3] Calling train method of fallback 'regr.ranger' on task 'surrogate_task' with 174 observations {learner: <LearnerRegrRanger/LearnerRegr/Learner/R6>}
INFO  [23:58:00.623] [mlr3] Calling train method of fallback 'regr.ranger' on task 'surrogate_task' with 175 observations {learner: <LearnerRegrRanger/LearnerRegr/Learner/R6>}
INFO  [23:58:01.369] [mlr3] Calling train method of fallback 'regr.ranger' on task 'surrogate_task' with 176 observations {learner: <LearnerRegrRanger/LearnerRegr/Learner/R6>}
INFO  [23:58:02.103] [mlr3] Calling train method of fallback 'regr.ranger' on task 'surrogate_task' with 177 observations {learner: <LearnerRegrRanger/LearnerRegr/Learner/R6>}
INFO  [23:58:02.839] [mlr3] Calling train method of fallback 'regr.ranger' on task 'surrogate_task' with 178 observations {learner: <LearnerRegrRanger/LearnerRegr/Learner/R6>}
INFO  [23:58:03.573] [mlr3] Calling train method of fallback 'regr.ranger' on task 'surrogate_task' with 179 observations {learner: <LearnerRegrRanger/LearnerRegr/Learner/R6>}
INFO  [23:58:04.332] [mlr3] Calling train method of fallback 'regr.ranger' on task 'surrogate_task' with 180 observations {learner: <LearnerRegrRanger/LearnerRegr/Learner/R6>}
INFO  [23:58:05.117] [mlr3] Calling train method of fallback 'regr.ranger' on task 'surrogate_task' with 181 observations {learner: <LearnerRegrRanger/LearnerRegr/Learner/R6>}
INFO  [23:58:05.873] [mlr3] Calling train method of fallback 'regr.ranger' on task 'surrogate_task' with 182 observations {learner: <LearnerRegrRanger/LearnerRegr/Learner/R6>}
INFO  [23:58:06.662] [mlr3] Calling train method of fallback 'regr.ranger' on task 'surrogate_task' with 183 observations {learner: <LearnerRegrRanger/LearnerRegr/Learner/R6>}
INFO  [23:58:07.440] [mlr3] Calling train method of fallback 'regr.ranger' on task 'surrogate_task' with 184 observations {learner: <LearnerRegrRanger/LearnerRegr/Learner/R6>}
INFO  [23:58:08.220] [mlr3] Calling train method of fallback 'regr.ranger' on task 'surrogate_task' with 185 observations {learner: <LearnerRegrRanger/LearnerRegr/Learner/R6>}
INFO  [23:58:09.009] [mlr3] Calling train method of fallback 'regr.ranger' on task 'surrogate_task' with 186 observations {learner: <LearnerRegrRanger/LearnerRegr/Learner/R6>}
INFO  [23:58:09.756] [mlr3] Calling train method of fallback 'regr.ranger' on task 'surrogate_task' with 187 observations {learner: <LearnerRegrRanger/LearnerRegr/Learner/R6>}
INFO  [23:58:10.496] [mlr3] Calling train method of fallback 'regr.ranger' on task 'surrogate_task' with 188 observations {learner: <LearnerRegrRanger/LearnerRegr/Learner/R6>}
INFO  [23:58:11.270] [mlr3] Calling train method of fallback 'regr.ranger' on task 'surrogate_task' with 189 observations {learner: <LearnerRegrRanger/LearnerRegr/Learner/R6>}
INFO  [23:58:12.049] [mlr3] Calling train method of fallback 'regr.ranger' on task 'surrogate_task' with 190 observations {learner: <LearnerRegrRanger/LearnerRegr/Learner/R6>}
INFO  [23:58:12.818] [mlr3] Calling train method of fallback 'regr.ranger' on task 'surrogate_task' with 191 observations {learner: <LearnerRegrRanger/LearnerRegr/Learner/R6>}
INFO  [23:58:13.833] [mlr3] Calling train method of fallback 'regr.ranger' on task 'surrogate_task' with 192 observations {learner: <LearnerRegrRanger/LearnerRegr/Learner/R6>}
INFO  [23:58:14.601] [mlr3] Calling train method of fallback 'regr.ranger' on task 'surrogate_task' with 193 observations {learner: <LearnerRegrRanger/LearnerRegr/Learner/R6>}
INFO  [23:58:15.337] [mlr3] Calling train method of fallback 'regr.ranger' on task 'surrogate_task' with 194 observations {learner: <LearnerRegrRanger/LearnerRegr/Learner/R6>}
INFO  [23:58:16.185] [mlr3] Calling train method of fallback 'regr.ranger' on task 'surrogate_task' with 195 observations {learner: <LearnerRegrRanger/LearnerRegr/Learner/R6>}
INFO  [23:58:16.941] [mlr3] Calling train method of fallback 'regr.ranger' on task 'surrogate_task' with 196 observations {learner: <LearnerRegrRanger/LearnerRegr/Learner/R6>}
INFO  [23:58:17.723] [mlr3] Calling train method of fallback 'regr.ranger' on task 'surrogate_task' with 197 observations {learner: <LearnerRegrRanger/LearnerRegr/Learner/R6>}
INFO  [23:58:18.470] [mlr3] Calling train method of fallback 'regr.ranger' on task 'surrogate_task' with 198 observations {learner: <LearnerRegrRanger/LearnerRegr/Learner/R6>}
INFO  [23:58:19.231] [mlr3] Calling train method of fallback 'regr.ranger' on task 'surrogate_task' with 199 observations {learner: <LearnerRegrRanger/LearnerRegr/Learner/R6>}
INFO  [23:58:20.003] [mlr3] Calling train method of fallback 'regr.ranger' on task 'surrogate_task' with 200 observations {learner: <LearnerRegrRanger/LearnerRegr/Learner/R6>}
INFO  [23:58:20.773] [mlr3] Calling train method of fallback 'regr.ranger' on task 'surrogate_task' with 201 observations {learner: <LearnerRegrRanger/LearnerRegr/Learner/R6>}
INFO  [23:58:21.554] [mlr3] Calling train method of fallback 'regr.ranger' on task 'surrogate_task' with 202 observations {learner: <LearnerRegrRanger/LearnerRegr/Learner/R6>}
INFO  [23:58:22.433] [mlr3] Calling train method of fallback 'regr.ranger' on task 'surrogate_task' with 203 observations {learner: <LearnerRegrRanger/LearnerRegr/Learner/R6>}
INFO  [23:58:23.227] [mlr3] Calling train method of fallback 'regr.ranger' on task 'surrogate_task' with 204 observations {learner: <LearnerRegrRanger/LearnerRegr/Learner/R6>}
INFO  [23:58:24.126] [mlr3] Calling train method of fallback 'regr.ranger' on task 'surrogate_task' with 205 observations {learner: <LearnerRegrRanger/LearnerRegr/Learner/R6>}
INFO  [23:58:24.895] [mlr3] Calling train method of fallback 'regr.ranger' on task 'surrogate_task' with 206 observations {learner: <LearnerRegrRanger/LearnerRegr/Learner/R6>}
INFO  [23:58:25.654] [mlr3] Calling train method of fallback 'regr.ranger' on task 'surrogate_task' with 207 observations {learner: <LearnerRegrRanger/LearnerRegr/Learner/R6>}
INFO  [23:58:26.613] [mlr3] Calling train method of fallback 'regr.ranger' on task 'surrogate_task' with 208 observations {learner: <LearnerRegrRanger/LearnerRegr/Learner/R6>}
INFO  [23:58:27.373] [mlr3] Calling train method of fallback 'regr.ranger' on task 'surrogate_task' with 209 observations {learner: <LearnerRegrRanger/LearnerRegr/Learner/R6>}
INFO  [23:58:28.253] [mlr3] Calling train method of fallback 'regr.ranger' on task 'surrogate_task' with 210 observations {learner: <LearnerRegrRanger/LearnerRegr/Learner/R6>}
INFO  [23:58:29.102] [mlr3] Calling train method of fallback 'regr.ranger' on task 'surrogate_task' with 211 observations {learner: <LearnerRegrRanger/LearnerRegr/Learner/R6>}
INFO  [23:58:29.861] [mlr3] Calling train method of fallback 'regr.ranger' on task 'surrogate_task' with 212 observations {learner: <LearnerRegrRanger/LearnerRegr/Learner/R6>}
INFO  [23:58:30.652] [mlr3] Calling train method of fallback 'regr.ranger' on task 'surrogate_task' with 213 observations {learner: <LearnerRegrRanger/LearnerRegr/Learner/R6>}
INFO  [23:58:31.578] [mlr3] Calling train method of fallback 'regr.ranger' on task 'surrogate_task' with 214 observations {learner: <LearnerRegrRanger/LearnerRegr/Learner/R6>}
INFO  [23:58:32.514] [mlr3] Calling train method of fallback 'regr.ranger' on task 'surrogate_task' with 215 observations {learner: <LearnerRegrRanger/LearnerRegr/Learner/R6>}
INFO  [23:58:33.359] [mlr3] Calling train method of fallback 'regr.ranger' on task 'surrogate_task' with 216 observations {learner: <LearnerRegrRanger/LearnerRegr/Learner/R6>}
INFO  [23:58:34.118] [mlr3] Calling train method of fallback 'regr.ranger' on task 'surrogate_task' with 217 observations {learner: <LearnerRegrRanger/LearnerRegr/Learner/R6>}
INFO  [23:58:34.906] [mlr3] Calling train method of fallback 'regr.ranger' on task 'surrogate_task' with 218 observations {learner: <LearnerRegrRanger/LearnerRegr/Learner/R6>}
INFO  [23:58:35.808] [mlr3] Calling train method of fallback 'regr.ranger' on task 'surrogate_task' with 219 observations {learner: <LearnerRegrRanger/LearnerRegr/Learner/R6>}
INFO  [23:58:36.602] [mlr3] Calling train method of fallback 'regr.ranger' on task 'surrogate_task' with 220 observations {learner: <LearnerRegrRanger/LearnerRegr/Learner/R6>}
INFO  [23:58:37.413] [mlr3] Calling train method of fallback 'regr.ranger' on task 'surrogate_task' with 221 observations {learner: <LearnerRegrRanger/LearnerRegr/Learner/R6>}
INFO  [23:58:38.206] [mlr3] Calling train method of fallback 'regr.ranger' on task 'surrogate_task' with 222 observations {learner: <LearnerRegrRanger/LearnerRegr/Learner/R6>}
INFO  [23:58:39.017] [mlr3] Calling train method of fallback 'regr.ranger' on task 'surrogate_task' with 223 observations {learner: <LearnerRegrRanger/LearnerRegr/Learner/R6>}
INFO  [23:58:40.008] [mlr3] Calling train method of fallback 'regr.ranger' on task 'surrogate_task' with 224 observations {learner: <LearnerRegrRanger/LearnerRegr/Learner/R6>}
INFO  [23:58:40.805] [mlr3] Calling train method of fallback 'regr.ranger' on task 'surrogate_task' with 225 observations {learner: <LearnerRegrRanger/LearnerRegr/Learner/R6>}
INFO  [23:58:41.604] [mlr3] Calling train method of fallback 'regr.ranger' on task 'surrogate_task' with 226 observations {learner: <LearnerRegrRanger/LearnerRegr/Learner/R6>}
INFO  [23:58:42.383] [mlr3] Calling train method of fallback 'regr.ranger' on task 'surrogate_task' with 227 observations {learner: <LearnerRegrRanger/LearnerRegr/Learner/R6>}
INFO  [23:58:43.236] [mlr3] Calling train method of fallback 'regr.ranger' on task 'surrogate_task' with 228 observations {learner: <LearnerRegrRanger/LearnerRegr/Learner/R6>}
INFO  [23:58:44.059] [mlr3] Calling train method of fallback 'regr.ranger' on task 'surrogate_task' with 229 observations {learner: <LearnerRegrRanger/LearnerRegr/Learner/R6>}
INFO  [23:58:44.890] [mlr3] Calling train method of fallback 'regr.ranger' on task 'surrogate_task' with 230 observations {learner: <LearnerRegrRanger/LearnerRegr/Learner/R6>}
INFO  [23:58:45.721] [mlr3] Calling train method of fallback 'regr.ranger' on task 'surrogate_task' with 231 observations {learner: <LearnerRegrRanger/LearnerRegr/Learner/R6>}
INFO  [23:58:46.523] [mlr3] Calling train method of fallback 'regr.ranger' on task 'surrogate_task' with 232 observations {learner: <LearnerRegrRanger/LearnerRegr/Learner/R6>}
INFO  [23:58:47.358] [mlr3] Calling train method of fallback 'regr.ranger' on task 'surrogate_task' with 233 observations {learner: <LearnerRegrRanger/LearnerRegr/Learner/R6>}
INFO  [23:58:48.195] [mlr3] Calling train method of fallback 'regr.ranger' on task 'surrogate_task' with 234 observations {learner: <LearnerRegrRanger/LearnerRegr/Learner/R6>}
INFO  [23:58:49.037] [mlr3] Calling train method of fallback 'regr.ranger' on task 'surrogate_task' with 235 observations {learner: <LearnerRegrRanger/LearnerRegr/Learner/R6>}
INFO  [23:58:49.883] [mlr3] Calling train method of fallback 'regr.ranger' on task 'surrogate_task' with 236 observations {learner: <LearnerRegrRanger/LearnerRegr/Learner/R6>}
INFO  [23:58:50.963] [mlr3] Calling train method of fallback 'regr.ranger' on task 'surrogate_task' with 237 observations {learner: <LearnerRegrRanger/LearnerRegr/Learner/R6>}
INFO  [23:58:51.778] [mlr3] Calling train method of fallback 'regr.ranger' on task 'surrogate_task' with 238 observations {learner: <LearnerRegrRanger/LearnerRegr/Learner/R6>}
INFO  [23:58:52.606] [mlr3] Calling train method of fallback 'regr.ranger' on task 'surrogate_task' with 239 observations {learner: <LearnerRegrRanger/LearnerRegr/Learner/R6>}
INFO  [23:58:53.424] [mlr3] Calling train method of fallback 'regr.ranger' on task 'surrogate_task' with 239 observations {learner: <LearnerRegrRanger/LearnerRegr/Learner/R6>}
INFO  [23:58:54.276] [mlr3] Calling train method of fallback 'regr.ranger' on task 'surrogate_task' with 241 observations {learner: <LearnerRegrRanger/LearnerRegr/Learner/R6>}
INFO  [23:58:55.103] [mlr3] Calling train method of fallback 'regr.ranger' on task 'surrogate_task' with 242 observations {learner: <LearnerRegrRanger/LearnerRegr/Learner/R6>}
INFO  [23:58:55.906] [mlr3] Calling train method of fallback 'regr.ranger' on task 'surrogate_task' with 243 observations {learner: <LearnerRegrRanger/LearnerRegr/Learner/R6>}
INFO  [23:58:56.762] [mlr3] Calling train method of fallback 'regr.ranger' on task 'surrogate_task' with 244 observations {learner: <LearnerRegrRanger/LearnerRegr/Learner/R6>}
INFO  [23:58:57.645] [mlr3] Calling train method of fallback 'regr.ranger' on task 'surrogate_task' with 245 observations {learner: <LearnerRegrRanger/LearnerRegr/Learner/R6>}
INFO  [23:58:58.512] [mlr3] Calling train method of fallback 'regr.ranger' on task 'surrogate_task' with 245 observations {learner: <LearnerRegrRanger/LearnerRegr/Learner/R6>}
INFO  [23:58:59.380] [mlr3] Calling train method of fallback 'regr.ranger' on task 'surrogate_task' with 247 observations {learner: <LearnerRegrRanger/LearnerRegr/Learner/R6>}
INFO  [23:59:00.233] [mlr3] Calling train method of fallback 'regr.ranger' on task 'surrogate_task' with 248 observations {learner: <LearnerRegrRanger/LearnerRegr/Learner/R6>}
INFO  [23:59:01.086] [mlr3] Calling train method of fallback 'regr.ranger' on task 'surrogate_task' with 249 observations {learner: <LearnerRegrRanger/LearnerRegr/Learner/R6>}
INFO  [23:59:01.963] [mlr3] Calling train method of fallback 'regr.ranger' on task 'surrogate_task' with 250 observations {learner: <LearnerRegrRanger/LearnerRegr/Learner/R6>}
INFO  [23:59:02.842] [mlr3] Calling train method of fallback 'regr.ranger' on task 'surrogate_task' with 251 observations {learner: <LearnerRegrRanger/LearnerRegr/Learner/R6>}
INFO  [23:59:04.022] [mlr3] Calling train method of fallback 'regr.ranger' on task 'surrogate_task' with 252 observations {learner: <LearnerRegrRanger/LearnerRegr/Learner/R6>}
INFO  [23:59:04.853] [mlr3] Calling train method of fallback 'regr.ranger' on task 'surrogate_task' with 253 observations {learner: <LearnerRegrRanger/LearnerRegr/Learner/R6>}
INFO  [23:59:05.701] [mlr3] Calling train method of fallback 'regr.ranger' on task 'surrogate_task' with 254 observations {learner: <LearnerRegrRanger/LearnerRegr/Learner/R6>}
INFO  [23:59:06.549] [mlr3] Calling train method of fallback 'regr.ranger' on task 'surrogate_task' with 255 observations {learner: <LearnerRegrRanger/LearnerRegr/Learner/R6>}
INFO  [23:59:07.442] [mlr3] Calling train method of fallback 'regr.ranger' on task 'surrogate_task' with 256 observations {learner: <LearnerRegrRanger/LearnerRegr/Learner/R6>}
INFO  [23:59:08.266] [mlr3] Calling train method of fallback 'regr.ranger' on task 'surrogate_task' with 257 observations {learner: <LearnerRegrRanger/LearnerRegr/Learner/R6>}
INFO  [23:59:09.177] [mlr3] Calling train method of fallback 'regr.ranger' on task 'surrogate_task' with 258 observations {learner: <LearnerRegrRanger/LearnerRegr/Learner/R6>}
INFO  [23:59:10.054] [mlr3] Calling train method of fallback 'regr.ranger' on task 'surrogate_task' with 259 observations {learner: <LearnerRegrRanger/LearnerRegr/Learner/R6>}
INFO  [23:59:10.914] [mlr3] Calling train method of fallback 'regr.ranger' on task 'surrogate_task' with 260 observations {learner: <LearnerRegrRanger/LearnerRegr/Learner/R6>}
INFO  [23:59:11.822] [mlr3] Calling train method of fallback 'regr.ranger' on task 'surrogate_task' with 261 observations {learner: <LearnerRegrRanger/LearnerRegr/Learner/R6>}
INFO  [23:59:12.699] [mlr3] Calling train method of fallback 'regr.ranger' on task 'surrogate_task' with 262 observations {learner: <LearnerRegrRanger/LearnerRegr/Learner/R6>}
INFO  [23:59:13.584] [mlr3] Calling train method of fallback 'regr.ranger' on task 'surrogate_task' with 263 observations {learner: <LearnerRegrRanger/LearnerRegr/Learner/R6>}
INFO  [23:59:14.495] [mlr3] Calling train method of fallback 'regr.ranger' on task 'surrogate_task' with 264 observations {learner: <LearnerRegrRanger/LearnerRegr/Learner/R6>}
INFO  [23:59:15.373] [mlr3] Calling train method of fallback 'regr.ranger' on task 'surrogate_task' with 264 observations {learner: <LearnerRegrRanger/LearnerRegr/Learner/R6>}
INFO  [23:59:16.594] [mlr3] Calling train method of fallback 'regr.ranger' on task 'surrogate_task' with 266 observations {learner: <LearnerRegrRanger/LearnerRegr/Learner/R6>}
INFO  [23:59:17.483] [mlr3] Calling train method of fallback 'regr.ranger' on task 'surrogate_task' with 267 observations {learner: <LearnerRegrRanger/LearnerRegr/Learner/R6>}
INFO  [23:59:18.361] [mlr3] Calling train method of fallback 'regr.ranger' on task 'surrogate_task' with 268 observations {learner: <LearnerRegrRanger/LearnerRegr/Learner/R6>}
INFO  [23:59:19.329] [mlr3] Calling train method of fallback 'regr.ranger' on task 'surrogate_task' with 269 observations {learner: <LearnerRegrRanger/LearnerRegr/Learner/R6>}
INFO  [23:59:20.226] [mlr3] Calling train method of fallback 'regr.ranger' on task 'surrogate_task' with 270 observations {learner: <LearnerRegrRanger/LearnerRegr/Learner/R6>}
INFO  [23:59:21.112] [mlr3] Calling train method of fallback 'regr.ranger' on task 'surrogate_task' with 271 observations {learner: <LearnerRegrRanger/LearnerRegr/Learner/R6>}
INFO  [23:59:21.973] [mlr3] Calling train method of fallback 'regr.ranger' on task 'surrogate_task' with 272 observations {learner: <LearnerRegrRanger/LearnerRegr/Learner/R6>}
INFO  [23:59:22.837] [mlr3] Calling train method of fallback 'regr.ranger' on task 'surrogate_task' with 272 observations {learner: <LearnerRegrRanger/LearnerRegr/Learner/R6>}
INFO  [23:59:23.761] [mlr3] Calling train method of fallback 'regr.ranger' on task 'surrogate_task' with 274 observations {learner: <LearnerRegrRanger/LearnerRegr/Learner/R6>}
INFO  [23:59:24.618] [mlr3] Calling train method of fallback 'regr.ranger' on task 'surrogate_task' with 275 observations {learner: <LearnerRegrRanger/LearnerRegr/Learner/R6>}
INFO  [23:59:25.595] [mlr3] Calling train method of fallback 'regr.ranger' on task 'surrogate_task' with 276 observations {learner: <LearnerRegrRanger/LearnerRegr/Learner/R6>}
INFO  [23:59:26.506] [mlr3] Calling train method of fallback 'regr.ranger' on task 'surrogate_task' with 277 observations {learner: <LearnerRegrRanger/LearnerRegr/Learner/R6>}
INFO  [23:59:27.438] [mlr3] Calling train method of fallback 'regr.ranger' on task 'surrogate_task' with 278 observations {learner: <LearnerRegrRanger/LearnerRegr/Learner/R6>}
INFO  [23:59:28.666] [mlr3] Calling train method of fallback 'regr.ranger' on task 'surrogate_task' with 279 observations {learner: <LearnerRegrRanger/LearnerRegr/Learner/R6>}
INFO  [23:59:29.593] [mlr3] Calling train method of fallback 'regr.ranger' on task 'surrogate_task' with 280 observations {learner: <LearnerRegrRanger/LearnerRegr/Learner/R6>}
INFO  [23:59:30.523] [mlr3] Calling train method of fallback 'regr.ranger' on task 'surrogate_task' with 281 observations {learner: <LearnerRegrRanger/LearnerRegr/Learner/R6>}
INFO  [23:59:31.414] [mlr3] Calling train method of fallback 'regr.ranger' on task 'surrogate_task' with 282 observations {learner: <LearnerRegrRanger/LearnerRegr/Learner/R6>}
INFO  [23:59:32.258] [mlr3] Calling train method of fallback 'regr.ranger' on task 'surrogate_task' with 283 observations {learner: <LearnerRegrRanger/LearnerRegr/Learner/R6>}
INFO  [23:59:33.143] [mlr3] Calling train method of fallback 'regr.ranger' on task 'surrogate_task' with 284 observations {learner: <LearnerRegrRanger/LearnerRegr/Learner/R6>}
INFO  [23:59:34.077] [mlr3] Calling train method of fallback 'regr.ranger' on task 'surrogate_task' with 285 observations {learner: <LearnerRegrRanger/LearnerRegr/Learner/R6>}
INFO  [23:59:34.922] [mlr3] Calling train method of fallback 'regr.ranger' on task 'surrogate_task' with 286 observations {learner: <LearnerRegrRanger/LearnerRegr/Learner/R6>}
INFO  [23:59:35.827] [mlr3] Calling train method of fallback 'regr.ranger' on task 'surrogate_task' with 287 observations {learner: <LearnerRegrRanger/LearnerRegr/Learner/R6>}
INFO  [23:59:36.745] [mlr3] Calling train method of fallback 'regr.ranger' on task 'surrogate_task' with 288 observations {learner: <LearnerRegrRanger/LearnerRegr/Learner/R6>}
INFO  [23:59:37.631] [mlr3] Calling train method of fallback 'regr.ranger' on task 'surrogate_task' with 289 observations {learner: <LearnerRegrRanger/LearnerRegr/Learner/R6>}
INFO  [23:59:38.586] [mlr3] Calling train method of fallback 'regr.ranger' on task 'surrogate_task' with 290 observations {learner: <LearnerRegrRanger/LearnerRegr/Learner/R6>}
INFO  [23:59:39.489] [mlr3] Calling train method of fallback 'regr.ranger' on task 'surrogate_task' with 291 observations {learner: <LearnerRegrRanger/LearnerRegr/Learner/R6>}
INFO  [23:59:40.384] [mlr3] Calling train method of fallback 'regr.ranger' on task 'surrogate_task' with 292 observations {learner: <LearnerRegrRanger/LearnerRegr/Learner/R6>}
INFO  [23:59:41.593] [mlr3] Calling train method of fallback 'regr.ranger' on task 'surrogate_task' with 293 observations {learner: <LearnerRegrRanger/LearnerRegr/Learner/R6>}
INFO  [23:59:42.511] [mlr3] Calling train method of fallback 'regr.ranger' on task 'surrogate_task' with 294 observations {learner: <LearnerRegrRanger/LearnerRegr/Learner/R6>}
INFO  [23:59:43.430] [mlr3] Calling train method of fallback 'regr.ranger' on task 'surrogate_task' with 295 observations {learner: <LearnerRegrRanger/LearnerRegr/Learner/R6>}
INFO  [23:59:44.309] [mlr3] Calling train method of fallback 'regr.ranger' on task 'surrogate_task' with 296 observations {learner: <LearnerRegrRanger/LearnerRegr/Learner/R6>}
INFO  [23:59:45.238] [mlr3] Calling train method of fallback 'regr.ranger' on task 'surrogate_task' with 297 observations {learner: <LearnerRegrRanger/LearnerRegr/Learner/R6>}
INFO  [23:59:46.200] [mlr3] Calling train method of fallback 'regr.ranger' on task 'surrogate_task' with 298 observations {learner: <LearnerRegrRanger/LearnerRegr/Learner/R6>}
INFO  [23:59:47.181] [mlr3] Calling train method of fallback 'regr.ranger' on task 'surrogate_task' with 299 observations {learner: <LearnerRegrRanger/LearnerRegr/Learner/R6>}
INFO  [23:59:48.202] [mlr3] Calling train method of fallback 'regr.ranger' on task 'surrogate_task' with 300 observations {learner: <LearnerRegrRanger/LearnerRegr/Learner/R6>}
INFO  [23:59:49.141] [mlr3] Calling train method of fallback 'regr.ranger' on task 'surrogate_task' with 301 observations {learner: <LearnerRegrRanger/LearnerRegr/Learner/R6>}
INFO  [23:59:50.100] [mlr3] Calling train method of fallback 'regr.ranger' on task 'surrogate_task' with 302 observations {learner: <LearnerRegrRanger/LearnerRegr/Learner/R6>}
INFO  [23:59:51.017] [mlr3] Calling train method of fallback 'regr.ranger' on task 'surrogate_task' with 303 observations {learner: <LearnerRegrRanger/LearnerRegr/Learner/R6>}
INFO  [23:59:52.321] [mlr3] Calling train method of fallback 'regr.ranger' on task 'surrogate_task' with 304 observations {learner: <LearnerRegrRanger/LearnerRegr/Learner/R6>}
INFO  [23:59:53.279] [mlr3] Calling train method of fallback 'regr.ranger' on task 'surrogate_task' with 305 observations {learner: <LearnerRegrRanger/LearnerRegr/Learner/R6>}
INFO  [23:59:54.218] [mlr3] Calling train method of fallback 'regr.ranger' on task 'surrogate_task' with 306 observations {learner: <LearnerRegrRanger/LearnerRegr/Learner/R6>}
INFO  [23:59:55.112] [mlr3] Calling train method of fallback 'regr.ranger' on task 'surrogate_task' with 307 observations {learner: <LearnerRegrRanger/LearnerRegr/Learner/R6>}
INFO  [23:59:56.060] [mlr3] Calling train method of fallback 'regr.ranger' on task 'surrogate_task' with 308 observations {learner: <LearnerRegrRanger/LearnerRegr/Learner/R6>}
INFO  [23:59:56.991] [mlr3] Calling train method of fallback 'regr.ranger' on task 'surrogate_task' with 309 observations {learner: <LearnerRegrRanger/LearnerRegr/Learner/R6>}
INFO  [23:59:58.021] [mlr3] Calling train method of fallback 'regr.ranger' on task 'surrogate_task' with 310 observations {learner: <LearnerRegrRanger/LearnerRegr/Learner/R6>}
INFO  [23:59:59.048] [mlr3] Calling train method of fallback 'regr.ranger' on task 'surrogate_task' with 311 observations {learner: <LearnerRegrRanger/LearnerRegr/Learner/R6>}
INFO  [00:00:00.029] [mlr3] Calling train method of fallback 'regr.ranger' on task 'surrogate_task' with 312 observations {learner: <LearnerRegrRanger/LearnerRegr/Learner/R6>}
INFO  [00:00:00.998] [mlr3] Calling train method of fallback 'regr.ranger' on task 'surrogate_task' with 313 observations {learner: <LearnerRegrRanger/LearnerRegr/Learner/R6>}
INFO  [00:00:01.977] [mlr3] Calling train method of fallback 'regr.ranger' on task 'surrogate_task' with 314 observations {learner: <LearnerRegrRanger/LearnerRegr/Learner/R6>}
INFO  [00:00:02.994] [mlr3] Calling train method of fallback 'regr.ranger' on task 'surrogate_task' with 315 observations {learner: <LearnerRegrRanger/LearnerRegr/Learner/R6>}
INFO  [00:00:04.384] [mlr3] Calling train method of fallback 'regr.ranger' on task 'surrogate_task' with 316 observations {learner: <LearnerRegrRanger/LearnerRegr/Learner/R6>}
INFO  [00:00:05.270] [mlr3] Calling train method of fallback 'regr.ranger' on task 'surrogate_task' with 317 observations {learner: <LearnerRegrRanger/LearnerRegr/Learner/R6>}
INFO  [00:00:14.752] [mlr3] Calling train method of fallback 'regr.ranger' on task 'surrogate_task' with 318 observations {learner: <LearnerRegrRanger/LearnerRegr/Learner/R6>}
INFO  [00:00:15.689] [mlr3] Calling train method of fallback 'regr.ranger' on task 'surrogate_task' with 319 observations {learner: <LearnerRegrRanger/LearnerRegr/Learner/R6>}
INFO  [00:00:16.653] [mlr3] Calling train method of fallback 'regr.ranger' on task 'surrogate_task' with 320 observations {learner: <LearnerRegrRanger/LearnerRegr/Learner/R6>}
INFO  [00:00:17.547] [mlr3] Calling train method of fallback 'regr.ranger' on task 'surrogate_task' with 321 observations {learner: <LearnerRegrRanger/LearnerRegr/Learner/R6>}
INFO  [00:00:18.512] [mlr3] Calling train method of fallback 'regr.ranger' on task 'surrogate_task' with 322 observations {learner: <LearnerRegrRanger/LearnerRegr/Learner/R6>}
INFO  [00:00:19.454] [mlr3] Calling train method of fallback 'regr.ranger' on task 'surrogate_task' with 322 observations {learner: <LearnerRegrRanger/LearnerRegr/Learner/R6>}
INFO  [00:00:20.425] [mlr3] Calling train method of fallback 'regr.ranger' on task 'surrogate_task' with 324 observations {learner: <LearnerRegrRanger/LearnerRegr/Learner/R6>}
INFO  [00:00:21.360] [mlr3] Calling train method of fallback 'regr.ranger' on task 'surrogate_task' with 325 observations {learner: <LearnerRegrRanger/LearnerRegr/Learner/R6>}
INFO  [00:00:22.298] [mlr3] Calling train method of fallback 'regr.ranger' on task 'surrogate_task' with 326 observations {learner: <LearnerRegrRanger/LearnerRegr/Learner/R6>}
INFO  [00:00:23.226] [mlr3] Calling train method of fallback 'regr.ranger' on task 'surrogate_task' with 327 observations {learner: <LearnerRegrRanger/LearnerRegr/Learner/R6>}
INFO  [00:00:24.133] [mlr3] Calling train method of fallback 'regr.ranger' on task 'surrogate_task' with 328 observations {learner: <LearnerRegrRanger/LearnerRegr/Learner/R6>}
INFO  [00:00:25.384] [mlr3] Calling train method of fallback 'regr.ranger' on task 'surrogate_task' with 329 observations {learner: <LearnerRegrRanger/LearnerRegr/Learner/R6>}
INFO  [00:00:26.366] [mlr3] Calling train method of fallback 'regr.ranger' on task 'surrogate_task' with 330 observations {learner: <LearnerRegrRanger/LearnerRegr/Learner/R6>}
INFO  [00:00:27.283] [mlr3] Calling train method of fallback 'regr.ranger' on task 'surrogate_task' with 331 observations {learner: <LearnerRegrRanger/LearnerRegr/Learner/R6>}
INFO  [00:00:28.247] [mlr3] Calling train method of fallback 'regr.ranger' on task 'surrogate_task' with 332 observations {learner: <LearnerRegrRanger/LearnerRegr/Learner/R6>}
INFO  [00:00:29.115] [mlr3] Calling train method of fallback 'regr.ranger' on task 'surrogate_task' with 333 observations {learner: <LearnerRegrRanger/LearnerRegr/Learner/R6>}
INFO  [00:00:30.038] [mlr3] Calling train method of fallback 'regr.ranger' on task 'surrogate_task' with 333 observations {learner: <LearnerRegrRanger/LearnerRegr/Learner/R6>}
INFO  [00:00:32.028] [mlr3] Calling train method of fallback 'regr.ranger' on task 'surrogate_task' with 335 observations {learner: <LearnerRegrRanger/LearnerRegr/Learner/R6>}
INFO  [00:00:32.976] [mlr3] Calling train method of fallback 'regr.ranger' on task 'surrogate_task' with 336 observations {learner: <LearnerRegrRanger/LearnerRegr/Learner/R6>}
INFO  [00:00:33.920] [mlr3] Calling train method of fallback 'regr.ranger' on task 'surrogate_task' with 337 observations {learner: <LearnerRegrRanger/LearnerRegr/Learner/R6>}
INFO  [00:00:34.890] [mlr3] Calling train method of fallback 'regr.ranger' on task 'surrogate_task' with 337 observations {learner: <LearnerRegrRanger/LearnerRegr/Learner/R6>}
INFO  [00:00:36.019] [mlr3] Calling train method of fallback 'regr.ranger' on task 'surrogate_task' with 339 observations {learner: <LearnerRegrRanger/LearnerRegr/Learner/R6>}
INFO  [00:00:36.958] [mlr3] Calling train method of fallback 'regr.ranger' on task 'surrogate_task' with 340 observations {learner: <LearnerRegrRanger/LearnerRegr/Learner/R6>}
INFO  [00:00:37.884] [mlr3] Calling train method of fallback 'regr.ranger' on task 'surrogate_task' with 340 observations {learner: <LearnerRegrRanger/LearnerRegr/Learner/R6>}
INFO  [00:00:38.785] [mlr3] Calling train method of fallback 'regr.ranger' on task 'surrogate_task' with 342 observations {learner: <LearnerRegrRanger/LearnerRegr/Learner/R6>}
INFO  [00:00:39.695] [mlr3] Calling train method of fallback 'regr.ranger' on task 'surrogate_task' with 342 observations {learner: <LearnerRegrRanger/LearnerRegr/Learner/R6>}
INFO  [00:00:40.660] [mlr3] Calling train method of fallback 'regr.ranger' on task 'surrogate_task' with 343 observations {learner: <LearnerRegrRanger/LearnerRegr/Learner/R6>}
INFO  [00:00:46.188] [mlr3] Calling train method of fallback 'regr.ranger' on task 'surrogate_task' with 345 observations {learner: <LearnerRegrRanger/LearnerRegr/Learner/R6>}
INFO  [00:00:47.144] [mlr3] Calling train method of fallback 'regr.ranger' on task 'surrogate_task' with 346 observations {learner: <LearnerRegrRanger/LearnerRegr/Learner/R6>}
INFO  [00:00:48.104] [mlr3] Calling train method of fallback 'regr.ranger' on task 'surrogate_task' with 347 observations {learner: <LearnerRegrRanger/LearnerRegr/Learner/R6>}
INFO  [00:00:49.049] [mlr3] Calling train method of fallback 'regr.ranger' on task 'surrogate_task' with 348 observations {learner: <LearnerRegrRanger/LearnerRegr/Learner/R6>}
INFO  [00:00:50.023] [mlr3] Calling train method of fallback 'regr.ranger' on task 'surrogate_task' with 349 observations {learner: <LearnerRegrRanger/LearnerRegr/Learner/R6>}
INFO  [00:00:51.018] [mlr3] Calling train method of fallback 'regr.ranger' on task 'surrogate_task' with 350 observations {learner: <LearnerRegrRanger/LearnerRegr/Learner/R6>}
INFO  [00:00:52.179] [mlr3] Calling train method of fallback 'regr.ranger' on task 'surrogate_task' with 351 observations {learner: <LearnerRegrRanger/LearnerRegr/Learner/R6>}
INFO  [00:00:53.072] [mlr3] Calling train method of fallback 'regr.ranger' on task 'surrogate_task' with 352 observations {learner: <LearnerRegrRanger/LearnerRegr/Learner/R6>}
INFO  [00:00:53.995] [mlr3] Calling train method of fallback 'regr.ranger' on task 'surrogate_task' with 353 observations {learner: <LearnerRegrRanger/LearnerRegr/Learner/R6>}
INFO  [00:00:54.948] [mlr3] Calling train method of fallback 'regr.ranger' on task 'surrogate_task' with 353 observations {learner: <LearnerRegrRanger/LearnerRegr/Learner/R6>}
INFO  [00:00:55.912] [mlr3] Calling train method of fallback 'regr.ranger' on task 'surrogate_task' with 355 observations {learner: <LearnerRegrRanger/LearnerRegr/Learner/R6>}
INFO  [00:00:56.890] [mlr3] Calling train method of fallback 'regr.ranger' on task 'surrogate_task' with 356 observations {learner: <LearnerRegrRanger/LearnerRegr/Learner/R6>}
INFO  [00:00:57.917] [mlr3] Calling train method of fallback 'regr.ranger' on task 'surrogate_task' with 357 observations {learner: <LearnerRegrRanger/LearnerRegr/Learner/R6>}
INFO  [00:00:58.880] [mlr3] Calling train method of fallback 'regr.ranger' on task 'surrogate_task' with 358 observations {learner: <LearnerRegrRanger/LearnerRegr/Learner/R6>}
INFO  [00:00:59.853] [mlr3] Calling train method of fallback 'regr.ranger' on task 'surrogate_task' with 359 observations {learner: <LearnerRegrRanger/LearnerRegr/Learner/R6>}
INFO  [00:01:00.827] [mlr3] Calling train method of fallback 'regr.ranger' on task 'surrogate_task' with 360 observations {learner: <LearnerRegrRanger/LearnerRegr/Learner/R6>}
INFO  [00:01:02.053] [mlr3] Calling train method of fallback 'regr.ranger' on task 'surrogate_task' with 360 observations {learner: <LearnerRegrRanger/LearnerRegr/Learner/R6>}
INFO  [00:01:02.990] [mlr3] Calling train method of fallback 'regr.ranger' on task 'surrogate_task' with 362 observations {learner: <LearnerRegrRanger/LearnerRegr/Learner/R6>}
INFO  [00:01:03.946] [mlr3] Calling train method of fallback 'regr.ranger' on task 'surrogate_task' with 362 observations {learner: <LearnerRegrRanger/LearnerRegr/Learner/R6>}
INFO  [00:01:04.891] [mlr3] Calling train method of fallback 'regr.ranger' on task 'surrogate_task' with 364 observations {learner: <LearnerRegrRanger/LearnerRegr/Learner/R6>}
INFO  [00:01:05.897] [mlr3] Calling train method of fallback 'regr.ranger' on task 'surrogate_task' with 365 observations {learner: <LearnerRegrRanger/LearnerRegr/Learner/R6>}
INFO  [00:01:06.890] [mlr3] Calling train method of fallback 'regr.ranger' on task 'surrogate_task' with 366 observations {learner: <LearnerRegrRanger/LearnerRegr/Learner/R6>}
INFO  [00:01:07.878] [mlr3] Calling train method of fallback 'regr.ranger' on task 'surrogate_task' with 367 observations {learner: <LearnerRegrRanger/LearnerRegr/Learner/R6>}
INFO  [00:01:08.870] [mlr3] Calling train method of fallback 'regr.ranger' on task 'surrogate_task' with 367 observations {learner: <LearnerRegrRanger/LearnerRegr/Learner/R6>}
INFO  [00:01:09.794] [mlr3] Calling train method of fallback 'regr.ranger' on task 'surrogate_task' with 369 observations {learner: <LearnerRegrRanger/LearnerRegr/Learner/R6>}
INFO  [00:01:10.767] [mlr3] Calling train method of fallback 'regr.ranger' on task 'surrogate_task' with 370 observations {learner: <LearnerRegrRanger/LearnerRegr/Learner/R6>}
INFO  [00:01:11.719] [mlr3] Calling train method of fallback 'regr.ranger' on task 'surrogate_task' with 371 observations {learner: <LearnerRegrRanger/LearnerRegr/Learner/R6>}
INFO  [00:01:12.931] [mlr3] Calling train method of fallback 'regr.ranger' on task 'surrogate_task' with 372 observations {learner: <LearnerRegrRanger/LearnerRegr/Learner/R6>}
INFO  [00:01:13.964] [mlr3] Calling train method of fallback 'regr.ranger' on task 'surrogate_task' with 373 observations {learner: <LearnerRegrRanger/LearnerRegr/Learner/R6>}
INFO  [00:01:14.937] [mlr3] Calling train method of fallback 'regr.ranger' on task 'surrogate_task' with 374 observations {learner: <LearnerRegrRanger/LearnerRegr/Learner/R6>}
INFO  [00:01:15.922] [mlr3] Calling train method of fallback 'regr.ranger' on task 'surrogate_task' with 374 observations {learner: <LearnerRegrRanger/LearnerRegr/Learner/R6>}
INFO  [00:01:16.889] [mlr3] Calling train method of fallback 'regr.ranger' on task 'surrogate_task' with 376 observations {learner: <LearnerRegrRanger/LearnerRegr/Learner/R6>}
INFO  [00:01:17.881] [mlr3] Calling train method of fallback 'regr.ranger' on task 'surrogate_task' with 377 observations {learner: <LearnerRegrRanger/LearnerRegr/Learner/R6>}
INFO  [00:01:18.833] [mlr3] Calling train method of fallback 'regr.ranger' on task 'surrogate_task' with 378 observations {learner: <LearnerRegrRanger/LearnerRegr/Learner/R6>}
INFO  [00:01:19.833] [mlr3] Calling train method of fallback 'regr.ranger' on task 'surrogate_task' with 379 observations {learner: <LearnerRegrRanger/LearnerRegr/Learner/R6>}
INFO  [00:01:21.041] [mlr3] Calling train method of fallback 'regr.ranger' on task 'surrogate_task' with 380 observations {learner: <LearnerRegrRanger/LearnerRegr/Learner/R6>}
INFO  [00:01:22.002] [mlr3] Calling train method of fallback 'regr.ranger' on task 'surrogate_task' with 381 observations {learner: <LearnerRegrRanger/LearnerRegr/Learner/R6>}
INFO  [00:01:22.996] [mlr3] Calling train method of fallback 'regr.ranger' on task 'surrogate_task' with 382 observations {learner: <LearnerRegrRanger/LearnerRegr/Learner/R6>}
INFO  [00:01:24.009] [mlr3] Calling train method of fallback 'regr.ranger' on task 'surrogate_task' with 383 observations {learner: <LearnerRegrRanger/LearnerRegr/Learner/R6>}
INFO  [00:01:24.965] [mlr3] Calling train method of fallback 'regr.ranger' on task 'surrogate_task' with 384 observations {learner: <LearnerRegrRanger/LearnerRegr/Learner/R6>}
INFO  [00:01:25.965] [mlr3] Calling train method of fallback 'regr.ranger' on task 'surrogate_task' with 385 observations {learner: <LearnerRegrRanger/LearnerRegr/Learner/R6>}
INFO  [00:01:26.967] [mlr3] Calling train method of fallback 'regr.ranger' on task 'surrogate_task' with 386 observations {learner: <LearnerRegrRanger/LearnerRegr/Learner/R6>}
INFO  [00:01:28.000] [mlr3] Calling train method of fallback 'regr.ranger' on task 'surrogate_task' with 387 observations {learner: <LearnerRegrRanger/LearnerRegr/Learner/R6>}
INFO  [00:01:28.993] [mlr3] Calling train method of fallback 'regr.ranger' on task 'surrogate_task' with 387 observations {learner: <LearnerRegrRanger/LearnerRegr/Learner/R6>}
INFO  [00:01:29.987] [mlr3] Calling train method of fallback 'regr.ranger' on task 'surrogate_task' with 389 observations {learner: <LearnerRegrRanger/LearnerRegr/Learner/R6>}
INFO  [00:01:31.213] [mlr3] Calling train method of fallback 'regr.ranger' on task 'surrogate_task' with 389 observations {learner: <LearnerRegrRanger/LearnerRegr/Learner/R6>}
INFO  [00:01:32.222] [mlr3] Calling train method of fallback 'regr.ranger' on task 'surrogate_task' with 391 observations {learner: <LearnerRegrRanger/LearnerRegr/Learner/R6>}
INFO  [00:01:33.225] [mlr3] Calling train method of fallback 'regr.ranger' on task 'surrogate_task' with 392 observations {learner: <LearnerRegrRanger/LearnerRegr/Learner/R6>}
INFO  [00:01:34.243] [mlr3] Calling train method of fallback 'regr.ranger' on task 'surrogate_task' with 393 observations {learner: <LearnerRegrRanger/LearnerRegr/Learner/R6>}
INFO  [00:01:35.281] [mlr3] Calling train method of fallback 'regr.ranger' on task 'surrogate_task' with 394 observations {learner: <LearnerRegrRanger/LearnerRegr/Learner/R6>}
INFO  [00:01:36.282] [mlr3] Calling train method of fallback 'regr.ranger' on task 'surrogate_task' with 395 observations {learner: <LearnerRegrRanger/LearnerRegr/Learner/R6>}
INFO  [00:01:37.275] [mlr3] Calling train method of fallback 'regr.ranger' on task 'surrogate_task' with 396 observations {learner: <LearnerRegrRanger/LearnerRegr/Learner/R6>}
INFO  [00:01:38.285] [mlr3] Calling train method of fallback 'regr.ranger' on task 'surrogate_task' with 397 observations {learner: <LearnerRegrRanger/LearnerRegr/Learner/R6>}
INFO  [00:01:39.312] [mlr3] Calling train method of fallback 'regr.ranger' on task 'surrogate_task' with 398 observations {learner: <LearnerRegrRanger/LearnerRegr/Learner/R6>}
INFO  [00:01:40.326] [mlr3] Calling train method of fallback 'regr.ranger' on task 'surrogate_task' with 398 observations {learner: <LearnerRegrRanger/LearnerRegr/Learner/R6>}
INFO  [00:01:41.406] [mlr3] Calling train method of fallback 'regr.ranger' on task 'surrogate_task' with 400 observations {learner: <LearnerRegrRanger/LearnerRegr/Learner/R6>}
INFO  [00:01:42.460] [mlr3] Calling train method of fallback 'regr.ranger' on task 'surrogate_task' with 401 observations {learner: <LearnerRegrRanger/LearnerRegr/Learner/R6>}
INFO  [00:01:43.837] [mlr3] Calling train method of fallback 'regr.ranger' on task 'surrogate_task' with 402 observations {learner: <LearnerRegrRanger/LearnerRegr/Learner/R6>}
INFO  [00:01:44.861] [mlr3] Calling train method of fallback 'regr.ranger' on task 'surrogate_task' with 403 observations {learner: <LearnerRegrRanger/LearnerRegr/Learner/R6>}
INFO  [00:01:45.899] [mlr3] Calling train method of fallback 'regr.ranger' on task 'surrogate_task' with 404 observations {learner: <LearnerRegrRanger/LearnerRegr/Learner/R6>}
INFO  [00:01:46.992] [mlr3] Calling train method of fallback 'regr.ranger' on task 'surrogate_task' with 405 observations {learner: <LearnerRegrRanger/LearnerRegr/Learner/R6>}
INFO  [00:01:48.048] [mlr3] Calling train method of fallback 'regr.ranger' on task 'surrogate_task' with 406 observations {learner: <LearnerRegrRanger/LearnerRegr/Learner/R6>}
INFO  [00:01:49.108] [mlr3] Calling train method of fallback 'regr.ranger' on task 'surrogate_task' with 407 observations {learner: <LearnerRegrRanger/LearnerRegr/Learner/R6>}
INFO  [00:01:50.210] [mlr3] Calling train method of fallback 'regr.ranger' on task 'surrogate_task' with 408 observations {learner: <LearnerRegrRanger/LearnerRegr/Learner/R6>}
INFO  [00:01:51.270] [mlr3] Calling train method of fallback 'regr.ranger' on task 'surrogate_task' with 409 observations {learner: <LearnerRegrRanger/LearnerRegr/Learner/R6>}
INFO  [00:01:52.358] [mlr3] Calling train method of fallback 'regr.ranger' on task 'surrogate_task' with 409 observations {learner: <LearnerRegrRanger/LearnerRegr/Learner/R6>}
INFO  [00:01:53.462] [mlr3] Calling train method of fallback 'regr.ranger' on task 'surrogate_task' with 411 observations {learner: <LearnerRegrRanger/LearnerRegr/Learner/R6>}
INFO  [00:01:54.810] [mlr3] Calling train method of fallback 'regr.ranger' on task 'surrogate_task' with 412 observations {learner: <LearnerRegrRanger/LearnerRegr/Learner/R6>}
INFO  [00:01:55.839] [mlr3] Calling train method of fallback 'regr.ranger' on task 'surrogate_task' with 413 observations {learner: <LearnerRegrRanger/LearnerRegr/Learner/R6>}
INFO  [00:01:56.907] [mlr3] Calling train method of fallback 'regr.ranger' on task 'surrogate_task' with 414 observations {learner: <LearnerRegrRanger/LearnerRegr/Learner/R6>}
INFO  [00:01:58.077] [mlr3] Calling train method of fallback 'regr.ranger' on task 'surrogate_task' with 415 observations {learner: <LearnerRegrRanger/LearnerRegr/Learner/R6>}
INFO  [00:01:59.077] [mlr3] Calling train method of fallback 'regr.ranger' on task 'surrogate_task' with 416 observations {learner: <LearnerRegrRanger/LearnerRegr/Learner/R6>}
INFO  [00:02:00.169] [mlr3] Calling train method of fallback 'regr.ranger' on task 'surrogate_task' with 417 observations {learner: <LearnerRegrRanger/LearnerRegr/Learner/R6>}
INFO  [00:02:01.259] [mlr3] Calling train method of fallback 'regr.ranger' on task 'surrogate_task' with 417 observations {learner: <LearnerRegrRanger/LearnerRegr/Learner/R6>}
INFO  [00:02:02.341] [mlr3] Calling train method of fallback 'regr.ranger' on task 'surrogate_task' with 419 observations {learner: <LearnerRegrRanger/LearnerRegr/Learner/R6>}
INFO  [00:02:03.646] [mlr3] Calling train method of fallback 'regr.ranger' on task 'surrogate_task' with 420 observations {learner: <LearnerRegrRanger/LearnerRegr/Learner/R6>}
INFO  [00:02:04.721] [mlr3] Calling train method of fallback 'regr.ranger' on task 'surrogate_task' with 420 observations {learner: <LearnerRegrRanger/LearnerRegr/Learner/R6>}
INFO  [00:02:05.768] [mlr3] Calling train method of fallback 'regr.ranger' on task 'surrogate_task' with 422 observations {learner: <LearnerRegrRanger/LearnerRegr/Learner/R6>}
INFO  [00:02:06.809] [mlr3] Calling train method of fallback 'regr.ranger' on task 'surrogate_task' with 423 observations {learner: <LearnerRegrRanger/LearnerRegr/Learner/R6>}
INFO  [00:02:07.872] [mlr3] Calling train method of fallback 'regr.ranger' on task 'surrogate_task' with 424 observations {learner: <LearnerRegrRanger/LearnerRegr/Learner/R6>}
INFO  [00:02:08.975] [mlr3] Calling train method of fallback 'regr.ranger' on task 'surrogate_task' with 425 observations {learner: <LearnerRegrRanger/LearnerRegr/Learner/R6>}
INFO  [00:02:10.093] [mlr3] Calling train method of fallback 'regr.ranger' on task 'surrogate_task' with 426 observations {learner: <LearnerRegrRanger/LearnerRegr/Learner/R6>}
INFO  [00:02:11.173] [mlr3] Calling train method of fallback 'regr.ranger' on task 'surrogate_task' with 427 observations {learner: <LearnerRegrRanger/LearnerRegr/Learner/R6>}
INFO  [00:02:12.230] [mlr3] Calling train method of fallback 'regr.ranger' on task 'surrogate_task' with 427 observations {learner: <LearnerRegrRanger/LearnerRegr/Learner/R6>}
INFO  [00:02:13.697] [mlr3] Calling train method of fallback 'regr.ranger' on task 'surrogate_task' with 429 observations {learner: <LearnerRegrRanger/LearnerRegr/Learner/R6>}
INFO  [00:02:14.734] [mlr3] Calling train method of fallback 'regr.ranger' on task 'surrogate_task' with 429 observations {learner: <LearnerRegrRanger/LearnerRegr/Learner/R6>}
INFO  [00:02:15.841] [mlr3] Calling train method of fallback 'regr.ranger' on task 'surrogate_task' with 431 observations {learner: <LearnerRegrRanger/LearnerRegr/Learner/R6>}
INFO  [00:02:16.936] [mlr3] Calling train method of fallback 'regr.ranger' on task 'surrogate_task' with 432 observations {learner: <LearnerRegrRanger/LearnerRegr/Learner/R6>}
INFO  [00:02:18.049] [mlr3] Calling train method of fallback 'regr.ranger' on task 'surrogate_task' with 433 observations {learner: <LearnerRegrRanger/LearnerRegr/Learner/R6>}
INFO  [00:02:19.076] [mlr3] Calling train method of fallback 'regr.ranger' on task 'surrogate_task' with 434 observations {learner: <LearnerRegrRanger/LearnerRegr/Learner/R6>}
INFO  [00:02:20.202] [mlr3] Calling train method of fallback 'regr.ranger' on task 'surrogate_task' with 434 observations {learner: <LearnerRegrRanger/LearnerRegr/Learner/R6>}
INFO  [00:02:21.278] [mlr3] Calling train method of fallback 'regr.ranger' on task 'surrogate_task' with 436 observations {learner: <LearnerRegrRanger/LearnerRegr/Learner/R6>}
INFO  [00:02:22.626] [mlr3] Calling train method of fallback 'regr.ranger' on task 'surrogate_task' with 436 observations {learner: <LearnerRegrRanger/LearnerRegr/Learner/R6>}
INFO  [00:02:23.675] [mlr3] Calling train method of fallback 'regr.ranger' on task 'surrogate_task' with 438 observations {learner: <LearnerRegrRanger/LearnerRegr/Learner/R6>}
INFO  [00:02:24.762] [mlr3] Calling train method of fallback 'regr.ranger' on task 'surrogate_task' with 439 observations {learner: <LearnerRegrRanger/LearnerRegr/Learner/R6>}
INFO  [00:02:25.852] [mlr3] Calling train method of fallback 'regr.ranger' on task 'surrogate_task' with 440 observations {learner: <LearnerRegrRanger/LearnerRegr/Learner/R6>}
INFO  [00:02:26.977] [mlr3] Calling train method of fallback 'regr.ranger' on task 'surrogate_task' with 441 observations {learner: <LearnerRegrRanger/LearnerRegr/Learner/R6>}
INFO  [00:02:28.110] [mlr3] Calling train method of fallback 'regr.ranger' on task 'surrogate_task' with 442 observations {learner: <LearnerRegrRanger/LearnerRegr/Learner/R6>}
INFO  [00:02:29.139] [mlr3] Calling train method of fallback 'regr.ranger' on task 'surrogate_task' with 442 observations {learner: <LearnerRegrRanger/LearnerRegr/Learner/R6>}
INFO  [00:02:30.259] [mlr3] Calling train method of fallback 'regr.ranger' on task 'surrogate_task' with 444 observations {learner: <LearnerRegrRanger/LearnerRegr/Learner/R6>}
INFO  [00:02:31.378] [mlr3] Calling train method of fallback 'regr.ranger' on task 'surrogate_task' with 445 observations {learner: <LearnerRegrRanger/LearnerRegr/Learner/R6>}
INFO  [00:02:32.793] [mlr3] Calling train method of fallback 'regr.ranger' on task 'surrogate_task' with 446 observations {learner: <LearnerRegrRanger/LearnerRegr/Learner/R6>}
INFO  [00:02:33.853] [mlr3] Calling train method of fallback 'regr.ranger' on task 'surrogate_task' with 447 observations {learner: <LearnerRegrRanger/LearnerRegr/Learner/R6>}
INFO  [00:02:34.968] [mlr3] Calling train method of fallback 'regr.ranger' on task 'surrogate_task' with 448 observations {learner: <LearnerRegrRanger/LearnerRegr/Learner/R6>}
INFO  [00:02:36.106] [mlr3] Calling train method of fallback 'regr.ranger' on task 'surrogate_task' with 449 observations {learner: <LearnerRegrRanger/LearnerRegr/Learner/R6>}
INFO  [00:02:37.258] [mlr3] Calling train method of fallback 'regr.ranger' on task 'surrogate_task' with 450 observations {learner: <LearnerRegrRanger/LearnerRegr/Learner/R6>}
INFO  [00:02:38.364] [mlr3] Calling train method of fallback 'regr.ranger' on task 'surrogate_task' with 451 observations {learner: <LearnerRegrRanger/LearnerRegr/Learner/R6>}
INFO  [00:02:39.487] [mlr3] Calling train method of fallback 'regr.ranger' on task 'surrogate_task' with 452 observations {learner: <LearnerRegrRanger/LearnerRegr/Learner/R6>}
INFO  [00:02:40.618] [mlr3] Calling train method of fallback 'regr.ranger' on task 'surrogate_task' with 453 observations {learner: <LearnerRegrRanger/LearnerRegr/Learner/R6>}
INFO  [00:02:41.720] [mlr3] Calling train method of fallback 'regr.ranger' on task 'surrogate_task' with 454 observations {learner: <LearnerRegrRanger/LearnerRegr/Learner/R6>}
INFO  [00:02:42.887] [mlr3] Calling train method of fallback 'regr.ranger' on task 'surrogate_task' with 455 observations {learner: <LearnerRegrRanger/LearnerRegr/Learner/R6>}
INFO  [00:02:44.094] [mlr3] Calling train method of fallback 'regr.ranger' on task 'surrogate_task' with 456 observations {learner: <LearnerRegrRanger/LearnerRegr/Learner/R6>}
INFO  [00:02:45.516] [mlr3] Calling train method of fallback 'regr.ranger' on task 'surrogate_task' with 457 observations {learner: <LearnerRegrRanger/LearnerRegr/Learner/R6>}
INFO  [00:02:46.651] [mlr3] Calling train method of fallback 'regr.ranger' on task 'surrogate_task' with 458 observations {learner: <LearnerRegrRanger/LearnerRegr/Learner/R6>}
INFO  [00:02:47.747] [mlr3] Calling train method of fallback 'regr.ranger' on task 'surrogate_task' with 459 observations {learner: <LearnerRegrRanger/LearnerRegr/Learner/R6>}
INFO  [00:02:48.878] [mlr3] Calling train method of fallback 'regr.ranger' on task 'surrogate_task' with 460 observations {learner: <LearnerRegrRanger/LearnerRegr/Learner/R6>}
INFO  [00:02:49.957] [mlr3] Calling train method of fallback 'regr.ranger' on task 'surrogate_task' with 461 observations {learner: <LearnerRegrRanger/LearnerRegr/Learner/R6>}
INFO  [00:02:51.129] [mlr3] Calling train method of fallback 'regr.ranger' on task 'surrogate_task' with 462 observations {learner: <LearnerRegrRanger/LearnerRegr/Learner/R6>}
INFO  [00:02:52.255] [mlr3] Calling train method of fallback 'regr.ranger' on task 'surrogate_task' with 463 observations {learner: <LearnerRegrRanger/LearnerRegr/Learner/R6>}
INFO  [00:02:53.623] [mlr3] Calling train method of fallback 'regr.ranger' on task 'surrogate_task' with 464 observations {learner: <LearnerRegrRanger/LearnerRegr/Learner/R6>}
INFO  [00:02:54.726] [mlr3] Calling train method of fallback 'regr.ranger' on task 'surrogate_task' with 465 observations {learner: <LearnerRegrRanger/LearnerRegr/Learner/R6>}
INFO  [00:02:55.892] [mlr3] Calling train method of fallback 'regr.ranger' on task 'surrogate_task' with 466 observations {learner: <LearnerRegrRanger/LearnerRegr/Learner/R6>}
INFO  [00:02:57.020] [mlr3] Calling train method of fallback 'regr.ranger' on task 'surrogate_task' with 467 observations {learner: <LearnerRegrRanger/LearnerRegr/Learner/R6>}
INFO  [00:02:58.157] [mlr3] Calling train method of fallback 'regr.ranger' on task 'surrogate_task' with 468 observations {learner: <LearnerRegrRanger/LearnerRegr/Learner/R6>}
INFO  [00:02:59.357] [mlr3] Calling train method of fallback 'regr.ranger' on task 'surrogate_task' with 469 observations {learner: <LearnerRegrRanger/LearnerRegr/Learner/R6>}
INFO  [00:03:00.486] [mlr3] Calling train method of fallback 'regr.ranger' on task 'surrogate_task' with 470 observations {learner: <LearnerRegrRanger/LearnerRegr/Learner/R6>}
INFO  [00:03:01.830] [mlr3] Calling train method of fallback 'regr.ranger' on task 'surrogate_task' with 471 observations {learner: <LearnerRegrRanger/LearnerRegr/Learner/R6>}
INFO  [00:03:02.955] [mlr3] Calling train method of fallback 'regr.ranger' on task 'surrogate_task' with 472 observations {learner: <LearnerRegrRanger/LearnerRegr/Learner/R6>}
INFO  [00:03:04.088] [mlr3] Calling train method of fallback 'regr.ranger' on task 'surrogate_task' with 473 observations {learner: <LearnerRegrRanger/LearnerRegr/Learner/R6>}
INFO  [00:03:05.194] [mlr3] Calling train method of fallback 'regr.ranger' on task 'surrogate_task' with 473 observations {learner: <LearnerRegrRanger/LearnerRegr/Learner/R6>}
INFO  [00:03:06.277] [mlr3] Calling train method of fallback 'regr.ranger' on task 'surrogate_task' with 475 observations {learner: <LearnerRegrRanger/LearnerRegr/Learner/R6>}
INFO  [00:03:07.442] [mlr3] Calling train method of fallback 'regr.ranger' on task 'surrogate_task' with 476 observations {learner: <LearnerRegrRanger/LearnerRegr/Learner/R6>}
INFO  [00:03:08.559] [mlr3] Calling train method of fallback 'regr.ranger' on task 'surrogate_task' with 477 observations {learner: <LearnerRegrRanger/LearnerRegr/Learner/R6>}
INFO  [00:03:09.720] [mlr3] Calling train method of fallback 'regr.ranger' on task 'surrogate_task' with 478 observations {learner: <LearnerRegrRanger/LearnerRegr/Learner/R6>}
INFO  [00:03:10.850] [mlr3] Calling train method of fallback 'regr.ranger' on task 'surrogate_task' with 479 observations {learner: <LearnerRegrRanger/LearnerRegr/Learner/R6>}
INFO  [00:03:12.186] [mlr3] Calling train method of fallback 'regr.ranger' on task 'surrogate_task' with 480 observations {learner: <LearnerRegrRanger/LearnerRegr/Learner/R6>}
INFO  [00:03:13.313] [mlr3] Calling train method of fallback 'regr.ranger' on task 'surrogate_task' with 481 observations {learner: <LearnerRegrRanger/LearnerRegr/Learner/R6>}
INFO  [00:03:14.531] [mlr3] Calling train method of fallback 'regr.ranger' on task 'surrogate_task' with 482 observations {learner: <LearnerRegrRanger/LearnerRegr/Learner/R6>}
INFO  [00:03:15.721] [mlr3] Calling train method of fallback 'regr.ranger' on task 'surrogate_task' with 483 observations {learner: <LearnerRegrRanger/LearnerRegr/Learner/R6>}
INFO  [00:03:16.871] [mlr3] Calling train method of fallback 'regr.ranger' on task 'surrogate_task' with 484 observations {learner: <LearnerRegrRanger/LearnerRegr/Learner/R6>}
INFO  [00:03:18.044] [mlr3] Calling train method of fallback 'regr.ranger' on task 'surrogate_task' with 485 observations {learner: <LearnerRegrRanger/LearnerRegr/Learner/R6>}
INFO  [00:03:19.397] [mlr3] Calling train method of fallback 'regr.ranger' on task 'surrogate_task' with 486 observations {learner: <LearnerRegrRanger/LearnerRegr/Learner/R6>}
INFO  [00:03:20.514] [mlr3] Calling train method of fallback 'regr.ranger' on task 'surrogate_task' with 487 observations {learner: <LearnerRegrRanger/LearnerRegr/Learner/R6>}
INFO  [00:03:21.651] [mlr3] Calling train method of fallback 'regr.ranger' on task 'surrogate_task' with 488 observations {learner: <LearnerRegrRanger/LearnerRegr/Learner/R6>}
INFO  [00:03:22.760] [mlr3] Calling train method of fallback 'regr.ranger' on task 'surrogate_task' with 488 observations {learner: <LearnerRegrRanger/LearnerRegr/Learner/R6>}
INFO  [00:03:23.905] [mlr3] Calling train method of fallback 'regr.ranger' on task 'surrogate_task' with 490 observations {learner: <LearnerRegrRanger/LearnerRegr/Learner/R6>}
INFO  [00:03:25.054] [mlr3] Calling train method of fallback 'regr.ranger' on task 'surrogate_task' with 491 observations {learner: <LearnerRegrRanger/LearnerRegr/Learner/R6>}
INFO  [00:03:26.417] [mlr3] Calling train method of fallback 'regr.ranger' on task 'surrogate_task' with 492 observations {learner: <LearnerRegrRanger/LearnerRegr/Learner/R6>}
INFO  [00:03:27.546] [mlr3] Calling train method of fallback 'regr.ranger' on task 'surrogate_task' with 493 observations {learner: <LearnerRegrRanger/LearnerRegr/Learner/R6>}
INFO  [00:03:28.701] [mlr3] Calling train method of fallback 'regr.ranger' on task 'surrogate_task' with 494 observations {learner: <LearnerRegrRanger/LearnerRegr/Learner/R6>}
INFO  [00:03:29.903] [mlr3] Calling train method of fallback 'regr.ranger' on task 'surrogate_task' with 495 observations {learner: <LearnerRegrRanger/LearnerRegr/Learner/R6>}
INFO  [00:03:31.044] [mlr3] Calling train method of fallback 'regr.ranger' on task 'surrogate_task' with 496 observations {learner: <LearnerRegrRanger/LearnerRegr/Learner/R6>}
INFO  [00:03:32.215] [mlr3] Calling train method of fallback 'regr.ranger' on task 'surrogate_task' with 497 observations {learner: <LearnerRegrRanger/LearnerRegr/Learner/R6>}
INFO  [00:03:33.381] [mlr3] Calling train method of fallback 'regr.ranger' on task 'surrogate_task' with 498 observations {learner: <LearnerRegrRanger/LearnerRegr/Learner/R6>}
INFO  [00:03:34.727] [mlr3] Calling train method of fallback 'regr.ranger' on task 'surrogate_task' with 499 observations {learner: <LearnerRegrRanger/LearnerRegr/Learner/R6>}
INFO  [00:03:35.840] [mlr3] Calling train method of fallback 'regr.ranger' on task 'surrogate_task' with 500 observations {learner: <LearnerRegrRanger/LearnerRegr/Learner/R6>}
INFO  [00:03:37.029] [mlr3] Calling train method of fallback 'regr.ranger' on task 'surrogate_task' with 501 observations {learner: <LearnerRegrRanger/LearnerRegr/Learner/R6>}
INFO  [00:03:38.376] [mlr3] Calling train method of fallback 'regr.ranger' on task 'surrogate_task' with 502 observations {learner: <LearnerRegrRanger/LearnerRegr/Learner/R6>}
INFO  [00:03:39.523] [mlr3] Calling train method of fallback 'regr.ranger' on task 'surrogate_task' with 503 observations {learner: <LearnerRegrRanger/LearnerRegr/Learner/R6>}
INFO  [00:03:40.679] [mlr3] Calling train method of fallback 'regr.ranger' on task 'surrogate_task' with 504 observations {learner: <LearnerRegrRanger/LearnerRegr/Learner/R6>}
INFO  [00:03:41.836] [mlr3] Calling train method of fallback 'regr.ranger' on task 'surrogate_task' with 505 observations {learner: <LearnerRegrRanger/LearnerRegr/Learner/R6>}
INFO  [00:03:43.000] [mlr3] Calling train method of fallback 'regr.ranger' on task 'surrogate_task' with 506 observations {learner: <LearnerRegrRanger/LearnerRegr/Learner/R6>}
INFO  [00:03:44.217] [mlr3] Calling train method of fallback 'regr.ranger' on task 'surrogate_task' with 507 observations {learner: <LearnerRegrRanger/LearnerRegr/Learner/R6>}
INFO  [00:03:45.663] [mlr3] Calling train method of fallback 'regr.ranger' on task 'surrogate_task' with 508 observations {learner: <LearnerRegrRanger/LearnerRegr/Learner/R6>}
INFO  [00:03:46.845] [mlr3] Calling train method of fallback 'regr.ranger' on task 'surrogate_task' with 509 observations {learner: <LearnerRegrRanger/LearnerRegr/Learner/R6>}
INFO  [00:03:48.002] [mlr3] Calling train method of fallback 'regr.ranger' on task 'surrogate_task' with 509 observations {learner: <LearnerRegrRanger/LearnerRegr/Learner/R6>}
INFO  [00:03:49.366] [mlr3] Calling train method of fallback 'regr.ranger' on task 'surrogate_task' with 511 observations {learner: <LearnerRegrRanger/LearnerRegr/Learner/R6>}
INFO  [00:03:50.499] [mlr3] Calling train method of fallback 'regr.ranger' on task 'surrogate_task' with 512 observations {learner: <LearnerRegrRanger/LearnerRegr/Learner/R6>}
INFO  [00:03:51.668] [mlr3] Calling train method of fallback 'regr.ranger' on task 'surrogate_task' with 513 observations {learner: <LearnerRegrRanger/LearnerRegr/Learner/R6>}
INFO  [00:03:52.833] [mlr3] Calling train method of fallback 'regr.ranger' on task 'surrogate_task' with 514 observations {learner: <LearnerRegrRanger/LearnerRegr/Learner/R6>}
INFO  [00:03:54.023] [mlr3] Calling train method of fallback 'regr.ranger' on task 'surrogate_task' with 515 observations {learner: <LearnerRegrRanger/LearnerRegr/Learner/R6>}
INFO  [00:03:55.238] [mlr3] Calling train method of fallback 'regr.ranger' on task 'surrogate_task' with 516 observations {learner: <LearnerRegrRanger/LearnerRegr/Learner/R6>}
INFO  [00:03:56.461] [mlr3] Calling train method of fallback 'regr.ranger' on task 'surrogate_task' with 517 observations {learner: <LearnerRegrRanger/LearnerRegr/Learner/R6>}
INFO  [00:03:57.917] [mlr3] Calling train method of fallback 'regr.ranger' on task 'surrogate_task' with 518 observations {learner: <LearnerRegrRanger/LearnerRegr/Learner/R6>}
INFO  [00:03:59.111] [mlr3] Calling train method of fallback 'regr.ranger' on task 'surrogate_task' with 519 observations {learner: <LearnerRegrRanger/LearnerRegr/Learner/R6>}
INFO  [00:04:00.565] [mlr3] Calling train method of fallback 'regr.ranger' on task 'surrogate_task' with 520 observations {learner: <LearnerRegrRanger/LearnerRegr/Learner/R6>}
INFO  [00:04:01.752] [mlr3] Calling train method of fallback 'regr.ranger' on task 'surrogate_task' with 521 observations {learner: <LearnerRegrRanger/LearnerRegr/Learner/R6>}
INFO  [00:04:02.938] [mlr3] Calling train method of fallback 'regr.ranger' on task 'surrogate_task' with 522 observations {learner: <LearnerRegrRanger/LearnerRegr/Learner/R6>}
INFO  [00:04:04.216] [mlr3] Calling train method of fallback 'regr.ranger' on task 'surrogate_task' with 523 observations {learner: <LearnerRegrRanger/LearnerRegr/Learner/R6>}
INFO  [00:04:05.439] [mlr3] Calling train method of fallback 'regr.ranger' on task 'surrogate_task' with 524 observations {learner: <LearnerRegrRanger/LearnerRegr/Learner/R6>}
INFO  [00:04:06.653] [mlr3] Calling train method of fallback 'regr.ranger' on task 'surrogate_task' with 525 observations {learner: <LearnerRegrRanger/LearnerRegr/Learner/R6>}
INFO  [00:04:08.143] [mlr3] Calling train method of fallback 'regr.ranger' on task 'surrogate_task' with 526 observations {learner: <LearnerRegrRanger/LearnerRegr/Learner/R6>}
INFO  [00:04:09.373] [mlr3] Calling train method of fallback 'regr.ranger' on task 'surrogate_task' with 527 observations {learner: <LearnerRegrRanger/LearnerRegr/Learner/R6>}
INFO  [00:04:10.886] [mlr3] Calling train method of fallback 'regr.ranger' on task 'surrogate_task' with 528 observations {learner: <LearnerRegrRanger/LearnerRegr/Learner/R6>}
INFO  [00:04:12.072] [mlr3] Calling train method of fallback 'regr.ranger' on task 'surrogate_task' with 529 observations {learner: <LearnerRegrRanger/LearnerRegr/Learner/R6>}
INFO  [00:04:13.268] [mlr3] Calling train method of fallback 'regr.ranger' on task 'surrogate_task' with 529 observations {learner: <LearnerRegrRanger/LearnerRegr/Learner/R6>}
INFO  [00:04:14.545] [mlr3] Calling train method of fallback 'regr.ranger' on task 'surrogate_task' with 531 observations {learner: <LearnerRegrRanger/LearnerRegr/Learner/R6>}
INFO  [00:04:15.849] [mlr3] Calling train method of fallback 'regr.ranger' on task 'surrogate_task' with 532 observations {learner: <LearnerRegrRanger/LearnerRegr/Learner/R6>}
INFO  [00:04:17.111] [mlr3] Calling train method of fallback 'regr.ranger' on task 'surrogate_task' with 533 observations {learner: <LearnerRegrRanger/LearnerRegr/Learner/R6>}
INFO  [00:04:18.340] [mlr3] Calling train method of fallback 'regr.ranger' on task 'surrogate_task' with 534 observations {learner: <LearnerRegrRanger/LearnerRegr/Learner/R6>}
INFO  [00:04:19.536] [mlr3] Calling train method of fallback 'regr.ranger' on task 'surrogate_task' with 535 observations {learner: <LearnerRegrRanger/LearnerRegr/Learner/R6>}
INFO  [00:04:20.970] [mlr3] Calling train method of fallback 'regr.ranger' on task 'surrogate_task' with 536 observations {learner: <LearnerRegrRanger/LearnerRegr/Learner/R6>}
INFO  [00:04:22.172] [mlr3] Calling train method of fallback 'regr.ranger' on task 'surrogate_task' with 536 observations {learner: <LearnerRegrRanger/LearnerRegr/Learner/R6>}
INFO  [00:04:23.430] [mlr3] Calling train method of fallback 'regr.ranger' on task 'surrogate_task' with 538 observations {learner: <LearnerRegrRanger/LearnerRegr/Learner/R6>}
INFO  [00:04:24.678] [mlr3] Calling train method of fallback 'regr.ranger' on task 'surrogate_task' with 539 observations {learner: <LearnerRegrRanger/LearnerRegr/Learner/R6>}
INFO  [00:04:25.875] [mlr3] Calling train method of fallback 'regr.ranger' on task 'surrogate_task' with 539 observations {learner: <LearnerRegrRanger/LearnerRegr/Learner/R6>}
INFO  [00:04:27.075] [mlr3] Calling train method of fallback 'regr.ranger' on task 'surrogate_task' with 541 observations {learner: <LearnerRegrRanger/LearnerRegr/Learner/R6>}
INFO  [00:04:28.471] [mlr3] Calling train method of fallback 'regr.ranger' on task 'surrogate_task' with 542 observations {learner: <LearnerRegrRanger/LearnerRegr/Learner/R6>}
INFO  [00:04:29.888] [mlr3] Calling train method of fallback 'regr.ranger' on task 'surrogate_task' with 543 observations {learner: <LearnerRegrRanger/LearnerRegr/Learner/R6>}
INFO  [00:04:31.191] [mlr3] Calling train method of fallback 'regr.ranger' on task 'surrogate_task' with 544 observations {learner: <LearnerRegrRanger/LearnerRegr/Learner/R6>}
INFO  [00:04:32.427] [mlr3] Calling train method of fallback 'regr.ranger' on task 'surrogate_task' with 545 observations {learner: <LearnerRegrRanger/LearnerRegr/Learner/R6>}
INFO  [00:04:33.646] [mlr3] Calling train method of fallback 'regr.ranger' on task 'surrogate_task' with 545 observations {learner: <LearnerRegrRanger/LearnerRegr/Learner/R6>}
INFO  [00:04:34.919] [mlr3] Calling train method of fallback 'regr.ranger' on task 'surrogate_task' with 547 observations {learner: <LearnerRegrRanger/LearnerRegr/Learner/R6>}
INFO  [00:04:36.165] [mlr3] Calling train method of fallback 'regr.ranger' on task 'surrogate_task' with 548 observations {learner: <LearnerRegrRanger/LearnerRegr/Learner/R6>}
INFO  [00:04:37.437] [mlr3] Calling train method of fallback 'regr.ranger' on task 'surrogate_task' with 549 observations {learner: <LearnerRegrRanger/LearnerRegr/Learner/R6>}
INFO  [00:04:38.667] [mlr3] Calling train method of fallback 'regr.ranger' on task 'surrogate_task' with 550 observations {learner: <LearnerRegrRanger/LearnerRegr/Learner/R6>}
INFO  [00:04:40.062] [mlr3] Calling train method of fallback 'regr.ranger' on task 'surrogate_task' with 551 observations {learner: <LearnerRegrRanger/LearnerRegr/Learner/R6>}
INFO  [00:04:41.338] [mlr3] Calling train method of fallback 'regr.ranger' on task 'surrogate_task' with 552 observations {learner: <LearnerRegrRanger/LearnerRegr/Learner/R6>}
INFO  [00:04:42.559] [mlr3] Calling train method of fallback 'regr.ranger' on task 'surrogate_task' with 552 observations {learner: <LearnerRegrRanger/LearnerRegr/Learner/R6>}
INFO  [00:04:43.801] [mlr3] Calling train method of fallback 'regr.ranger' on task 'surrogate_task' with 554 observations {learner: <LearnerRegrRanger/LearnerRegr/Learner/R6>}
INFO  [00:04:45.099] [mlr3] Calling train method of fallback 'regr.ranger' on task 'surrogate_task' with 555 observations {learner: <LearnerRegrRanger/LearnerRegr/Learner/R6>}
INFO  [00:04:46.403] [mlr3] Calling train method of fallback 'regr.ranger' on task 'surrogate_task' with 556 observations {learner: <LearnerRegrRanger/LearnerRegr/Learner/R6>}
INFO  [00:04:48.052] [mlr3] Calling train method of fallback 'regr.ranger' on task 'surrogate_task' with 557 observations {learner: <LearnerRegrRanger/LearnerRegr/Learner/R6>}
INFO  [00:04:49.293] [mlr3] Calling train method of fallback 'regr.ranger' on task 'surrogate_task' with 558 observations {learner: <LearnerRegrRanger/LearnerRegr/Learner/R6>}
INFO  [00:04:50.543] [mlr3] Calling train method of fallback 'regr.ranger' on task 'surrogate_task' with 559 observations {learner: <LearnerRegrRanger/LearnerRegr/Learner/R6>}
INFO  [00:04:51.749] [mlr3] Calling train method of fallback 'regr.ranger' on task 'surrogate_task' with 560 observations {learner: <LearnerRegrRanger/LearnerRegr/Learner/R6>}
INFO  [00:04:52.996] [mlr3] Calling train method of fallback 'regr.ranger' on task 'surrogate_task' with 561 observations {learner: <LearnerRegrRanger/LearnerRegr/Learner/R6>}
INFO  [00:04:54.247] [mlr3] Calling train method of fallback 'regr.ranger' on task 'surrogate_task' with 562 observations {learner: <LearnerRegrRanger/LearnerRegr/Learner/R6>}
INFO  [00:04:55.472] [mlr3] Calling train method of fallback 'regr.ranger' on task 'surrogate_task' with 563 observations {learner: <LearnerRegrRanger/LearnerRegr/Learner/R6>}
INFO  [00:04:56.929] [mlr3] Calling train method of fallback 'regr.ranger' on task 'surrogate_task' with 564 observations {learner: <LearnerRegrRanger/LearnerRegr/Learner/R6>}
INFO  [00:04:58.199] [mlr3] Calling train method of fallback 'regr.ranger' on task 'surrogate_task' with 565 observations {learner: <LearnerRegrRanger/LearnerRegr/Learner/R6>}
INFO  [00:04:59.507] [mlr3] Calling train method of fallback 'regr.ranger' on task 'surrogate_task' with 566 observations {learner: <LearnerRegrRanger/LearnerRegr/Learner/R6>}
INFO  [00:05:00.858] [mlr3] Calling train method of fallback 'regr.ranger' on task 'surrogate_task' with 567 observations {learner: <LearnerRegrRanger/LearnerRegr/Learner/R6>}
INFO  [00:05:02.120] [mlr3] Calling train method of fallback 'regr.ranger' on task 'surrogate_task' with 568 observations {learner: <LearnerRegrRanger/LearnerRegr/Learner/R6>}
INFO  [00:05:03.378] [mlr3] Calling train method of fallback 'regr.ranger' on task 'surrogate_task' with 569 observations {learner: <LearnerRegrRanger/LearnerRegr/Learner/R6>}
INFO  [00:05:04.617] [mlr3] Calling train method of fallback 'regr.ranger' on task 'surrogate_task' with 570 observations {learner: <LearnerRegrRanger/LearnerRegr/Learner/R6>}
INFO  [00:05:06.097] [mlr3] Calling train method of fallback 'regr.ranger' on task 'surrogate_task' with 571 observations {learner: <LearnerRegrRanger/LearnerRegr/Learner/R6>}
INFO  [00:05:07.386] [mlr3] Calling train method of fallback 'regr.ranger' on task 'surrogate_task' with 572 observations {learner: <LearnerRegrRanger/LearnerRegr/Learner/R6>}
INFO  [00:05:08.625] [mlr3] Calling train method of fallback 'regr.ranger' on task 'surrogate_task' with 573 observations {learner: <LearnerRegrRanger/LearnerRegr/Learner/R6>}
INFO  [00:05:09.860] [mlr3] Calling train method of fallback 'regr.ranger' on task 'surrogate_task' with 574 observations {learner: <LearnerRegrRanger/LearnerRegr/Learner/R6>}
INFO  [00:05:11.149] [mlr3] Calling train method of fallback 'regr.ranger' on task 'surrogate_task' with 575 observations {learner: <LearnerRegrRanger/LearnerRegr/Learner/R6>}
INFO  [00:05:12.637] [mlr3] Calling train method of fallback 'regr.ranger' on task 'surrogate_task' with 576 observations {learner: <LearnerRegrRanger/LearnerRegr/Learner/R6>}
INFO  [00:05:13.922] [mlr3] Calling train method of fallback 'regr.ranger' on task 'surrogate_task' with 577 observations {learner: <LearnerRegrRanger/LearnerRegr/Learner/R6>}
INFO  [00:05:15.376] [mlr3] Calling train method of fallback 'regr.ranger' on task 'surrogate_task' with 578 observations {learner: <LearnerRegrRanger/LearnerRegr/Learner/R6>}
INFO  [00:05:16.711] [mlr3] Calling train method of fallback 'regr.ranger' on task 'surrogate_task' with 579 observations {learner: <LearnerRegrRanger/LearnerRegr/Learner/R6>}
INFO  [00:05:17.967] [mlr3] Calling train method of fallback 'regr.ranger' on task 'surrogate_task' with 580 observations {learner: <LearnerRegrRanger/LearnerRegr/Learner/R6>}
INFO  [00:05:19.216] [mlr3] Calling train method of fallback 'regr.ranger' on task 'surrogate_task' with 581 observations {learner: <LearnerRegrRanger/LearnerRegr/Learner/R6>}
INFO  [00:05:20.524] [mlr3] Calling train method of fallback 'regr.ranger' on task 'surrogate_task' with 582 observations {learner: <LearnerRegrRanger/LearnerRegr/Learner/R6>}
INFO  [00:05:21.853] [mlr3] Calling train method of fallback 'regr.ranger' on task 'surrogate_task' with 583 observations {learner: <LearnerRegrRanger/LearnerRegr/Learner/R6>}
INFO  [00:05:23.208] [mlr3] Calling train method of fallback 'regr.ranger' on task 'surrogate_task' with 584 observations {learner: <LearnerRegrRanger/LearnerRegr/Learner/R6>}
INFO  [00:05:24.734] [mlr3] Calling train method of fallback 'regr.ranger' on task 'surrogate_task' with 585 observations {learner: <LearnerRegrRanger/LearnerRegr/Learner/R6>}
INFO  [00:05:26.053] [mlr3] Calling train method of fallback 'regr.ranger' on task 'surrogate_task' with 585 observations {learner: <LearnerRegrRanger/LearnerRegr/Learner/R6>}
INFO  [00:05:27.350] [mlr3] Calling train method of fallback 'regr.ranger' on task 'surrogate_task' with 587 observations {learner: <LearnerRegrRanger/LearnerRegr/Learner/R6>}
INFO  [00:05:28.673] [mlr3] Calling train method of fallback 'regr.ranger' on task 'surrogate_task' with 587 observations {learner: <LearnerRegrRanger/LearnerRegr/Learner/R6>}
INFO  [00:05:29.959] [mlr3] Calling train method of fallback 'regr.ranger' on task 'surrogate_task' with 589 observations {learner: <LearnerRegrRanger/LearnerRegr/Learner/R6>}
INFO  [00:05:31.314] [mlr3] Calling train method of fallback 'regr.ranger' on task 'surrogate_task' with 590 observations {learner: <LearnerRegrRanger/LearnerRegr/Learner/R6>}
INFO  [00:05:32.822] [mlr3] Calling train method of fallback 'regr.ranger' on task 'surrogate_task' with 591 observations {learner: <LearnerRegrRanger/LearnerRegr/Learner/R6>}
INFO  [00:05:34.131] [mlr3] Calling train method of fallback 'regr.ranger' on task 'surrogate_task' with 592 observations {learner: <LearnerRegrRanger/LearnerRegr/Learner/R6>}
INFO  [00:05:35.480] [mlr3] Calling train method of fallback 'regr.ranger' on task 'surrogate_task' with 593 observations {learner: <LearnerRegrRanger/LearnerRegr/Learner/R6>}
INFO  [00:05:36.799] [mlr3] Calling train method of fallback 'regr.ranger' on task 'surrogate_task' with 594 observations {learner: <LearnerRegrRanger/LearnerRegr/Learner/R6>}
INFO  [00:05:38.136] [mlr3] Calling train method of fallback 'regr.ranger' on task 'surrogate_task' with 595 observations {learner: <LearnerRegrRanger/LearnerRegr/Learner/R6>}
INFO  [00:05:39.800] [mlr3] Calling train method of fallback 'regr.ranger' on task 'surrogate_task' with 596 observations {learner: <LearnerRegrRanger/LearnerRegr/Learner/R6>}
INFO  [00:05:41.337] [mlr3] Calling train method of fallback 'regr.ranger' on task 'surrogate_task' with 597 observations {learner: <LearnerRegrRanger/LearnerRegr/Learner/R6>}
INFO  [00:05:42.677] [mlr3] Calling train method of fallback 'regr.ranger' on task 'surrogate_task' with 598 observations {learner: <LearnerRegrRanger/LearnerRegr/Learner/R6>}
INFO  [00:05:44.018] [mlr3] Calling train method of fallback 'regr.ranger' on task 'surrogate_task' with 599 observations {learner: <LearnerRegrRanger/LearnerRegr/Learner/R6>}
INFO  [00:05:45.380] [mlr3] Calling train method of fallback 'regr.ranger' on task 'surrogate_task' with 600 observations {learner: <LearnerRegrRanger/LearnerRegr/Learner/R6>}
INFO  [00:05:46.800] [mlr3] Calling train method of fallback 'regr.ranger' on task 'surrogate_task' with 601 observations {learner: <LearnerRegrRanger/LearnerRegr/Learner/R6>}
INFO  [00:05:48.354] [mlr3] Calling train method of fallback 'regr.ranger' on task 'surrogate_task' with 602 observations {learner: <LearnerRegrRanger/LearnerRegr/Learner/R6>}
INFO  [00:05:49.666] [mlr3] Calling train method of fallback 'regr.ranger' on task 'surrogate_task' with 603 observations {learner: <LearnerRegrRanger/LearnerRegr/Learner/R6>}
INFO  [00:05:51.235] [mlr3] Calling train method of fallback 'regr.ranger' on task 'surrogate_task' with 603 observations {learner: <LearnerRegrRanger/LearnerRegr/Learner/R6>}
INFO  [00:05:52.590] [mlr3] Calling train method of fallback 'regr.ranger' on task 'surrogate_task' with 605 observations {learner: <LearnerRegrRanger/LearnerRegr/Learner/R6>}
INFO  [00:05:53.933] [mlr3] Calling train method of fallback 'regr.ranger' on task 'surrogate_task' with 605 observations {learner: <LearnerRegrRanger/LearnerRegr/Learner/R6>}
INFO  [00:05:55.281] [mlr3] Calling train method of fallback 'regr.ranger' on task 'surrogate_task' with 607 observations {learner: <LearnerRegrRanger/LearnerRegr/Learner/R6>}
INFO  [00:05:56.869] [mlr3] Calling train method of fallback 'regr.ranger' on task 'surrogate_task' with 608 observations {learner: <LearnerRegrRanger/LearnerRegr/Learner/R6>}
INFO  [00:05:58.194] [mlr3] Calling train method of fallback 'regr.ranger' on task 'surrogate_task' with 609 observations {learner: <LearnerRegrRanger/LearnerRegr/Learner/R6>}
INFO  [00:05:59.590] [mlr3] Calling train method of fallback 'regr.ranger' on task 'surrogate_task' with 610 observations {learner: <LearnerRegrRanger/LearnerRegr/Learner/R6>}
INFO  [00:06:01.267] Results of 447 configuration(s):
INFO  [00:06:01.338]  classif.ce learning_rate num_leaves min_data_in_leaf feature_fraction
INFO  [00:06:01.338]       0.215   0.000000000         10               18        1.0000000
INFO  [00:06:01.338]       0.224  -3.002439068         23                2        0.9892406
INFO  [00:06:01.338]       0.217  -2.723229643         36               22        0.8137860
INFO  [00:06:01.338]       0.205   0.000000000         32               17        0.2177045
INFO  [00:06:01.338]       0.220  -3.219961152         87                1        0.7787852
INFO  [00:06:01.338]       0.243   0.000000000         32                7        0.1552942
INFO  [00:06:01.338]       0.204   0.000000000         32                3        0.1959262
INFO  [00:06:01.338]       0.213   0.000000000        168               18        0.2238176
INFO  [00:06:01.338]       0.215   0.000000000         27               18        0.2194300
INFO  [00:06:01.338]       0.218   0.000000000        100                1        0.1000000
INFO  [00:06:01.338]       0.223   0.000000000         32                1        0.1983164
INFO  [00:06:01.338]       0.216   0.000000000         29                1        0.1919970
INFO  [00:06:01.338]       0.209  -0.005823340         32                1        0.2040864
INFO  [00:06:01.338]       0.217   0.000000000        141                7        0.4915406
INFO  [00:06:01.338]       0.216   0.000000000         19                4        0.1782689
INFO  [00:06:01.338]       0.208   0.000000000         11                3        0.9275954
INFO  [00:06:01.338]       0.234  -2.641706417         32                1        0.1821833
INFO  [00:06:01.338]       0.203   0.000000000        247                1        0.1940897
INFO  [00:06:01.338]       0.220   0.000000000         33                1        0.4767974
INFO  [00:06:01.338]       0.200   0.000000000         29                1        0.1986799
INFO  [00:06:01.338]       0.210   0.000000000        243                1        0.7148647
INFO  [00:06:01.338]       0.225   0.000000000        255                1        0.3015663
INFO  [00:06:01.338]       0.293   0.000000000        185                1        0.2008860
INFO  [00:06:01.338]       0.209  -0.649084302         27                1        0.1991823
INFO  [00:06:01.338]       0.202   0.000000000         53                1        0.1908061
INFO  [00:06:01.338]       0.201   0.000000000         10                1        0.1860696
INFO  [00:06:01.338]       0.205   0.000000000         36                1        0.1849129
INFO  [00:06:01.338]       0.233  -2.620924074         31                1        0.1861159
INFO  [00:06:01.338]       0.228   0.000000000         28                1        0.5184262
INFO  [00:06:01.338]       0.231   0.000000000         30                1        0.1858822
INFO  [00:06:01.338]       0.217   0.000000000        231                1        0.1734730
INFO  [00:06:01.338]       0.216   0.000000000        113                1        0.1921873
INFO  [00:06:01.338]       0.204   0.000000000         21               21        0.1779366
INFO  [00:06:01.338]       0.236   0.000000000         10                1        0.9564962
INFO  [00:06:01.338]       0.300  -6.334237501         29                1        0.1936058
INFO  [00:06:01.338]       0.219   0.000000000        176                1        0.5367107
INFO  [00:06:01.338]       0.210   0.000000000         11                1        0.2075848
INFO  [00:06:01.338]       0.227  -2.976394815         29                1        0.1946535
INFO  [00:06:01.338]       0.205   0.000000000         23                1        0.2024846
INFO  [00:06:01.338]       0.210   0.000000000         97                1        0.1842718
INFO  [00:06:01.338]       0.202   0.000000000        169                1        0.1897656
INFO  [00:06:01.338]       0.224  -2.484542893         74                1        0.1899458
INFO  [00:06:01.338]       0.222   0.000000000        172                1        0.1987419
INFO  [00:06:01.338]       0.234   0.000000000        222                1        0.1983482
INFO  [00:06:01.338]       0.207   0.000000000         86                1        0.2148091
INFO  [00:06:01.338]       0.244   0.000000000        190                1        0.1898000
INFO  [00:06:01.338]       0.219  -1.404228025         10                1        0.1885905
INFO  [00:06:01.338]       0.204   0.000000000         16                1        0.1834448
INFO  [00:06:01.338]       0.205   0.000000000        219                1        0.1982038
INFO  [00:06:01.338]       0.215   0.000000000         10                1        0.8289535
INFO  [00:06:01.338]       0.240   0.000000000         10              200        0.1783786
INFO  [00:06:01.338]       0.201   0.000000000         30               26        0.7958074
INFO  [00:06:01.338]       0.246   0.000000000         39              200        0.1830715
INFO  [00:06:01.338]       0.223   0.000000000        170                1        0.2156498
INFO  [00:06:01.338]       0.209   0.000000000        164              200        0.8979197
INFO  [00:06:01.338]       0.201   0.000000000        254                1        0.5242568
INFO  [00:06:01.338]       0.222   0.000000000         10                1        0.1011635
INFO  [00:06:01.338]       0.233   0.000000000        158               27        0.1746524
INFO  [00:06:01.338]       0.217   0.000000000         28                1        0.5913979
INFO  [00:06:01.338]       0.207   0.000000000         29                1        0.3762731
INFO  [00:06:01.338]       0.208   0.000000000        255                1        0.2797393
INFO  [00:06:01.338]       0.214   0.000000000         49                3        0.2133799
INFO  [00:06:01.338]       0.237   0.000000000        252              180        0.2005421
INFO  [00:06:01.338]       0.205   0.000000000         27              200        0.9070307
INFO  [00:06:01.338]       0.237   0.000000000         26                3        0.1857244
INFO  [00:06:01.338]       0.210   0.000000000        113               24        0.8693101
INFO  [00:06:01.338]       0.210   0.000000000         10               22        0.6184235
INFO  [00:06:01.338]       0.240   0.000000000         21              181        0.1860359
INFO  [00:06:01.338]       0.205   0.000000000         29               18        0.1919005
INFO  [00:06:01.338]       0.225   0.000000000         30              200        0.5516731
INFO  [00:06:01.338]       0.229   0.000000000        255                1        0.5544986
INFO  [00:06:01.338]       0.215   0.000000000        255               15        1.0000000
INFO  [00:06:01.338]       0.209   0.000000000        255               11        0.5109710
INFO  [00:06:01.338]       0.210   0.000000000         28                1        0.2064781
INFO  [00:06:01.338]       0.220   0.000000000        247                1        0.5161830
INFO  [00:06:01.338]       0.219   0.000000000        255                1        0.3924862
INFO  [00:06:01.338]       0.217   0.000000000         39              200        0.7829444
INFO  [00:06:01.338]       0.210   0.000000000         10               26        0.8791637
INFO  [00:06:01.338]       0.224   0.000000000         38               26        0.5048569
INFO  [00:06:01.338]       0.253  -0.922877761         10                1        0.1935922
INFO  [00:06:01.338]       0.222   0.000000000         29              200        1.0000000
INFO  [00:06:01.338]       0.210   0.000000000        242              100        1.0000000
INFO  [00:06:01.338]       0.248  -0.010102207         91                1        0.1189499
INFO  [00:06:01.338]       0.203   0.000000000         10                1        0.1894624
INFO  [00:06:01.338]       0.209  -0.054859925        166               17        0.1777792
INFO  [00:06:01.338]       0.208   0.000000000         29               94        0.8248695
INFO  [00:06:01.338]       0.300   0.000000000         27               85        0.8113590
INFO  [00:06:01.338]       0.216  -0.331789092         27               19        0.8021511
INFO  [00:06:01.338]       0.226   0.000000000        255               95        0.7786460
INFO  [00:06:01.338]       0.204   0.000000000         29                1        0.1960963
INFO  [00:06:01.338]       0.215   0.000000000        127               85        0.2387954
INFO  [00:06:01.338]       0.207   0.000000000        170                1        0.1987223
INFO  [00:06:01.338]       0.212   0.000000000         10               85        0.1869567
INFO  [00:06:01.338]       0.211   0.000000000        200              136        0.7991936
INFO  [00:06:01.338]       0.208   0.000000000        192               90        0.1932105
INFO  [00:06:01.338]       0.222   0.000000000         10                1        0.1000000
INFO  [00:06:01.338]       0.220   0.000000000        249              135        0.1919023
INFO  [00:06:01.338]       0.228   0.000000000        255                1        0.4621891
INFO  [00:06:01.338]       0.202   0.000000000        254                1        0.1997260
INFO  [00:06:01.338]       0.300   0.000000000         27                3        0.7847344
INFO  [00:06:01.338]       0.205   0.000000000         30               26        0.7711849
INFO  [00:06:01.338]       0.224   0.000000000         32               31        0.7928630
INFO  [00:06:01.338]       0.218   0.000000000         10               69        0.1974504
INFO  [00:06:01.338]       0.244   0.000000000        188              193        0.1989503
INFO  [00:06:01.338]       0.203   0.000000000        255               12        0.1902535
INFO  [00:06:01.338]       0.209   0.000000000        236               13        0.1873745
INFO  [00:06:01.338]       0.211   0.000000000         85                1        0.4544401
INFO  [00:06:01.338]       0.209   0.000000000        255                1        0.1937072
INFO  [00:06:01.338]       0.229   0.000000000         69                1        0.1944693
INFO  [00:06:01.338]       0.218   0.000000000        255               78        0.1944346
INFO  [00:06:01.338]       0.230   0.000000000        255              161        0.2019044
INFO  [00:06:01.338]       0.209   0.000000000        252                4        0.7973496
INFO  [00:06:01.338]       0.197   0.000000000         27                1        0.1941796
INFO  [00:06:01.338]       0.219   0.000000000        181               97        0.1905290
INFO  [00:06:01.338]       0.219   0.000000000         31                1        0.1737077
INFO  [00:06:01.338]       0.215   0.000000000         16               93        0.1985377
INFO  [00:06:01.338]       0.222   0.000000000         17               98        0.2030126
INFO  [00:06:01.338]       0.208  -0.966090220         24                1        0.2787827
INFO  [00:06:01.338]       0.227   0.000000000         27                1        0.1468596
INFO  [00:06:01.338]       0.224   0.000000000         27               76        0.1942469
INFO  [00:06:01.338]       0.229   0.000000000         23                1        0.7787911
INFO  [00:06:01.338]       0.216  -0.010135879         10                1        0.1979789
INFO  [00:06:01.338]       0.206   0.000000000        244                1        0.1854090
INFO  [00:06:01.338]       0.210   0.000000000         23                1        0.1897096
INFO  [00:06:01.338]       0.202   0.000000000         22                1        0.1802607
INFO  [00:06:01.338]       0.246  -3.130531431        246                1        0.1860524
INFO  [00:06:01.338]       0.242  -3.207770183        149                1        0.1917917
INFO  [00:06:01.338]       0.211   0.000000000         20                1        0.1951571
INFO  [00:06:01.338]       0.211   0.000000000        158               91        0.1932536
INFO  [00:06:01.338]       0.200   0.000000000        174                2        0.1984248
INFO  [00:06:01.338]       0.220   0.000000000        158               83        0.8993964
INFO  [00:06:01.338]       0.217   0.000000000        120               87        0.1679012
INFO  [00:06:01.338]       0.215   0.000000000         64                1        0.3297522
INFO  [00:06:01.338]       0.230   0.000000000        255               26        0.2172230
INFO  [00:06:01.338]       0.222   0.000000000        245                1        0.5080299
INFO  [00:06:01.338]       0.233  -2.887636784        187                2        0.2010606
INFO  [00:06:01.338]       0.200   0.000000000        127                1        0.1860707
INFO  [00:06:01.338]       0.201   0.000000000        236                1        0.1869801
INFO  [00:06:01.338]       0.213  -0.832197034        166               27        0.4702243
INFO  [00:06:01.338]       0.220   0.000000000         27               68        0.1825266
INFO  [00:06:01.338]       0.239   0.000000000         22              157        0.1939328
INFO  [00:06:01.338]       0.227   0.000000000         24              153        0.9773225
INFO  [00:06:01.338]       0.203   0.000000000         24                1        0.1855339
INFO  [00:06:01.338]       0.223   0.000000000        207               94        0.8854831
INFO  [00:06:01.338]       0.238   0.000000000        114               94        0.8237596
INFO  [00:06:01.338]       0.243   0.000000000        232                1        0.1888730
INFO  [00:06:01.338]       0.217   0.000000000        165                1        0.1683808
INFO  [00:06:01.338]       0.210   0.000000000         74              200        0.9179802
INFO  [00:06:01.338]       0.217   0.000000000        181                1        0.5391189
INFO  [00:06:01.338]       0.239  -2.830380954         25              200        0.9554595
INFO  [00:06:01.338]       0.198  -0.012308350        147                2        0.1861273
INFO  [00:06:01.338]       0.210   0.000000000        183                2        0.4902979
INFO  [00:06:01.338]       0.226  -0.027028037        190                2        0.4893980
INFO  [00:06:01.338]       0.213   0.000000000         16               33        0.8242832
INFO  [00:06:01.338]       0.209   0.000000000         10                1        0.7593653
INFO  [00:06:01.338]       0.225   0.000000000        141                2        0.1899593
INFO  [00:06:01.338]       0.287  -0.179034001        209                1        0.1942578
INFO  [00:06:01.338]       0.220  -1.008121375        138                1        0.1918783
INFO  [00:06:01.338]       0.280   0.000000000        145                1        0.2082732
INFO  [00:06:01.338]       0.233   0.000000000         27                1        0.7545366
INFO  [00:06:01.338]       0.216  -0.028196365         13                1        0.1928205
INFO  [00:06:01.338]       0.200  -0.436101557         89                1        0.1891364
INFO  [00:06:01.338]       0.195   0.000000000         27                8        0.1897937
INFO  [00:06:01.338]       0.206  -0.200266418        138                2        0.1857712
INFO  [00:06:01.338]       0.222   0.000000000        183                9        0.1898868
INFO  [00:06:01.338]       0.207  -0.553658341         20               11        0.1755041
INFO  [00:06:01.338]       0.204   0.000000000         26                8        1.0000000
INFO  [00:06:01.338]       0.202   0.000000000        135               12        1.0000000
INFO  [00:06:01.338]       0.211   0.000000000        118               21        0.2024359
INFO  [00:06:01.338]       0.229   0.000000000         27                6        0.1843540
INFO  [00:06:01.338]       0.202   0.000000000         86               11        0.1844182
INFO  [00:06:01.338]       0.208   0.000000000         26               13        0.1836001
INFO  [00:06:01.338]       0.223   0.000000000        255                8        1.0000000
INFO  [00:06:01.338]       0.219   0.000000000         22               12        0.1668283
INFO  [00:06:01.338]       0.204   0.000000000         23                8        0.1960807
INFO  [00:06:01.338]       0.206   0.000000000        201                3        0.5181431
INFO  [00:06:01.338]       0.210   0.000000000        174                4        0.1873715
INFO  [00:06:01.338]       0.222   0.000000000         10                6        0.1933167
INFO  [00:06:01.338]       0.209   0.000000000         20                2        0.4469125
INFO  [00:06:01.338]       0.289  -0.200475298        226                1        0.2179544
INFO  [00:06:01.338]       0.221   0.000000000         87                1        0.1742924
INFO  [00:06:01.338]       0.192   0.000000000         28                9        0.1879242
INFO  [00:06:01.338]       0.204  -0.162065730        189                4        0.1938146
INFO  [00:06:01.338]       0.224   0.000000000         28               17        0.1880667
INFO  [00:06:01.338]       0.208   0.000000000        255               11        0.1803266
INFO  [00:06:01.338]       0.216  -0.254550563        213                8        0.1865652
INFO  [00:06:01.338]       0.203   0.000000000         28               10        0.6884424
INFO  [00:06:01.338]       0.225   0.000000000        114               11        0.1862315
INFO  [00:06:01.338]       0.230  -3.295564014        255               21        0.8283339
INFO  [00:06:01.338]       0.221  -0.179986708        216               91        0.2054853
INFO  [00:06:01.338]       0.222  -0.237477469        166               96        0.8942456
INFO  [00:06:01.338]       0.210  -0.581417866         10                1        0.6525766
INFO  [00:06:01.338]       0.212   0.000000000         65               14        0.1870622
INFO  [00:06:01.338]       0.204   0.000000000        127                1        0.1899542
INFO  [00:06:01.338]       0.280  -0.403860262        129                1        0.2035108
INFO  [00:06:01.338]       0.207   0.000000000         29                6        0.1864309
INFO  [00:06:01.338]       0.209  -0.911533649        121                9        0.9193547
INFO  [00:06:01.338]       0.231   0.000000000         16                9        0.7946255
INFO  [00:06:01.338]       0.223  -0.721998650         10                1        0.2389797
INFO  [00:06:01.338]       0.274  -0.341162735        193                1        0.7089714
INFO  [00:06:01.338]       0.219   0.000000000         25              200        0.8522279
INFO  [00:06:01.338]       0.206   0.000000000        122                9        0.1934668
INFO  [00:06:01.338]       0.241   0.000000000        202              200        0.1737133
INFO  [00:06:01.338]       0.194   0.000000000         88                8        0.1855337
INFO  [00:06:01.338]       0.219   0.000000000         10               68        0.1906414
INFO  [00:06:01.338]       0.211  -0.115199668         26               85        0.1755052
INFO  [00:06:01.338]       0.303  -0.330653486        211                1        0.7290746
INFO  [00:06:01.338]       0.221  -0.199908578        115               60        0.2579154
INFO  [00:06:01.338]       0.240  -0.456068918         85                1        0.7567643
INFO  [00:06:01.338]       0.211   0.000000000         10                8        0.9439502
INFO  [00:06:01.338]       0.213   0.000000000         93               10        0.1186744
INFO  [00:06:01.338]       0.207  -0.001200939         65               10        0.1200557
INFO  [00:06:01.338]       0.208  -0.501932019         99                1        1.0000000
INFO  [00:06:01.338]       0.231  -0.268881072        126                1        0.2515572
INFO  [00:06:01.338]       0.270  -0.576051927        140                1        0.9267025
INFO  [00:06:01.338]       0.300  -2.243580477        129               27        0.9804182
INFO  [00:06:01.338]       0.208  -0.424406175        255                1        0.9145419
INFO  [00:06:01.338]       0.220  -0.463762433         10                1        0.9781649
INFO  [00:06:01.338]       0.243  -1.064210437        117                9        0.9642980
INFO  [00:06:01.338]       0.243  -0.238991989         10              170        0.9029672
INFO  [00:06:01.338]       0.217   0.000000000        255               88        0.9824468
INFO  [00:06:01.338]       0.230  -0.044702952        178                7        0.1876905
INFO  [00:06:01.338]       0.234  -0.025072031        183               90        0.1888168
INFO  [00:06:01.338]       0.222  -0.858402502        126                1        0.2063914
INFO  [00:06:01.338]       0.243  -0.147577886        177               10        0.1781204
INFO  [00:06:01.338]       0.242  -1.141641364        128                1        0.8564965
INFO  [00:06:01.338]       0.251  -1.016263694        141                1        0.9079798
INFO  [00:06:01.338]       0.221  -0.556719489         10               11        0.1410143
INFO  [00:06:01.338]       0.215  -0.346952190        246                1        0.1763167
INFO  [00:06:01.338]       0.200   0.000000000         14               12        0.1888799
INFO  [00:06:01.338]       0.222  -2.169032301        130               27        0.9758356
INFO  [00:06:01.338]       0.198   0.000000000        201                8        0.1892313
INFO  [00:06:01.338]       0.237  -0.268040666         82                7        0.9459705
INFO  [00:06:01.338]       0.236  -0.254456610        225               19        0.1974668
INFO  [00:06:01.338]       0.251  -0.181389390        218               21        0.1930423
INFO  [00:06:01.338]       0.232  -0.288407861         12                1        0.6546736
INFO  [00:06:01.338]       0.270  -2.766481325        121               56        0.9716342
INFO  [00:06:01.338]       0.267  -2.769537408        127               40        0.6570006
INFO  [00:06:01.338]       0.229  -2.655910302         35                8        0.1855091
INFO  [00:06:01.338]       0.230  -1.973285136        254               92        0.6926568
INFO  [00:06:01.338]       0.256   0.000000000         28               14        0.6914593
INFO  [00:06:01.338]       0.213   0.000000000        158               24        1.0000000
INFO  [00:06:01.338]       0.290  -2.057134883        209                1        0.1888367
INFO  [00:06:01.338]       0.207   0.000000000         36                9        0.5568245
INFO  [00:06:01.338]       0.212   0.000000000        244                9        0.1402935
INFO  [00:06:01.338]       0.238  -0.694368538        215               11        0.6124450
INFO  [00:06:01.338]       0.200   0.000000000         10                9        0.1841786
INFO  [00:06:01.338]       0.218  -0.396975556        128                1        0.1910986
INFO  [00:06:01.338]       0.220   0.000000000         97                1        0.1874509
INFO  [00:06:01.338]       0.292  -0.897954071        212                1        1.0000000
INFO  [00:06:01.338]       0.214  -0.906656035        213               77        1.0000000
INFO  [00:06:01.338]       0.214  -0.966906819        212                1        0.1876783
INFO  [00:06:01.338]       0.246  -3.454711940         26                1        0.3550257
INFO  [00:06:01.338]       0.293  -0.892080146        230                1        0.9961891
INFO  [00:06:01.338]       0.198   0.000000000         23               11        0.1908430
INFO  [00:06:01.338]       0.206   0.000000000         84                9        0.1932938
INFO  [00:06:01.338]       0.265  -1.803481916        215                1        0.9929004
INFO  [00:06:01.338]       0.211   0.000000000        225                1        0.1000000
INFO  [00:06:01.338]       0.210  -0.894184739        237                1        0.6514781
INFO  [00:06:01.338]       0.245  -2.185458787        236               13        0.4878297
INFO  [00:06:01.338]       0.204  -0.389134109        225                1        0.2171793
INFO  [00:06:01.338]       0.205  -0.234108137        162                1        0.1940190
INFO  [00:06:01.338]       0.234  -0.812077510        237                6        1.0000000
INFO  [00:06:01.338]       0.215  -0.870965905        121               27        1.0000000
INFO  [00:06:01.338]       0.219  -0.471707090        114               19        1.0000000
INFO  [00:06:01.338]       0.237   0.000000000         30               91        0.1879455
INFO  [00:06:01.338]       0.279   0.000000000        125               62        0.9562636
INFO  [00:06:01.338]       0.219   0.000000000         27                9        0.2639014
INFO  [00:06:01.338]       0.242  -0.899194306        120                1        0.6778097
INFO  [00:06:01.338]       0.228  -1.024909387        123                1        0.6708563
INFO  [00:06:01.338]       0.247  -1.872022899        178              185        1.0000000
INFO  [00:06:01.338]       0.229  -0.098023299        221                8        0.1673552
INFO  [00:06:01.338]       0.226  -0.758196923        129               11        0.1804401
INFO  [00:06:01.338]       0.221  -0.647584734         10               10        0.1755330
INFO  [00:06:01.338]       0.208   0.000000000        184                2        0.1833749
INFO  [00:06:01.338]       0.198   0.000000000         79                8        0.1766534
INFO  [00:06:01.338]       0.236  -2.406582352         18               16        0.9965838
INFO  [00:06:01.338]       0.220   0.000000000         22               10        0.1947774
INFO  [00:06:01.338]       0.223  -2.384748054        121               28        0.9834759
INFO  [00:06:01.338]       0.215  -2.217593170        121               21        0.9766356
INFO  [00:06:01.338]       0.210  -0.895052398        119               33        0.9700764
INFO  [00:06:01.338]       0.230   0.000000000         10                8        0.8962007
INFO  [00:06:01.338]       0.198   0.000000000         22                9        0.1876424
INFO  [00:06:01.338]       0.242  -1.266303287        214                1        0.8376811
INFO  [00:06:01.338]       0.230   0.000000000        152              137        0.1848860
INFO  [00:06:01.338]       0.216   0.000000000        192               92        0.1878030
INFO  [00:06:01.338]       0.211   0.000000000         36               43        0.1926012
INFO  [00:06:01.338]       0.218  -0.430487753        130                1        0.7750660
INFO  [00:06:01.338]       0.271  -0.667219540        214                2        0.7870729
INFO  [00:06:01.338]       0.213  -0.662455199        216              142        0.7970696
INFO  [00:06:01.338]       0.221  -0.881726870        231                1        0.2184542
INFO  [00:06:01.338]       0.216  -0.892908168        227                1        0.2675268
INFO  [00:06:01.338]       0.200   0.000000000         74                2        0.1862878
INFO  [00:06:01.338]       0.300   0.000000000        245                8        0.1853939
INFO  [00:06:01.338]       0.300  -0.633875614        102               11        0.9114933
INFO  [00:06:01.338]       0.214   0.000000000         87               10        0.1862822
INFO  [00:06:01.338]       0.250  -0.985537448        206               77        0.6073595
INFO  [00:06:01.338]       0.236  -0.876776370        109               25        0.9834586
INFO  [00:06:01.338]       0.252  -0.608258103        171                6        0.2593332
INFO  [00:06:01.338]       0.238  -0.585557219         90               15        0.2172665
INFO  [00:06:01.338]       0.218  -0.725318653        200               17        0.6987754
INFO  [00:06:01.338]       0.207  -1.115584756        254                9        0.5289986
INFO  [00:06:01.338]       0.216   0.000000000        142               13        0.2032512
INFO  [00:06:01.338]       0.250  -0.844938652         45               24        0.9401796
INFO  [00:06:01.338]       0.228  -3.554586335        142               19        0.5373390
INFO  [00:06:01.338]       0.216   0.000000000         12                8        0.9748860
INFO  [00:06:01.338]       0.216   0.000000000        147                2        0.1772377
INFO  [00:06:01.338]       0.225  -0.854000001        210                8        1.0000000
INFO  [00:06:01.338]       0.214  -1.147461374        255                1        0.9429270
INFO  [00:06:01.338]       0.245  -2.772626133        246                1        0.9659642
INFO  [00:06:01.338]       0.238  -2.810968687        175               20        0.9741381
INFO  [00:06:01.338]       0.247  -3.619176424        255                9        0.9817105
INFO  [00:06:01.338]       0.229  -0.427093827        112               11        0.9650670
INFO  [00:06:01.338]       0.245  -0.927405815        127               12        0.8048843
INFO  [00:06:01.338]       0.225  -1.467065072        255                1        0.6117810
INFO  [00:06:01.338]       0.218   0.000000000        177                9        0.6350708
INFO  [00:06:01.338]       0.247  -1.158741149        221                4        1.0000000
INFO  [00:06:01.338]       0.205  -1.021572078        221                4        1.0000000
INFO  [00:06:01.338]       0.228  -0.398743508        212               25        0.7972984
INFO  [00:06:01.338]       0.214  -0.403295205        128               53        0.9701477
INFO  [00:06:01.338]       0.216  -0.616409059        179              104        0.9738456
INFO  [00:06:01.338]       0.204  -0.807684981         89                5        0.2052744
INFO  [00:06:01.338]       0.208  -0.964643206         76                3        0.3606176
INFO  [00:06:01.338]       0.204  -1.151137435         96                1        0.3149953
INFO  [00:06:01.338]       0.246  -2.237889854         42               26        1.0000000
INFO  [00:06:01.338]       0.203  -0.595782088        194              194        1.0000000
INFO  [00:06:01.338]       0.200   0.000000000         36                9        0.1761664
INFO  [00:06:01.338]       0.214  -0.611768469        221              123        0.3145923
INFO  [00:06:01.338]       0.224   0.000000000         10                9        0.1835378
INFO  [00:06:01.338]       0.223  -0.336496066        198              200        1.0000000
INFO  [00:06:01.338]       0.233   0.000000000         90               11        0.1707318
INFO  [00:06:01.338]       0.244  -0.827925861         95              191        0.1000000
INFO  [00:06:01.338]       0.220  -0.875534351         34              190        1.0000000
INFO  [00:06:01.338]       0.209  -1.321573669        211                1        0.8471900
INFO  [00:06:01.338]       0.215  -0.001796522         11                9        0.1881745
INFO  [00:06:01.338]       0.210  -0.504321023        195              182        1.0000000
INFO  [00:06:01.338]       0.211   0.000000000        196              196        1.0000000
INFO  [00:06:01.338]       0.199   0.000000000         29                8        0.1891412
INFO  [00:06:01.338]       0.209  -0.204368984        129               11        0.4999026
INFO  [00:06:01.338]       0.199   0.000000000         42                5        0.1858553
INFO  [00:06:01.338]       0.220   0.000000000         93                8        0.1727582
INFO  [00:06:01.338]       0.258  -2.298800490        245                4        0.7863024
INFO  [00:06:01.338]       0.209   0.000000000         64                1        0.1880430
INFO  [00:06:01.338]       0.212  -1.075415895         97                1        0.2010908
INFO  [00:06:01.338]       0.226  -1.026772144         75                9        0.1000000
INFO  [00:06:01.338]       0.225  -0.387189665         22              198        0.9772065
INFO  [00:06:01.338]       0.229  -0.902565317         26                1        0.1876661
INFO  [00:06:01.338]       0.225  -1.093671828        215               47        0.9333645
INFO  [00:06:01.338]       0.208  -0.955111423         71               73        0.9151897
INFO  [00:06:01.338]       0.224  -0.992972115        101               46        0.9291823
INFO  [00:06:01.338]       0.250  -0.457517756        194              194        0.1921773
INFO  [00:06:01.338]       0.230  -0.455928738        246              120        0.1739463
INFO  [00:06:01.338]       0.215  -0.951197482        254                1        0.1853367
INFO  [00:06:01.338]       0.219  -1.177981803        243                7        0.1872360
INFO  [00:06:01.338]       0.213  -1.198913247        236                1        0.1926497
INFO  [00:06:01.338]       0.209  -1.157096377         30               12        0.7627832
INFO  [00:06:01.338]       0.211  -0.650541028         69               61        0.9379365
INFO  [00:06:01.338]       0.219  -0.697642640         70              192        0.4014948
INFO  [00:06:01.338]       0.228  -0.739193848         71               85        0.9191657
INFO  [00:06:01.338]       0.235  -0.841871490         74               82        0.9187213
INFO  [00:06:01.338]       0.222  -1.040095688        193              194        0.5974779
INFO  [00:06:01.338]       0.237  -1.134880105        196              193        0.2233342
INFO  [00:06:01.338]       0.238  -1.138405244        197              195        0.2131403
INFO  [00:06:01.338]       0.214  -1.230125982         96               29        0.2117515
INFO  [00:06:01.338]       0.200   0.000000000         12               25        0.5248233
INFO  [00:06:01.338]       0.255  -2.070659911        207                2        0.9350255
INFO  [00:06:01.338]       0.216  -0.613313072        195              194        1.0000000
INFO  [00:06:01.338]       0.216   0.000000000         27               12        0.1478046
INFO  [00:06:01.338]       0.237  -0.959639211        198              196        1.0000000
INFO  [00:06:01.338]       0.210   0.000000000         26               12        0.7209697
INFO  [00:06:01.338]       0.215  -1.353430911        210                1        0.2197178
INFO  [00:06:01.338]       0.232  -1.233160132        214               93        0.3457742
INFO  [00:06:01.338]       0.237  -1.296726223        210               59        0.2695924
INFO  [00:06:01.338]       0.198   0.000000000         13               10        1.0000000
INFO  [00:06:01.338]       0.209  -0.577674410         96                1        0.2417378
INFO  [00:06:01.338]       0.236  -0.940828016        230                9        0.9819541
INFO  [00:06:01.338]       0.203  -1.264468223         56                7        0.9915109
INFO  [00:06:01.338]       0.215  -0.272757261        154              193        0.4432450
INFO  [00:06:01.338]       0.227  -3.574755394         46               19        0.4242770
INFO  [00:06:01.338]       0.228  -3.587421728         15               25        0.4658264
INFO  [00:06:01.338]       0.211  -0.419131790         16                9        0.1831590
INFO  [00:06:01.338]       0.221  -2.231340480         10                7        0.1854833
INFO  [00:06:01.338]       0.224  -3.594434164         15                6        0.5323497
INFO  [00:06:01.338]       0.210   0.000000000         10               10        0.2702497
INFO  [00:06:01.338]       0.232  -3.585447444        223                5        0.5503976
INFO  [00:06:01.338]       0.208  -0.009938651        226                1        0.1813679
INFO  [00:06:01.338]       0.223  -3.729069467         10                1        0.3518644
INFO  [00:06:01.338]       0.220  -1.005380582         53              200        0.9300267
INFO  [00:06:01.338]       0.214  -0.911618489         60               51        0.9355888
INFO  [00:06:01.338]       0.215   0.000000000        193               10        0.9954305
INFO  [00:06:01.338]       0.207   0.000000000        221               10        0.1860214
INFO  [00:06:01.338]       0.237  -3.837634783        105                1        0.4202632
INFO  [00:06:01.338]       0.208  -1.234050580        218                4        0.2073136
INFO  [00:06:01.338]       0.239  -1.756594878         88               17        0.9065044
INFO  [00:06:01.338]       0.211   0.000000000        140                9        0.7408564
INFO  [00:06:01.338]       0.230  -3.702178712         10                1        0.2350788
INFO  [00:06:01.338]       0.235   0.000000000        129               10        0.1881595
INFO  [00:06:01.338]       0.212   0.000000000         28                2        0.6081961
INFO  [00:06:01.338]       0.214   0.000000000         25                3        0.1749164
INFO  [00:06:01.338]       0.225  -1.375418489         74               31        0.9383195
INFO  [00:06:01.338]       0.215  -1.468579033        209                1        0.9501088
INFO  [00:06:01.338]       0.217  -1.358014873         97                1        1.0000000
INFO  [00:06:01.338]       0.214   0.000000000         10               28        0.4489453
INFO  [00:06:01.338]       0.218   0.000000000         10               43        0.4070730
INFO  [00:06:01.338]       0.223  -0.644165177         10               26        0.6326525
INFO  [00:06:01.338]       0.215  -1.832446746        102                1        0.3968080
INFO  [00:06:01.338]       0.218  -3.885857710         41               16        0.7923591
INFO  [00:06:01.338]       0.253  -3.877850100         99                5        0.3845135
INFO  [00:06:01.338]       0.224  -3.892124514         42               33        0.9605302
INFO  [00:06:01.338]       0.266  -3.165184973        212                1        1.0000000
INFO  [00:06:01.338]       0.216  -3.975678762         40               20        0.8114170
INFO  [00:06:01.338]       0.270  -3.160471317        212                1        1.0000000
INFO  [00:06:01.338]       0.231  -4.005253685         36               23        0.7651216
INFO  [00:06:01.338]       0.221   0.000000000        141               25        0.1821494
INFO  [00:06:01.338]       0.225  -4.008985670        194               26        0.6882014
INFO  [00:06:01.338]       0.207   0.000000000        255                9        0.2018746
INFO  [00:06:01.338]       0.231  -4.012468162         45               42        0.4682661
INFO  [00:06:01.338]       0.225  -1.663061672        225                1        0.2130064
INFO  [00:06:01.338]       0.229  -4.059123538        193               24        0.8112493
INFO  [00:06:01.338]       0.218  -1.309524746        215                2        0.2271002
INFO  [00:06:01.338]       0.228  -1.949862798        206                2        0.1416368
INFO  [00:06:01.338]       0.220  -1.258118548        212                1        1.0000000
INFO  [00:06:01.338]       0.227  -4.119193783        232               26        0.9048669
INFO  [00:06:01.338]       0.218  -4.103962554         67               19        0.8036128
INFO  [00:06:01.338]       0.233  -4.123117320         50               44        0.9376578
INFO  [00:06:01.338]       0.245  -0.657058269        213              197        0.9666874
INFO  [00:06:01.338]       0.216  -4.180268399        196               18        0.8262720
INFO  [00:06:01.338]       0.220  -4.166335026         41               17        0.8148204
INFO  [00:06:01.338]       0.258  -2.823368932        123               33        0.1152378
INFO  [00:06:01.338]       0.212   0.000000000         28               76        0.1890878
INFO  [00:06:01.338]       0.222  -4.203118985        199               31        0.8185074
INFO  [00:06:01.338]       0.226  -4.171249668        197               41        0.8376642
INFO  [00:06:01.338]       0.204   0.000000000         27               11        1.0000000
INFO  [00:06:01.338]       0.223  -1.305743329        216              167        0.1000000
INFO  [00:06:01.338]       0.214  -2.527369180        210                1        0.8234070
INFO  [00:06:01.338]       0.224  -1.552987136        208                1        0.8411517
INFO  [00:06:01.338]       0.238  -4.189951560        136               11        0.7885471
INFO  [00:06:01.338]       0.220  -4.339499445        150               16        0.9513891
INFO  [00:06:01.338]       0.225   0.000000000        121               65        0.9407274
INFO  [00:06:01.338]       0.215  -4.346076433        162               18        0.8448400
INFO  [00:06:01.338]       0.212   0.000000000         58               24        1.0000000
INFO  [00:06:01.338]       0.220   0.000000000         19               13        0.9975924
INFO  [00:06:01.338]       0.221  -4.352281031         41               18        0.5386395
INFO  [00:06:01.338]       0.239  -4.294165432         73               32        0.8996121
INFO  [00:06:01.338]       0.277  -4.324156315        246               17        0.4502180
INFO  [00:06:01.338]       0.300  -4.221207007        226               49        0.9872807
INFO  [00:06:01.338]       0.208   0.000000000         45                9        0.1848342
INFO  [00:06:01.338]  classif.ce learning_rate num_leaves min_data_in_leaf feature_fraction
INFO  [00:06:01.338]  extra_trees   lambda_l1   lambda_l2 min_gain_to_split        timestamp_xs
INFO  [00:06:01.338]         TRUE -3.25543557 -6.53136002         -6.154025 2026-09-09 23:57:50
INFO  [00:06:01.338]        FALSE  1.16173290  0.51863937         -6.129009 2026-09-09 23:57:52
INFO  [00:06:01.338]        FALSE -2.42049051 -0.67183578         -6.136716 2026-09-09 23:57:53
INFO  [00:06:01.338]         TRUE -3.01422921  1.59466213         -3.823135 2026-09-09 23:57:53
INFO  [00:06:01.338]         TRUE -5.40387601 -6.68965998         -2.302585 2026-09-09 23:57:54
INFO  [00:06:01.338]         TRUE -3.01652086  6.42197552         -3.489788 2026-09-09 23:57:55
INFO  [00:06:01.338]         TRUE -2.75621379  1.68299022         -4.054086 2026-09-09 23:57:56
INFO  [00:06:01.338]         TRUE -2.77570686  1.48482950         -3.731091 2026-09-09 23:57:57
INFO  [00:06:01.338]         TRUE -3.52810923 -6.44108735         -4.156924 2026-09-09 23:57:58
INFO  [00:06:01.338]         TRUE -2.67517694  1.60363714         -3.225508 2026-09-09 23:57:58
INFO  [00:06:01.338]         TRUE -3.29727977 -4.32296283         -3.884442 2026-09-09 23:57:59
INFO  [00:06:01.338]         TRUE -5.38589400  3.31532139         -4.270528 2026-09-09 23:58:00
INFO  [00:06:01.338]         TRUE -2.76705245  1.81557654         -3.955937 2026-09-09 23:58:01
INFO  [00:06:01.338]         TRUE -2.71529116  1.70561709         -3.925281 2026-09-09 23:58:01
INFO  [00:06:01.338]         TRUE -2.80442616  3.62760750         -3.967650 2026-09-09 23:58:02
INFO  [00:06:01.338]         TRUE -2.77073583  1.63260031         -4.049191 2026-09-09 23:58:03
INFO  [00:06:01.338]         TRUE -2.71489947  2.88223602         -5.076390 2026-09-09 23:58:04
INFO  [00:06:01.338]         TRUE -6.17326877  2.08241172         -4.120529 2026-09-09 23:58:04
INFO  [00:06:01.338]         TRUE -2.66577013  1.91810843         -4.093187 2026-09-09 23:58:05
INFO  [00:06:01.338]         TRUE -6.90775528  1.69354130         -5.719379 2026-09-09 23:58:06
INFO  [00:06:01.338]         TRUE -6.90775528  2.14084002         -3.870742 2026-09-09 23:58:07
INFO  [00:06:01.338]         TRUE -6.15109717 -0.72313306         -2.302585 2026-09-09 23:58:08
INFO  [00:06:01.338]        FALSE -6.90775528 -4.06785078         -2.302585 2026-09-09 23:58:08
INFO  [00:06:01.338]         TRUE -6.90775528  1.88869654         -4.155313 2026-09-09 23:58:09
INFO  [00:06:01.338]         TRUE -6.90775528  1.77142480         -5.895644 2026-09-09 23:58:10
INFO  [00:06:01.338]         TRUE -6.90775528  1.33141749         -5.801119 2026-09-09 23:58:11
INFO  [00:06:01.338]         TRUE -6.88282191  1.81812847         -2.914162 2026-09-09 23:58:11
INFO  [00:06:01.338]         TRUE -6.90775528  1.51805197         -5.759818 2026-09-09 23:58:12
INFO  [00:06:01.338]        FALSE -6.90775528  1.56594478         -5.561755 2026-09-09 23:58:13
INFO  [00:06:01.338]        FALSE -6.90775528  1.49308920         -5.754628 2026-09-09 23:58:14
INFO  [00:06:01.338]         TRUE -6.90775528 -0.71721736         -5.733304 2026-09-09 23:58:15
INFO  [00:06:01.338]         TRUE -6.90775528  1.72021981         -2.326601 2026-09-09 23:58:15
INFO  [00:06:01.338]         TRUE -6.90775528  0.46045020         -5.708127 2026-09-09 23:58:16
INFO  [00:06:01.338]         TRUE -6.90775528  6.88910860         -5.442771 2026-09-09 23:58:17
INFO  [00:06:01.338]         TRUE -6.90775528  1.63987530         -6.907755 2026-09-09 23:58:18
INFO  [00:06:01.338]         TRUE -6.90775528  1.66233530         -4.436782 2026-09-09 23:58:19
INFO  [00:06:01.338]         TRUE -6.90775528 -5.01230118         -5.841366 2026-09-09 23:58:19
INFO  [00:06:01.338]         TRUE -6.90775528 -5.12411482         -6.034756 2026-09-09 23:58:20
INFO  [00:06:01.338]         TRUE -6.90775528  1.98959765         -5.813884 2026-09-09 23:58:21
INFO  [00:06:01.338]         TRUE -6.90775528  1.64637311         -5.911026 2026-09-09 23:58:22
INFO  [00:06:01.338]         TRUE -6.90775528  1.69711721         -5.784017 2026-09-09 23:58:23
INFO  [00:06:01.338]         TRUE -6.90775528  1.73261851         -5.980370 2026-09-09 23:58:23
INFO  [00:06:01.338]         TRUE -6.90775528  0.50006698         -2.424716 2026-09-09 23:58:24
INFO  [00:06:01.338]         TRUE  1.42706181  1.68051027         -5.661402 2026-09-09 23:58:25
INFO  [00:06:01.338]         TRUE -6.90775528  1.72519900         -5.593983 2026-09-09 23:58:26
INFO  [00:06:01.338]        FALSE -6.90775528  1.99828104         -2.302585 2026-09-09 23:58:27
INFO  [00:06:01.338]         TRUE -6.90775528  1.75550565         -5.711939 2026-09-09 23:58:28
INFO  [00:06:01.338]         TRUE -6.90775528  1.72802251         -5.762494 2026-09-09 23:58:28
INFO  [00:06:01.338]         TRUE -6.90775528 -0.35319964         -5.700256 2026-09-09 23:58:29
INFO  [00:06:01.338]         TRUE -6.47608161  1.60949081         -5.939902 2026-09-09 23:58:30
INFO  [00:06:01.338]         TRUE -6.90775528  1.48629052         -5.742943 2026-09-09 23:58:31
INFO  [00:06:01.338]         TRUE -6.90775528  1.70441980         -5.781312 2026-09-09 23:58:32
INFO  [00:06:01.338]         TRUE -6.90775528  1.64362349         -5.751978 2026-09-09 23:58:33
INFO  [00:06:01.338]         TRUE -5.52296100  6.05321422         -5.767972 2026-09-09 23:58:33
INFO  [00:06:01.338]         TRUE -6.90775528  1.81109516         -5.894072 2026-09-09 23:58:34
INFO  [00:06:01.338]         TRUE -6.65340601  1.69291819         -5.658694 2026-09-09 23:58:35
INFO  [00:06:01.338]         TRUE -3.05359500  1.59886507         -5.775873 2026-09-09 23:58:36
INFO  [00:06:01.338]         TRUE -6.90775528  6.27703795         -5.854354 2026-09-09 23:58:37
INFO  [00:06:01.338]         TRUE -1.65865113  1.67635287         -5.696431 2026-09-09 23:58:37
INFO  [00:06:01.338]         TRUE -6.90775528  1.71356988         -5.837686 2026-09-09 23:58:38
INFO  [00:06:01.338]         TRUE -6.90775528  1.31232676         -5.741982 2026-09-09 23:58:39
INFO  [00:06:01.338]         TRUE -6.88050814  3.16018796         -5.640592 2026-09-09 23:58:40
INFO  [00:06:01.338]         TRUE -6.90775528  1.70985154         -5.783808 2026-09-09 23:58:41
INFO  [00:06:01.338]         TRUE -6.89432115  1.63774419         -5.681404 2026-09-09 23:58:42
INFO  [00:06:01.338]         TRUE  1.62454437  1.73532666         -5.716179 2026-09-09 23:58:43
INFO  [00:06:01.338]         TRUE -6.64508773  2.39193560         -4.243630 2026-09-09 23:58:43
INFO  [00:06:01.338]         TRUE -6.90775528 -5.49399493         -2.302585 2026-09-09 23:58:44
INFO  [00:06:01.338]         TRUE -6.90775528  1.75627643         -2.885075 2026-09-09 23:58:45
INFO  [00:06:01.338]         TRUE -6.90775528  1.31337758         -5.845898 2026-09-09 23:58:46
INFO  [00:06:01.338]         TRUE -6.90775528  2.00565598         -2.631635 2026-09-09 23:58:47
INFO  [00:06:01.338]        FALSE -6.89038422  2.00021877         -5.696667 2026-09-09 23:58:47
INFO  [00:06:01.338]         TRUE -6.89676184  2.16598479         -5.834887 2026-09-09 23:58:48
INFO  [00:06:01.338]         TRUE -6.90775528  1.72960415         -5.733058 2026-09-09 23:58:49
INFO  [00:06:01.338]         TRUE -6.90775528  1.68302696         -5.688856 2026-09-09 23:58:50
INFO  [00:06:01.338]         TRUE -6.75272520  1.06843980         -3.981994 2026-09-09 23:58:51
INFO  [00:06:01.338]         TRUE -6.54501253 -3.28648954         -5.527057 2026-09-09 23:58:52
INFO  [00:06:01.338]         TRUE -6.90775528  1.22934649         -5.769857 2026-09-09 23:58:53
INFO  [00:06:01.338]         TRUE -6.90775528 -0.58318097         -5.727769 2026-09-09 23:58:54
INFO  [00:06:01.338]         TRUE -6.90775528  1.37731242         -3.399900 2026-09-09 23:58:54
INFO  [00:06:01.338]         TRUE -6.90775528  6.63058286         -5.809805 2026-09-09 23:58:55
INFO  [00:06:01.338]         TRUE -3.10909832  1.80789454         -5.600582 2026-09-09 23:58:56
INFO  [00:06:01.338]         TRUE -6.90775528  2.64063064         -5.716766 2026-09-09 23:58:57
INFO  [00:06:01.338]         TRUE -6.90775528  6.45382791         -5.783714 2026-09-09 23:58:58
INFO  [00:06:01.338]         TRUE -6.90775528  1.43851244         -5.796520 2026-09-09 23:58:59
INFO  [00:06:01.338]         TRUE -6.90775528  0.99554664         -4.576699 2026-09-09 23:59:00
INFO  [00:06:01.338]         TRUE -6.90775528  1.90054341         -5.678380 2026-09-09 23:59:00
INFO  [00:06:01.338]         TRUE  6.71786396  2.04529750         -6.700914 2026-09-09 23:59:01
INFO  [00:06:01.338]         TRUE -6.90775528  1.73133050         -5.784378 2026-09-09 23:59:02
INFO  [00:06:01.338]         TRUE -6.90775528  6.26027640         -6.907755 2026-09-09 23:59:03
INFO  [00:06:01.338]         TRUE -6.90775528  1.71129903         -4.341136 2026-09-09 23:59:04
INFO  [00:06:01.338]         TRUE -6.90775528  1.63502356         -6.576668 2026-09-09 23:59:05
INFO  [00:06:01.338]         TRUE -6.90775528  1.71480253         -2.963744 2026-09-09 23:59:06
INFO  [00:06:01.338]         TRUE -6.90775528  1.34759322         -4.648487 2026-09-09 23:59:07
INFO  [00:06:01.338]         TRUE -6.84659028  1.68630555         -6.407653 2026-09-09 23:59:08
INFO  [00:06:01.338]         TRUE -6.90775528 -1.12627178         -5.721137 2026-09-09 23:59:08
INFO  [00:06:01.338]         TRUE -6.90775528 -4.61694230         -4.397269 2026-09-09 23:59:09
INFO  [00:06:01.338]         TRUE -6.60524588  1.98139081         -6.831343 2026-09-09 23:59:10
INFO  [00:06:01.338]         TRUE -6.76644500  1.70250784         -3.007267 2026-09-09 23:59:11
INFO  [00:06:01.338]         TRUE -4.63749412  1.77850209         -5.835230 2026-09-09 23:59:12
INFO  [00:06:01.338]         TRUE  5.26985781  1.69382465         -5.758692 2026-09-09 23:59:13
INFO  [00:06:01.338]         TRUE -6.90775528  1.72040491         -5.779032 2026-09-09 23:59:14
INFO  [00:06:01.338]         TRUE -6.90775528  1.49471861         -3.078177 2026-09-09 23:59:15
INFO  [00:06:01.338]         TRUE -3.98329130  3.47617704         -5.804290 2026-09-09 23:59:16
INFO  [00:06:01.338]         TRUE -3.17895825  3.11556925         -5.652199 2026-09-09 23:59:17
INFO  [00:06:01.338]         TRUE -5.53228975  1.80888695         -5.632546 2026-09-09 23:59:18
INFO  [00:06:01.338]         TRUE -2.26098186  2.46355882         -5.880533 2026-09-09 23:59:19
INFO  [00:06:01.338]         TRUE -0.95682255  1.69737077         -5.879399 2026-09-09 23:59:19
INFO  [00:06:01.338]         TRUE -4.86432742  1.91919358         -5.679662 2026-09-09 23:59:20
INFO  [00:06:01.338]         TRUE -6.90775528  6.55606906         -5.909229 2026-09-09 23:59:21
INFO  [00:06:01.338]         TRUE -4.59446292  1.73221123         -5.991513 2026-09-09 23:59:22
INFO  [00:06:01.338]         TRUE -5.53634227  1.86915013         -4.435089 2026-09-09 23:59:23
INFO  [00:06:01.338]         TRUE -6.67598690  2.04491628         -5.584560 2026-09-09 23:59:24
INFO  [00:06:01.338]         TRUE -6.90775528  1.86191273         -5.693748 2026-09-09 23:59:25
INFO  [00:06:01.338]        FALSE -6.90775528 -3.67406975         -4.070919 2026-09-09 23:59:26
INFO  [00:06:01.338]         TRUE -6.90775528  1.59172013         -5.764091 2026-09-09 23:59:27
INFO  [00:06:01.338]         TRUE -6.90775528  2.33637074         -5.694947 2026-09-09 23:59:28
INFO  [00:06:01.338]         TRUE -6.90775528  1.82246839         -5.743971 2026-09-09 23:59:29
INFO  [00:06:01.338]         TRUE -6.90775528  2.09472788         -5.658528 2026-09-09 23:59:30
INFO  [00:06:01.338]         TRUE -5.53955935  1.85916669         -4.098967 2026-09-09 23:59:31
INFO  [00:06:01.338]         TRUE -6.90775528  1.82788717         -4.534683 2026-09-09 23:59:31
INFO  [00:06:01.338]         TRUE  1.27644700  1.83072808         -4.665884 2026-09-09 23:59:32
INFO  [00:06:01.338]         TRUE -2.75828969  4.07193444         -4.640425 2026-09-09 23:59:33
INFO  [00:06:01.338]         TRUE -4.70107244  2.49364610         -5.593608 2026-09-09 23:59:34
INFO  [00:06:01.338]         TRUE -2.93979435  1.87389005         -5.708116 2026-09-09 23:59:35
INFO  [00:06:01.338]         TRUE -1.40535256  1.89560577         -5.736315 2026-09-09 23:59:36
INFO  [00:06:01.338]         TRUE -2.93096361  1.95741316         -2.710253 2026-09-09 23:59:37
INFO  [00:06:01.338]         TRUE -6.90775528  1.89368927         -5.728457 2026-09-09 23:59:38
INFO  [00:06:01.338]         TRUE -1.09192663  2.05278048         -5.644021 2026-09-09 23:59:39
INFO  [00:06:01.338]         TRUE -0.99234657  2.09708702         -5.723329 2026-09-09 23:59:40
INFO  [00:06:01.338]         TRUE -4.20363330  1.86635239         -6.765454 2026-09-09 23:59:41
INFO  [00:06:01.338]         TRUE -0.63913002  1.84496884         -5.911905 2026-09-09 23:59:42
INFO  [00:06:01.338]         TRUE -1.11917079  2.00486790         -5.688516 2026-09-09 23:59:43
INFO  [00:06:01.338]         TRUE  1.01413425  1.85024127         -5.459256 2026-09-09 23:59:44
INFO  [00:06:01.338]         TRUE -1.06240817  4.91878738         -2.919831 2026-09-09 23:59:44
INFO  [00:06:01.338]         TRUE  0.98884942  2.78774749         -5.692864 2026-09-09 23:59:45
INFO  [00:06:01.338]         TRUE -4.24125195  1.78359632         -5.721041 2026-09-09 23:59:46
INFO  [00:06:01.338]         TRUE -6.90775528  2.77360347         -5.680194 2026-09-09 23:59:47
INFO  [00:06:01.338]         TRUE -6.90775528  1.83959662         -5.691182 2026-09-09 23:59:48
INFO  [00:06:01.338]         TRUE -6.90775528  3.97356983         -4.306821 2026-09-09 23:59:49
INFO  [00:06:01.338]         TRUE -6.90775528  2.10986904         -6.907755 2026-09-09 23:59:50
INFO  [00:06:01.338]         TRUE -6.90775528 -0.04664312         -5.976788 2026-09-09 23:59:52
INFO  [00:06:01.338]         TRUE -0.34048653  4.96228161         -5.754102 2026-09-09 23:59:52
INFO  [00:06:01.338]         TRUE -1.59511112  2.50930182         -5.787399 2026-09-09 23:59:53
INFO  [00:06:01.338]        FALSE -6.90775528 -5.42550317         -2.302585 2026-09-09 23:59:54
INFO  [00:06:01.338]         TRUE  1.98305487  1.48419421         -5.426645 2026-09-09 23:59:55
INFO  [00:06:01.338]        FALSE -6.90775528  1.88165399         -4.541643 2026-09-09 23:59:56
INFO  [00:06:01.338]         TRUE -4.76329180  4.44608518         -5.718543 2026-09-09 23:59:57
INFO  [00:06:01.338]         TRUE -6.90775528 -6.90775528         -5.720007 2026-09-09 23:59:58
INFO  [00:06:01.338]         TRUE -6.54786066  1.86249597         -5.669157 2026-09-09 23:59:59
INFO  [00:06:01.338]         TRUE -6.90775528  1.63014384         -5.695800 2026-09-10 00:00:00
INFO  [00:06:01.338]         TRUE -6.90775528  2.03635844         -6.864481 2026-09-10 00:00:01
INFO  [00:06:01.338]         TRUE -5.12010323  1.07636595         -6.907755 2026-09-10 00:00:02
INFO  [00:06:01.338]         TRUE -6.90775528  0.26861878         -6.861288 2026-09-10 00:00:04
INFO  [00:06:01.338]        FALSE -3.38821560  1.78598171         -6.295245 2026-09-10 00:00:04
INFO  [00:06:01.338]         TRUE -6.90775528  2.17562665         -6.906637 2026-09-10 00:00:14
INFO  [00:06:01.338]         TRUE  1.36945198  3.56252418         -6.907755 2026-09-10 00:00:15
INFO  [00:06:01.338]        FALSE -6.17143741 -6.40361566         -2.302585 2026-09-10 00:00:16
INFO  [00:06:01.338]         TRUE -6.90775528  4.40884646         -3.810461 2026-09-10 00:00:17
INFO  [00:06:01.338]        FALSE -6.90775528 -6.40915133         -6.907755 2026-09-10 00:00:18
INFO  [00:06:01.338]         TRUE -6.90775528  0.10180927         -6.907755 2026-09-10 00:00:19
INFO  [00:06:01.338]         TRUE -1.88204051 -6.90775528         -5.082714 2026-09-10 00:00:20
INFO  [00:06:01.338]         TRUE -6.90775528  1.88577086         -6.907755 2026-09-10 00:00:21
INFO  [00:06:01.338]         TRUE -6.90775528  1.89872549         -5.298335 2026-09-10 00:00:21
INFO  [00:06:01.338]         TRUE -6.90775528  2.10629910         -6.907755 2026-09-10 00:00:22
INFO  [00:06:01.338]         TRUE -6.90775528 -3.80363493         -5.369937 2026-09-10 00:00:23
INFO  [00:06:01.338]         TRUE -3.07548554  1.86161265         -5.291949 2026-09-10 00:00:25
INFO  [00:06:01.338]         TRUE -6.11886489  2.08661184         -5.361314 2026-09-10 00:00:26
INFO  [00:06:01.338]         TRUE -6.46980958  1.96033912         -5.116059 2026-09-10 00:00:26
INFO  [00:06:01.338]         TRUE -6.90775528 -3.99865387         -5.293170 2026-09-10 00:00:27
INFO  [00:06:01.338]         TRUE -6.90775528 -6.48238241         -2.302585 2026-09-10 00:00:28
INFO  [00:06:01.338]         TRUE -6.90775528  1.88913015         -5.284465 2026-09-10 00:00:29
INFO  [00:06:01.338]         TRUE -6.90775528  2.71396368         -5.199421 2026-09-10 00:00:30
INFO  [00:06:01.338]         TRUE -6.90775528  2.40521523         -2.302585 2026-09-10 00:00:32
INFO  [00:06:01.338]         TRUE -6.90775528  2.09223116         -6.163382 2026-09-10 00:00:33
INFO  [00:06:01.338]         TRUE -6.90775528  2.29706567         -5.326751 2026-09-10 00:00:34
INFO  [00:06:01.338]         TRUE -6.90775528  1.94800279         -5.144637 2026-09-10 00:00:35
INFO  [00:06:01.338]         TRUE -6.90775528  2.55749701         -5.195099 2026-09-10 00:00:36
INFO  [00:06:01.338]         TRUE -6.90775528 -6.90775528         -6.250181 2026-09-10 00:00:37
INFO  [00:06:01.338]         TRUE -6.90775528  2.13313979         -5.256617 2026-09-10 00:00:38
INFO  [00:06:01.338]        FALSE -5.95983047 -2.73109162         -6.907755 2026-09-10 00:00:39
INFO  [00:06:01.338]         TRUE -6.90775528  1.96755156         -5.304352 2026-09-10 00:00:40
INFO  [00:06:01.338]         TRUE -6.90775528  1.90172156         -5.310178 2026-09-10 00:00:45
INFO  [00:06:01.338]         TRUE -1.55238791  1.86345247         -6.907755 2026-09-10 00:00:46
INFO  [00:06:01.338]         TRUE -6.90775528 -1.98222036         -3.449776 2026-09-10 00:00:47
INFO  [00:06:01.338]         TRUE -6.90775528  1.85704505         -4.323085 2026-09-10 00:00:48
INFO  [00:06:01.338]         TRUE -2.98526623  4.57583234         -6.907755 2026-09-10 00:00:49
INFO  [00:06:01.338]         TRUE -4.86457051  2.12532294         -5.121121 2026-09-10 00:00:50
INFO  [00:06:01.338]         TRUE -1.72502174 -4.10494637         -5.301894 2026-09-10 00:00:51
INFO  [00:06:01.338]         TRUE -1.74664649 -0.91794575         -2.496556 2026-09-10 00:00:52
INFO  [00:06:01.338]        FALSE -6.90775528  5.63736865         -5.128199 2026-09-10 00:00:53
INFO  [00:06:01.338]         TRUE -6.90775528  4.73760319         -5.205575 2026-09-10 00:00:54
INFO  [00:06:01.338]        FALSE -6.90775528 -4.65096961         -2.396806 2026-09-10 00:00:55
INFO  [00:06:01.338]         TRUE -6.90775528  1.89957254         -5.660798 2026-09-10 00:00:56
INFO  [00:06:01.338]         TRUE -3.06754952  2.18482122         -5.316226 2026-09-10 00:00:57
INFO  [00:06:01.338]        FALSE -6.90775528 -3.98392405         -6.558995 2026-09-10 00:00:58
INFO  [00:06:01.338]         TRUE -6.90775528  0.36617555         -5.195759 2026-09-10 00:00:59
INFO  [00:06:01.338]        FALSE -1.33109303  2.36277986         -6.160836 2026-09-10 00:01:00
INFO  [00:06:01.338]         TRUE  1.43601169  2.42623419         -6.765947 2026-09-10 00:01:01
INFO  [00:06:01.338]        FALSE -6.90775528 -4.72287940         -2.333839 2026-09-10 00:01:02
INFO  [00:06:01.338]        FALSE -1.87939133 -5.54183941         -6.907755 2026-09-10 00:01:03
INFO  [00:06:01.338]         TRUE -1.45489143  1.88679575         -5.273428 2026-09-10 00:01:04
INFO  [00:06:01.338]         TRUE -0.95627990  1.88609664         -5.293576 2026-09-10 00:01:05
INFO  [00:06:01.338]         TRUE -6.90775528  1.92329759         -5.309284 2026-09-10 00:01:06
INFO  [00:06:01.338]         TRUE -6.90775528  1.97930499         -6.907755 2026-09-10 00:01:07
INFO  [00:06:01.338]         TRUE -6.90775528  1.90354600         -3.619795 2026-09-10 00:01:08
INFO  [00:06:01.338]         TRUE -6.90775528  1.92771924         -6.907755 2026-09-10 00:01:09
INFO  [00:06:01.338]        FALSE -6.46947141 -4.13809522         -2.302585 2026-09-10 00:01:10
INFO  [00:06:01.338]        FALSE -1.08232821  2.52897453         -6.907755 2026-09-10 00:01:11
INFO  [00:06:01.338]        FALSE -6.76784938 -1.16895669         -6.907755 2026-09-10 00:01:12
INFO  [00:06:01.338]         TRUE -6.90775528  1.96800792         -6.907755 2026-09-10 00:01:13
INFO  [00:06:01.338]         TRUE -6.90775528  3.83022021         -6.893773 2026-09-10 00:01:14
INFO  [00:06:01.338]         TRUE -6.90775528  1.94525087         -6.907755 2026-09-10 00:01:15
INFO  [00:06:01.338]         TRUE -5.72724347  2.16536790         -5.126633 2026-09-10 00:01:16
INFO  [00:06:01.338]         TRUE -6.14344578  2.10816755         -2.302585 2026-09-10 00:01:17
INFO  [00:06:01.338]        FALSE -4.96130032 -3.64548388         -4.426768 2026-09-10 00:01:18
INFO  [00:06:01.338]        FALSE -1.27015223  6.88280365         -6.230429 2026-09-10 00:01:19
INFO  [00:06:01.338]         TRUE -6.18918392  2.00359682         -6.907755 2026-09-10 00:01:20
INFO  [00:06:01.338]        FALSE -6.44758822 -4.37864954         -2.302585 2026-09-10 00:01:21
INFO  [00:06:01.338]        FALSE -1.43024687  6.87276157         -6.243081 2026-09-10 00:01:22
INFO  [00:06:01.338]        FALSE -1.28150879  6.90775528         -6.892143 2026-09-10 00:01:23
INFO  [00:06:01.338]         TRUE -6.90775528  1.65896247         -5.312635 2026-09-10 00:01:24
INFO  [00:06:01.338]         TRUE  0.96057011  2.01160721         -5.308569 2026-09-10 00:01:25
INFO  [00:06:01.338]         TRUE  0.95932116 -5.38480784         -5.289671 2026-09-10 00:01:26
INFO  [00:06:01.338]        FALSE -1.67458531  2.26003239         -6.365043 2026-09-10 00:01:27
INFO  [00:06:01.338]        FALSE -1.37402766 -6.90775528         -6.907755 2026-09-10 00:01:28
INFO  [00:06:01.338]        FALSE -1.06758970 -5.09459909         -5.608479 2026-09-10 00:01:29
INFO  [00:06:01.338]        FALSE -1.15912505 -4.52222619         -5.643116 2026-09-10 00:01:30
INFO  [00:06:01.338]         TRUE -0.43993609  1.26475107         -5.339710 2026-09-10 00:01:31
INFO  [00:06:01.338]         TRUE -1.14007817  2.29690904         -5.384934 2026-09-10 00:01:32
INFO  [00:06:01.338]         TRUE -3.04688345  1.93943180         -5.248625 2026-09-10 00:01:33
INFO  [00:06:01.338]        FALSE -1.29307116  3.78326331         -4.471242 2026-09-10 00:01:34
INFO  [00:06:01.338]         TRUE -6.90775528  2.51889996         -6.907755 2026-09-10 00:01:35
INFO  [00:06:01.338]         TRUE  1.52333449  1.89844542         -6.907755 2026-09-10 00:01:36
INFO  [00:06:01.338]        FALSE -6.90668225 -2.08035095         -2.302585 2026-09-10 00:01:37
INFO  [00:06:01.338]        FALSE -1.45212417 -2.39539893         -2.302585 2026-09-10 00:01:38
INFO  [00:06:01.338]        FALSE -6.90775528 -4.40537099         -2.302585 2026-09-10 00:01:39
INFO  [00:06:01.338]        FALSE -1.68748464  5.55161629         -6.184628 2026-09-10 00:01:40
INFO  [00:06:01.338]        FALSE -1.80075590  5.37530366         -6.387866 2026-09-10 00:01:42
INFO  [00:06:01.338]         TRUE -6.90775528  2.49438768         -4.759537 2026-09-10 00:01:43
INFO  [00:06:01.338]        FALSE -0.76556411  5.15281925         -4.481785 2026-09-10 00:01:44
INFO  [00:06:01.338]         TRUE  2.44028363  2.59498578         -3.938644 2026-09-10 00:01:45
INFO  [00:06:01.338]         TRUE -6.90775528  1.83995692         -5.301087 2026-09-10 00:01:46
INFO  [00:06:01.338]         TRUE -6.90775528  5.57351345         -3.702564 2026-09-10 00:01:47
INFO  [00:06:01.338]         TRUE -6.90775528  1.96769825         -5.317213 2026-09-10 00:01:48
INFO  [00:06:01.338]         TRUE -6.74314718  1.96444257         -6.907755 2026-09-10 00:01:49
INFO  [00:06:01.338]        FALSE  2.03860603  1.97468903         -6.573167 2026-09-10 00:01:50
INFO  [00:06:01.338]         TRUE -6.90775528  2.42868173         -4.500693 2026-09-10 00:01:51
INFO  [00:06:01.338]         TRUE -6.90775528 -4.13751825         -6.907755 2026-09-10 00:01:53
INFO  [00:06:01.338]         TRUE -2.16020195  4.39373427         -6.907755 2026-09-10 00:01:54
INFO  [00:06:01.338]        FALSE -6.61041024 -4.11094604         -3.213620 2026-09-10 00:01:55
INFO  [00:06:01.338]        FALSE -6.81563321 -4.04447578         -3.319483 2026-09-10 00:01:56
INFO  [00:06:01.338]         TRUE -6.90775528  1.50863835         -5.357327 2026-09-10 00:01:57
INFO  [00:06:01.338]         TRUE -6.90775528  2.14999581         -2.302585 2026-09-10 00:01:58
INFO  [00:06:01.338]        FALSE -4.78867634 -3.32827575         -2.467141 2026-09-10 00:01:59
INFO  [00:06:01.338]         TRUE -6.90775528  1.96777187         -5.151761 2026-09-10 00:02:00
INFO  [00:06:01.338]         TRUE -3.24890357  2.13165831         -5.342868 2026-09-10 00:02:01
INFO  [00:06:01.338]        FALSE -3.86849220 -2.79028478         -2.351370 2026-09-10 00:02:03
INFO  [00:06:01.338]         TRUE -4.37957791  1.90097663         -6.907755 2026-09-10 00:02:04
INFO  [00:06:01.338]         TRUE -6.08168288  1.70416345         -5.000027 2026-09-10 00:02:05
INFO  [00:06:01.338]         TRUE -6.90775528  5.33399820         -5.311235 2026-09-10 00:02:06
INFO  [00:06:01.338]         TRUE -6.90775528 -5.05459852         -6.907755 2026-09-10 00:02:07
INFO  [00:06:01.338]         TRUE -3.13195352  2.34766575         -6.907755 2026-09-10 00:02:08
INFO  [00:06:01.338]        FALSE -6.58509357 -4.56900908         -3.914278 2026-09-10 00:02:09
INFO  [00:06:01.338]        FALSE -5.72047248  5.70804233         -4.048175 2026-09-10 00:02:10
INFO  [00:06:01.338]        FALSE -5.19277749  5.82449966         -4.023029 2026-09-10 00:02:11
INFO  [00:06:01.338]         TRUE  0.89267331  2.01998435         -2.777430 2026-09-10 00:02:13
INFO  [00:06:01.338]        FALSE  3.14723956  1.89952613         -6.177836 2026-09-10 00:02:14
INFO  [00:06:01.338]         TRUE -4.18730341  1.88941455         -2.302585 2026-09-10 00:02:15
INFO  [00:06:01.338]        FALSE -6.60539612 -3.06675357         -2.427061 2026-09-10 00:02:16
INFO  [00:06:01.338]        FALSE -6.64806759  5.69115433         -2.381471 2026-09-10 00:02:17
INFO  [00:06:01.338]        FALSE -6.90775528  5.61288954         -2.530293 2026-09-10 00:02:18
INFO  [00:06:01.338]         TRUE -6.90775528 -4.20060872         -2.743046 2026-09-10 00:02:19
INFO  [00:06:01.338]         TRUE -6.90775528  5.24521367         -4.352441 2026-09-10 00:02:20
INFO  [00:06:01.338]         TRUE -6.90775528  4.70220052         -4.455189 2026-09-10 00:02:21
INFO  [00:06:01.338]         TRUE -6.90775528  1.83065359         -4.819215 2026-09-10 00:02:23
INFO  [00:06:01.338]         TRUE -6.90775528  1.90849344         -5.231862 2026-09-10 00:02:24
INFO  [00:06:01.338]        FALSE -2.19121315  5.60636280         -6.207106 2026-09-10 00:02:25
INFO  [00:06:01.338]         TRUE -2.13239214 -0.48727838         -5.309272 2026-09-10 00:02:26
INFO  [00:06:01.338]        FALSE -1.25755239  4.58019385         -6.232256 2026-09-10 00:02:27
INFO  [00:06:01.338]        FALSE -1.15969110  2.08738963         -6.322188 2026-09-10 00:02:28
INFO  [00:06:01.338]        FALSE -1.61508053  2.04532449         -6.381662 2026-09-10 00:02:29
INFO  [00:06:01.338]        FALSE -4.28308440 -6.53535089         -4.459416 2026-09-10 00:02:30
INFO  [00:06:01.338]         TRUE -6.90775528  2.37074926         -5.333485 2026-09-10 00:02:32
INFO  [00:06:01.338]        FALSE -6.90775528 -1.43380613         -6.892659 2026-09-10 00:02:33
INFO  [00:06:01.338]         TRUE -6.90775528  2.39985211         -5.345085 2026-09-10 00:02:34
INFO  [00:06:01.338]         TRUE -6.90775528  1.34195696         -6.907755 2026-09-10 00:02:35
INFO  [00:06:01.338]         TRUE -6.90775528  1.84506312         -5.300570 2026-09-10 00:02:36
INFO  [00:06:01.338]         TRUE -6.90775528 -2.56345812         -5.793927 2026-09-10 00:02:37
INFO  [00:06:01.338]        FALSE -6.90775528 -4.94867436         -3.651072 2026-09-10 00:02:39
INFO  [00:06:01.338]        FALSE -6.90775528 -5.04339359         -3.608753 2026-09-10 00:02:40
INFO  [00:06:01.338]         TRUE -6.90775528 -3.41198364         -3.238127 2026-09-10 00:02:41
INFO  [00:06:01.338]         TRUE -6.90775528 -5.42744321         -3.453047 2026-09-10 00:02:42
INFO  [00:06:01.338]         TRUE -6.90775528  2.23879155         -5.312352 2026-09-10 00:02:43
INFO  [00:06:01.338]         TRUE  5.78109781  1.99164036         -6.907755 2026-09-10 00:02:45
INFO  [00:06:01.338]        FALSE  6.72015977 -1.58045981         -6.907755 2026-09-10 00:02:46
INFO  [00:06:01.338]         TRUE -6.90775528  0.89799624         -5.317600 2026-09-10 00:02:47
INFO  [00:06:01.338]        FALSE -0.72635489  6.90775528         -3.670761 2026-09-10 00:02:48
INFO  [00:06:01.338]        FALSE -0.96915505  6.90775528         -5.214404 2026-09-10 00:02:49
INFO  [00:06:01.338]        FALSE -6.90775528 -4.18485586         -6.353932 2026-09-10 00:02:50
INFO  [00:06:01.338]        FALSE -6.90775528 -4.16602273         -6.586180 2026-09-10 00:02:51
INFO  [00:06:01.338]        FALSE -4.34104992 -3.77501288         -6.655429 2026-09-10 00:02:53
INFO  [00:06:01.338]         TRUE -6.90775528 -4.89308928         -6.907755 2026-09-10 00:02:54
INFO  [00:06:01.338]         TRUE -6.90775528  1.64526435         -5.311698 2026-09-10 00:02:55
INFO  [00:06:01.338]        FALSE  2.32944344 -4.84722669         -2.461686 2026-09-10 00:02:56
INFO  [00:06:01.338]         TRUE -1.63594026 -2.57786502         -6.907755 2026-09-10 00:02:57
INFO  [00:06:01.338]         TRUE -6.90775528  1.88542142         -5.216523 2026-09-10 00:02:58
INFO  [00:06:01.338]         TRUE -6.90775528  2.08388558         -2.893531 2026-09-10 00:03:00
INFO  [00:06:01.338]        FALSE -6.90775528 -4.15456032         -2.302585 2026-09-10 00:03:01
INFO  [00:06:01.338]         TRUE -3.53616952  1.87089657         -5.226758 2026-09-10 00:03:02
INFO  [00:06:01.338]         TRUE  2.01003995  1.05616979         -6.907755 2026-09-10 00:03:03
INFO  [00:06:01.338]         TRUE  1.64947172 -1.24171009         -3.298330 2026-09-10 00:03:04
INFO  [00:06:01.338]         TRUE  1.50378024 -4.75388693         -6.907755 2026-09-10 00:03:05
INFO  [00:06:01.338]        FALSE -1.47772953 -3.49815946         -6.907755 2026-09-10 00:03:06
INFO  [00:06:01.338]        FALSE -1.61698207 -3.50966547         -6.620851 2026-09-10 00:03:08
INFO  [00:06:01.338]         TRUE -6.90775528  5.02974375         -6.907755 2026-09-10 00:03:09
INFO  [00:06:01.338]         TRUE -6.90775528  1.90967368         -6.259720 2026-09-10 00:03:10
INFO  [00:06:01.338]        FALSE -6.06294511 -6.87784305         -3.500967 2026-09-10 00:03:11
INFO  [00:06:01.338]         TRUE -5.64859893  2.11962806         -6.907755 2026-09-10 00:03:12
INFO  [00:06:01.338]        FALSE -1.92375632 -5.36893251         -3.367888 2026-09-10 00:03:14
INFO  [00:06:01.338]        FALSE -1.57703510  2.06295044         -6.347094 2026-09-10 00:03:15
INFO  [00:06:01.338]        FALSE -1.85384494  2.04694323         -5.656415 2026-09-10 00:03:16
INFO  [00:06:01.338]         TRUE -1.81745897  1.98527074         -6.907755 2026-09-10 00:03:17
INFO  [00:06:01.338]         TRUE -1.85656206  2.12945937         -6.907755 2026-09-10 00:03:18
INFO  [00:06:01.338]         TRUE -2.11910517 -6.59312842         -6.907755 2026-09-10 00:03:20
INFO  [00:06:01.338]        FALSE -1.69465642  5.73020935         -4.225895 2026-09-10 00:03:21
INFO  [00:06:01.338]         TRUE -5.24594425 -6.90775528         -6.907755 2026-09-10 00:03:22
INFO  [00:06:01.338]         TRUE -6.90775528  1.83901208         -5.347290 2026-09-10 00:03:23
INFO  [00:06:01.338]         TRUE -5.37229130 -6.90775528         -6.907755 2026-09-10 00:03:24
INFO  [00:06:01.338]         TRUE -6.90775528 -5.23614232         -2.839083 2026-09-10 00:03:25
INFO  [00:06:01.338]         TRUE -5.07685539 -6.90775528         -2.795258 2026-09-10 00:03:27
INFO  [00:06:01.338]         TRUE -6.90775528  1.75606934         -2.762833 2026-09-10 00:03:28
INFO  [00:06:01.338]         TRUE -4.73607294 -6.65592690         -6.907755 2026-09-10 00:03:29
INFO  [00:06:01.338]         TRUE -6.81369702 -6.60400031         -6.907755 2026-09-10 00:03:30
INFO  [00:06:01.338]         TRUE -2.53110672 -6.65564179         -6.907755 2026-09-10 00:03:31
INFO  [00:06:01.338]         TRUE -6.90775528 -5.62989351         -5.194577 2026-09-10 00:03:32
INFO  [00:06:01.338]         TRUE -4.43794011 -6.90775528         -6.907755 2026-09-10 00:03:34
INFO  [00:06:01.338]         TRUE -5.68320481 -1.60404462         -6.792924 2026-09-10 00:03:35
INFO  [00:06:01.338]         TRUE -6.90775528  2.48118343         -5.827549 2026-09-10 00:03:36
INFO  [00:06:01.338]         TRUE -1.42708263  1.92069294         -4.757135 2026-09-10 00:03:37
INFO  [00:06:01.338]         TRUE -6.90775528  2.08847402         -4.503847 2026-09-10 00:03:39
INFO  [00:06:01.338]         TRUE -6.90775528  2.38368594         -5.266503 2026-09-10 00:03:40
INFO  [00:06:01.338]         TRUE -1.30031031  5.74894760         -6.907755 2026-09-10 00:03:41
INFO  [00:06:01.338]         TRUE -6.90775528  0.06627703         -6.907755 2026-09-10 00:03:42
INFO  [00:06:01.338]         TRUE -0.82755626 -5.72702142         -6.907755 2026-09-10 00:03:43
INFO  [00:06:01.338]         TRUE -1.18814077  1.90306925         -6.907755 2026-09-10 00:03:45
INFO  [00:06:01.338]         TRUE -5.20836573 -6.90775528         -6.907755 2026-09-10 00:03:46
INFO  [00:06:01.338]         TRUE -3.15452221  5.61361833         -5.230351 2026-09-10 00:03:47
INFO  [00:06:01.338]        FALSE -2.01850931  5.52084564         -6.098231 2026-09-10 00:03:48
INFO  [00:06:01.338]        FALSE -1.39191101 -4.00548936         -6.223618 2026-09-10 00:03:49
INFO  [00:06:01.338]        FALSE -1.86178469  5.45387779         -6.565109 2026-09-10 00:03:51
INFO  [00:06:01.338]         TRUE -5.29280143  0.19440274         -5.545016 2026-09-10 00:03:52
INFO  [00:06:01.338]         TRUE -5.25698852  0.28521719         -5.607089 2026-09-10 00:03:53
INFO  [00:06:01.338]         TRUE -3.10830388  2.51430938         -6.907755 2026-09-10 00:03:54
INFO  [00:06:01.338]         TRUE -2.94445480  2.50050956         -6.907755 2026-09-10 00:03:55
INFO  [00:06:01.338]         TRUE -1.94237147  2.56326548         -6.907755 2026-09-10 00:03:57
INFO  [00:06:01.338]         TRUE -3.21710747  2.19857501         -5.101726 2026-09-10 00:03:58
INFO  [00:06:01.338]        FALSE -0.81376380 -6.80420261         -6.063827 2026-09-10 00:04:00
INFO  [00:06:01.338]        FALSE -3.35503709 -6.79505266         -5.972859 2026-09-10 00:04:01
INFO  [00:06:01.338]        FALSE  1.60138840 -6.90775528         -5.975027 2026-09-10 00:04:02
INFO  [00:06:01.338]        FALSE  1.29254461 -6.90775528         -6.208564 2026-09-10 00:04:03
INFO  [00:06:01.338]         TRUE -5.32368048 -0.78912889         -6.907755 2026-09-10 00:04:04
INFO  [00:06:01.338]         TRUE -2.64040178 -6.90775528         -6.907755 2026-09-10 00:04:06
INFO  [00:06:01.338]         TRUE -2.08457655 -6.90775528         -6.907755 2026-09-10 00:04:07
INFO  [00:06:01.338]         TRUE -2.16990050 -4.65820527         -6.907755 2026-09-10 00:04:08
INFO  [00:06:01.338]         TRUE -5.26342110  2.07620575         -5.312246 2026-09-10 00:04:10
INFO  [00:06:01.338]        FALSE -2.37415704 -3.84590866         -6.164862 2026-09-10 00:04:11
INFO  [00:06:01.338]         TRUE -1.54120744 -6.90775528         -6.907755 2026-09-10 00:04:12
INFO  [00:06:01.338]         TRUE -1.46393022  1.94472958         -5.310852 2026-09-10 00:04:13
INFO  [00:06:01.338]        FALSE -1.60504330  6.26184849         -6.273602 2026-09-10 00:04:15
INFO  [00:06:01.338]         TRUE -0.68873477  2.06630314         -5.291659 2026-09-10 00:04:16
INFO  [00:06:01.338]         TRUE -2.08275159 -3.88109908         -6.907755 2026-09-10 00:04:17
INFO  [00:06:01.338]         TRUE -6.85592746  5.49661249         -3.920518 2026-09-10 00:04:18
INFO  [00:06:01.338]         TRUE -6.61893342  5.26537470         -6.165842 2026-09-10 00:04:20
INFO  [00:06:01.338]         TRUE -5.69058002  1.90190753         -5.281249 2026-09-10 00:04:21
INFO  [00:06:01.338]         TRUE  0.07731912 -6.57862389         -6.907755 2026-09-10 00:04:22
INFO  [00:06:01.338]        FALSE -0.98490818 -3.75805379         -2.302585 2026-09-10 00:04:24
INFO  [00:06:01.338]         TRUE -5.02276640  2.00879938         -5.286904 2026-09-10 00:04:25
INFO  [00:06:01.338]         TRUE -5.24741206 -6.90775528         -6.556192 2026-09-10 00:04:26
INFO  [00:06:01.338]        FALSE -1.34928967 -0.74371216         -6.351125 2026-09-10 00:04:27
INFO  [00:06:01.338]         TRUE -3.72477005 -5.18781034         -4.688873 2026-09-10 00:04:29
INFO  [00:06:01.338]         TRUE -6.90775528  1.92157996         -3.904812 2026-09-10 00:04:30
INFO  [00:06:01.338]         TRUE -6.10923781  1.99928870         -5.252497 2026-09-10 00:04:31
INFO  [00:06:01.338]         TRUE -5.03183362 -6.90775528         -2.838012 2026-09-10 00:04:33
INFO  [00:06:01.338]         TRUE -5.97065751  1.82571981         -4.716975 2026-09-10 00:04:34
INFO  [00:06:01.338]         TRUE -5.67581961 -6.48758136         -6.899762 2026-09-10 00:04:35
INFO  [00:06:01.338]         TRUE -5.78910549  1.96139215         -6.907755 2026-09-10 00:04:36
INFO  [00:06:01.338]        FALSE -0.35857588 -6.90775528         -6.541537 2026-09-10 00:04:38
INFO  [00:06:01.338]        FALSE  0.05201845 -4.54299726         -6.411498 2026-09-10 00:04:39
INFO  [00:06:01.338]        FALSE -0.92097500 -4.40310089         -2.480574 2026-09-10 00:04:40
INFO  [00:06:01.338]         TRUE -0.21254080  1.93821040         -5.272895 2026-09-10 00:04:41
INFO  [00:06:01.338]         TRUE -1.61220819  2.01676500         -5.308173 2026-09-10 00:04:43
INFO  [00:06:01.338]         TRUE -2.57884630 -6.90775528         -6.907755 2026-09-10 00:04:44
INFO  [00:06:01.338]         TRUE -6.90775528  1.98168514         -6.662337 2026-09-10 00:04:45
INFO  [00:06:01.338]         TRUE  1.72913221 -6.90775528         -6.207359 2026-09-10 00:04:47
INFO  [00:06:01.338]         TRUE -5.65564832  1.74890209         -5.341512 2026-09-10 00:04:48
INFO  [00:06:01.338]        FALSE -5.72101755 -4.64180345         -2.400081 2026-09-10 00:04:49
INFO  [00:06:01.338]         TRUE -6.87629031  6.86332614         -5.248957 2026-09-10 00:04:51
INFO  [00:06:01.338]         TRUE -6.90775528  2.51086206         -5.293238 2026-09-10 00:04:52
INFO  [00:06:01.338]         TRUE -6.90775528  2.11274759         -5.326497 2026-09-10 00:04:53
INFO  [00:06:01.338]        FALSE -1.25990618  5.43689605         -2.333616 2026-09-10 00:04:54
INFO  [00:06:01.338]         TRUE -2.39652502 -6.90775528         -4.622879 2026-09-10 00:04:56
INFO  [00:06:01.338]         TRUE -2.91168035 -6.90775528         -4.585669 2026-09-10 00:04:57
INFO  [00:06:01.338]         TRUE -0.73011471  2.47183218         -5.308266 2026-09-10 00:04:58
INFO  [00:06:01.338]         TRUE -0.69504278  2.44933082         -4.112236 2026-09-10 00:05:00
INFO  [00:06:01.338]         TRUE -0.11171538  2.24223066         -4.175423 2026-09-10 00:05:01
INFO  [00:06:01.338]         TRUE -2.31123998 -6.61529895         -6.907755 2026-09-10 00:05:02
INFO  [00:06:01.338]        FALSE -3.86649934 -3.43128834         -2.302585 2026-09-10 00:05:03
INFO  [00:06:01.338]         TRUE  0.36967869 -6.90775528         -3.591256 2026-09-10 00:05:05
INFO  [00:06:01.338]        FALSE -2.07976644  1.59316398         -6.390909 2026-09-10 00:05:06
INFO  [00:06:01.338]        FALSE -6.90775528 -6.90775528         -2.302585 2026-09-10 00:05:08
INFO  [00:06:01.338]        FALSE -1.42522545 -3.53410022         -2.313653 2026-09-10 00:05:09
INFO  [00:06:01.338]        FALSE -6.90775528 -6.90775528         -2.434690 2026-09-10 00:05:10
INFO  [00:06:01.338]        FALSE -1.06510026 -3.83432430         -6.725040 2026-09-10 00:05:12
INFO  [00:06:01.338]         TRUE -6.51638424  2.23132682         -4.542741 2026-09-10 00:05:13
INFO  [00:06:01.338]        FALSE -3.03180482 -3.61096438         -4.863629 2026-09-10 00:05:14
INFO  [00:06:01.338]         TRUE -5.41176361  2.09285655         -4.487817 2026-09-10 00:05:16
INFO  [00:06:01.338]        FALSE -3.84183935 -3.70037804         -6.137464 2026-09-10 00:05:17
INFO  [00:06:01.338]         TRUE  0.26400820 -6.57602108         -6.907755 2026-09-10 00:05:18
INFO  [00:06:01.338]        FALSE -3.87664861 -3.64438133         -4.045758 2026-09-10 00:05:19
INFO  [00:06:01.338]         TRUE -5.53894163  2.19490703         -2.910495 2026-09-10 00:05:21
INFO  [00:06:01.338]         TRUE -3.45300219 -6.61318827         -2.363664 2026-09-10 00:05:22
INFO  [00:06:01.338]         TRUE -5.94705809  1.80496465         -3.605495 2026-09-10 00:05:24
INFO  [00:06:01.338]        FALSE -2.18091075 -1.16990390         -6.059603 2026-09-10 00:05:25
INFO  [00:06:01.338]        FALSE -1.42030425 -3.97435859         -2.302585 2026-09-10 00:05:26
INFO  [00:06:01.338]        FALSE -1.48260320 -4.52772002         -2.347318 2026-09-10 00:05:28
INFO  [00:06:01.338]        FALSE  2.57539004 -4.07831811         -3.712916 2026-09-10 00:05:29
INFO  [00:06:01.338]        FALSE -5.57175459 -3.25006673         -5.330427 2026-09-10 00:05:30
INFO  [00:06:01.338]        FALSE -3.60917856 -6.90775528         -6.065804 2026-09-10 00:05:32
INFO  [00:06:01.338]         TRUE -0.85213130 -0.02110315         -2.302585 2026-09-10 00:05:33
INFO  [00:06:01.338]         TRUE -6.90775528  1.99115404         -5.406059 2026-09-10 00:05:34
INFO  [00:06:01.338]        FALSE -4.82676628 -3.36026216         -5.154606 2026-09-10 00:05:36
INFO  [00:06:01.338]        FALSE -4.92374008 -3.45443075         -5.059936 2026-09-10 00:05:37
INFO  [00:06:01.338]         TRUE -6.90775528  1.83181545         -5.425564 2026-09-10 00:05:39
INFO  [00:06:01.338]        FALSE -6.37697368 -5.42175983         -2.372032 2026-09-10 00:05:40
INFO  [00:06:01.338]         TRUE -3.83480793 -3.39772902         -2.302585 2026-09-10 00:05:42
INFO  [00:06:01.338]         TRUE -3.85378303 -4.32724838         -2.302585 2026-09-10 00:05:43
INFO  [00:06:01.338]         TRUE -3.91841039 -3.11600702         -2.302585 2026-09-10 00:05:44
INFO  [00:06:01.338]        FALSE -1.57721325 -3.85961998         -5.577411 2026-09-10 00:05:46
INFO  [00:06:01.338]        FALSE  0.70957895 -3.71269182         -6.243785 2026-09-10 00:05:47
INFO  [00:06:01.338]        FALSE -5.40505617 -3.46792799         -4.541758 2026-09-10 00:05:49
INFO  [00:06:01.338]         TRUE -5.71794995  2.00613746         -5.291006 2026-09-10 00:05:50
INFO  [00:06:01.338]         TRUE -5.09277133  1.87979262         -5.933157 2026-09-10 00:05:51
INFO  [00:06:01.338]        FALSE -5.67838202 -2.94221970         -3.166444 2026-09-10 00:05:53
INFO  [00:06:01.338]        FALSE -5.59318077  2.43528381         -6.205788 2026-09-10 00:05:54
INFO  [00:06:01.338]         TRUE -0.45739214 -0.21528133         -4.400503 2026-09-10 00:05:55
INFO  [00:06:01.338]        FALSE -0.42527490  3.45054468         -5.067160 2026-09-10 00:05:57
INFO  [00:06:01.338]         TRUE -0.94154852  2.24126886         -6.907755 2026-09-10 00:05:58
INFO  [00:06:01.338]  extra_trees   lambda_l1   lambda_l2 min_gain_to_split        timestamp_xs
INFO  [00:06:01.338]         timestamp_ys                                       worker_id
INFO  [00:06:01.338]  2026-09-09 23:57:51                      braving_bumblebee_8f450640
INFO  [00:06:01.338]  2026-09-09 23:57:53                 pseudoliterary_penguin_1f178e6a
INFO  [00:06:01.338]  2026-09-09 23:57:54                            costly_mite_a97d7870
INFO  [00:06:01.338]  2026-09-09 23:57:54                      braving_bumblebee_8f450640
INFO  [00:06:01.338]  2026-09-09 23:57:55                   unacknowledged_larva_9b14abef
INFO  [00:06:01.338]  2026-09-09 23:57:56              highexplosive_iriomotecat_f3c6483b
INFO  [00:06:01.338]  2026-09-09 23:57:57                   uncleansable_wildcat_8e380177
INFO  [00:06:01.338]  2026-09-09 23:57:57           subwealthy_galapagostortoise_2f709775
INFO  [00:06:01.338]  2026-09-09 23:57:59                          okay_ringworm_f7e937c0
INFO  [00:06:01.338]  2026-09-09 23:58:00                  scientific_hornedtoad_9605c8d7
INFO  [00:06:01.338]  2026-09-09 23:58:00                    unsuitable_ibisbill_ad10d002
INFO  [00:06:01.338]  2026-09-09 23:58:01                    invisibility_nutria_26a50418
INFO  [00:06:01.338]  2026-09-09 23:58:02                         joyous_pelican_23cd4b6e
INFO  [00:06:01.338]  2026-09-09 23:58:03                   sadistic_acornweevil_70cfaaea
INFO  [00:06:01.338]  2026-09-09 23:58:03                     precardiac_polecat_54aedeae
INFO  [00:06:01.338]  2026-09-09 23:58:04                 sympathetic_arthropods_c1bbc658
INFO  [00:06:01.338]  2026-09-09 23:58:04                   handwritten_dormouse_62b64c2b
INFO  [00:06:01.338]  2026-09-09 23:58:05                     unrounded_morayeel_df6058a3
INFO  [00:06:01.338]  2026-09-09 23:58:06                 emptied_alaskankleekai_711a3291
INFO  [00:06:01.338]  2026-09-09 23:58:07                         gainable_galah_a257b33b
INFO  [00:06:01.338]  2026-09-09 23:58:08                       deductible_coral_cf32235a
INFO  [00:06:01.338]  2026-09-09 23:58:09                   unamazed_gilamonster_085e9510
INFO  [00:06:01.338]  2026-09-09 23:58:09                         joyous_pelican_23cd4b6e
INFO  [00:06:01.338]  2026-09-09 23:58:10                      centralistic_ibis_287bc881
INFO  [00:06:01.338]  2026-09-09 23:58:11                         striking_stoat_13e2d344
INFO  [00:06:01.338]  2026-09-09 23:58:11             terrorstricken_easternnewt_cdc1cd54
INFO  [00:06:01.338]  2026-09-09 23:58:12                   sadistic_acornweevil_70cfaaea
INFO  [00:06:01.338]  2026-09-09 23:58:13                   handwritten_dormouse_62b64c2b
INFO  [00:06:01.338]  2026-09-09 23:58:14                      centralistic_ibis_287bc881
INFO  [00:06:01.338]  2026-09-09 23:58:15                          flammable_ray_8d6362d5
INFO  [00:06:01.338]  2026-09-09 23:58:15                 sympathetic_arthropods_c1bbc658
INFO  [00:06:01.338]  2026-09-09 23:58:16                    constuctional_anura_f04ecf35
INFO  [00:06:01.338]  2026-09-09 23:58:17           transparent_galapagossealion_80b3d06d
INFO  [00:06:01.338]  2026-09-09 23:58:18              highexplosive_iriomotecat_f3c6483b
INFO  [00:06:01.338]  2026-09-09 23:58:18                         joyous_pelican_23cd4b6e
INFO  [00:06:01.338]  2026-09-09 23:58:19                   unamazed_gilamonster_085e9510
INFO  [00:06:01.338]  2026-09-09 23:58:20                      braving_bumblebee_8f450640
INFO  [00:06:01.338]  2026-09-09 23:58:21                          flammable_ray_8d6362d5
INFO  [00:06:01.338]  2026-09-09 23:58:22                  serge_dogwoodclubgall_3b5c6e46
INFO  [00:06:01.338]  2026-09-09 23:58:23                      islandlike_grouse_78dc5308
INFO  [00:06:01.338]  2026-09-09 23:58:23               commentarial_barebirdbat_e7c60a33
INFO  [00:06:01.338]  2026-09-09 23:58:25                     fadable_flycatcher_44ca2704
INFO  [00:06:01.338]  2026-09-09 23:58:25               commentarial_barebirdbat_e7c60a33
INFO  [00:06:01.338]  2026-09-09 23:58:26                      centralistic_ibis_287bc881
INFO  [00:06:01.338]  2026-09-09 23:58:27                       gnomic_ptarmigan_c88d4966
INFO  [00:06:01.338]  2026-09-09 23:58:28                 apidological_appaloosa_a8a16895
INFO  [00:06:01.338]  2026-09-09 23:58:29       subterrestrial_labradorretriever_1aa33987
INFO  [00:06:01.338]  2026-09-09 23:58:29                   overcurious_elephant_44a355c7
INFO  [00:06:01.338]  2026-09-09 23:58:30                      islandlike_grouse_78dc5308
INFO  [00:06:01.338]  2026-09-09 23:58:31                     fadable_flycatcher_44ca2704
INFO  [00:06:01.338]  2026-09-09 23:58:32                          epicentral_ox_93723b58
INFO  [00:06:01.338]  2026-09-09 23:58:33            achronite_allensbigearedbat_26463ae7
INFO  [00:06:01.338]  2026-09-09 23:58:33                  scientific_hornedtoad_9605c8d7
INFO  [00:06:01.338]  2026-09-09 23:58:34                      braving_bumblebee_8f450640
INFO  [00:06:01.338]  2026-09-09 23:58:35                      islandlike_grouse_78dc5308
INFO  [00:06:01.338]  2026-09-09 23:58:36                       loony_pterosaurs_8eb094b6
INFO  [00:06:01.338]  2026-09-09 23:58:37                      islandlike_grouse_78dc5308
INFO  [00:06:01.338]  2026-09-09 23:58:37                       gnomic_ptarmigan_c88d4966
INFO  [00:06:01.338]  2026-09-09 23:58:38       subterrestrial_labradorretriever_1aa33987
INFO  [00:06:01.338]  2026-09-09 23:58:39                     fadable_flycatcher_44ca2704
INFO  [00:06:01.338]  2026-09-09 23:58:40                         joyous_pelican_23cd4b6e
INFO  [00:06:01.338]  2026-09-09 23:58:41           transparent_galapagossealion_80b3d06d
INFO  [00:06:01.338]  2026-09-09 23:58:42                terdekaphobia_solenodon_5dbb7023
INFO  [00:06:01.338]  2026-09-09 23:58:42                 pseudoliterary_penguin_1f178e6a
INFO  [00:06:01.338]  2026-09-09 23:58:43                     fadable_flycatcher_44ca2704
INFO  [00:06:01.338]  2026-09-09 23:58:44                     digressive_basenji_302d3fdf
INFO  [00:06:01.338]  2026-09-09 23:58:45               heartbreaking_indianabat_b903a93d
INFO  [00:06:01.338]  2026-09-09 23:58:46                          tawdry_donkey_9fe0a49d
INFO  [00:06:01.338]  2026-09-09 23:58:47             semigeometric_americancrow_7a28bafa
INFO  [00:06:01.338]  2026-09-09 23:58:48                  perplexed_iriomotecat_b4eed741
INFO  [00:06:01.338]  2026-09-09 23:58:48                      islandlike_grouse_78dc5308
INFO  [00:06:01.338]  2026-09-09 23:58:49                terdekaphobia_solenodon_5dbb7023
INFO  [00:06:01.338]  2026-09-09 23:58:50                        jeanlike_cooter_f853b870
INFO  [00:06:01.338]  2026-09-09 23:58:51                         striking_stoat_13e2d344
INFO  [00:06:01.338]  2026-09-09 23:58:52                       inodorous_piglet_c0c2f5d8
INFO  [00:06:01.338]  2026-09-09 23:58:53                     fadable_flycatcher_44ca2704
INFO  [00:06:01.338]  2026-09-09 23:58:54                       waterlocked_ling_b33f94f0
INFO  [00:06:01.338]  2026-09-09 23:58:54                     fadable_flycatcher_44ca2704
INFO  [00:06:01.338]  2026-09-09 23:58:55                     stilllife_narwhale_b3c79e4d
INFO  [00:06:01.338]  2026-09-09 23:58:56                       waterlocked_ling_b33f94f0
INFO  [00:06:01.338]  2026-09-09 23:58:57 pseudoartistic_gossamerwingedbutterfly_30b39e3c
INFO  [00:06:01.338]  2026-09-09 23:58:58                 cavitied_frenchbulldog_24b070af
INFO  [00:06:01.338]  2026-09-09 23:58:59                            terse_trout_d2fa0b85
INFO  [00:06:01.338]  2026-09-09 23:58:59                         striking_stoat_13e2d344
INFO  [00:06:01.338]  2026-09-09 23:59:00                       gnomic_ptarmigan_c88d4966
INFO  [00:06:01.338]  2026-09-09 23:59:01                       waterlocked_ling_b33f94f0
INFO  [00:06:01.338]  2026-09-09 23:59:02                   unamazed_gilamonster_085e9510
INFO  [00:06:01.338]  2026-09-09 23:59:03     selfdepreciative_intermediateegret_b18605c9
INFO  [00:06:01.338]  2026-09-09 23:59:04        crackless_crownofthornsstarfish_4c3b7e94
INFO  [00:06:01.338]  2026-09-09 23:59:05             semigeometric_americancrow_7a28bafa
INFO  [00:06:01.338]  2026-09-09 23:59:06                   unacknowledged_larva_9b14abef
INFO  [00:06:01.338]  2026-09-09 23:59:07                       continued_seahog_74e499e6
INFO  [00:06:01.338]  2026-09-09 23:59:08                       worse_stagbeetle_345d6f51
INFO  [00:06:01.338]  2026-09-09 23:59:08                 cavitied_frenchbulldog_24b070af
INFO  [00:06:01.338]  2026-09-09 23:59:09              noninvincible_widowspider_02a8d58d
INFO  [00:06:01.338]  2026-09-09 23:59:10                    splendid_chevrotain_4402bc03
INFO  [00:06:01.338]  2026-09-09 23:59:11              noninvincible_widowspider_02a8d58d
INFO  [00:06:01.338]  2026-09-09 23:59:12                  subpyramidic_killdeer_81a63e73
INFO  [00:06:01.338]  2026-09-09 23:59:13                     digressive_basenji_302d3fdf
INFO  [00:06:01.338]  2026-09-09 23:59:13                   unamazed_gilamonster_085e9510
INFO  [00:06:01.338]  2026-09-09 23:59:15                       astounding_quail_40770f9c
INFO  [00:06:01.338]  2026-09-09 23:59:15                          tawdry_donkey_9fe0a49d
INFO  [00:06:01.338]  2026-09-09 23:59:17                         striking_stoat_13e2d344
INFO  [00:06:01.338]  2026-09-09 23:59:17                       gnomic_ptarmigan_c88d4966
INFO  [00:06:01.338]  2026-09-09 23:59:18                         striking_stoat_13e2d344
INFO  [00:06:01.338]  2026-09-09 23:59:19              noninvincible_widowspider_02a8d58d
INFO  [00:06:01.338]  2026-09-09 23:59:20                     tailored_billygoat_22ce4d6e
INFO  [00:06:01.338]  2026-09-09 23:59:21                 cavitied_frenchbulldog_24b070af
INFO  [00:06:01.338]  2026-09-09 23:59:22             semigeometric_americancrow_7a28bafa
INFO  [00:06:01.338]  2026-09-09 23:59:23                       wormlike_gerenuk_5d313e80
INFO  [00:06:01.338]  2026-09-09 23:59:24        cosmetological_isabellineshrike_7821c908
INFO  [00:06:01.338]  2026-09-09 23:59:25                         striking_stoat_13e2d344
INFO  [00:06:01.338]  2026-09-09 23:59:26                    vaporous_woodstorks_9d997390
INFO  [00:06:01.338]  2026-09-09 23:59:26              noninvincible_widowspider_02a8d58d
INFO  [00:06:01.338]  2026-09-09 23:59:27                 pseudoliterary_penguin_1f178e6a
INFO  [00:06:01.338]  2026-09-09 23:59:29                    vaporous_woodstorks_9d997390
INFO  [00:06:01.338]  2026-09-09 23:59:30             raggletaggle_indigobunting_7e4fec55
INFO  [00:06:01.338]  2026-09-09 23:59:31                        kittenish_pooch_0c51f8a4
INFO  [00:06:01.338]  2026-09-09 23:59:32                        uncheerful_ibis_4520a5c1
INFO  [00:06:01.338]  2026-09-09 23:59:32                     revisitable_grouse_090d53d7
INFO  [00:06:01.338]  2026-09-09 23:59:33                         striking_stoat_13e2d344
INFO  [00:06:01.338]  2026-09-09 23:59:34 pseudoartistic_gossamerwingedbutterfly_30b39e3c
INFO  [00:06:01.338]  2026-09-09 23:59:35                       deductible_coral_cf32235a
INFO  [00:06:01.338]  2026-09-09 23:59:36                     stilllife_narwhale_b3c79e4d
INFO  [00:06:01.338]  2026-09-09 23:59:37                 pseudoliterary_penguin_1f178e6a
INFO  [00:06:01.338]  2026-09-09 23:59:38                       astounding_quail_40770f9c
INFO  [00:06:01.338]  2026-09-09 23:59:39                     stilllife_narwhale_b3c79e4d
INFO  [00:06:01.338]  2026-09-09 23:59:39                   unamazed_gilamonster_085e9510
INFO  [00:06:01.338]  2026-09-09 23:59:40             raggletaggle_indigobunting_7e4fec55
INFO  [00:06:01.338]  2026-09-09 23:59:42                 cavitied_frenchbulldog_24b070af
INFO  [00:06:01.338]  2026-09-09 23:59:42        cosmetological_isabellineshrike_7821c908
INFO  [00:06:01.338]  2026-09-09 23:59:43                      braving_bumblebee_8f450640
INFO  [00:06:01.338]  2026-09-09 23:59:44             raggletaggle_indigobunting_7e4fec55
INFO  [00:06:01.338]  2026-09-09 23:59:45                      braving_bumblebee_8f450640
INFO  [00:06:01.338]  2026-09-09 23:59:46                  breathtaking_ibisbill_a7051f11
INFO  [00:06:01.338]  2026-09-09 23:59:47                       domestic_polecat_1e6c467f
INFO  [00:06:01.338]  2026-09-09 23:59:48                     stilllife_narwhale_b3c79e4d
INFO  [00:06:01.338]  2026-09-09 23:59:49                         striking_stoat_13e2d344
INFO  [00:06:01.338]  2026-09-09 23:59:51               purply_allensbigearedbat_a355b097
INFO  [00:06:01.338]  2026-09-09 23:59:51                     digressive_basenji_302d3fdf
INFO  [00:06:01.338]  2026-09-09 23:59:52               purply_allensbigearedbat_a355b097
INFO  [00:06:01.338]  2026-09-09 23:59:53                           cosey_tarpan_2fa2235e
INFO  [00:06:01.338]  2026-09-09 23:59:54                      islandlike_grouse_78dc5308
INFO  [00:06:01.338]  2026-09-09 23:59:55                   gleesome_dromaeosaur_329a1a56
INFO  [00:06:01.338]  2026-09-09 23:59:56             antiscience_alaskankleekai_99daeaa3
INFO  [00:06:01.338]  2026-09-09 23:59:57                      islandlike_grouse_78dc5308
INFO  [00:06:01.338]  2026-09-09 23:59:58             antiscience_alaskankleekai_99daeaa3
INFO  [00:06:01.338]  2026-09-09 23:59:59                musophobic_gordonsetter_94ddf416
INFO  [00:06:01.338]  2026-09-10 00:00:00                 cavitied_frenchbulldog_24b070af
INFO  [00:06:01.338]  2026-09-10 00:00:01                musophobic_gordonsetter_94ddf416
INFO  [00:06:01.338]  2026-09-10 00:00:02                   handwritten_dormouse_62b64c2b
INFO  [00:06:01.338]  2026-09-10 00:00:04                     locustal_xanclomys_2299f3cc
INFO  [00:06:01.338]  2026-09-10 00:00:12                          mushy_gelding_ef98ed61
INFO  [00:06:01.338]  2026-09-10 00:00:13                         striking_stoat_13e2d344
INFO  [00:06:01.338]  2026-09-10 00:00:15                       domestic_polecat_1e6c467f
INFO  [00:06:01.338]  2026-09-10 00:00:16                      braving_bumblebee_8f450640
INFO  [00:06:01.338]  2026-09-10 00:00:17                     locustal_xanclomys_2299f3cc
INFO  [00:06:01.338]  2026-09-10 00:00:17                     stilllife_narwhale_b3c79e4d
INFO  [00:06:01.338]  2026-09-10 00:00:19                        closeby_abalone_fe3cab70
INFO  [00:06:01.338]  2026-09-10 00:00:20                     selfdisgracing_ant_41d04f5f
INFO  [00:06:01.338]  2026-09-10 00:00:20                     sterilised_primate_1ff378a9
INFO  [00:06:01.338]  2026-09-10 00:00:21                         striking_stoat_13e2d344
INFO  [00:06:01.338]  2026-09-10 00:00:22                     sterilised_primate_1ff378a9
INFO  [00:06:01.338]  2026-09-10 00:00:23                       domestic_polecat_1e6c467f
INFO  [00:06:01.338]  2026-09-10 00:00:24                        degraded_muskox_f407c7ac
INFO  [00:06:01.338]  2026-09-10 00:00:26             antiscience_alaskankleekai_99daeaa3
INFO  [00:06:01.338]  2026-09-10 00:00:27                       pastoral_giraffe_85c97327
INFO  [00:06:01.338]  2026-09-10 00:00:28         inadequate_ninebandedarmadillo_7a9bb1d6
INFO  [00:06:01.338]  2026-09-10 00:00:28                 pseudoliterary_penguin_1f178e6a
INFO  [00:06:01.338]  2026-09-10 00:00:29                       inodorous_piglet_c0c2f5d8
INFO  [00:06:01.338]  2026-09-10 00:00:32                          grubby_barbet_2fce3dc0
INFO  [00:06:01.338]  2026-09-10 00:00:32                      sewable_baldeagle_f1e99c7b
INFO  [00:06:01.338]  2026-09-10 00:00:33         undevilish_bluebottlejellyfish_b12f2ac8
INFO  [00:06:01.338]  2026-09-10 00:00:34                          mushy_gelding_ef98ed61
INFO  [00:06:01.338]  2026-09-10 00:00:35                      atrophied_icefish_231d654f
INFO  [00:06:01.338]  2026-09-10 00:00:36                musophobic_gordonsetter_94ddf416
INFO  [00:06:01.338]  2026-09-10 00:00:37                        jadeite_hagfish_456883d6
INFO  [00:06:01.338]  2026-09-10 00:00:38                   ergophilic_andeancat_74fbbdd1
INFO  [00:06:01.338]  2026-09-10 00:00:39                 pseudoliterary_penguin_1f178e6a
INFO  [00:06:01.338]  2026-09-10 00:00:40        cosmetological_isabellineshrike_7821c908
INFO  [00:06:01.338]  2026-09-10 00:00:41                   rosy_americanlobster_03d74f37
INFO  [00:06:01.338]  2026-09-10 00:00:46               botchy_irishdraughthorse_20b1b667
INFO  [00:06:01.338]  2026-09-10 00:00:47                 pseudoliterary_penguin_1f178e6a
INFO  [00:06:01.338]  2026-09-10 00:00:48               botchy_irishdraughthorse_20b1b667
INFO  [00:06:01.338]  2026-09-10 00:00:49                   cardiologic_oxpecker_bed955a2
INFO  [00:06:01.338]  2026-09-10 00:00:50                        jadeite_hagfish_456883d6
INFO  [00:06:01.338]  2026-09-10 00:00:51                     unrounded_morayeel_df6058a3
INFO  [00:06:01.338]  2026-09-10 00:00:52                       turtleshell_slug_5a50bd3d
INFO  [00:06:01.338]  2026-09-10 00:00:53                blasphemous_germanspitz_95627f8b
INFO  [00:06:01.338]  2026-09-10 00:00:54                     unrounded_morayeel_df6058a3
INFO  [00:06:01.338]  2026-09-10 00:00:55                      effaceable_bronco_1c0a0370
INFO  [00:06:01.338]  2026-09-10 00:00:56         undevilish_bluebottlejellyfish_b12f2ac8
INFO  [00:06:01.338]  2026-09-10 00:00:57                          mushy_gelding_ef98ed61
INFO  [00:06:01.338]  2026-09-10 00:00:58           postpericardial_africancivet_a415b213
INFO  [00:06:01.338]  2026-09-10 00:00:59                         covetous_rhino_cf0bd2db
INFO  [00:06:01.338]  2026-09-10 00:01:00                            dutiful_elk_bfeb0209
INFO  [00:06:01.338]  2026-09-10 00:01:01                          mushy_gelding_ef98ed61
INFO  [00:06:01.338]  2026-09-10 00:01:02              communist_virginiaopossum_a6fac2fb
INFO  [00:06:01.338]  2026-09-10 00:01:03                         striking_stoat_13e2d344
INFO  [00:06:01.338]  2026-09-10 00:01:04                 sublinear_harvestmouse_bb649fee
INFO  [00:06:01.338]  2026-09-10 00:01:05                        degraded_muskox_f407c7ac
INFO  [00:06:01.338]  2026-09-10 00:01:06                 sublinear_harvestmouse_bb649fee
INFO  [00:06:01.338]  2026-09-10 00:01:07                     unrounded_morayeel_df6058a3
INFO  [00:06:01.338]  2026-09-10 00:01:08                musophobic_gordonsetter_94ddf416
INFO  [00:06:01.338]  2026-09-10 00:01:09                   unoceanic_stagbeetle_acd9b809
INFO  [00:06:01.338]  2026-09-10 00:01:10                 sublinear_harvestmouse_bb649fee
INFO  [00:06:01.338]  2026-09-10 00:01:11                     unrounded_morayeel_df6058a3
INFO  [00:06:01.338]  2026-09-10 00:01:12            achronite_allensbigearedbat_26463ae7
INFO  [00:06:01.338]  2026-09-10 00:01:13                       turtleshell_slug_5a50bd3d
INFO  [00:06:01.338]  2026-09-10 00:01:14                blasphemous_germanspitz_95627f8b
INFO  [00:06:01.338]  2026-09-10 00:01:15                      contrived_copepod_926a9d9b
INFO  [00:06:01.338]  2026-09-10 00:01:16                           ghastly_erne_b5f42cb3
INFO  [00:06:01.338]  2026-09-10 00:01:17                      ominous_arcticfox_f7374b42
INFO  [00:06:01.338]  2026-09-10 00:01:18                     unrounded_morayeel_df6058a3
INFO  [00:06:01.338]  2026-09-10 00:01:19                     wisdomless_wallaby_d67ce031
INFO  [00:06:01.338]  2026-09-10 00:01:20                  splurgy_americanrobin_fb478fc7
INFO  [00:06:01.338]  2026-09-10 00:01:21                    constuctional_anura_f04ecf35
INFO  [00:06:01.338]  2026-09-10 00:01:22                       absolute_pintail_8e27887e
INFO  [00:06:01.338]  2026-09-10 00:01:23                   unamazed_gilamonster_085e9510
INFO  [00:06:01.338]  2026-09-10 00:01:24                     wisdomless_wallaby_d67ce031
INFO  [00:06:01.338]  2026-09-10 00:01:25                          mushy_gelding_ef98ed61
INFO  [00:06:01.338]  2026-09-10 00:01:26               commentarial_barebirdbat_e7c60a33
INFO  [00:06:01.338]  2026-09-10 00:01:27            achronite_allensbigearedbat_26463ae7
INFO  [00:06:01.338]  2026-09-10 00:01:28                   homebrewed_andeancat_13ee1b91
INFO  [00:06:01.338]  2026-09-10 00:01:29                             ill_puffer_35cba558
INFO  [00:06:01.338]  2026-09-10 00:01:30               wellcultured_irishsetter_d0be4db2
INFO  [00:06:01.338]  2026-09-10 00:01:31                         protective_ray_38777a51
INFO  [00:06:01.338]  2026-09-10 00:01:32                       unhydrated_veery_019882c7
INFO  [00:06:01.338]  2026-09-10 00:01:33                         protective_ray_38777a51
INFO  [00:06:01.338]  2026-09-10 00:01:34               commentarial_barebirdbat_e7c60a33
INFO  [00:06:01.338]  2026-09-10 00:01:35                          epicentral_ox_93723b58
INFO  [00:06:01.338]  2026-09-10 00:01:36               heartbreaking_indianabat_b903a93d
INFO  [00:06:01.338]  2026-09-10 00:01:37                     unrounded_morayeel_df6058a3
INFO  [00:06:01.338]  2026-09-10 00:01:38                           cosey_tarpan_2fa2235e
INFO  [00:06:01.338]  2026-09-10 00:01:39                        jadeite_hagfish_456883d6
INFO  [00:06:01.338]  2026-09-10 00:01:40                       domestic_polecat_1e6c467f
INFO  [00:06:01.338]  2026-09-10 00:01:41               heartbreaking_indianabat_b903a93d
INFO  [00:06:01.338]  2026-09-10 00:01:43                 allpowerful_meadowlark_d2abaf23
INFO  [00:06:01.338]  2026-09-10 00:01:44                          epicentral_ox_93723b58
INFO  [00:06:01.338]  2026-09-10 00:01:45                    dotted_yellowthroat_1f81044e
INFO  [00:06:01.338]  2026-09-10 00:01:46           supersafe_littlenightmonkeys_af048ec4
INFO  [00:06:01.338]  2026-09-10 00:01:47               commentarial_barebirdbat_e7c60a33
INFO  [00:06:01.338]  2026-09-10 00:01:48                         contained_tern_15246829
INFO  [00:06:01.338]  2026-09-10 00:01:49                   unacknowledged_larva_9b14abef
INFO  [00:06:01.338]  2026-09-10 00:01:50                       turtleshell_slug_5a50bd3d
INFO  [00:06:01.338]  2026-09-10 00:01:51                     wisdomless_wallaby_d67ce031
INFO  [00:06:01.338]  2026-09-10 00:01:53                           ardent_dingo_0e7be0d8
INFO  [00:06:01.338]  2026-09-10 00:01:53                   rosy_americanlobster_03d74f37
INFO  [00:06:01.338]  2026-09-10 00:01:55                      defenceless_prawn_69c749cd
INFO  [00:06:01.338]  2026-09-10 00:01:56                          sound_guanaco_ecbccd1d
INFO  [00:06:01.338]  2026-09-10 00:01:57                   contaminable_seagull_492a18db
INFO  [00:06:01.338]  2026-09-10 00:01:58                        jeanlike_cooter_f853b870
INFO  [00:06:01.338]  2026-09-10 00:01:59                    earthenware_sparrow_e5f6e548
INFO  [00:06:01.338]  2026-09-10 00:02:00             terrorstricken_easternnewt_cdc1cd54
INFO  [00:06:01.338]  2026-09-10 00:02:02                rhinophilic_arieltoucan_3d568fc5
INFO  [00:06:01.338]  2026-09-10 00:02:02                  snappish_vulpesvulpes_212408d2
INFO  [00:06:01.338]  2026-09-10 00:02:04           nonscholastical_komododragon_51e9cf7b
INFO  [00:06:01.338]  2026-09-10 00:02:05               indecisive_prayingmantis_3461bf35
INFO  [00:06:01.338]  2026-09-10 00:02:06              shorttempered_killerwhale_1757dfae
INFO  [00:06:01.338]  2026-09-10 00:02:07                      atrophied_icefish_231d654f
INFO  [00:06:01.338]  2026-09-10 00:02:08                         leekgreen_cats_2a1dc7a4
INFO  [00:06:01.338]  2026-09-10 00:02:09                     painted_nurseshark_03fcbcee
INFO  [00:06:01.338]  2026-09-10 00:02:10                      effaceable_bronco_1c0a0370
INFO  [00:06:01.338]  2026-09-10 00:02:11                          epicentral_ox_93723b58
INFO  [00:06:01.338]  2026-09-10 00:02:12       uncrystalline_neonbluehermitcrab_45fb5573
INFO  [00:06:01.338]  2026-09-10 00:02:14                       cibophobic_burro_d2ed3f13
INFO  [00:06:01.338]  2026-09-10 00:02:15                 communistical_elkhound_9e7f5230
INFO  [00:06:01.338]  2026-09-10 00:02:16                         striking_stoat_13e2d344
INFO  [00:06:01.338]  2026-09-10 00:02:17                    tantalous_frogmouth_bc3219fb
INFO  [00:06:01.338]  2026-09-10 00:02:18                     locustal_xanclomys_2299f3cc
INFO  [00:06:01.338]  2026-09-10 00:02:19              shorttempered_killerwhale_1757dfae
INFO  [00:06:01.338]  2026-09-10 00:02:20                     craniological_buck_a23b634e
INFO  [00:06:01.338]  2026-09-10 00:02:21                        frantic_pitbull_5c533d01
INFO  [00:06:01.338]  2026-09-10 00:02:22                    melittologic_galago_5593420e
INFO  [00:06:01.338]  2026-09-10 00:02:24                  removable_rattlesnake_3d2283f4
INFO  [00:06:01.338]  2026-09-10 00:02:25                        closeby_abalone_fe3cab70
INFO  [00:06:01.338]  2026-09-10 00:02:26               ebullient_emperorpenguin_08b1edde
INFO  [00:06:01.338]  2026-09-10 00:02:27                scatterbrained_stingray_f75fedea
INFO  [00:06:01.338]  2026-09-10 00:02:28                     wellborn_deermouse_af718287
INFO  [00:06:01.338]  2026-09-10 00:02:29                      duskish_caecilian_2b7c6150
INFO  [00:06:01.338]  2026-09-10 00:02:30                    symbiotic_zebrafish_6506bf3c
INFO  [00:06:01.338]  2026-09-10 00:02:31                 cavitied_frenchbulldog_24b070af
INFO  [00:06:01.338]  2026-09-10 00:02:32                     wellborn_deermouse_af718287
INFO  [00:06:01.338]  2026-09-10 00:02:35                        delighted_squid_865dd8af
INFO  [00:06:01.338]  2026-09-10 00:02:35                      islandlike_grouse_78dc5308
INFO  [00:06:01.338]  2026-09-10 00:02:36                 weird_indianspinyloach_447ed76e
INFO  [00:06:01.338]  2026-09-10 00:02:37                     wisdomless_wallaby_d67ce031
INFO  [00:06:01.338]  2026-09-10 00:02:38                             rainy_tuna_ad47c0a6
INFO  [00:06:01.338]  2026-09-10 00:02:39                            dutiful_elk_bfeb0209
INFO  [00:06:01.338]  2026-09-10 00:02:41                amphibolite_afghanhound_08138e63
INFO  [00:06:01.338]  2026-09-10 00:02:41            achronite_allensbigearedbat_26463ae7
INFO  [00:06:01.338]  2026-09-10 00:02:43                          redundant_pug_15df7202
INFO  [00:06:01.338]  2026-09-10 00:02:44                          epicentral_ox_93723b58
INFO  [00:06:01.338]  2026-09-10 00:02:45                  removable_rattlesnake_3d2283f4
INFO  [00:06:01.338]  2026-09-10 00:02:46                           maize_gavial_137a8515
INFO  [00:06:01.338]  2026-09-10 00:02:48                  perplexed_iriomotecat_b4eed741
INFO  [00:06:01.338]  2026-09-10 00:02:49               unwieldy_greatwhiteshark_8ee1630b
INFO  [00:06:01.338]  2026-09-10 00:02:50                       waterlocked_ling_b33f94f0
INFO  [00:06:01.338]  2026-09-10 00:02:51            labyrinthine_xoloitzcuintli_d22f056a
INFO  [00:06:01.338]  2026-09-10 00:02:52          unacademical_indianrockpython_4908507f
INFO  [00:06:01.338]  2026-09-10 00:02:54                     collaborative_fish_61318713
INFO  [00:06:01.338]  2026-09-10 00:02:55                     starved_nudibranch_4c37d6d3
INFO  [00:06:01.338]  2026-09-10 00:02:56                amphibolite_afghanhound_08138e63
INFO  [00:06:01.338]  2026-09-10 00:02:57           nonscholastical_komododragon_51e9cf7b
INFO  [00:06:01.338]  2026-09-10 00:02:58                   belonephobic_sparrow_11e1d612
INFO  [00:06:01.338]  2026-09-10 00:02:59                        uncheerful_ibis_4520a5c1
INFO  [00:06:01.338]  2026-09-10 00:03:00                       inodorous_piglet_c0c2f5d8
INFO  [00:06:01.338]  2026-09-10 00:03:02                 pseudoliterary_penguin_1f178e6a
INFO  [00:06:01.338]  2026-09-10 00:03:03                   degradable_mussaurus_e634a99a
INFO  [00:06:01.338]  2026-09-10 00:03:04                    nonprophetic_insect_52037dcc
INFO  [00:06:01.338]  2026-09-10 00:03:05               cipolin_bluetonguelizard_3dcbe37c
INFO  [00:06:01.338]  2026-09-10 00:03:06                   degradable_mussaurus_e634a99a
INFO  [00:06:01.338]  2026-09-10 00:03:07              extracellular_davidstiger_b373657b
INFO  [00:06:01.338]  2026-09-10 00:03:09           pseudoprophetic_chimneyswift_6abc831f
INFO  [00:06:01.338]  2026-09-10 00:03:10                  snappish_vulpesvulpes_212408d2
INFO  [00:06:01.338]  2026-09-10 00:03:11                           cosey_tarpan_2fa2235e
INFO  [00:06:01.338]  2026-09-10 00:03:12                scatterbrained_stingray_f75fedea
INFO  [00:06:01.338]  2026-09-10 00:03:13            achronite_allensbigearedbat_26463ae7
INFO  [00:06:01.338]  2026-09-10 00:03:14                    symbiotic_zebrafish_6506bf3c
INFO  [00:06:01.338]  2026-09-10 00:03:16                     starved_nudibranch_4c37d6d3
INFO  [00:06:01.338]  2026-09-10 00:03:17                 weird_indianspinyloach_447ed76e
INFO  [00:06:01.338]  2026-09-10 00:03:18                     collaborative_fish_61318713
INFO  [00:06:01.338]  2026-09-10 00:03:19                  snappish_vulpesvulpes_212408d2
INFO  [00:06:01.338]  2026-09-10 00:03:20                   degradable_mussaurus_e634a99a
INFO  [00:06:01.338]  2026-09-10 00:03:22                   ergophilic_andeancat_74fbbdd1
INFO  [00:06:01.338]  2026-09-10 00:03:23                       adoring_anaconda_59c0ed4a
INFO  [00:06:01.338]  2026-09-10 00:03:24                    enhancive_barracuda_c5e166c7
INFO  [00:06:01.338]  2026-09-10 00:03:25                   considerate_stingray_7bfdb74b
INFO  [00:06:01.338]  2026-09-10 00:03:26                      squirrellike_carp_5d63dc67
INFO  [00:06:01.338]  2026-09-10 00:03:27                 weird_indianspinyloach_447ed76e
INFO  [00:06:01.338]  2026-09-10 00:03:28                 cavitied_frenchbulldog_24b070af
INFO  [00:06:01.338]  2026-09-10 00:03:30                  subglacial_arthropods_eb3237a5
INFO  [00:06:01.338]  2026-09-10 00:03:31                     stilllife_narwhale_b3c79e4d
INFO  [00:06:01.338]  2026-09-10 00:03:32                   degradable_mussaurus_e634a99a
INFO  [00:06:01.338]  2026-09-10 00:03:33                  snappish_vulpesvulpes_212408d2
INFO  [00:06:01.338]  2026-09-10 00:03:34                           cosey_tarpan_2fa2235e
INFO  [00:06:01.338]  2026-09-10 00:03:36                             rainy_tuna_ad47c0a6
INFO  [00:06:01.338]  2026-09-10 00:03:37                    antimonarchy_iguana_68ade7da
INFO  [00:06:01.338]  2026-09-10 00:03:38                    collinear_quillback_29aeefa6
INFO  [00:06:01.338]  2026-09-10 00:03:39                          flammable_ray_8d6362d5
INFO  [00:06:01.338]  2026-09-10 00:03:40                   degradable_mussaurus_e634a99a
INFO  [00:06:01.338]  2026-09-10 00:03:42               commentarial_barebirdbat_e7c60a33
INFO  [00:06:01.338]  2026-09-10 00:03:43                amphibolite_afghanhound_08138e63
INFO  [00:06:01.338]  2026-09-10 00:03:44                       misandrous_lcont_3b640119
INFO  [00:06:01.338]  2026-09-10 00:03:45                          flammable_ray_8d6362d5
INFO  [00:06:01.338]  2026-09-10 00:03:47                         vulgar_warbler_98effc1d
INFO  [00:06:01.338]  2026-09-10 00:03:48                         feministic_ass_6fc8c300
INFO  [00:06:01.338]  2026-09-10 00:03:49                  kunzite_watermoccasin_22188385
INFO  [00:06:01.338]  2026-09-10 00:03:50           pseudoprophetic_chimneyswift_6abc831f
INFO  [00:06:01.338]  2026-09-10 00:03:52                         ropable_jaguar_d90b5fe7
INFO  [00:06:01.338]  2026-09-10 00:03:52                   unacknowledged_larva_9b14abef
INFO  [00:06:01.338]  2026-09-10 00:03:54                    nonprophetic_insect_52037dcc
INFO  [00:06:01.338]  2026-09-10 00:03:55       uncrystalline_neonbluehermitcrab_45fb5573
INFO  [00:06:01.338]  2026-09-10 00:03:56                      gourdlike_furseal_9223f3a5
INFO  [00:06:01.338]  2026-09-10 00:03:58                      foreknowable_eyas_5abdcaa4
INFO  [00:06:01.338]  2026-09-10 00:03:59                     tailored_billygoat_22ce4d6e
INFO  [00:06:01.338]  2026-09-10 00:04:01                    scholiastic_noctule_243f6bea
INFO  [00:06:01.338]  2026-09-10 00:04:01                          flammable_ray_8d6362d5
INFO  [00:06:01.338]  2026-09-10 00:04:03                       misandrous_lcont_3b640119
INFO  [00:06:01.338]  2026-09-10 00:04:04                         united_bagworm_12904f63
INFO  [00:06:01.338]  2026-09-10 00:04:05                rhinophilic_arieltoucan_3d568fc5
INFO  [00:06:01.338]  2026-09-10 00:04:06           pseudoprophetic_chimneyswift_6abc831f
INFO  [00:06:01.338]  2026-09-10 00:04:08                       adoring_anaconda_59c0ed4a
INFO  [00:06:01.338]  2026-09-10 00:04:09                         united_bagworm_12904f63
INFO  [00:06:01.338]  2026-09-10 00:04:11           nonscholastical_komododragon_51e9cf7b
INFO  [00:06:01.338]  2026-09-10 00:04:12                       adoring_anaconda_59c0ed4a
INFO  [00:06:01.338]  2026-09-10 00:04:13                         gnomish_discus_f1df45cd
INFO  [00:06:01.338]  2026-09-10 00:04:14             antiscience_alaskankleekai_99daeaa3
INFO  [00:06:01.338]  2026-09-10 00:04:16                amphibolite_afghanhound_08138e63
INFO  [00:06:01.338]  2026-09-10 00:04:17           nonscholastical_komododragon_51e9cf7b
INFO  [00:06:01.338]  2026-09-10 00:04:18           pseudoprophetic_chimneyswift_6abc831f
INFO  [00:06:01.338]  2026-09-10 00:04:19                     fadable_flycatcher_44ca2704
INFO  [00:06:01.338]  2026-09-10 00:04:21                       illogical_avocet_74aa94f6
INFO  [00:06:01.338]  2026-09-10 00:04:22                  scarred_frenchbulldog_0c245c4f
INFO  [00:06:01.338]  2026-09-10 00:04:23        cosmetological_isabellineshrike_7821c908
INFO  [00:06:01.338]  2026-09-10 00:04:24           pseudoprophetic_chimneyswift_6abc831f
INFO  [00:06:01.338]  2026-09-10 00:04:26               uncontinuous_gnatcatcher_97c94d35
INFO  [00:06:01.338]  2026-09-10 00:04:27               cipolin_bluetonguelizard_3dcbe37c
INFO  [00:06:01.338]  2026-09-10 00:04:29              highexplosive_iriomotecat_f3c6483b
INFO  [00:06:01.338]  2026-09-10 00:04:30              shorttempered_killerwhale_1757dfae
INFO  [00:06:01.338]  2026-09-10 00:04:31                       effectual_argali_5f5075af
INFO  [00:06:01.338]  2026-09-10 00:04:32                 weird_indianspinyloach_447ed76e
INFO  [00:06:01.338]  2026-09-10 00:04:34                           culinary_pig_a5be8c77
INFO  [00:06:01.338]  2026-09-10 00:04:35                        kittenish_pooch_0c51f8a4
INFO  [00:06:01.338]  2026-09-10 00:04:36              highexplosive_iriomotecat_f3c6483b
INFO  [00:06:01.338]  2026-09-10 00:04:37                      islandlike_grouse_78dc5308
INFO  [00:06:01.338]  2026-09-10 00:04:39                       illogical_avocet_74aa94f6
INFO  [00:06:01.338]  2026-09-10 00:04:40                     revisitable_grouse_090d53d7
INFO  [00:06:01.338]  2026-09-10 00:04:41                  kunzite_watermoccasin_22188385
INFO  [00:06:01.338]  2026-09-10 00:04:43                      ecumenical_isopod_5e113c56
INFO  [00:06:01.338]  2026-09-10 00:04:44                      purgatorial_bison_5fad96df
INFO  [00:06:01.338]  2026-09-10 00:04:45                       illogical_avocet_74aa94f6
INFO  [00:06:01.338]  2026-09-10 00:04:46                     revisitable_grouse_090d53d7
INFO  [00:06:01.338]  2026-09-10 00:04:48                  serge_dogwoodclubgall_3b5c6e46
INFO  [00:06:01.338]  2026-09-10 00:04:49                     revisitable_grouse_090d53d7
INFO  [00:06:01.338]  2026-09-10 00:04:51                           looney_aphid_a0dc3ba2
INFO  [00:06:01.338]  2026-09-10 00:04:51                             rainy_tuna_ad47c0a6
INFO  [00:06:01.338]  2026-09-10 00:04:53                       moist_guineafowl_fcefe03c
INFO  [00:06:01.338]  2026-09-10 00:04:54              antiphilosophic_dromedary_d9a55876
INFO  [00:06:01.338]  2026-09-10 00:04:55                          flammable_ray_8d6362d5
INFO  [00:06:01.338]  2026-09-10 00:04:57                    constuctional_anura_f04ecf35
INFO  [00:06:01.338]  2026-09-10 00:04:58                    gravelly_fallowdeer_b64f9bc9
INFO  [00:06:01.338]  2026-09-10 00:04:59           pseudoprophetic_chimneyswift_6abc831f
INFO  [00:06:01.338]  2026-09-10 00:05:00                  serge_dogwoodclubgall_3b5c6e46
INFO  [00:06:01.338]  2026-09-10 00:05:02                     revisitable_grouse_090d53d7
INFO  [00:06:01.338]  2026-09-10 00:05:03                   belonephobic_sparrow_11e1d612
INFO  [00:06:01.338]  2026-09-10 00:05:05           pseudoprophetic_chimneyswift_6abc831f
INFO  [00:06:01.338]  2026-09-10 00:05:06              highexplosive_iriomotecat_f3c6483b
INFO  [00:06:01.338]  2026-09-10 00:05:07                     tailored_billygoat_22ce4d6e
INFO  [00:06:01.338]  2026-09-10 00:05:09                  kunzite_watermoccasin_22188385
INFO  [00:06:01.338]  2026-09-10 00:05:10                amphibolite_afghanhound_08138e63
INFO  [00:06:01.338]  2026-09-10 00:05:12                     odoriferous_olingo_861f95ae
INFO  [00:06:01.338]  2026-09-10 00:05:13                      islandlike_grouse_78dc5308
INFO  [00:06:01.338]  2026-09-10 00:05:14                      ominous_arcticfox_f7374b42
INFO  [00:06:01.338]  2026-09-10 00:05:16                       pastoral_giraffe_85c97327
INFO  [00:06:01.338]  2026-09-10 00:05:17                venturesome_duckbillcat_1e33f421
INFO  [00:06:01.338]  2026-09-10 00:05:18              highexplosive_iriomotecat_f3c6483b
INFO  [00:06:01.338]  2026-09-10 00:05:19                   cthonophagous_muskox_a9dff968
INFO  [00:06:01.338]  2026-09-10 00:05:21                          waspish_nyala_dde7da0e
INFO  [00:06:01.338]  2026-09-10 00:05:22                     odoriferous_olingo_861f95ae
INFO  [00:06:01.338]  2026-09-10 00:05:23                      squirrellike_carp_5d63dc67
INFO  [00:06:01.338]  2026-09-10 00:05:25                  isopolitical_arkshell_f60a38f6
INFO  [00:06:01.338]  2026-09-10 00:05:26                      effaceable_bronco_1c0a0370
INFO  [00:06:01.338]  2026-09-10 00:05:28                 weird_indianspinyloach_447ed76e
INFO  [00:06:01.338]  2026-09-10 00:05:29      quasidespondent_galapagostortoise_7d7c098f
INFO  [00:06:01.338]  2026-09-10 00:05:29              highexplosive_iriomotecat_f3c6483b
INFO  [00:06:01.338]  2026-09-10 00:05:32                  serge_dogwoodclubgall_3b5c6e46
INFO  [00:06:01.338]  2026-09-10 00:05:33                     locustal_xanclomys_2299f3cc
INFO  [00:06:01.338]  2026-09-10 00:05:34                          waspish_nyala_dde7da0e
INFO  [00:06:01.338]  2026-09-10 00:05:35                  splurgy_americanrobin_fb478fc7
INFO  [00:06:01.338]  2026-09-10 00:05:37           pseudoprophetic_chimneyswift_6abc831f
INFO  [00:06:01.338]  2026-09-10 00:05:38                     revisitable_grouse_090d53d7
INFO  [00:06:01.338]  2026-09-10 00:05:39                            dutiful_elk_bfeb0209
INFO  [00:06:01.338]  2026-09-10 00:05:41                        equidistant_cub_688daafc
INFO  [00:06:01.338]  2026-09-10 00:05:43                      squirrellike_carp_5d63dc67
INFO  [00:06:01.338]  2026-09-10 00:05:44                    royal_amazondolphin_aa768e4a
INFO  [00:06:01.338]  2026-09-10 00:05:45                       pastoral_giraffe_85c97327
INFO  [00:06:01.338]  2026-09-10 00:05:47                  isopolitical_arkshell_f60a38f6
INFO  [00:06:01.338]  2026-09-10 00:05:48                 insomniac_yosemitetoad_696ee495
INFO  [00:06:01.338]  2026-09-10 00:05:50                       pastoral_giraffe_85c97327
INFO  [00:06:01.338]  2026-09-10 00:05:51                  enjoyable_davidstiger_53e181c1
INFO  [00:06:01.338]  2026-09-10 00:05:52              communist_virginiaopossum_a6fac2fb
INFO  [00:06:01.338]  2026-09-10 00:05:54                            costly_mite_a97d7870
INFO  [00:06:01.338]  2026-09-10 00:05:55                   unacknowledged_larva_9b14abef
INFO  [00:06:01.338]  2026-09-10 00:05:56                      ominous_arcticfox_f7374b42
INFO  [00:06:01.338]  2026-09-10 00:05:58                  serge_dogwoodclubgall_3b5c6e46
INFO  [00:06:01.338]  2026-09-10 00:05:59                      ominous_arcticfox_f7374b42
INFO  [00:06:01.338]         timestamp_ys                                       worker_id
INFO  [00:06:01.338]  runtime_learners warnings errors internal_tuned_values     acq_cb
INFO  [00:06:01.338]             0.593        0      0     num_iterations=46 -10.344173
INFO  [00:06:01.338]             0.809        0      0     num_iterations=75 -11.764220
INFO  [00:06:01.338]             0.760        0      0     num_iterations=64 -13.197118
INFO  [00:06:01.338]             0.376        0      0     num_iterations=35  -9.586329
INFO  [00:06:01.338]             0.796        0      0    num_iterations=106  -9.603639
INFO  [00:06:01.338]             0.547        0      0    num_iterations=104 -22.396546
INFO  [00:06:01.338]             0.460        0      0     num_iterations=28 -23.942261
INFO  [00:06:01.338]             0.479        0      0     num_iterations=43 -20.831699
INFO  [00:06:01.338]             0.487        0      0     num_iterations=40 -20.065708
INFO  [00:06:01.338]             0.475        0      0     num_iterations=77 -23.489081
INFO  [00:06:01.338]             0.473        0      0     num_iterations=43 -21.138428
INFO  [00:06:01.338]             0.491        0      0     num_iterations=48 -21.772340
INFO  [00:06:01.338]             0.495        0      0     num_iterations=45 -23.708373
INFO  [00:06:01.338]             0.551        0      0     num_iterations=31 -19.116675
INFO  [00:06:01.338]             0.448        0      0     num_iterations=65 -19.963300
INFO  [00:06:01.338]             0.481        0      0     num_iterations=42 -19.971465
INFO  [00:06:01.338]             0.545        0      0    num_iterations=137 -19.340815
INFO  [00:06:01.338]             0.497        0      0     num_iterations=50 -17.492680
INFO  [00:06:01.338]             0.408        0      0     num_iterations=40 -18.091159
INFO  [00:06:01.338]             0.515        0      0     num_iterations=54 -18.351498
INFO  [00:06:01.338]             0.530        0      0     num_iterations=28 -25.498384
INFO  [00:06:01.338]             0.477        0      0     num_iterations=29 -23.077506
INFO  [00:06:01.338]             0.382        0      0     num_iterations=10 -25.207338
INFO  [00:06:01.338]             0.501        0      0     num_iterations=55 -24.100258
INFO  [00:06:01.338]             0.442        0      0     num_iterations=35 -24.948040
INFO  [00:06:01.338]             0.493        0      0     num_iterations=43 -22.490233
INFO  [00:06:01.338]             0.382        0      0     num_iterations=38 -19.463496
INFO  [00:06:01.338]             0.533        0      0    num_iterations=119 -21.263902
INFO  [00:06:01.338]             0.537        0      0     num_iterations=21 -23.120680
INFO  [00:06:01.338]             0.471        0      0     num_iterations=33 -22.517099
INFO  [00:06:01.338]             0.464        0      0     num_iterations=75 -18.101380
INFO  [00:06:01.338]             0.464        0      0     num_iterations=50 -17.512847
INFO  [00:06:01.338]             0.423        0      0     num_iterations=47 -18.402074
INFO  [00:06:01.338]             0.497        0      0     num_iterations=75 -17.790740
INFO  [00:06:01.338]             0.367        0      0      num_iterations=1 -13.767482
INFO  [00:06:01.338]             0.456        0      0     num_iterations=36 -14.615656
INFO  [00:06:01.338]             0.537        0      0     num_iterations=35 -18.145607
INFO  [00:06:01.338]             0.626        0      0    num_iterations=118 -17.715446
INFO  [00:06:01.338]             0.477        0      0     num_iterations=34 -20.182003
INFO  [00:06:01.338]             0.468        0      0     num_iterations=26 -16.761453
INFO  [00:06:01.338]             0.465        0      0     num_iterations=37 -17.552954
INFO  [00:06:01.338]             0.625        0      0    num_iterations=135 -16.336954
INFO  [00:06:01.338]             0.374        0      0     num_iterations=36 -14.618103
INFO  [00:06:01.338]             0.380        0      0     num_iterations=44 -17.753782
INFO  [00:06:01.338]             0.499        0      0     num_iterations=43 -15.740044
INFO  [00:06:01.338]             0.451        0      0     num_iterations=21 -12.827515
INFO  [00:06:01.338]             0.520        0      0     num_iterations=60 -16.373812
INFO  [00:06:01.338]             0.472        0      0     num_iterations=54 -17.806399
INFO  [00:06:01.338]             0.459        0      0     num_iterations=54 -16.477292
INFO  [00:06:01.338]             0.442        0      0     num_iterations=19 -14.235302
INFO  [00:06:01.338]             0.470        0      0     num_iterations=53 -13.022009
INFO  [00:06:01.338]             0.540        0      0     num_iterations=42 -16.262627
INFO  [00:06:01.338]             0.384        0      0     num_iterations=52 -16.990360
INFO  [00:06:01.338]             0.491        0      0    num_iterations=108 -12.600279
INFO  [00:06:01.338]             0.484        0      0     num_iterations=71 -11.092544
INFO  [00:06:01.338]             0.585        0      0     num_iterations=55 -15.111933
INFO  [00:06:01.338]             0.416        0      0     num_iterations=67 -12.989912
INFO  [00:06:01.338]             0.516        0      0    num_iterations=118 -13.230327
INFO  [00:06:01.338]             0.469        0      0     num_iterations=42 -12.822743
INFO  [00:06:01.338]             0.737        0      0     num_iterations=43 -16.377405
INFO  [00:06:01.338]             0.486        0      0     num_iterations=35 -15.055240
INFO  [00:06:01.338]             0.448        0      0     num_iterations=75 -13.816180
INFO  [00:06:01.338]             0.468        0      0     num_iterations=47 -13.386646
INFO  [00:06:01.338]             0.506        0      0     num_iterations=48 -11.355814
INFO  [00:06:01.338]             0.355        0      0     num_iterations=49 -12.538898
INFO  [00:06:01.338]             0.625        0      0     num_iterations=62 -10.688725
INFO  [00:06:01.338]             0.460        0      0     num_iterations=22 -11.420754
INFO  [00:06:01.338]             0.475        0      0     num_iterations=55 -11.455098
INFO  [00:06:01.338]             0.404        0      0     num_iterations=40 -15.468038
INFO  [00:06:01.338]             0.546        0      0     num_iterations=31 -11.293238
INFO  [00:06:01.338]             0.598        0      0     num_iterations=16 -14.711095
INFO  [00:06:01.338]             0.489        0      0     num_iterations=21 -13.476907
INFO  [00:06:01.338]             0.578        0      0     num_iterations=37 -14.959204
INFO  [00:06:01.338]             0.442        0      0     num_iterations=61 -19.183758
INFO  [00:06:01.338]             0.577        0      0     num_iterations=62 -11.155112
INFO  [00:06:01.338]             0.487        0      0     num_iterations=34 -11.155891
INFO  [00:06:01.338]             0.548        0      0     num_iterations=78 -11.671718
INFO  [00:06:01.338]             0.466        0      0     num_iterations=45 -13.628615
INFO  [00:06:01.338]             0.511        0      0     num_iterations=25 -10.990903
INFO  [00:06:01.338]             0.539        0      0    num_iterations=145 -11.947495
INFO  [00:06:01.338]             0.507        0      0     num_iterations=37 -10.265205
INFO  [00:06:01.338]             0.485        0      0     num_iterations=56 -11.256099
INFO  [00:06:01.338]             0.557        0      0    num_iterations=125 -12.883058
INFO  [00:06:01.338]             0.407        0      0     num_iterations=45 -15.647632
INFO  [00:06:01.338]             0.438        0      0     num_iterations=63  -9.370824
INFO  [00:06:01.338]             0.469        0      0     num_iterations=45 -11.333419
INFO  [00:06:01.338]             0.347        0      0      num_iterations=1 -10.389116
INFO  [00:06:01.338]             0.499        0      0     num_iterations=27 -11.584763
INFO  [00:06:01.338]             0.608        0      0     num_iterations=70  -9.505978
INFO  [00:06:01.338]             0.386        0      0     num_iterations=28 -15.642294
INFO  [00:06:01.338]             0.431        0      0     num_iterations=49 -11.117194
INFO  [00:06:01.338]             0.443        0      0     num_iterations=37 -11.174554
INFO  [00:06:01.338]             0.502        0      0     num_iterations=55 -12.532759
INFO  [00:06:01.338]             0.473        0      0     num_iterations=54 -10.629340
INFO  [00:06:01.338]             0.480        0      0     num_iterations=74 -12.246120
INFO  [00:06:01.338]             0.496        0      0     num_iterations=68 -11.291054
INFO  [00:06:01.338]             0.445        0      0     num_iterations=79 -11.709904
INFO  [00:06:01.338]             0.489        0      0     num_iterations=34 -14.692179
INFO  [00:06:01.338]             0.411        0      0     num_iterations=34 -12.192004
INFO  [00:06:01.338]             0.320        0      0      num_iterations=1 -11.375121
INFO  [00:06:01.338]             0.571        0      0     num_iterations=46 -13.845732
INFO  [00:06:01.338]             0.414        0      0     num_iterations=32 -10.143219
INFO  [00:06:01.338]             0.517        0      0     num_iterations=52 -11.894804
INFO  [00:06:01.338]             0.370        0      0     num_iterations=30 -11.257444
INFO  [00:06:01.338]             0.514        0      0     num_iterations=44 -12.350296
INFO  [00:06:01.338]             0.444        0      0     num_iterations=51 -10.577323
INFO  [00:06:01.338]             0.502        0      0     num_iterations=29 -13.225803
INFO  [00:06:01.338]             0.484        0      0     num_iterations=57 -12.665972
INFO  [00:06:01.338]             0.649        0      0    num_iterations=133 -12.688717
INFO  [00:06:01.338]             0.537        0      0     num_iterations=70 -11.172734
INFO  [00:06:01.338]             0.508        0      0     num_iterations=64  -9.307704
INFO  [00:06:01.338]             0.584        0      0     num_iterations=47 -10.662070
INFO  [00:06:01.338]             0.544        0      0     num_iterations=54 -14.250710
INFO  [00:06:01.338]             0.438        0      0     num_iterations=40  -8.925885
INFO  [00:06:01.338]             0.378        0      0     num_iterations=24 -14.031543
INFO  [00:06:01.338]             0.405        0      0     num_iterations=34 -14.885008
INFO  [00:06:01.338]             0.511        0      0     num_iterations=57 -12.907786
INFO  [00:06:01.338]             0.564        0      0     num_iterations=47  -9.938536
INFO  [00:06:01.338]             0.437        0      0     num_iterations=27 -14.936668
INFO  [00:06:01.338]             0.465        0      0     num_iterations=28 -14.326515
INFO  [00:06:01.338]             0.363        0      0     num_iterations=15  -8.709456
INFO  [00:06:01.338]             0.697        0      0     num_iterations=53  -8.545974
INFO  [00:06:01.338]             0.415        0      0     num_iterations=26  -9.678291
INFO  [00:06:01.338]             0.412        0      0     num_iterations=36 -13.780248
INFO  [00:06:01.338]             0.447        0      0     num_iterations=49 -14.269423
INFO  [00:06:01.338]             0.627        0      0    num_iterations=135  -7.625439
INFO  [00:06:01.338]             0.622        0      0    num_iterations=164  -9.905315
INFO  [00:06:01.338]             0.406        0      0     num_iterations=50 -13.386263
INFO  [00:06:01.338]             0.412        0      0     num_iterations=46  -7.881410
INFO  [00:06:01.338]             0.513        0      0     num_iterations=53 -11.114127
INFO  [00:06:01.338]             0.450        0      0     num_iterations=30  -7.849560
INFO  [00:06:01.338]             0.473        0      0     num_iterations=40  -8.056990
INFO  [00:06:01.338]             0.347        0      0     num_iterations=15  -7.854654
INFO  [00:06:01.338]             0.419        0      0     num_iterations=78  -6.826298
INFO  [00:06:01.338]             0.510        0      0     num_iterations=27  -9.745108
INFO  [00:06:01.338]             0.656        0      0    num_iterations=142  -7.946825
INFO  [00:06:01.338]             0.429        0      0     num_iterations=42 -11.977786
INFO  [00:06:01.338]             0.454        0      0     num_iterations=50 -15.653799
INFO  [00:06:01.338]             0.559        0      0     num_iterations=60  -7.049090
INFO  [00:06:01.338]             0.396        0      0     num_iterations=43  -8.890910
INFO  [00:06:01.338]             0.420        0      0     num_iterations=57 -10.016470
INFO  [00:06:01.338]             0.486        0      0     num_iterations=34  -6.838930
INFO  [00:06:01.338]             0.428        0      0     num_iterations=66  -9.895285
INFO  [00:06:01.338]             0.520        0      0     num_iterations=16  -7.371823
INFO  [00:06:01.338]             0.494        0      0     num_iterations=12  -6.816104
INFO  [00:06:01.338]             0.525        0      0     num_iterations=33 -11.238489
INFO  [00:06:01.338]             0.531        0      0     num_iterations=60  -8.422025
INFO  [00:06:01.338]             0.477        0      0     num_iterations=58  -6.937751
INFO  [00:06:01.338]             0.506        0      0     num_iterations=48 -12.214847
INFO  [00:06:01.338]             0.502        0      0    num_iterations=118  -7.189528
INFO  [00:06:01.338]             0.435        0      0     num_iterations=46 -12.091196
INFO  [00:06:01.338]             0.705        0      0     num_iterations=39  -7.449846
INFO  [00:06:01.338]             0.598        0      0     num_iterations=28 -10.994949
INFO  [00:06:01.338]             0.593        0      0     num_iterations=17  -6.816059
INFO  [00:06:01.338]             0.524        0      0     num_iterations=30 -11.045625
INFO  [00:06:01.338]             0.497        0      0     num_iterations=46 -11.343713
INFO  [00:06:01.338]             0.448        0      0     num_iterations=21  -7.867939
INFO  [00:06:01.338]             0.484        0      0    num_iterations=103  -9.269026
INFO  [00:06:01.338]             0.554        0      0     num_iterations=19  -8.262494
INFO  [00:06:01.338]             0.569        0      0     num_iterations=22  -7.746566
INFO  [00:06:01.338]             0.464        0      0     num_iterations=37  -8.411231
INFO  [00:06:01.338]             0.442        0      0     num_iterations=50 -14.066181
INFO  [00:06:01.338]             0.406        0      0     num_iterations=42 -14.448952
INFO  [00:06:01.338]             0.445        0      0     num_iterations=39 -14.959818
INFO  [00:06:01.338]             0.533        0      0     num_iterations=48 -14.981428
INFO  [00:06:01.338]             0.606        0      0     num_iterations=75 -14.202321
INFO  [00:06:01.338]             0.530        0      0     num_iterations=14 -11.458937
INFO  [00:06:01.338]             0.568        0      0     num_iterations=37 -15.721794
INFO  [00:06:01.338]             0.455        0      0     num_iterations=65  -9.999011
INFO  [00:06:01.338]             0.461        0      0     num_iterations=57  -9.994213
INFO  [00:06:01.338]             0.579        0      0     num_iterations=60 -18.165657
INFO  [00:06:01.338]             0.475        0      0     num_iterations=45 -17.528395
INFO  [00:06:01.338]             0.465        0      0     num_iterations=15 -12.638751
INFO  [00:06:01.338]             0.553        0      0     num_iterations=75 -11.634359
INFO  [00:06:01.338]             0.594        0      0     num_iterations=52 -16.276366
INFO  [00:06:01.338]             0.633        0      0     num_iterations=55 -11.800855
INFO  [00:06:01.338]             0.502        0      0     num_iterations=53 -13.674702
INFO  [00:06:01.338]             0.509        0      0     num_iterations=42  -9.048319
INFO  [00:06:01.338]             0.460        0      0     num_iterations=46 -10.899187
INFO  [00:06:01.338]             0.687        0      0     num_iterations=22  -7.550439
INFO  [00:06:01.338]             0.502        0      0     num_iterations=38 -12.957546
INFO  [00:06:01.338]             0.498        0      0     num_iterations=56 -20.356859
INFO  [00:06:01.338]             0.459        0      0     num_iterations=42 -10.798417
INFO  [00:06:01.338]             0.388        0      0     num_iterations=43 -13.267610
INFO  [00:06:01.338]             0.595        0      0     num_iterations=41 -10.379934
INFO  [00:06:01.338]             0.473        0      0     num_iterations=76  -9.320289
INFO  [00:06:01.338]             0.530        0      0     num_iterations=35  -9.350391
INFO  [00:06:01.338]             0.469        0      0     num_iterations=43  -8.873547
INFO  [00:06:01.338]             0.662        0      0     num_iterations=90  -5.608884
INFO  [00:06:01.338]             0.548        0      0    num_iterations=121  -5.756194
INFO  [00:06:01.338]             0.582        0      0     num_iterations=54  -6.435677
INFO  [00:06:01.338]             0.401        0      0     num_iterations=26  -6.419691
INFO  [00:06:01.338]             0.431        0      0     num_iterations=50 -15.739766
INFO  [00:06:01.338]             0.463        0      0     num_iterations=35 -10.940866
INFO  [00:06:01.338]             0.584        0      0     num_iterations=20  -7.203760
INFO  [00:06:01.338]             0.564        0      0     num_iterations=60  -9.149183
INFO  [00:06:01.338]             0.686        0      0     num_iterations=43  -7.243400
INFO  [00:06:01.338]             0.572        0      0     num_iterations=18  -9.797376
INFO  [00:06:01.338]             0.511        0      0     num_iterations=38  -7.202168
INFO  [00:06:01.338]             0.547        0      0     num_iterations=14  -6.714872
INFO  [00:06:01.338]             0.512        0      0     num_iterations=40  -6.872635
INFO  [00:06:01.338]             0.444        0      0     num_iterations=57 -11.477971
INFO  [00:06:01.338]             0.407        0      0     num_iterations=85  -8.307181
INFO  [00:06:01.338]             0.432        0      0     num_iterations=37 -11.338654
INFO  [00:06:01.338]             0.416        0      0     num_iterations=34 -10.901219
INFO  [00:06:01.338]             0.501        0      0     num_iterations=59  -7.347078
INFO  [00:06:01.338]             0.370        0      0      num_iterations=9  -6.487741
INFO  [00:06:01.338]             0.599        0      0     num_iterations=52  -6.294857
INFO  [00:06:01.338]             0.575        0      0     num_iterations=20  -7.517300
INFO  [00:06:01.338]             0.463        0      0     num_iterations=33 -10.269064
INFO  [00:06:01.338]             0.524        0      0     num_iterations=75  -9.733574
INFO  [00:06:01.338]             0.482        0      0     num_iterations=64 -13.805590
INFO  [00:06:01.338]             0.583        0      0     num_iterations=41  -6.828502
INFO  [00:06:01.338]             0.401        0      0     num_iterations=36  -8.166388
INFO  [00:06:01.338]             0.517        0      0      num_iterations=9  -6.781757
INFO  [00:06:01.338]             0.441        0      0      num_iterations=1  -6.139873
INFO  [00:06:01.338]             0.632        0      0     num_iterations=40  -7.358026
INFO  [00:06:01.338]             0.481        0      0     num_iterations=23  -6.528006
INFO  [00:06:01.338]             0.787        0      0    num_iterations=111  -6.742178
INFO  [00:06:01.338]             0.502        0      0     num_iterations=95  -6.220977
INFO  [00:06:01.338]             0.483        0      0     num_iterations=44  -7.016510
INFO  [00:06:01.338]             0.380        0      0     num_iterations=42 -14.478509
INFO  [00:06:01.338]             0.371        0      0     num_iterations=35  -6.978188
INFO  [00:06:01.338]             0.746        0      0     num_iterations=97  -6.989247
INFO  [00:06:01.338]             0.511        0      0     num_iterations=21  -6.782924
INFO  [00:06:01.338]             0.623        0      0     num_iterations=24  -6.425698
INFO  [00:06:01.338]             0.585        0      0     num_iterations=12  -7.359960
INFO  [00:06:01.338]             0.473        0      0     num_iterations=47  -7.063254
INFO  [00:06:01.338]             0.428        0      0     num_iterations=49  -7.628358
INFO  [00:06:01.338]             0.446        0      0     num_iterations=63 -14.230934
INFO  [00:06:01.338]             0.683        0      0     num_iterations=74  -5.981473
INFO  [00:06:01.338]             0.462        0      0     num_iterations=51 -13.543585
INFO  [00:06:01.338]             0.352        0      0     num_iterations=11  -7.048095
INFO  [00:06:01.338]             0.408        0      0     num_iterations=23  -6.260211
INFO  [00:06:01.338]             0.396        0      0     num_iterations=19 -12.552612
INFO  [00:06:01.338]             0.373        0      0     num_iterations=13  -6.501340
INFO  [00:06:01.338]             0.537        0      0     num_iterations=81  -6.115416
INFO  [00:06:01.338]             0.664        0      0     num_iterations=91  -7.981463
INFO  [00:06:01.338]             0.556        0      0    num_iterations=139  -8.952927
INFO  [00:06:01.338]             0.633        0      0    num_iterations=122  -5.730306
INFO  [00:06:01.338]             0.443        0      0     num_iterations=16  -6.724019
INFO  [00:06:01.338]             0.493        0      0     num_iterations=40  -7.805735
INFO  [00:06:01.338]             0.479        0      0     num_iterations=29  -6.212299
INFO  [00:06:01.338]             0.492        0      0     num_iterations=41 -10.176047
INFO  [00:06:01.338]             0.456        0      0     num_iterations=46 -11.451465
INFO  [00:06:01.338]             0.376        0      0     num_iterations=13  -5.637682
INFO  [00:06:01.338]             0.642        0      0     num_iterations=43 -12.415911
INFO  [00:06:01.338]             0.503        0      0     num_iterations=61  -7.127584
INFO  [00:06:01.338]             0.514        0      0     num_iterations=80  -8.432352
INFO  [00:06:01.338]             0.574        0      0      num_iterations=8  -6.334281
INFO  [00:06:01.338]             0.613        0      0     num_iterations=31 -13.885350
INFO  [00:06:01.338]             0.569        0      0     num_iterations=97  -7.741485
INFO  [00:06:01.338]             0.655        0      0    num_iterations=135  -5.946465
INFO  [00:06:01.338]             0.434        0      0      num_iterations=7  -6.430891
INFO  [00:06:01.338]             0.596        0      0     num_iterations=46 -12.836852
INFO  [00:06:01.338]             0.463        0      0     num_iterations=52  -9.870043
INFO  [00:06:01.338]             0.821        0      0     num_iterations=18  -6.131665
INFO  [00:06:01.338]             0.521        0      0     num_iterations=52  -9.483065
INFO  [00:06:01.338]             0.711        0      0     num_iterations=57  -6.802478
INFO  [00:06:01.338]             0.616        0      0    num_iterations=138  -7.031669
INFO  [00:06:01.338]             0.544        0      0     num_iterations=70  -6.437222
INFO  [00:06:01.338]             0.586        0      0     num_iterations=50  -7.298280
INFO  [00:06:01.338]             0.607        0      0      num_iterations=9  -6.705849
INFO  [00:06:01.338]             0.638        0      0     num_iterations=93  -5.742585
INFO  [00:06:01.338]             0.691        0      0     num_iterations=79 -18.200174
INFO  [00:06:01.338]             0.454        0      0     num_iterations=51  -8.155406
INFO  [00:06:01.338]             0.429        0      0      num_iterations=3  -6.111963
INFO  [00:06:01.338]             0.393        0      0     num_iterations=38  -8.650704
INFO  [00:06:01.338]             0.489        0      0     num_iterations=13  -6.247909
INFO  [00:06:01.338]             0.597        0      0    num_iterations=103  -6.946135
INFO  [00:06:01.338]             0.677        0      0    num_iterations=118  -5.737356
INFO  [00:06:01.338]             0.449        0      0     num_iterations=25  -7.061984
INFO  [00:06:01.338]             0.536        0      0    num_iterations=102  -6.828573
INFO  [00:06:01.338]             0.511        0      0     num_iterations=79  -7.380113
INFO  [00:06:01.338]             0.488        0      0     num_iterations=39  -7.446856
INFO  [00:06:01.338]             0.457        0      0     num_iterations=56 -12.702345
INFO  [00:06:01.338]             0.882        0      0    num_iterations=141  -6.023294
INFO  [00:06:01.338]             0.544        0      0     num_iterations=69  -9.344873
INFO  [00:06:01.338]             0.775        0      0    num_iterations=111  -6.048558
INFO  [00:06:01.338]             0.805        0      0     num_iterations=55  -5.932531
INFO  [00:06:01.338]             0.670        0      0     num_iterations=34  -5.910940
INFO  [00:06:01.338]             0.672        0      0     num_iterations=31  -6.061786
INFO  [00:06:01.338]             0.403        0      0     num_iterations=36 -14.936714
INFO  [00:06:01.338]             1.238        0      0     num_iterations=25  -5.994323
INFO  [00:06:01.338]             0.393        0      0     num_iterations=47  -6.257242
INFO  [00:06:01.338]             0.518        0      0     num_iterations=57  -7.317587
INFO  [00:06:01.338]             0.417        0      0     num_iterations=55  -9.232685
INFO  [00:06:01.338]             0.597        0      0     num_iterations=27  -5.757590
INFO  [00:06:01.338]             0.487        0      0     num_iterations=10  -5.917714
INFO  [00:06:01.338]             0.565        0      0     num_iterations=54 -10.095291
INFO  [00:06:01.338]             0.423        0      0     num_iterations=47  -6.197125
INFO  [00:06:01.338]             0.587        0      0     num_iterations=32  -7.650039
INFO  [00:06:01.338]             0.418        0      0     num_iterations=44 -12.391467
INFO  [00:06:01.338]             0.327        0      0      num_iterations=1  -7.119627
INFO  [00:06:01.338]             0.381        0      0      num_iterations=1  -6.525116
INFO  [00:06:01.338]             0.528        0      0     num_iterations=44  -9.970041
INFO  [00:06:01.338]             0.629        0      0    num_iterations=112  -5.750877
INFO  [00:06:01.338]             0.819        0      0    num_iterations=118  -6.259442
INFO  [00:06:01.338]             0.618        0      0     num_iterations=21  -5.777914
INFO  [00:06:01.338]             0.589        0      0     num_iterations=32  -6.178760
INFO  [00:06:01.338]             0.704        0      0     num_iterations=22  -5.888530
INFO  [00:06:01.338]             0.691        0      0     num_iterations=37  -5.746696
INFO  [00:06:01.338]             0.427        0      0     num_iterations=42  -7.745623
INFO  [00:06:01.338]             0.428        0      0      num_iterations=7  -5.541684
INFO  [00:06:01.338]             0.802        0      0    num_iterations=148  -5.469163
INFO  [00:06:01.338]             0.443        0      0     num_iterations=18  -8.655360
INFO  [00:06:01.338]             0.408        0      0     num_iterations=26  -7.649767
INFO  [00:06:01.338]             0.427        0      0      num_iterations=7  -5.883832
INFO  [00:06:01.338]             0.665        0      0     num_iterations=37  -5.876324
INFO  [00:06:01.338]             0.668        0      0     num_iterations=73  -5.442024
INFO  [00:06:01.338]             0.629        0      0     num_iterations=90  -5.634540
INFO  [00:06:01.338]             0.844        0      0    num_iterations=109  -5.387658
INFO  [00:06:01.338]             0.464        0      0     num_iterations=12  -5.736944
INFO  [00:06:01.338]             0.583        0      0     num_iterations=22  -5.502744
INFO  [00:06:01.338]             0.621        0      0    num_iterations=114  -6.314168
INFO  [00:06:01.338]             0.476        0      0     num_iterations=33  -8.585981
INFO  [00:06:01.338]             0.527        0      0      num_iterations=8  -5.363641
INFO  [00:06:01.338]             0.565        0      0     num_iterations=38  -5.869312
INFO  [00:06:01.338]             0.439        0      0     num_iterations=17  -5.422351
INFO  [00:06:01.338]             0.492        0      0     num_iterations=13  -5.577156
INFO  [00:06:01.338]             0.453        0      0     num_iterations=25  -5.948008
INFO  [00:06:01.338]             0.463        0      0     num_iterations=65  -6.521808
INFO  [00:06:01.338]             0.517        0      0     num_iterations=71  -7.680368
INFO  [00:06:01.338]             0.504        0      0     num_iterations=55  -6.502747
INFO  [00:06:01.338]             0.713        0      0    num_iterations=117  -5.596952
INFO  [00:06:01.338]             0.671        0      0     num_iterations=83  -5.654882
INFO  [00:06:01.338]             0.448        0      0     num_iterations=53 -11.661522
INFO  [00:06:01.338]             0.515        0      0     num_iterations=54  -6.855056
INFO  [00:06:01.338]             0.446        0      0     num_iterations=54  -6.080786
INFO  [00:06:01.338]             0.475        0      0     num_iterations=33  -5.747447
INFO  [00:06:01.338]             0.387        0      0     num_iterations=35  -6.298398
INFO  [00:06:01.338]             0.493        0      0     num_iterations=73  -6.250408
INFO  [00:06:01.338]             0.465        0      0     num_iterations=65  -6.418123
INFO  [00:06:01.338]             0.584        0      0     num_iterations=23  -5.967574
INFO  [00:06:01.338]             0.572        0      0     num_iterations=73 -10.177026
INFO  [00:06:01.338]             0.482        0      0     num_iterations=51  -5.931899
INFO  [00:06:01.338]             0.411        0      0     num_iterations=41  -6.131026
INFO  [00:06:01.338]             0.502        0      0     num_iterations=48 -13.970080
INFO  [00:06:01.338]             0.485        0      0     num_iterations=24  -6.013036
INFO  [00:06:01.338]             0.418        0      0     num_iterations=55  -9.399385
INFO  [00:06:01.338]             0.384        0      0     num_iterations=34  -8.806170
INFO  [00:06:01.338]             0.628        0      0    num_iterations=128  -5.534074
INFO  [00:06:01.338]             0.529        0      0    num_iterations=105  -8.733073
INFO  [00:06:01.338]             0.544        0      0     num_iterations=67  -6.112916
INFO  [00:06:01.338]             0.470        0      0     num_iterations=97  -9.033715
INFO  [00:06:01.338]             0.492        0      0     num_iterations=37  -5.739440
INFO  [00:06:01.338]             0.583        0      0    num_iterations=112  -6.525566
INFO  [00:06:01.338]             0.723        0      0     num_iterations=94  -5.469476
INFO  [00:06:01.338]             0.468        0      0     num_iterations=20  -5.395864
INFO  [00:06:01.338]             0.692        0      0     num_iterations=84  -6.756266
INFO  [00:06:01.338]             0.380        0      0     num_iterations=40  -5.683756
INFO  [00:06:01.338]             0.542        0      0     num_iterations=71  -6.296585
INFO  [00:06:01.338]             0.511        0      0     num_iterations=82  -6.871766
INFO  [00:06:01.338]             0.551        0      0     num_iterations=72  -7.299331
INFO  [00:06:01.338]             0.538        0      0     num_iterations=93 -12.517204
INFO  [00:06:01.338]             0.522        0      0     num_iterations=63  -6.166649
INFO  [00:06:01.338]             0.570        0      0     num_iterations=34  -5.579590
INFO  [00:06:01.338]             0.424        0      0     num_iterations=43 -13.871861
INFO  [00:06:01.338]             0.409        0      0     num_iterations=11  -6.371200
INFO  [00:06:01.338]             0.418        0      0     num_iterations=14  -6.849619
INFO  [00:06:01.338]             0.553        0      0     num_iterations=55  -5.820851
INFO  [00:06:01.338]             0.472        0      0     num_iterations=88  -5.564300
INFO  [00:06:01.338]             0.420        0      0     num_iterations=71 -15.040785
INFO  [00:06:01.338]             0.487        0      0     num_iterations=97  -5.826246
INFO  [00:06:01.338]             0.503        0      0     num_iterations=58  -5.910072
INFO  [00:06:01.338]             1.016        0      0     num_iterations=47  -5.739595
INFO  [00:06:01.338]             0.535        0      0     num_iterations=43  -5.904028
INFO  [00:06:01.338]             0.419        0      0     num_iterations=52  -8.843681
INFO  [00:06:01.338]             0.658        0      0    num_iterations=117  -5.382067
INFO  [00:06:01.338]             0.459        0      0     num_iterations=30  -6.793233
INFO  [00:06:01.338]             0.625        0      0     num_iterations=93  -5.810255
INFO  [00:06:01.338]             0.517        0      0    num_iterations=123  -5.469411
INFO  [00:06:01.338]             0.708        0      0    num_iterations=128  -5.484861
INFO  [00:06:01.338]             0.660        0      0     num_iterations=86  -9.455813
INFO  [00:06:01.338]             0.388        0      0     num_iterations=22  -5.485565
INFO  [00:06:01.338]             0.393        0      0     num_iterations=11  -5.261600
INFO  [00:06:01.338]             0.593        0      0     num_iterations=60  -6.084868
INFO  [00:06:01.338]             0.440        0      0     num_iterations=56  -5.239018
INFO  [00:06:01.338]             0.860        0      0    num_iterations=125  -5.368470
INFO  [00:06:01.338]             0.726        0      0    num_iterations=179  -5.616785
INFO  [00:06:01.338]             0.485        0      0     num_iterations=44 -10.029613
INFO  [00:06:01.338]             0.517        0      0    num_iterations=119  -6.500412
INFO  [00:06:01.338]             0.819        0      0    num_iterations=155  -5.502574
INFO  [00:06:01.338]             0.418        0      0     num_iterations=36  -7.395838
INFO  [00:06:01.338]             0.986        0      0    num_iterations=135  -5.582077
INFO  [00:06:01.338]             0.546        0      0     num_iterations=43  -8.726586
INFO  [00:06:01.338]             0.693        0      0    num_iterations=149  -5.361642
INFO  [00:06:01.338]             0.402        0      0     num_iterations=34  -5.140961
INFO  [00:06:01.338]             0.485        0      0     num_iterations=25  -5.456037
INFO  [00:06:01.338]             0.654        0      0     num_iterations=42  -6.254908
INFO  [00:06:01.338]             0.516        0      0     num_iterations=45 -10.053999
INFO  [00:06:01.338]             0.887        0      0    num_iterations=169  -5.495453
INFO  [00:06:01.338]             0.499        0      0    num_iterations=103  -6.163320
INFO  [00:06:01.338]             0.457        0      0     num_iterations=30  -5.321929
INFO  [00:06:01.338]             0.511        0      0     num_iterations=43  -6.396632
INFO  [00:06:01.338]             0.762        0      0    num_iterations=171  -5.224538
INFO  [00:06:01.338]             0.505        0      0    num_iterations=130  -8.645193
INFO  [00:06:01.338]             0.609        0      0     num_iterations=59  -8.498378
INFO  [00:06:01.338]             0.485        0      0     num_iterations=44  -8.753707
INFO  [00:06:01.338]             0.591        0      0    num_iterations=103  -5.416012
INFO  [00:06:01.338]             0.766        0      0     num_iterations=57  -5.319024
INFO  [00:06:01.338]             0.756        0      0     num_iterations=42  -6.333600
INFO  [00:06:01.338]             0.413        0      0     num_iterations=43  -6.452296
INFO  [00:06:01.338]             0.366        0      0     num_iterations=19  -9.508245
INFO  [00:06:01.338]             0.395        0      0     num_iterations=40  -6.086309
INFO  [00:06:01.338]             0.610        0      0     num_iterations=81  -5.255300
INFO  [00:06:01.338]             1.071        0      0    num_iterations=126  -5.453741
INFO  [00:06:01.338]             0.599        0      0    num_iterations=125  -5.048648
INFO  [00:06:01.338]             0.879        0      0    num_iterations=139  -5.590018
INFO  [00:06:01.338]             1.300        0      0     num_iterations=41  -5.039049
INFO  [00:06:01.338]             1.001        0      0    num_iterations=133  -5.385534
INFO  [00:06:01.338]             1.466        0      0     num_iterations=61 -11.050050
INFO  [00:06:01.338]             0.914        0      0    num_iterations=102  -6.006438
INFO  [00:06:01.338]             0.430        0      0     num_iterations=60  -6.619664
INFO  [00:06:01.338]             0.993        0      0    num_iterations=132  -5.486933
INFO  [00:06:01.338]             0.525        0      0     num_iterations=39  -6.532637
INFO  [00:06:01.338]             0.805        0      0    num_iterations=157  -5.566951
INFO  [00:06:01.338]             0.553        0      0     num_iterations=77  -5.453499
INFO  [00:06:01.338]             0.986        0      0     num_iterations=92  -5.671473
INFO  [00:06:01.338]             0.460        0      0     num_iterations=63  -5.848619
INFO  [00:06:01.338]             0.463        0      0     num_iterations=80  -5.525222
INFO  [00:06:01.338]             0.642        0      0     num_iterations=45  -5.671501
INFO  [00:06:01.338]             1.139        0      0    num_iterations=132  -5.547245
INFO  [00:06:01.338]             1.093        0      0    num_iterations=148  -5.884358
INFO  [00:06:01.338]             0.959        0      0    num_iterations=113  -6.373835
INFO  [00:06:01.338]             0.347        0      0     num_iterations=10  -5.205930
INFO  [00:06:01.338]             1.287        0      0    num_iterations=150  -5.528082
INFO  [00:06:01.338]             1.100        0      0    num_iterations=128  -5.447100
INFO  [00:06:01.338]             0.484        0      0     num_iterations=99  -5.354503
INFO  [00:06:01.338]             0.393        0      0     num_iterations=40  -7.117526
INFO  [00:06:01.338]             0.927        0      0    num_iterations=128  -5.874452
INFO  [00:06:01.338]             0.871        0      0    num_iterations=146 -10.714172
INFO  [00:06:01.338]             0.485        0      0     num_iterations=27  -7.080132
INFO  [00:06:01.338]             0.487        0      0     num_iterations=66  -5.120165
INFO  [00:06:01.338]             0.685        0      0     num_iterations=60  -5.418858
INFO  [00:06:01.338]             0.478        0      0     num_iterations=25  -6.085613
INFO  [00:06:01.338]             0.832        0      0    num_iterations=159  -5.495629
INFO  [00:06:01.338]             1.261        0      0    num_iterations=142  -5.041703
INFO  [00:06:01.338]             0.452        0      0     num_iterations=17  -5.416725
INFO  [00:06:01.338]             1.450        0      0    num_iterations=184  -6.174996
INFO  [00:06:01.338]             0.559        0      0     num_iterations=29  -5.937959
INFO  [00:06:01.338]             0.512        0      0     num_iterations=23  -7.086044
INFO  [00:06:01.338]             1.259        0      0    num_iterations=187  -6.008181
INFO  [00:06:01.338]             0.801        0      0    num_iterations=156  -5.990689
INFO  [00:06:01.338]             0.541        0      0     num_iterations=75  -5.625317
INFO  [00:06:01.338]             0.412        0      0      num_iterations=1  -5.463439
INFO  [00:06:01.338]             0.387        0      0     num_iterations=37  -9.176240
INFO  [00:06:01.338]  runtime_learners warnings errors internal_tuned_values     acq_cb
INFO  [00:06:01.338]  timestamp_surrogate timestamp_acq_function timestamp_acq_optimizer
INFO  [00:06:01.338]  2026-09-09 23:57:49    2026-09-09 23:57:49     2026-09-09 23:57:49
INFO  [00:06:01.338]  2026-09-09 23:57:51    2026-09-09 23:57:51     2026-09-09 23:57:51
INFO  [00:06:01.338]  2026-09-09 23:57:52    2026-09-09 23:57:52     2026-09-09 23:57:52
INFO  [00:06:01.338]  2026-09-09 23:57:53    2026-09-09 23:57:53     2026-09-09 23:57:53
INFO  [00:06:01.338]  2026-09-09 23:57:53    2026-09-09 23:57:54     2026-09-09 23:57:54
INFO  [00:06:01.338]  2026-09-09 23:57:54    2026-09-09 23:57:54     2026-09-09 23:57:54
INFO  [00:06:01.338]  2026-09-09 23:57:55    2026-09-09 23:57:55     2026-09-09 23:57:55
INFO  [00:06:01.338]  2026-09-09 23:57:56    2026-09-09 23:57:56     2026-09-09 23:57:56
INFO  [00:06:01.338]  2026-09-09 23:57:57    2026-09-09 23:57:57     2026-09-09 23:57:57
INFO  [00:06:01.338]  2026-09-09 23:57:58    2026-09-09 23:57:58     2026-09-09 23:57:58
INFO  [00:06:01.338]  2026-09-09 23:57:58    2026-09-09 23:57:59     2026-09-09 23:57:59
INFO  [00:06:01.338]  2026-09-09 23:57:59    2026-09-09 23:57:59     2026-09-09 23:57:59
INFO  [00:06:01.338]  2026-09-09 23:58:00    2026-09-09 23:58:00     2026-09-09 23:58:00
INFO  [00:06:01.338]  2026-09-09 23:58:01    2026-09-09 23:58:01     2026-09-09 23:58:01
INFO  [00:06:01.338]  2026-09-09 23:58:01    2026-09-09 23:58:02     2026-09-09 23:58:02
INFO  [00:06:01.338]  2026-09-09 23:58:02    2026-09-09 23:58:02     2026-09-09 23:58:02
INFO  [00:06:01.338]  2026-09-09 23:58:03    2026-09-09 23:58:03     2026-09-09 23:58:03
INFO  [00:06:01.338]  2026-09-09 23:58:04    2026-09-09 23:58:04     2026-09-09 23:58:04
INFO  [00:06:01.338]  2026-09-09 23:58:04    2026-09-09 23:58:05     2026-09-09 23:58:05
INFO  [00:06:01.338]  2026-09-09 23:58:05    2026-09-09 23:58:05     2026-09-09 23:58:05
INFO  [00:06:01.338]  2026-09-09 23:58:06    2026-09-09 23:58:06     2026-09-09 23:58:06
INFO  [00:06:01.338]  2026-09-09 23:58:07    2026-09-09 23:58:07     2026-09-09 23:58:07
INFO  [00:06:01.338]  2026-09-09 23:58:08    2026-09-09 23:58:08     2026-09-09 23:58:08
INFO  [00:06:01.338]  2026-09-09 23:58:08    2026-09-09 23:58:09     2026-09-09 23:58:09
INFO  [00:06:01.338]  2026-09-09 23:58:09    2026-09-09 23:58:09     2026-09-09 23:58:09
INFO  [00:06:01.338]  2026-09-09 23:58:10    2026-09-09 23:58:10     2026-09-09 23:58:10
INFO  [00:06:01.338]  2026-09-09 23:58:11    2026-09-09 23:58:11     2026-09-09 23:58:11
INFO  [00:06:01.338]  2026-09-09 23:58:11    2026-09-09 23:58:12     2026-09-09 23:58:12
INFO  [00:06:01.338]  2026-09-09 23:58:12    2026-09-09 23:58:12     2026-09-09 23:58:12
INFO  [00:06:01.338]  2026-09-09 23:58:13    2026-09-09 23:58:13     2026-09-09 23:58:13
INFO  [00:06:01.338]  2026-09-09 23:58:14    2026-09-09 23:58:14     2026-09-09 23:58:14
INFO  [00:06:01.338]  2026-09-09 23:58:15    2026-09-09 23:58:15     2026-09-09 23:58:15
INFO  [00:06:01.338]  2026-09-09 23:58:15    2026-09-09 23:58:16     2026-09-09 23:58:16
INFO  [00:06:01.338]  2026-09-09 23:58:16    2026-09-09 23:58:16     2026-09-09 23:58:16
INFO  [00:06:01.338]  2026-09-09 23:58:17    2026-09-09 23:58:17     2026-09-09 23:58:17
INFO  [00:06:01.338]  2026-09-09 23:58:18    2026-09-09 23:58:18     2026-09-09 23:58:18
INFO  [00:06:01.338]  2026-09-09 23:58:19    2026-09-09 23:58:19     2026-09-09 23:58:19
INFO  [00:06:01.338]  2026-09-09 23:58:19    2026-09-09 23:58:20     2026-09-09 23:58:20
INFO  [00:06:01.338]  2026-09-09 23:58:20    2026-09-09 23:58:20     2026-09-09 23:58:20
INFO  [00:06:01.338]  2026-09-09 23:58:21    2026-09-09 23:58:21     2026-09-09 23:58:21
INFO  [00:06:01.338]  2026-09-09 23:58:22    2026-09-09 23:58:22     2026-09-09 23:58:22
INFO  [00:06:01.338]  2026-09-09 23:58:23    2026-09-09 23:58:23     2026-09-09 23:58:23
INFO  [00:06:01.338]  2026-09-09 23:58:23    2026-09-09 23:58:24     2026-09-09 23:58:24
INFO  [00:06:01.338]  2026-09-09 23:58:24    2026-09-09 23:58:24     2026-09-09 23:58:24
INFO  [00:06:01.338]  2026-09-09 23:58:25    2026-09-09 23:58:25     2026-09-09 23:58:25
INFO  [00:06:01.338]  2026-09-09 23:58:26    2026-09-09 23:58:26     2026-09-09 23:58:26
INFO  [00:06:01.338]  2026-09-09 23:58:27    2026-09-09 23:58:27     2026-09-09 23:58:27
INFO  [00:06:01.338]  2026-09-09 23:58:28    2026-09-09 23:58:28     2026-09-09 23:58:28
INFO  [00:06:01.338]  2026-09-09 23:58:28    2026-09-09 23:58:29     2026-09-09 23:58:29
INFO  [00:06:01.338]  2026-09-09 23:58:29    2026-09-09 23:58:29     2026-09-09 23:58:29
INFO  [00:06:01.338]  2026-09-09 23:58:30    2026-09-09 23:58:30     2026-09-09 23:58:30
INFO  [00:06:01.338]  2026-09-09 23:58:31    2026-09-09 23:58:31     2026-09-09 23:58:31
INFO  [00:06:01.338]  2026-09-09 23:58:32    2026-09-09 23:58:32     2026-09-09 23:58:32
INFO  [00:06:01.338]  2026-09-09 23:58:33    2026-09-09 23:58:33     2026-09-09 23:58:33
INFO  [00:06:01.338]  2026-09-09 23:58:33    2026-09-09 23:58:34     2026-09-09 23:58:34
INFO  [00:06:01.338]  2026-09-09 23:58:34    2026-09-09 23:58:34     2026-09-09 23:58:34
INFO  [00:06:01.338]  2026-09-09 23:58:35    2026-09-09 23:58:35     2026-09-09 23:58:35
INFO  [00:06:01.338]  2026-09-09 23:58:36    2026-09-09 23:58:36     2026-09-09 23:58:36
INFO  [00:06:01.338]  2026-09-09 23:58:37    2026-09-09 23:58:37     2026-09-09 23:58:37
INFO  [00:06:01.338]  2026-09-09 23:58:37    2026-09-09 23:58:38     2026-09-09 23:58:38
INFO  [00:06:01.338]  2026-09-09 23:58:38    2026-09-09 23:58:39     2026-09-09 23:58:39
INFO  [00:06:01.338]  2026-09-09 23:58:39    2026-09-09 23:58:40     2026-09-09 23:58:40
INFO  [00:06:01.338]  2026-09-09 23:58:40    2026-09-09 23:58:40     2026-09-09 23:58:40
INFO  [00:06:01.338]  2026-09-09 23:58:41    2026-09-09 23:58:41     2026-09-09 23:58:41
INFO  [00:06:01.338]  2026-09-09 23:58:42    2026-09-09 23:58:42     2026-09-09 23:58:42
INFO  [00:06:01.338]  2026-09-09 23:58:43    2026-09-09 23:58:43     2026-09-09 23:58:43
INFO  [00:06:01.338]  2026-09-09 23:58:43    2026-09-09 23:58:44     2026-09-09 23:58:44
INFO  [00:06:01.338]  2026-09-09 23:58:44    2026-09-09 23:58:44     2026-09-09 23:58:44
INFO  [00:06:01.338]  2026-09-09 23:58:45    2026-09-09 23:58:45     2026-09-09 23:58:45
INFO  [00:06:01.338]  2026-09-09 23:58:46    2026-09-09 23:58:46     2026-09-09 23:58:46
INFO  [00:06:01.338]  2026-09-09 23:58:47    2026-09-09 23:58:47     2026-09-09 23:58:47
INFO  [00:06:01.338]  2026-09-09 23:58:47    2026-09-09 23:58:48     2026-09-09 23:58:48
INFO  [00:06:01.338]  2026-09-09 23:58:48    2026-09-09 23:58:49     2026-09-09 23:58:49
INFO  [00:06:01.338]  2026-09-09 23:58:49    2026-09-09 23:58:49     2026-09-09 23:58:49
INFO  [00:06:01.338]  2026-09-09 23:58:50    2026-09-09 23:58:50     2026-09-09 23:58:50
INFO  [00:06:01.338]  2026-09-09 23:58:51    2026-09-09 23:58:51     2026-09-09 23:58:51
INFO  [00:06:01.338]  2026-09-09 23:58:52    2026-09-09 23:58:52     2026-09-09 23:58:52
INFO  [00:06:01.338]  2026-09-09 23:58:53    2026-09-09 23:58:53     2026-09-09 23:58:53
INFO  [00:06:01.338]  2026-09-09 23:58:54    2026-09-09 23:58:54     2026-09-09 23:58:54
INFO  [00:06:01.338]  2026-09-09 23:58:54    2026-09-09 23:58:55     2026-09-09 23:58:55
INFO  [00:06:01.338]  2026-09-09 23:58:55    2026-09-09 23:58:55     2026-09-09 23:58:55
INFO  [00:06:01.338]  2026-09-09 23:58:56    2026-09-09 23:58:56     2026-09-09 23:58:56
INFO  [00:06:01.338]  2026-09-09 23:58:57    2026-09-09 23:58:57     2026-09-09 23:58:57
INFO  [00:06:01.338]  2026-09-09 23:58:58    2026-09-09 23:58:58     2026-09-09 23:58:58
INFO  [00:06:01.338]  2026-09-09 23:58:59    2026-09-09 23:58:59     2026-09-09 23:58:59
INFO  [00:06:01.338]  2026-09-09 23:59:00    2026-09-09 23:59:00     2026-09-09 23:59:00
INFO  [00:06:01.338]  2026-09-09 23:59:00    2026-09-09 23:59:01     2026-09-09 23:59:01
INFO  [00:06:01.338]  2026-09-09 23:59:01    2026-09-09 23:59:01     2026-09-09 23:59:01
INFO  [00:06:01.338]  2026-09-09 23:59:02    2026-09-09 23:59:02     2026-09-09 23:59:02
INFO  [00:06:01.338]  2026-09-09 23:59:03    2026-09-09 23:59:04     2026-09-09 23:59:04
INFO  [00:06:01.338]  2026-09-09 23:59:04    2026-09-09 23:59:04     2026-09-09 23:59:04
INFO  [00:06:01.338]  2026-09-09 23:59:05    2026-09-09 23:59:05     2026-09-09 23:59:05
INFO  [00:06:01.338]  2026-09-09 23:59:06    2026-09-09 23:59:06     2026-09-09 23:59:06
INFO  [00:06:01.338]  2026-09-09 23:59:07    2026-09-09 23:59:07     2026-09-09 23:59:07
INFO  [00:06:01.338]  2026-09-09 23:59:08    2026-09-09 23:59:08     2026-09-09 23:59:08
INFO  [00:06:01.338]  2026-09-09 23:59:08    2026-09-09 23:59:09     2026-09-09 23:59:09
INFO  [00:06:01.338]  2026-09-09 23:59:09    2026-09-09 23:59:10     2026-09-09 23:59:10
INFO  [00:06:01.338]  2026-09-09 23:59:10    2026-09-09 23:59:10     2026-09-09 23:59:10
INFO  [00:06:01.338]  2026-09-09 23:59:11    2026-09-09 23:59:11     2026-09-09 23:59:11
INFO  [00:06:01.338]  2026-09-09 23:59:12    2026-09-09 23:59:12     2026-09-09 23:59:12
INFO  [00:06:01.338]  2026-09-09 23:59:13    2026-09-09 23:59:13     2026-09-09 23:59:13
INFO  [00:06:01.338]  2026-09-09 23:59:14    2026-09-09 23:59:14     2026-09-09 23:59:14
INFO  [00:06:01.338]  2026-09-09 23:59:15    2026-09-09 23:59:15     2026-09-09 23:59:15
INFO  [00:06:01.338]  2026-09-09 23:59:16    2026-09-09 23:59:16     2026-09-09 23:59:16
INFO  [00:06:01.338]  2026-09-09 23:59:17    2026-09-09 23:59:17     2026-09-09 23:59:17
INFO  [00:06:01.338]  2026-09-09 23:59:18    2026-09-09 23:59:18     2026-09-09 23:59:18
INFO  [00:06:01.338]  2026-09-09 23:59:19    2026-09-09 23:59:19     2026-09-09 23:59:19
INFO  [00:06:01.338]  2026-09-09 23:59:19    2026-09-09 23:59:20     2026-09-09 23:59:20
INFO  [00:06:01.338]  2026-09-09 23:59:20    2026-09-09 23:59:21     2026-09-09 23:59:21
INFO  [00:06:01.338]  2026-09-09 23:59:21    2026-09-09 23:59:21     2026-09-09 23:59:21
INFO  [00:06:01.338]  2026-09-09 23:59:22    2026-09-09 23:59:22     2026-09-09 23:59:22
INFO  [00:06:01.338]  2026-09-09 23:59:23    2026-09-09 23:59:23     2026-09-09 23:59:23
INFO  [00:06:01.338]  2026-09-09 23:59:24    2026-09-09 23:59:24     2026-09-09 23:59:24
INFO  [00:06:01.338]  2026-09-09 23:59:25    2026-09-09 23:59:25     2026-09-09 23:59:25
INFO  [00:06:01.338]  2026-09-09 23:59:26    2026-09-09 23:59:26     2026-09-09 23:59:26
INFO  [00:06:01.338]  2026-09-09 23:59:27    2026-09-09 23:59:27     2026-09-09 23:59:27
INFO  [00:06:01.338]  2026-09-09 23:59:28    2026-09-09 23:59:28     2026-09-09 23:59:28
INFO  [00:06:01.338]  2026-09-09 23:59:29    2026-09-09 23:59:29     2026-09-09 23:59:29
INFO  [00:06:01.338]  2026-09-09 23:59:30    2026-09-09 23:59:30     2026-09-09 23:59:30
INFO  [00:06:01.338]  2026-09-09 23:59:31    2026-09-09 23:59:31     2026-09-09 23:59:31
INFO  [00:06:01.338]  2026-09-09 23:59:31    2026-09-09 23:59:32     2026-09-09 23:59:32
INFO  [00:06:01.338]  2026-09-09 23:59:32    2026-09-09 23:59:33     2026-09-09 23:59:33
INFO  [00:06:01.338]  2026-09-09 23:59:33    2026-09-09 23:59:34     2026-09-09 23:59:34
INFO  [00:06:01.338]  2026-09-09 23:59:34    2026-09-09 23:59:34     2026-09-09 23:59:34
INFO  [00:06:01.338]  2026-09-09 23:59:35    2026-09-09 23:59:35     2026-09-09 23:59:35
INFO  [00:06:01.338]  2026-09-09 23:59:36    2026-09-09 23:59:36     2026-09-09 23:59:36
INFO  [00:06:01.338]  2026-09-09 23:59:37    2026-09-09 23:59:37     2026-09-09 23:59:37
INFO  [00:06:01.338]  2026-09-09 23:59:38    2026-09-09 23:59:38     2026-09-09 23:59:38
INFO  [00:06:01.338]  2026-09-09 23:59:39    2026-09-09 23:59:39     2026-09-09 23:59:39
INFO  [00:06:01.338]  2026-09-09 23:59:40    2026-09-09 23:59:40     2026-09-09 23:59:40
INFO  [00:06:01.338]  2026-09-09 23:59:41    2026-09-09 23:59:41     2026-09-09 23:59:41
INFO  [00:06:01.338]  2026-09-09 23:59:42    2026-09-09 23:59:42     2026-09-09 23:59:42
INFO  [00:06:01.338]  2026-09-09 23:59:43    2026-09-09 23:59:43     2026-09-09 23:59:43
INFO  [00:06:01.338]  2026-09-09 23:59:44    2026-09-09 23:59:44     2026-09-09 23:59:44
INFO  [00:06:01.338]  2026-09-09 23:59:44    2026-09-09 23:59:45     2026-09-09 23:59:45
INFO  [00:06:01.338]  2026-09-09 23:59:45    2026-09-09 23:59:46     2026-09-09 23:59:46
INFO  [00:06:01.338]  2026-09-09 23:59:46    2026-09-09 23:59:47     2026-09-09 23:59:47
INFO  [00:06:01.338]  2026-09-09 23:59:47    2026-09-09 23:59:48     2026-09-09 23:59:48
INFO  [00:06:01.338]  2026-09-09 23:59:48    2026-09-09 23:59:49     2026-09-09 23:59:49
INFO  [00:06:01.338]  2026-09-09 23:59:49    2026-09-09 23:59:50     2026-09-09 23:59:50
INFO  [00:06:01.338]  2026-09-09 23:59:50    2026-09-09 23:59:51     2026-09-09 23:59:51
INFO  [00:06:01.338]  2026-09-09 23:59:52    2026-09-09 23:59:52     2026-09-09 23:59:52
INFO  [00:06:01.338]  2026-09-09 23:59:52    2026-09-09 23:59:53     2026-09-09 23:59:53
INFO  [00:06:01.338]  2026-09-09 23:59:53    2026-09-09 23:59:54     2026-09-09 23:59:54
INFO  [00:06:01.338]  2026-09-09 23:59:54    2026-09-09 23:59:55     2026-09-09 23:59:55
INFO  [00:06:01.338]  2026-09-09 23:59:55    2026-09-09 23:59:56     2026-09-09 23:59:56
INFO  [00:06:01.338]  2026-09-09 23:59:56    2026-09-09 23:59:57     2026-09-09 23:59:57
INFO  [00:06:01.338]  2026-09-09 23:59:57    2026-09-09 23:59:58     2026-09-09 23:59:58
INFO  [00:06:01.338]  2026-09-09 23:59:58    2026-09-09 23:59:59     2026-09-09 23:59:59
INFO  [00:06:01.338]  2026-09-09 23:59:59    2026-09-10 00:00:00     2026-09-10 00:00:00
INFO  [00:06:01.338]  2026-09-10 00:00:00    2026-09-10 00:00:01     2026-09-10 00:00:01
INFO  [00:06:01.338]  2026-09-10 00:00:01    2026-09-10 00:00:01     2026-09-10 00:00:01
INFO  [00:06:01.338]  2026-09-10 00:00:02    2026-09-10 00:00:03     2026-09-10 00:00:03
INFO  [00:06:01.338]  2026-09-10 00:00:04    2026-09-10 00:00:04     2026-09-10 00:00:04
INFO  [00:06:01.338]  2026-09-10 00:00:04    2026-09-10 00:00:13     2026-09-10 00:00:13
INFO  [00:06:01.338]  2026-09-10 00:00:14    2026-09-10 00:00:14     2026-09-10 00:00:14
INFO  [00:06:01.338]  2026-09-10 00:00:15    2026-09-10 00:00:15     2026-09-10 00:00:15
INFO  [00:06:01.338]  2026-09-10 00:00:16    2026-09-10 00:00:16     2026-09-10 00:00:16
INFO  [00:06:01.338]  2026-09-10 00:00:17    2026-09-10 00:00:17     2026-09-10 00:00:17
INFO  [00:06:01.338]  2026-09-10 00:00:18    2026-09-10 00:00:18     2026-09-10 00:00:18
INFO  [00:06:01.338]  2026-09-10 00:00:19    2026-09-10 00:00:19     2026-09-10 00:00:19
INFO  [00:06:01.338]  2026-09-10 00:00:20    2026-09-10 00:00:20     2026-09-10 00:00:20
INFO  [00:06:01.338]  2026-09-10 00:00:21    2026-09-10 00:00:21     2026-09-10 00:00:21
INFO  [00:06:01.338]  2026-09-10 00:00:21    2026-09-10 00:00:22     2026-09-10 00:00:22
INFO  [00:06:01.338]  2026-09-10 00:00:22    2026-09-10 00:00:23     2026-09-10 00:00:23
INFO  [00:06:01.338]  2026-09-10 00:00:23    2026-09-10 00:00:24     2026-09-10 00:00:24
INFO  [00:06:01.338]  2026-09-10 00:00:25    2026-09-10 00:00:25     2026-09-10 00:00:25
INFO  [00:06:01.338]  2026-09-10 00:00:26    2026-09-10 00:00:26     2026-09-10 00:00:26
INFO  [00:06:01.338]  2026-09-10 00:00:26    2026-09-10 00:00:27     2026-09-10 00:00:27
INFO  [00:06:01.338]  2026-09-10 00:00:27    2026-09-10 00:00:28     2026-09-10 00:00:28
INFO  [00:06:01.338]  2026-09-10 00:00:28    2026-09-10 00:00:29     2026-09-10 00:00:29
INFO  [00:06:01.338]  2026-09-10 00:00:29    2026-09-10 00:00:30     2026-09-10 00:00:30
INFO  [00:06:01.338]  2026-09-10 00:00:30    2026-09-10 00:00:32     2026-09-10 00:00:32
INFO  [00:06:01.338]  2026-09-10 00:00:32    2026-09-10 00:00:32     2026-09-10 00:00:32
INFO  [00:06:01.338]  2026-09-10 00:00:33    2026-09-10 00:00:33     2026-09-10 00:00:33
INFO  [00:06:01.338]  2026-09-10 00:00:34    2026-09-10 00:00:34     2026-09-10 00:00:34
INFO  [00:06:01.338]  2026-09-10 00:00:35    2026-09-10 00:00:36     2026-09-10 00:00:36
INFO  [00:06:01.338]  2026-09-10 00:00:36    2026-09-10 00:00:36     2026-09-10 00:00:36
INFO  [00:06:01.338]  2026-09-10 00:00:37    2026-09-10 00:00:37     2026-09-10 00:00:37
INFO  [00:06:01.338]  2026-09-10 00:00:38    2026-09-10 00:00:38     2026-09-10 00:00:38
INFO  [00:06:01.338]  2026-09-10 00:00:39    2026-09-10 00:00:39     2026-09-10 00:00:39
INFO  [00:06:01.338]  2026-09-10 00:00:40    2026-09-10 00:00:45     2026-09-10 00:00:45
INFO  [00:06:01.338]  2026-09-10 00:00:45    2026-09-10 00:00:46     2026-09-10 00:00:46
INFO  [00:06:01.338]  2026-09-10 00:00:46    2026-09-10 00:00:47     2026-09-10 00:00:47
INFO  [00:06:01.338]  2026-09-10 00:00:47    2026-09-10 00:00:48     2026-09-10 00:00:48
INFO  [00:06:01.338]  2026-09-10 00:00:48    2026-09-10 00:00:49     2026-09-10 00:00:49
INFO  [00:06:01.338]  2026-09-10 00:00:49    2026-09-10 00:00:50     2026-09-10 00:00:50
INFO  [00:06:01.338]  2026-09-10 00:00:50    2026-09-10 00:00:51     2026-09-10 00:00:51
INFO  [00:06:01.338]  2026-09-10 00:00:51    2026-09-10 00:00:52     2026-09-10 00:00:52
INFO  [00:06:01.338]  2026-09-10 00:00:52    2026-09-10 00:00:53     2026-09-10 00:00:53
INFO  [00:06:01.338]  2026-09-10 00:00:53    2026-09-10 00:00:54     2026-09-10 00:00:54
INFO  [00:06:01.338]  2026-09-10 00:00:54    2026-09-10 00:00:54     2026-09-10 00:00:54
INFO  [00:06:01.338]  2026-09-10 00:00:55    2026-09-10 00:00:55     2026-09-10 00:00:55
INFO  [00:06:01.338]  2026-09-10 00:00:56    2026-09-10 00:00:56     2026-09-10 00:00:56
INFO  [00:06:01.338]  2026-09-10 00:00:57    2026-09-10 00:00:57     2026-09-10 00:00:57
INFO  [00:06:01.338]  2026-09-10 00:00:58    2026-09-10 00:00:58     2026-09-10 00:00:58
INFO  [00:06:01.338]  2026-09-10 00:00:59    2026-09-10 00:00:59     2026-09-10 00:00:59
INFO  [00:06:01.338]  2026-09-10 00:01:00    2026-09-10 00:01:00     2026-09-10 00:01:00
INFO  [00:06:01.338]  2026-09-10 00:01:01    2026-09-10 00:01:02     2026-09-10 00:01:02
INFO  [00:06:01.338]  2026-09-10 00:01:02    2026-09-10 00:01:03     2026-09-10 00:01:03
INFO  [00:06:01.338]  2026-09-10 00:01:03    2026-09-10 00:01:03     2026-09-10 00:01:03
INFO  [00:06:01.338]  2026-09-10 00:01:04    2026-09-10 00:01:04     2026-09-10 00:01:04
INFO  [00:06:01.338]  2026-09-10 00:01:05    2026-09-10 00:01:05     2026-09-10 00:01:05
INFO  [00:06:01.338]  2026-09-10 00:01:06    2026-09-10 00:01:06     2026-09-10 00:01:06
INFO  [00:06:01.338]  2026-09-10 00:01:07    2026-09-10 00:01:07     2026-09-10 00:01:07
INFO  [00:06:01.338]  2026-09-10 00:01:08    2026-09-10 00:01:08     2026-09-10 00:01:08
INFO  [00:06:01.338]  2026-09-10 00:01:09    2026-09-10 00:01:09     2026-09-10 00:01:09
INFO  [00:06:01.338]  2026-09-10 00:01:10    2026-09-10 00:01:10     2026-09-10 00:01:10
INFO  [00:06:01.338]  2026-09-10 00:01:11    2026-09-10 00:01:11     2026-09-10 00:01:11
INFO  [00:06:01.338]  2026-09-10 00:01:12    2026-09-10 00:01:12     2026-09-10 00:01:12
INFO  [00:06:01.338]  2026-09-10 00:01:13    2026-09-10 00:01:13     2026-09-10 00:01:13
INFO  [00:06:01.338]  2026-09-10 00:01:14    2026-09-10 00:01:14     2026-09-10 00:01:14
INFO  [00:06:01.338]  2026-09-10 00:01:15    2026-09-10 00:01:15     2026-09-10 00:01:15
INFO  [00:06:01.338]  2026-09-10 00:01:16    2026-09-10 00:01:16     2026-09-10 00:01:16
INFO  [00:06:01.338]  2026-09-10 00:01:17    2026-09-10 00:01:17     2026-09-10 00:01:17
INFO  [00:06:01.338]  2026-09-10 00:01:18    2026-09-10 00:01:18     2026-09-10 00:01:18
INFO  [00:06:01.338]  2026-09-10 00:01:19    2026-09-10 00:01:19     2026-09-10 00:01:19
INFO  [00:06:01.338]  2026-09-10 00:01:20    2026-09-10 00:01:21     2026-09-10 00:01:21
INFO  [00:06:01.338]  2026-09-10 00:01:21    2026-09-10 00:01:22     2026-09-10 00:01:22
INFO  [00:06:01.338]  2026-09-10 00:01:22    2026-09-10 00:01:23     2026-09-10 00:01:23
INFO  [00:06:01.338]  2026-09-10 00:01:23    2026-09-10 00:01:24     2026-09-10 00:01:24
INFO  [00:06:01.338]  2026-09-10 00:01:24    2026-09-10 00:01:24     2026-09-10 00:01:24
INFO  [00:06:01.338]  2026-09-10 00:01:25    2026-09-10 00:01:25     2026-09-10 00:01:25
INFO  [00:06:01.338]  2026-09-10 00:01:26    2026-09-10 00:01:26     2026-09-10 00:01:26
INFO  [00:06:01.338]  2026-09-10 00:01:27    2026-09-10 00:01:28     2026-09-10 00:01:28
INFO  [00:06:01.338]  2026-09-10 00:01:28    2026-09-10 00:01:29     2026-09-10 00:01:29
INFO  [00:06:01.338]  2026-09-10 00:01:29    2026-09-10 00:01:30     2026-09-10 00:01:30
INFO  [00:06:01.338]  2026-09-10 00:01:30    2026-09-10 00:01:31     2026-09-10 00:01:31
INFO  [00:06:01.338]  2026-09-10 00:01:31    2026-09-10 00:01:32     2026-09-10 00:01:32
INFO  [00:06:01.338]  2026-09-10 00:01:32    2026-09-10 00:01:33     2026-09-10 00:01:33
INFO  [00:06:01.338]  2026-09-10 00:01:33    2026-09-10 00:01:34     2026-09-10 00:01:34
INFO  [00:06:01.338]  2026-09-10 00:01:34    2026-09-10 00:01:35     2026-09-10 00:01:35
INFO  [00:06:01.338]  2026-09-10 00:01:35    2026-09-10 00:01:36     2026-09-10 00:01:36
INFO  [00:06:01.338]  2026-09-10 00:01:36    2026-09-10 00:01:37     2026-09-10 00:01:37
INFO  [00:06:01.338]  2026-09-10 00:01:37    2026-09-10 00:01:38     2026-09-10 00:01:38
INFO  [00:06:01.338]  2026-09-10 00:01:38    2026-09-10 00:01:39     2026-09-10 00:01:39
INFO  [00:06:01.338]  2026-09-10 00:01:39    2026-09-10 00:01:40     2026-09-10 00:01:40
INFO  [00:06:01.338]  2026-09-10 00:01:40    2026-09-10 00:01:41     2026-09-10 00:01:41
INFO  [00:06:01.338]  2026-09-10 00:01:42    2026-09-10 00:01:42     2026-09-10 00:01:42
INFO  [00:06:01.338]  2026-09-10 00:01:43    2026-09-10 00:01:43     2026-09-10 00:01:43
INFO  [00:06:01.338]  2026-09-10 00:01:44    2026-09-10 00:01:44     2026-09-10 00:01:44
INFO  [00:06:01.338]  2026-09-10 00:01:45    2026-09-10 00:01:45     2026-09-10 00:01:45
INFO  [00:06:01.338]  2026-09-10 00:01:46    2026-09-10 00:01:47     2026-09-10 00:01:47
INFO  [00:06:01.338]  2026-09-10 00:01:47    2026-09-10 00:01:48     2026-09-10 00:01:48
INFO  [00:06:01.338]  2026-09-10 00:01:48    2026-09-10 00:01:49     2026-09-10 00:01:49
INFO  [00:06:01.338]  2026-09-10 00:01:49    2026-09-10 00:01:50     2026-09-10 00:01:50
INFO  [00:06:01.338]  2026-09-10 00:01:50    2026-09-10 00:01:51     2026-09-10 00:01:51
INFO  [00:06:01.338]  2026-09-10 00:01:51    2026-09-10 00:01:52     2026-09-10 00:01:52
INFO  [00:06:01.338]  2026-09-10 00:01:53    2026-09-10 00:01:53     2026-09-10 00:01:53
INFO  [00:06:01.338]  2026-09-10 00:01:54    2026-09-10 00:01:54     2026-09-10 00:01:54
INFO  [00:06:01.338]  2026-09-10 00:01:55    2026-09-10 00:01:55     2026-09-10 00:01:55
INFO  [00:06:01.338]  2026-09-10 00:01:56    2026-09-10 00:01:56     2026-09-10 00:01:56
INFO  [00:06:01.338]  2026-09-10 00:01:57    2026-09-10 00:01:58     2026-09-10 00:01:58
INFO  [00:06:01.338]  2026-09-10 00:01:58    2026-09-10 00:01:59     2026-09-10 00:01:59
INFO  [00:06:01.338]  2026-09-10 00:01:59    2026-09-10 00:02:00     2026-09-10 00:02:00
INFO  [00:06:01.338]  2026-09-10 00:02:00    2026-09-10 00:02:01     2026-09-10 00:02:01
INFO  [00:06:01.338]  2026-09-10 00:02:01    2026-09-10 00:02:02     2026-09-10 00:02:02
INFO  [00:06:01.338]  2026-09-10 00:02:03    2026-09-10 00:02:03     2026-09-10 00:02:03
INFO  [00:06:01.338]  2026-09-10 00:02:04    2026-09-10 00:02:04     2026-09-10 00:02:04
INFO  [00:06:01.338]  2026-09-10 00:02:05    2026-09-10 00:02:05     2026-09-10 00:02:05
INFO  [00:06:01.338]  2026-09-10 00:02:06    2026-09-10 00:02:06     2026-09-10 00:02:06
INFO  [00:06:01.338]  2026-09-10 00:02:07    2026-09-10 00:02:07     2026-09-10 00:02:07
INFO  [00:06:01.338]  2026-09-10 00:02:08    2026-09-10 00:02:09     2026-09-10 00:02:09
INFO  [00:06:01.338]  2026-09-10 00:02:09    2026-09-10 00:02:10     2026-09-10 00:02:10
INFO  [00:06:01.338]  2026-09-10 00:02:10    2026-09-10 00:02:11     2026-09-10 00:02:11
INFO  [00:06:01.338]  2026-09-10 00:02:11    2026-09-10 00:02:12     2026-09-10 00:02:12
INFO  [00:06:01.338]  2026-09-10 00:02:13    2026-09-10 00:02:13     2026-09-10 00:02:13
INFO  [00:06:01.338]  2026-09-10 00:02:14    2026-09-10 00:02:14     2026-09-10 00:02:14
INFO  [00:06:01.338]  2026-09-10 00:02:15    2026-09-10 00:02:15     2026-09-10 00:02:15
INFO  [00:06:01.338]  2026-09-10 00:02:16    2026-09-10 00:02:16     2026-09-10 00:02:16
INFO  [00:06:01.338]  2026-09-10 00:02:17    2026-09-10 00:02:18     2026-09-10 00:02:18
INFO  [00:06:01.338]  2026-09-10 00:02:18    2026-09-10 00:02:19     2026-09-10 00:02:19
INFO  [00:06:01.338]  2026-09-10 00:02:19    2026-09-10 00:02:20     2026-09-10 00:02:20
INFO  [00:06:01.338]  2026-09-10 00:02:20    2026-09-10 00:02:21     2026-09-10 00:02:21
INFO  [00:06:01.338]  2026-09-10 00:02:21    2026-09-10 00:02:22     2026-09-10 00:02:22
INFO  [00:06:01.338]  2026-09-10 00:02:23    2026-09-10 00:02:23     2026-09-10 00:02:23
INFO  [00:06:01.338]  2026-09-10 00:02:24    2026-09-10 00:02:24     2026-09-10 00:02:24
INFO  [00:06:01.338]  2026-09-10 00:02:25    2026-09-10 00:02:25     2026-09-10 00:02:25
INFO  [00:06:01.338]  2026-09-10 00:02:26    2026-09-10 00:02:27     2026-09-10 00:02:27
INFO  [00:06:01.338]  2026-09-10 00:02:27    2026-09-10 00:02:28     2026-09-10 00:02:28
INFO  [00:06:01.338]  2026-09-10 00:02:28    2026-09-10 00:02:29     2026-09-10 00:02:29
INFO  [00:06:01.338]  2026-09-10 00:02:29    2026-09-10 00:02:30     2026-09-10 00:02:30
INFO  [00:06:01.338]  2026-09-10 00:02:30    2026-09-10 00:02:31     2026-09-10 00:02:31
INFO  [00:06:01.338]  2026-09-10 00:02:32    2026-09-10 00:02:32     2026-09-10 00:02:32
INFO  [00:06:01.338]  2026-09-10 00:02:33    2026-09-10 00:02:33     2026-09-10 00:02:33
INFO  [00:06:01.338]  2026-09-10 00:02:34    2026-09-10 00:02:34     2026-09-10 00:02:34
INFO  [00:06:01.338]  2026-09-10 00:02:35    2026-09-10 00:02:36     2026-09-10 00:02:36
INFO  [00:06:01.338]  2026-09-10 00:02:36    2026-09-10 00:02:37     2026-09-10 00:02:37
INFO  [00:06:01.338]  2026-09-10 00:02:37    2026-09-10 00:02:38     2026-09-10 00:02:38
INFO  [00:06:01.338]  2026-09-10 00:02:39    2026-09-10 00:02:39     2026-09-10 00:02:39
INFO  [00:06:01.338]  2026-09-10 00:02:40    2026-09-10 00:02:40     2026-09-10 00:02:40
INFO  [00:06:01.338]  2026-09-10 00:02:41    2026-09-10 00:02:41     2026-09-10 00:02:41
INFO  [00:06:01.338]  2026-09-10 00:02:42    2026-09-10 00:02:42     2026-09-10 00:02:42
INFO  [00:06:01.338]  2026-09-10 00:02:43    2026-09-10 00:02:44     2026-09-10 00:02:44
INFO  [00:06:01.338]  2026-09-10 00:02:45    2026-09-10 00:02:45     2026-09-10 00:02:45
INFO  [00:06:01.338]  2026-09-10 00:02:46    2026-09-10 00:02:46     2026-09-10 00:02:46
INFO  [00:06:01.338]  2026-09-10 00:02:47    2026-09-10 00:02:47     2026-09-10 00:02:47
INFO  [00:06:01.338]  2026-09-10 00:02:48    2026-09-10 00:02:48     2026-09-10 00:02:48
INFO  [00:06:01.338]  2026-09-10 00:02:49    2026-09-10 00:02:49     2026-09-10 00:02:49
INFO  [00:06:01.338]  2026-09-10 00:02:50    2026-09-10 00:02:51     2026-09-10 00:02:51
INFO  [00:06:01.338]  2026-09-10 00:02:51    2026-09-10 00:02:52     2026-09-10 00:02:52
INFO  [00:06:01.338]  2026-09-10 00:02:53    2026-09-10 00:02:53     2026-09-10 00:02:53
INFO  [00:06:01.338]  2026-09-10 00:02:54    2026-09-10 00:02:54     2026-09-10 00:02:54
INFO  [00:06:01.338]  2026-09-10 00:02:55    2026-09-10 00:02:55     2026-09-10 00:02:55
INFO  [00:06:01.338]  2026-09-10 00:02:56    2026-09-10 00:02:57     2026-09-10 00:02:57
INFO  [00:06:01.338]  2026-09-10 00:02:57    2026-09-10 00:02:58     2026-09-10 00:02:58
INFO  [00:06:01.338]  2026-09-10 00:02:58    2026-09-10 00:02:59     2026-09-10 00:02:59
INFO  [00:06:01.338]  2026-09-10 00:03:00    2026-09-10 00:03:00     2026-09-10 00:03:00
INFO  [00:06:01.338]  2026-09-10 00:03:01    2026-09-10 00:03:01     2026-09-10 00:03:01
INFO  [00:06:01.338]  2026-09-10 00:03:02    2026-09-10 00:03:02     2026-09-10 00:03:02
INFO  [00:06:01.338]  2026-09-10 00:03:03    2026-09-10 00:03:04     2026-09-10 00:03:04
INFO  [00:06:01.338]  2026-09-10 00:03:04    2026-09-10 00:03:05     2026-09-10 00:03:05
INFO  [00:06:01.338]  2026-09-10 00:03:05    2026-09-10 00:03:06     2026-09-10 00:03:06
INFO  [00:06:01.338]  2026-09-10 00:03:06    2026-09-10 00:03:07     2026-09-10 00:03:07
INFO  [00:06:01.338]  2026-09-10 00:03:08    2026-09-10 00:03:08     2026-09-10 00:03:08
INFO  [00:06:01.338]  2026-09-10 00:03:09    2026-09-10 00:03:09     2026-09-10 00:03:09
INFO  [00:06:01.338]  2026-09-10 00:03:10    2026-09-10 00:03:10     2026-09-10 00:03:10
INFO  [00:06:01.338]  2026-09-10 00:03:11    2026-09-10 00:03:12     2026-09-10 00:03:12
INFO  [00:06:01.338]  2026-09-10 00:03:12    2026-09-10 00:03:13     2026-09-10 00:03:13
INFO  [00:06:01.338]  2026-09-10 00:03:14    2026-09-10 00:03:14     2026-09-10 00:03:14
INFO  [00:06:01.338]  2026-09-10 00:03:15    2026-09-10 00:03:15     2026-09-10 00:03:15
INFO  [00:06:01.338]  2026-09-10 00:03:16    2026-09-10 00:03:16     2026-09-10 00:03:16
INFO  [00:06:01.338]  2026-09-10 00:03:17    2026-09-10 00:03:18     2026-09-10 00:03:18
INFO  [00:06:01.338]  2026-09-10 00:03:18    2026-09-10 00:03:19     2026-09-10 00:03:19
INFO  [00:06:01.338]  2026-09-10 00:03:20    2026-09-10 00:03:20     2026-09-10 00:03:20
INFO  [00:06:01.338]  2026-09-10 00:03:21    2026-09-10 00:03:21     2026-09-10 00:03:21
INFO  [00:06:01.338]  2026-09-10 00:03:22    2026-09-10 00:03:22     2026-09-10 00:03:22
INFO  [00:06:01.338]  2026-09-10 00:03:23    2026-09-10 00:03:23     2026-09-10 00:03:23
INFO  [00:06:01.338]  2026-09-10 00:03:24    2026-09-10 00:03:25     2026-09-10 00:03:25
INFO  [00:06:01.338]  2026-09-10 00:03:25    2026-09-10 00:03:26     2026-09-10 00:03:26
INFO  [00:06:01.338]  2026-09-10 00:03:27    2026-09-10 00:03:27     2026-09-10 00:03:27
INFO  [00:06:01.338]  2026-09-10 00:03:28    2026-09-10 00:03:28     2026-09-10 00:03:28
INFO  [00:06:01.338]  2026-09-10 00:03:29    2026-09-10 00:03:29     2026-09-10 00:03:29
INFO  [00:06:01.338]  2026-09-10 00:03:30    2026-09-10 00:03:31     2026-09-10 00:03:31
INFO  [00:06:01.338]  2026-09-10 00:03:31    2026-09-10 00:03:32     2026-09-10 00:03:32
INFO  [00:06:01.338]  2026-09-10 00:03:32    2026-09-10 00:03:33     2026-09-10 00:03:33
INFO  [00:06:01.338]  2026-09-10 00:03:34    2026-09-10 00:03:34     2026-09-10 00:03:34
INFO  [00:06:01.338]  2026-09-10 00:03:35    2026-09-10 00:03:35     2026-09-10 00:03:35
INFO  [00:06:01.338]  2026-09-10 00:03:36    2026-09-10 00:03:37     2026-09-10 00:03:37
INFO  [00:06:01.338]  2026-09-10 00:03:37    2026-09-10 00:03:38     2026-09-10 00:03:38
INFO  [00:06:01.338]  2026-09-10 00:03:39    2026-09-10 00:03:39     2026-09-10 00:03:39
INFO  [00:06:01.338]  2026-09-10 00:03:40    2026-09-10 00:03:40     2026-09-10 00:03:40
INFO  [00:06:01.338]  2026-09-10 00:03:41    2026-09-10 00:03:41     2026-09-10 00:03:41
INFO  [00:06:01.338]  2026-09-10 00:03:42    2026-09-10 00:03:43     2026-09-10 00:03:43
INFO  [00:06:01.338]  2026-09-10 00:03:43    2026-09-10 00:03:44     2026-09-10 00:03:44
INFO  [00:06:01.338]  2026-09-10 00:03:45    2026-09-10 00:03:45     2026-09-10 00:03:45
INFO  [00:06:01.338]  2026-09-10 00:03:46    2026-09-10 00:03:46     2026-09-10 00:03:46
INFO  [00:06:01.338]  2026-09-10 00:03:47    2026-09-10 00:03:48     2026-09-10 00:03:48
INFO  [00:06:01.338]  2026-09-10 00:03:48    2026-09-10 00:03:49     2026-09-10 00:03:49
INFO  [00:06:01.338]  2026-09-10 00:03:49    2026-09-10 00:03:50     2026-09-10 00:03:50
INFO  [00:06:01.338]  2026-09-10 00:03:51    2026-09-10 00:03:51     2026-09-10 00:03:51
INFO  [00:06:01.338]  2026-09-10 00:03:52    2026-09-10 00:03:52     2026-09-10 00:03:52
INFO  [00:06:01.338]  2026-09-10 00:03:53    2026-09-10 00:03:54     2026-09-10 00:03:54
INFO  [00:06:01.338]  2026-09-10 00:03:54    2026-09-10 00:03:55     2026-09-10 00:03:55
INFO  [00:06:01.338]  2026-09-10 00:03:55    2026-09-10 00:03:56     2026-09-10 00:03:56
INFO  [00:06:01.338]  2026-09-10 00:03:57    2026-09-10 00:03:57     2026-09-10 00:03:57
INFO  [00:06:01.338]  2026-09-10 00:03:58    2026-09-10 00:03:59     2026-09-10 00:03:59
INFO  [00:06:01.338]  2026-09-10 00:04:00    2026-09-10 00:04:00     2026-09-10 00:04:00
INFO  [00:06:01.338]  2026-09-10 00:04:01    2026-09-10 00:04:01     2026-09-10 00:04:01
INFO  [00:06:01.338]  2026-09-10 00:04:02    2026-09-10 00:04:02     2026-09-10 00:04:02
INFO  [00:06:01.338]  2026-09-10 00:04:03    2026-09-10 00:04:04     2026-09-10 00:04:04
INFO  [00:06:01.338]  2026-09-10 00:04:04    2026-09-10 00:04:05     2026-09-10 00:04:05
INFO  [00:06:01.338]  2026-09-10 00:04:06    2026-09-10 00:04:06     2026-09-10 00:04:06
INFO  [00:06:01.338]  2026-09-10 00:04:07    2026-09-10 00:04:08     2026-09-10 00:04:08
INFO  [00:06:01.338]  2026-09-10 00:04:08    2026-09-10 00:04:09     2026-09-10 00:04:09
INFO  [00:06:01.338]  2026-09-10 00:04:10    2026-09-10 00:04:10     2026-09-10 00:04:10
INFO  [00:06:01.338]  2026-09-10 00:04:11    2026-09-10 00:04:12     2026-09-10 00:04:12
INFO  [00:06:01.338]  2026-09-10 00:04:12    2026-09-10 00:04:13     2026-09-10 00:04:13
INFO  [00:06:01.338]  2026-09-10 00:04:13    2026-09-10 00:04:14     2026-09-10 00:04:14
INFO  [00:06:01.338]  2026-09-10 00:04:15    2026-09-10 00:04:15     2026-09-10 00:04:15
INFO  [00:06:01.338]  2026-09-10 00:04:16    2026-09-10 00:04:17     2026-09-10 00:04:17
INFO  [00:06:01.338]  2026-09-10 00:04:17    2026-09-10 00:04:18     2026-09-10 00:04:18
INFO  [00:06:01.338]  2026-09-10 00:04:18    2026-09-10 00:04:19     2026-09-10 00:04:19
INFO  [00:06:01.338]  2026-09-10 00:04:20    2026-09-10 00:04:20     2026-09-10 00:04:20
INFO  [00:06:01.338]  2026-09-10 00:04:21    2026-09-10 00:04:22     2026-09-10 00:04:22
INFO  [00:06:01.338]  2026-09-10 00:04:22    2026-09-10 00:04:23     2026-09-10 00:04:23
INFO  [00:06:01.338]  2026-09-10 00:04:24    2026-09-10 00:04:24     2026-09-10 00:04:24
INFO  [00:06:01.338]  2026-09-10 00:04:25    2026-09-10 00:04:25     2026-09-10 00:04:25
INFO  [00:06:01.338]  2026-09-10 00:04:26    2026-09-10 00:04:27     2026-09-10 00:04:27
INFO  [00:06:01.338]  2026-09-10 00:04:27    2026-09-10 00:04:28     2026-09-10 00:04:28
INFO  [00:06:01.338]  2026-09-10 00:04:29    2026-09-10 00:04:29     2026-09-10 00:04:29
INFO  [00:06:01.338]  2026-09-10 00:04:30    2026-09-10 00:04:31     2026-09-10 00:04:31
INFO  [00:06:01.338]  2026-09-10 00:04:31    2026-09-10 00:04:32     2026-09-10 00:04:32
INFO  [00:06:01.338]  2026-09-10 00:04:33    2026-09-10 00:04:33     2026-09-10 00:04:33
INFO  [00:06:01.338]  2026-09-10 00:04:34    2026-09-10 00:04:34     2026-09-10 00:04:34
INFO  [00:06:01.338]  2026-09-10 00:04:35    2026-09-10 00:04:36     2026-09-10 00:04:36
INFO  [00:06:01.338]  2026-09-10 00:04:36    2026-09-10 00:04:37     2026-09-10 00:04:37
INFO  [00:06:01.338]  2026-09-10 00:04:38    2026-09-10 00:04:38     2026-09-10 00:04:38
INFO  [00:06:01.338]  2026-09-10 00:04:39    2026-09-10 00:04:40     2026-09-10 00:04:40
INFO  [00:06:01.338]  2026-09-10 00:04:40    2026-09-10 00:04:41     2026-09-10 00:04:41
INFO  [00:06:01.338]  2026-09-10 00:04:41    2026-09-10 00:04:42     2026-09-10 00:04:42
INFO  [00:06:01.338]  2026-09-10 00:04:43    2026-09-10 00:04:43     2026-09-10 00:04:43
INFO  [00:06:01.338]  2026-09-10 00:04:44    2026-09-10 00:04:45     2026-09-10 00:04:45
INFO  [00:06:01.338]  2026-09-10 00:04:45    2026-09-10 00:04:46     2026-09-10 00:04:46
INFO  [00:06:01.338]  2026-09-10 00:04:47    2026-09-10 00:04:48     2026-09-10 00:04:48
INFO  [00:06:01.338]  2026-09-10 00:04:48    2026-09-10 00:04:49     2026-09-10 00:04:49
INFO  [00:06:01.338]  2026-09-10 00:04:49    2026-09-10 00:04:50     2026-09-10 00:04:50
INFO  [00:06:01.338]  2026-09-10 00:04:51    2026-09-10 00:04:51     2026-09-10 00:04:51
INFO  [00:06:01.338]  2026-09-10 00:04:52    2026-09-10 00:04:53     2026-09-10 00:04:53
INFO  [00:06:01.338]  2026-09-10 00:04:53    2026-09-10 00:04:54     2026-09-10 00:04:54
INFO  [00:06:01.338]  2026-09-10 00:04:54    2026-09-10 00:04:55     2026-09-10 00:04:55
INFO  [00:06:01.338]  2026-09-10 00:04:56    2026-09-10 00:04:56     2026-09-10 00:04:56
INFO  [00:06:01.338]  2026-09-10 00:04:57    2026-09-10 00:04:58     2026-09-10 00:04:58
INFO  [00:06:01.338]  2026-09-10 00:04:58    2026-09-10 00:04:59     2026-09-10 00:04:59
INFO  [00:06:01.338]  2026-09-10 00:05:00    2026-09-10 00:05:00     2026-09-10 00:05:00
INFO  [00:06:01.338]  2026-09-10 00:05:01    2026-09-10 00:05:02     2026-09-10 00:05:02
INFO  [00:06:01.338]  2026-09-10 00:05:02    2026-09-10 00:05:03     2026-09-10 00:05:03
INFO  [00:06:01.338]  2026-09-10 00:05:04    2026-09-10 00:05:04     2026-09-10 00:05:04
INFO  [00:06:01.338]  2026-09-10 00:05:05    2026-09-10 00:05:06     2026-09-10 00:05:06
INFO  [00:06:01.338]  2026-09-10 00:05:06    2026-09-10 00:05:07     2026-09-10 00:05:07
INFO  [00:06:01.338]  2026-09-10 00:05:08    2026-09-10 00:05:08     2026-09-10 00:05:08
INFO  [00:06:01.338]  2026-09-10 00:05:09    2026-09-10 00:05:09     2026-09-10 00:05:09
INFO  [00:06:01.338]  2026-09-10 00:05:10    2026-09-10 00:05:11     2026-09-10 00:05:11
INFO  [00:06:01.338]  2026-09-10 00:05:12    2026-09-10 00:05:12     2026-09-10 00:05:12
INFO  [00:06:01.338]  2026-09-10 00:05:13    2026-09-10 00:05:13     2026-09-10 00:05:13
INFO  [00:06:01.338]  2026-09-10 00:05:14    2026-09-10 00:05:15     2026-09-10 00:05:15
INFO  [00:06:01.338]  2026-09-10 00:05:16    2026-09-10 00:05:16     2026-09-10 00:05:16
INFO  [00:06:01.338]  2026-09-10 00:05:17    2026-09-10 00:05:17     2026-09-10 00:05:17
INFO  [00:06:01.338]  2026-09-10 00:05:18    2026-09-10 00:05:19     2026-09-10 00:05:19
INFO  [00:06:01.338]  2026-09-10 00:05:19    2026-09-10 00:05:20     2026-09-10 00:05:20
INFO  [00:06:01.338]  2026-09-10 00:05:21    2026-09-10 00:05:21     2026-09-10 00:05:21
INFO  [00:06:01.338]  2026-09-10 00:05:22    2026-09-10 00:05:23     2026-09-10 00:05:23
INFO  [00:06:01.338]  2026-09-10 00:05:24    2026-09-10 00:05:24     2026-09-10 00:05:24
INFO  [00:06:01.338]  2026-09-10 00:05:25    2026-09-10 00:05:26     2026-09-10 00:05:26
INFO  [00:06:01.338]  2026-09-10 00:05:26    2026-09-10 00:05:27     2026-09-10 00:05:27
INFO  [00:06:01.338]  2026-09-10 00:05:28    2026-09-10 00:05:28     2026-09-10 00:05:28
INFO  [00:06:01.338]  2026-09-10 00:05:29    2026-09-10 00:05:29     2026-09-10 00:05:29
INFO  [00:06:01.338]  2026-09-10 00:05:30    2026-09-10 00:05:31     2026-09-10 00:05:31
INFO  [00:06:01.338]  2026-09-10 00:05:32    2026-09-10 00:05:32     2026-09-10 00:05:32
INFO  [00:06:01.338]  2026-09-10 00:05:33    2026-09-10 00:05:34     2026-09-10 00:05:34
INFO  [00:06:01.338]  2026-09-10 00:05:34    2026-09-10 00:05:35     2026-09-10 00:05:35
INFO  [00:06:01.338]  2026-09-10 00:05:36    2026-09-10 00:05:36     2026-09-10 00:05:36
INFO  [00:06:01.338]  2026-09-10 00:05:37    2026-09-10 00:05:38     2026-09-10 00:05:38
INFO  [00:06:01.338]  2026-09-10 00:05:39    2026-09-10 00:05:39     2026-09-10 00:05:39
INFO  [00:06:01.338]  2026-09-10 00:05:40    2026-09-10 00:05:41     2026-09-10 00:05:41
INFO  [00:06:01.338]  2026-09-10 00:05:42    2026-09-10 00:05:42     2026-09-10 00:05:42
INFO  [00:06:01.338]  2026-09-10 00:05:43    2026-09-10 00:05:44     2026-09-10 00:05:44
INFO  [00:06:01.338]  2026-09-10 00:05:44    2026-09-10 00:05:45     2026-09-10 00:05:45
INFO  [00:06:01.338]  2026-09-10 00:05:46    2026-09-10 00:05:46     2026-09-10 00:05:46
INFO  [00:06:01.338]  2026-09-10 00:05:47    2026-09-10 00:05:48     2026-09-10 00:05:48
INFO  [00:06:01.338]  2026-09-10 00:05:49    2026-09-10 00:05:49     2026-09-10 00:05:49
INFO  [00:06:01.338]  2026-09-10 00:05:50    2026-09-10 00:05:51     2026-09-10 00:05:51
INFO  [00:06:01.338]  2026-09-10 00:05:51    2026-09-10 00:05:52     2026-09-10 00:05:52
INFO  [00:06:01.338]  2026-09-10 00:05:53    2026-09-10 00:05:53     2026-09-10 00:05:53
INFO  [00:06:01.338]  2026-09-10 00:05:54    2026-09-10 00:05:55     2026-09-10 00:05:55
INFO  [00:06:01.338]  2026-09-10 00:05:55    2026-09-10 00:05:56     2026-09-10 00:05:56
INFO  [00:06:01.338]  2026-09-10 00:05:57    2026-09-10 00:05:58     2026-09-10 00:05:58
INFO  [00:06:01.338]  timestamp_surrogate timestamp_acq_function timestamp_acq_optimizer
INFO  [00:06:01.338]       timestamp_loop
INFO  [00:06:01.338]  2026-09-09 23:57:50
INFO  [00:06:01.338]  2026-09-09 23:57:52
INFO  [00:06:01.338]  2026-09-09 23:57:53
INFO  [00:06:01.338]  2026-09-09 23:57:53
INFO  [00:06:01.338]  2026-09-09 23:57:54
INFO  [00:06:01.338]  2026-09-09 23:57:55
INFO  [00:06:01.338]  2026-09-09 23:57:56
INFO  [00:06:01.338]  2026-09-09 23:57:57
INFO  [00:06:01.338]  2026-09-09 23:57:58
INFO  [00:06:01.338]  2026-09-09 23:57:58
INFO  [00:06:01.338]  2026-09-09 23:57:59
INFO  [00:06:01.338]  2026-09-09 23:58:00
INFO  [00:06:01.338]  2026-09-09 23:58:01
INFO  [00:06:01.338]  2026-09-09 23:58:01
INFO  [00:06:01.338]  2026-09-09 23:58:02
INFO  [00:06:01.338]  2026-09-09 23:58:03
INFO  [00:06:01.338]  2026-09-09 23:58:04
INFO  [00:06:01.338]  2026-09-09 23:58:04
INFO  [00:06:01.338]  2026-09-09 23:58:05
INFO  [00:06:01.338]  2026-09-09 23:58:06
INFO  [00:06:01.338]  2026-09-09 23:58:07
INFO  [00:06:01.338]  2026-09-09 23:58:08
INFO  [00:06:01.338]  2026-09-09 23:58:08
INFO  [00:06:01.338]  2026-09-09 23:58:09
INFO  [00:06:01.338]  2026-09-09 23:58:10
INFO  [00:06:01.338]  2026-09-09 23:58:11
INFO  [00:06:01.338]  2026-09-09 23:58:11
INFO  [00:06:01.338]  2026-09-09 23:58:12
INFO  [00:06:01.338]  2026-09-09 23:58:13
INFO  [00:06:01.338]  2026-09-09 23:58:14
INFO  [00:06:01.338]  2026-09-09 23:58:15
INFO  [00:06:01.338]  2026-09-09 23:58:15
INFO  [00:06:01.338]  2026-09-09 23:58:16
INFO  [00:06:01.338]  2026-09-09 23:58:17
INFO  [00:06:01.338]  2026-09-09 23:58:18
INFO  [00:06:01.338]  2026-09-09 23:58:19
INFO  [00:06:01.338]  2026-09-09 23:58:19
INFO  [00:06:01.338]  2026-09-09 23:58:20
INFO  [00:06:01.338]  2026-09-09 23:58:21
INFO  [00:06:01.338]  2026-09-09 23:58:22
INFO  [00:06:01.338]  2026-09-09 23:58:23
INFO  [00:06:01.338]  2026-09-09 23:58:23
INFO  [00:06:01.338]  2026-09-09 23:58:24
INFO  [00:06:01.338]  2026-09-09 23:58:25
INFO  [00:06:01.338]  2026-09-09 23:58:26
INFO  [00:06:01.338]  2026-09-09 23:58:27
INFO  [00:06:01.338]  2026-09-09 23:58:28
INFO  [00:06:01.338]  2026-09-09 23:58:28
INFO  [00:06:01.338]  2026-09-09 23:58:29
INFO  [00:06:01.338]  2026-09-09 23:58:30
INFO  [00:06:01.338]  2026-09-09 23:58:31
INFO  [00:06:01.338]  2026-09-09 23:58:32
INFO  [00:06:01.338]  2026-09-09 23:58:33
INFO  [00:06:01.338]  2026-09-09 23:58:33
INFO  [00:06:01.338]  2026-09-09 23:58:34
INFO  [00:06:01.338]  2026-09-09 23:58:35
INFO  [00:06:01.338]  2026-09-09 23:58:36
INFO  [00:06:01.338]  2026-09-09 23:58:37
INFO  [00:06:01.338]  2026-09-09 23:58:37
INFO  [00:06:01.338]  2026-09-09 23:58:38
INFO  [00:06:01.338]  2026-09-09 23:58:39
INFO  [00:06:01.338]  2026-09-09 23:58:40
INFO  [00:06:01.338]  2026-09-09 23:58:41
INFO  [00:06:01.338]  2026-09-09 23:58:42
INFO  [00:06:01.338]  2026-09-09 23:58:43
INFO  [00:06:01.338]  2026-09-09 23:58:43
INFO  [00:06:01.338]  2026-09-09 23:58:44
INFO  [00:06:01.338]  2026-09-09 23:58:45
INFO  [00:06:01.338]  2026-09-09 23:58:46
INFO  [00:06:01.338]  2026-09-09 23:58:47
INFO  [00:06:01.338]  2026-09-09 23:58:47
INFO  [00:06:01.338]  2026-09-09 23:58:48
INFO  [00:06:01.338]  2026-09-09 23:58:49
INFO  [00:06:01.338]  2026-09-09 23:58:50
INFO  [00:06:01.338]  2026-09-09 23:58:51
INFO  [00:06:01.338]  2026-09-09 23:58:52
INFO  [00:06:01.338]  2026-09-09 23:58:53
INFO  [00:06:01.338]  2026-09-09 23:58:54
INFO  [00:06:01.338]  2026-09-09 23:58:54
INFO  [00:06:01.338]  2026-09-09 23:58:55
INFO  [00:06:01.338]  2026-09-09 23:58:56
INFO  [00:06:01.338]  2026-09-09 23:58:57
INFO  [00:06:01.338]  2026-09-09 23:58:58
INFO  [00:06:01.338]  2026-09-09 23:58:59
INFO  [00:06:01.338]  2026-09-09 23:59:00
INFO  [00:06:01.338]  2026-09-09 23:59:00
INFO  [00:06:01.338]  2026-09-09 23:59:01
INFO  [00:06:01.338]  2026-09-09 23:59:02
INFO  [00:06:01.338]  2026-09-09 23:59:03
INFO  [00:06:01.338]  2026-09-09 23:59:04
INFO  [00:06:01.338]  2026-09-09 23:59:05
INFO  [00:06:01.338]  2026-09-09 23:59:06
INFO  [00:06:01.338]  2026-09-09 23:59:07
INFO  [00:06:01.338]  2026-09-09 23:59:08
INFO  [00:06:01.338]  2026-09-09 23:59:08
INFO  [00:06:01.338]  2026-09-09 23:59:09
INFO  [00:06:01.338]  2026-09-09 23:59:10
INFO  [00:06:01.338]  2026-09-09 23:59:11
INFO  [00:06:01.338]  2026-09-09 23:59:12
INFO  [00:06:01.338]  2026-09-09 23:59:13
INFO  [00:06:01.338]  2026-09-09 23:59:14
INFO  [00:06:01.338]  2026-09-09 23:59:15
INFO  [00:06:01.338]  2026-09-09 23:59:16
INFO  [00:06:01.338]  2026-09-09 23:59:17
INFO  [00:06:01.338]  2026-09-09 23:59:18
INFO  [00:06:01.338]  2026-09-09 23:59:19
INFO  [00:06:01.338]  2026-09-09 23:59:19
INFO  [00:06:01.338]  2026-09-09 23:59:20
INFO  [00:06:01.338]  2026-09-09 23:59:21
INFO  [00:06:01.338]  2026-09-09 23:59:22
INFO  [00:06:01.338]  2026-09-09 23:59:23
INFO  [00:06:01.338]  2026-09-09 23:59:24
INFO  [00:06:01.338]  2026-09-09 23:59:25
INFO  [00:06:01.338]  2026-09-09 23:59:26
INFO  [00:06:01.338]  2026-09-09 23:59:27
INFO  [00:06:01.338]  2026-09-09 23:59:28
INFO  [00:06:01.338]  2026-09-09 23:59:29
INFO  [00:06:01.338]  2026-09-09 23:59:30
INFO  [00:06:01.338]  2026-09-09 23:59:31
INFO  [00:06:01.338]  2026-09-09 23:59:31
INFO  [00:06:01.338]  2026-09-09 23:59:32
INFO  [00:06:01.338]  2026-09-09 23:59:33
INFO  [00:06:01.338]  2026-09-09 23:59:34
INFO  [00:06:01.338]  2026-09-09 23:59:35
INFO  [00:06:01.338]  2026-09-09 23:59:36
INFO  [00:06:01.338]  2026-09-09 23:59:37
INFO  [00:06:01.338]  2026-09-09 23:59:38
INFO  [00:06:01.338]  2026-09-09 23:59:39
INFO  [00:06:01.338]  2026-09-09 23:59:40
INFO  [00:06:01.338]  2026-09-09 23:59:41
INFO  [00:06:01.338]  2026-09-09 23:59:42
INFO  [00:06:01.338]  2026-09-09 23:59:43
INFO  [00:06:01.338]  2026-09-09 23:59:44
INFO  [00:06:01.338]  2026-09-09 23:59:44
INFO  [00:06:01.338]  2026-09-09 23:59:45
INFO  [00:06:01.338]  2026-09-09 23:59:46
INFO  [00:06:01.338]  2026-09-09 23:59:47
INFO  [00:06:01.338]  2026-09-09 23:59:48
INFO  [00:06:01.338]  2026-09-09 23:59:49
INFO  [00:06:01.338]  2026-09-09 23:59:50
INFO  [00:06:01.338]  2026-09-09 23:59:52
INFO  [00:06:01.338]  2026-09-09 23:59:52
INFO  [00:06:01.338]  2026-09-09 23:59:53
INFO  [00:06:01.338]  2026-09-09 23:59:54
INFO  [00:06:01.338]  2026-09-09 23:59:55
INFO  [00:06:01.338]  2026-09-09 23:59:56
INFO  [00:06:01.338]  2026-09-09 23:59:57
INFO  [00:06:01.338]  2026-09-09 23:59:58
INFO  [00:06:01.338]  2026-09-09 23:59:59
INFO  [00:06:01.338]  2026-09-10 00:00:00
INFO  [00:06:01.338]  2026-09-10 00:00:01
INFO  [00:06:01.338]  2026-09-10 00:00:02
INFO  [00:06:01.338]  2026-09-10 00:00:04
INFO  [00:06:01.338]  2026-09-10 00:00:04
INFO  [00:06:01.338]  2026-09-10 00:00:14
INFO  [00:06:01.338]  2026-09-10 00:00:15
INFO  [00:06:01.338]  2026-09-10 00:00:16
INFO  [00:06:01.338]  2026-09-10 00:00:17
INFO  [00:06:01.338]  2026-09-10 00:00:18
INFO  [00:06:01.338]  2026-09-10 00:00:19
INFO  [00:06:01.338]  2026-09-10 00:00:20
INFO  [00:06:01.338]  2026-09-10 00:00:21
INFO  [00:06:01.338]  2026-09-10 00:00:21
INFO  [00:06:01.338]  2026-09-10 00:00:22
INFO  [00:06:01.338]  2026-09-10 00:00:23
INFO  [00:06:01.338]  2026-09-10 00:00:25
INFO  [00:06:01.338]  2026-09-10 00:00:26
INFO  [00:06:01.338]  2026-09-10 00:00:26
INFO  [00:06:01.338]  2026-09-10 00:00:27
INFO  [00:06:01.338]  2026-09-10 00:00:28
INFO  [00:06:01.338]  2026-09-10 00:00:29
INFO  [00:06:01.338]  2026-09-10 00:00:30
INFO  [00:06:01.338]  2026-09-10 00:00:32
INFO  [00:06:01.338]  2026-09-10 00:00:33
INFO  [00:06:01.338]  2026-09-10 00:00:34
INFO  [00:06:01.338]  2026-09-10 00:00:35
INFO  [00:06:01.338]  2026-09-10 00:00:36
INFO  [00:06:01.338]  2026-09-10 00:00:37
INFO  [00:06:01.338]  2026-09-10 00:00:38
INFO  [00:06:01.338]  2026-09-10 00:00:39
INFO  [00:06:01.338]  2026-09-10 00:00:40
INFO  [00:06:01.338]  2026-09-10 00:00:45
INFO  [00:06:01.338]  2026-09-10 00:00:46
INFO  [00:06:01.338]  2026-09-10 00:00:47
INFO  [00:06:01.338]  2026-09-10 00:00:48
INFO  [00:06:01.338]  2026-09-10 00:00:49
INFO  [00:06:01.338]  2026-09-10 00:00:50
INFO  [00:06:01.338]  2026-09-10 00:00:51
INFO  [00:06:01.338]  2026-09-10 00:00:52
INFO  [00:06:01.338]  2026-09-10 00:00:53
INFO  [00:06:01.338]  2026-09-10 00:00:54
INFO  [00:06:01.338]  2026-09-10 00:00:55
INFO  [00:06:01.338]  2026-09-10 00:00:56
INFO  [00:06:01.338]  2026-09-10 00:00:57
INFO  [00:06:01.338]  2026-09-10 00:00:58
INFO  [00:06:01.338]  2026-09-10 00:00:59
INFO  [00:06:01.338]  2026-09-10 00:01:00
INFO  [00:06:01.338]  2026-09-10 00:01:01
INFO  [00:06:01.338]  2026-09-10 00:01:02
INFO  [00:06:01.338]  2026-09-10 00:01:03
INFO  [00:06:01.338]  2026-09-10 00:01:04
INFO  [00:06:01.338]  2026-09-10 00:01:05
INFO  [00:06:01.338]  2026-09-10 00:01:06
INFO  [00:06:01.338]  2026-09-10 00:01:07
INFO  [00:06:01.338]  2026-09-10 00:01:08
INFO  [00:06:01.338]  2026-09-10 00:01:09
INFO  [00:06:01.338]  2026-09-10 00:01:10
INFO  [00:06:01.338]  2026-09-10 00:01:11
INFO  [00:06:01.338]  2026-09-10 00:01:12
INFO  [00:06:01.338]  2026-09-10 00:01:13
INFO  [00:06:01.338]  2026-09-10 00:01:14
INFO  [00:06:01.338]  2026-09-10 00:01:15
INFO  [00:06:01.338]  2026-09-10 00:01:16
INFO  [00:06:01.338]  2026-09-10 00:01:17
INFO  [00:06:01.338]  2026-09-10 00:01:18
INFO  [00:06:01.338]  2026-09-10 00:01:19
INFO  [00:06:01.338]  2026-09-10 00:01:20
INFO  [00:06:01.338]  2026-09-10 00:01:21
INFO  [00:06:01.338]  2026-09-10 00:01:22
INFO  [00:06:01.338]  2026-09-10 00:01:23
INFO  [00:06:01.338]  2026-09-10 00:01:24
INFO  [00:06:01.338]  2026-09-10 00:01:25
INFO  [00:06:01.338]  2026-09-10 00:01:26
INFO  [00:06:01.338]  2026-09-10 00:01:27
INFO  [00:06:01.338]  2026-09-10 00:01:28
INFO  [00:06:01.338]  2026-09-10 00:01:29
INFO  [00:06:01.338]  2026-09-10 00:01:30
INFO  [00:06:01.338]  2026-09-10 00:01:31
INFO  [00:06:01.338]  2026-09-10 00:01:32
INFO  [00:06:01.338]  2026-09-10 00:01:33
INFO  [00:06:01.338]  2026-09-10 00:01:34
INFO  [00:06:01.338]  2026-09-10 00:01:35
INFO  [00:06:01.338]  2026-09-10 00:01:36
INFO  [00:06:01.338]  2026-09-10 00:01:37
INFO  [00:06:01.338]  2026-09-10 00:01:38
INFO  [00:06:01.338]  2026-09-10 00:01:39
INFO  [00:06:01.338]  2026-09-10 00:01:40
INFO  [00:06:01.338]  2026-09-10 00:01:42
INFO  [00:06:01.338]  2026-09-10 00:01:43
INFO  [00:06:01.338]  2026-09-10 00:01:44
INFO  [00:06:01.338]  2026-09-10 00:01:45
INFO  [00:06:01.338]  2026-09-10 00:01:46
INFO  [00:06:01.338]  2026-09-10 00:01:47
INFO  [00:06:01.338]  2026-09-10 00:01:48
INFO  [00:06:01.338]  2026-09-10 00:01:49
INFO  [00:06:01.338]  2026-09-10 00:01:50
INFO  [00:06:01.338]  2026-09-10 00:01:51
INFO  [00:06:01.338]  2026-09-10 00:01:53
INFO  [00:06:01.338]  2026-09-10 00:01:54
INFO  [00:06:01.338]  2026-09-10 00:01:55
INFO  [00:06:01.338]  2026-09-10 00:01:56
INFO  [00:06:01.338]  2026-09-10 00:01:57
INFO  [00:06:01.338]  2026-09-10 00:01:58
INFO  [00:06:01.338]  2026-09-10 00:01:59
INFO  [00:06:01.338]  2026-09-10 00:02:00
INFO  [00:06:01.338]  2026-09-10 00:02:01
INFO  [00:06:01.338]  2026-09-10 00:02:03
INFO  [00:06:01.338]  2026-09-10 00:02:04
INFO  [00:06:01.338]  2026-09-10 00:02:05
INFO  [00:06:01.338]  2026-09-10 00:02:06
INFO  [00:06:01.338]  2026-09-10 00:02:07
INFO  [00:06:01.338]  2026-09-10 00:02:08
INFO  [00:06:01.338]  2026-09-10 00:02:09
INFO  [00:06:01.338]  2026-09-10 00:02:10
INFO  [00:06:01.338]  2026-09-10 00:02:11
INFO  [00:06:01.338]  2026-09-10 00:02:13
INFO  [00:06:01.338]  2026-09-10 00:02:14
INFO  [00:06:01.338]  2026-09-10 00:02:15
INFO  [00:06:01.338]  2026-09-10 00:02:16
INFO  [00:06:01.338]  2026-09-10 00:02:17
INFO  [00:06:01.338]  2026-09-10 00:02:18
INFO  [00:06:01.338]  2026-09-10 00:02:19
INFO  [00:06:01.338]  2026-09-10 00:02:20
INFO  [00:06:01.338]  2026-09-10 00:02:21
INFO  [00:06:01.338]  2026-09-10 00:02:23
INFO  [00:06:01.338]  2026-09-10 00:02:24
INFO  [00:06:01.338]  2026-09-10 00:02:25
INFO  [00:06:01.338]  2026-09-10 00:02:26
INFO  [00:06:01.338]  2026-09-10 00:02:27
INFO  [00:06:01.338]  2026-09-10 00:02:28
INFO  [00:06:01.338]  2026-09-10 00:02:29
INFO  [00:06:01.338]  2026-09-10 00:02:30
INFO  [00:06:01.338]  2026-09-10 00:02:32
INFO  [00:06:01.338]  2026-09-10 00:02:33
INFO  [00:06:01.338]  2026-09-10 00:02:34
INFO  [00:06:01.338]  2026-09-10 00:02:35
INFO  [00:06:01.338]  2026-09-10 00:02:36
INFO  [00:06:01.338]  2026-09-10 00:02:37
INFO  [00:06:01.338]  2026-09-10 00:02:39
INFO  [00:06:01.338]  2026-09-10 00:02:40
INFO  [00:06:01.338]  2026-09-10 00:02:41
INFO  [00:06:01.338]  2026-09-10 00:02:42
INFO  [00:06:01.338]  2026-09-10 00:02:43
INFO  [00:06:01.338]  2026-09-10 00:02:45
INFO  [00:06:01.338]  2026-09-10 00:02:46
INFO  [00:06:01.338]  2026-09-10 00:02:47
INFO  [00:06:01.338]  2026-09-10 00:02:48
INFO  [00:06:01.338]  2026-09-10 00:02:49
INFO  [00:06:01.338]  2026-09-10 00:02:50
INFO  [00:06:01.338]  2026-09-10 00:02:51
INFO  [00:06:01.338]  2026-09-10 00:02:53
INFO  [00:06:01.338]  2026-09-10 00:02:54
INFO  [00:06:01.338]  2026-09-10 00:02:55
INFO  [00:06:01.338]  2026-09-10 00:02:56
INFO  [00:06:01.338]  2026-09-10 00:02:57
INFO  [00:06:01.338]  2026-09-10 00:02:58
INFO  [00:06:01.338]  2026-09-10 00:03:00
INFO  [00:06:01.338]  2026-09-10 00:03:01
INFO  [00:06:01.338]  2026-09-10 00:03:02
INFO  [00:06:01.338]  2026-09-10 00:03:03
INFO  [00:06:01.338]  2026-09-10 00:03:04
INFO  [00:06:01.338]  2026-09-10 00:03:05
INFO  [00:06:01.338]  2026-09-10 00:03:06
INFO  [00:06:01.338]  2026-09-10 00:03:08
INFO  [00:06:01.338]  2026-09-10 00:03:09
INFO  [00:06:01.338]  2026-09-10 00:03:10
INFO  [00:06:01.338]  2026-09-10 00:03:11
INFO  [00:06:01.338]  2026-09-10 00:03:12
INFO  [00:06:01.338]  2026-09-10 00:03:14
INFO  [00:06:01.338]  2026-09-10 00:03:15
INFO  [00:06:01.338]  2026-09-10 00:03:16
INFO  [00:06:01.338]  2026-09-10 00:03:17
INFO  [00:06:01.338]  2026-09-10 00:03:18
INFO  [00:06:01.338]  2026-09-10 00:03:20
INFO  [00:06:01.338]  2026-09-10 00:03:21
INFO  [00:06:01.338]  2026-09-10 00:03:22
INFO  [00:06:01.338]  2026-09-10 00:03:23
INFO  [00:06:01.338]  2026-09-10 00:03:24
INFO  [00:06:01.338]  2026-09-10 00:03:25
INFO  [00:06:01.338]  2026-09-10 00:03:27
INFO  [00:06:01.338]  2026-09-10 00:03:28
INFO  [00:06:01.338]  2026-09-10 00:03:29
INFO  [00:06:01.338]  2026-09-10 00:03:30
INFO  [00:06:01.338]  2026-09-10 00:03:31
INFO  [00:06:01.338]  2026-09-10 00:03:32
INFO  [00:06:01.338]  2026-09-10 00:03:34
INFO  [00:06:01.338]  2026-09-10 00:03:35
INFO  [00:06:01.338]  2026-09-10 00:03:36
INFO  [00:06:01.338]  2026-09-10 00:03:37
INFO  [00:06:01.338]  2026-09-10 00:03:39
INFO  [00:06:01.338]  2026-09-10 00:03:40
INFO  [00:06:01.338]  2026-09-10 00:03:41
INFO  [00:06:01.338]  2026-09-10 00:03:42
INFO  [00:06:01.338]  2026-09-10 00:03:43
INFO  [00:06:01.338]  2026-09-10 00:03:45
INFO  [00:06:01.338]  2026-09-10 00:03:46
INFO  [00:06:01.338]  2026-09-10 00:03:47
INFO  [00:06:01.338]  2026-09-10 00:03:48
INFO  [00:06:01.338]  2026-09-10 00:03:49
INFO  [00:06:01.338]  2026-09-10 00:03:51
INFO  [00:06:01.338]  2026-09-10 00:03:52
INFO  [00:06:01.338]  2026-09-10 00:03:53
INFO  [00:06:01.338]  2026-09-10 00:03:54
INFO  [00:06:01.338]  2026-09-10 00:03:55
INFO  [00:06:01.338]  2026-09-10 00:03:57
INFO  [00:06:01.338]  2026-09-10 00:03:58
INFO  [00:06:01.338]  2026-09-10 00:04:00
INFO  [00:06:01.338]  2026-09-10 00:04:01
INFO  [00:06:01.338]  2026-09-10 00:04:02
INFO  [00:06:01.338]  2026-09-10 00:04:03
INFO  [00:06:01.338]  2026-09-10 00:04:04
INFO  [00:06:01.338]  2026-09-10 00:04:06
INFO  [00:06:01.338]  2026-09-10 00:04:07
INFO  [00:06:01.338]  2026-09-10 00:04:08
INFO  [00:06:01.338]  2026-09-10 00:04:10
INFO  [00:06:01.338]  2026-09-10 00:04:11
INFO  [00:06:01.338]  2026-09-10 00:04:12
INFO  [00:06:01.338]  2026-09-10 00:04:13
INFO  [00:06:01.338]  2026-09-10 00:04:15
INFO  [00:06:01.338]  2026-09-10 00:04:16
INFO  [00:06:01.338]  2026-09-10 00:04:17
INFO  [00:06:01.338]  2026-09-10 00:04:18
INFO  [00:06:01.338]  2026-09-10 00:04:20
INFO  [00:06:01.338]  2026-09-10 00:04:21
INFO  [00:06:01.338]  2026-09-10 00:04:22
INFO  [00:06:01.338]  2026-09-10 00:04:24
INFO  [00:06:01.338]  2026-09-10 00:04:25
INFO  [00:06:01.338]  2026-09-10 00:04:26
INFO  [00:06:01.338]  2026-09-10 00:04:27
INFO  [00:06:01.338]  2026-09-10 00:04:29
INFO  [00:06:01.338]  2026-09-10 00:04:30
INFO  [00:06:01.338]  2026-09-10 00:04:31
INFO  [00:06:01.338]  2026-09-10 00:04:33
INFO  [00:06:01.338]  2026-09-10 00:04:34
INFO  [00:06:01.338]  2026-09-10 00:04:35
INFO  [00:06:01.338]  2026-09-10 00:04:36
INFO  [00:06:01.338]  2026-09-10 00:04:38
INFO  [00:06:01.338]  2026-09-10 00:04:39
INFO  [00:06:01.338]  2026-09-10 00:04:40
INFO  [00:06:01.338]  2026-09-10 00:04:41
INFO  [00:06:01.338]  2026-09-10 00:04:43
INFO  [00:06:01.338]  2026-09-10 00:04:44
INFO  [00:06:01.338]  2026-09-10 00:04:45
INFO  [00:06:01.338]  2026-09-10 00:04:47
INFO  [00:06:01.338]  2026-09-10 00:04:48
INFO  [00:06:01.338]  2026-09-10 00:04:49
INFO  [00:06:01.338]  2026-09-10 00:04:51
INFO  [00:06:01.338]  2026-09-10 00:04:52
INFO  [00:06:01.338]  2026-09-10 00:04:53
INFO  [00:06:01.338]  2026-09-10 00:04:54
INFO  [00:06:01.338]  2026-09-10 00:04:56
INFO  [00:06:01.338]  2026-09-10 00:04:57
INFO  [00:06:01.338]  2026-09-10 00:04:58
INFO  [00:06:01.338]  2026-09-10 00:05:00
INFO  [00:06:01.338]  2026-09-10 00:05:01
INFO  [00:06:01.338]  2026-09-10 00:05:02
INFO  [00:06:01.338]  2026-09-10 00:05:03
INFO  [00:06:01.338]  2026-09-10 00:05:05
INFO  [00:06:01.338]  2026-09-10 00:05:06
INFO  [00:06:01.338]  2026-09-10 00:05:08
INFO  [00:06:01.338]  2026-09-10 00:05:09
INFO  [00:06:01.338]  2026-09-10 00:05:10
INFO  [00:06:01.338]  2026-09-10 00:05:12
INFO  [00:06:01.338]  2026-09-10 00:05:13
INFO  [00:06:01.338]  2026-09-10 00:05:14
INFO  [00:06:01.338]  2026-09-10 00:05:16
INFO  [00:06:01.338]  2026-09-10 00:05:17
INFO  [00:06:01.338]  2026-09-10 00:05:18
INFO  [00:06:01.338]  2026-09-10 00:05:19
INFO  [00:06:01.338]  2026-09-10 00:05:21
INFO  [00:06:01.338]  2026-09-10 00:05:22
INFO  [00:06:01.338]  2026-09-10 00:05:24
INFO  [00:06:01.338]  2026-09-10 00:05:25
INFO  [00:06:01.338]  2026-09-10 00:05:26
INFO  [00:06:01.338]  2026-09-10 00:05:28
INFO  [00:06:01.338]  2026-09-10 00:05:29
INFO  [00:06:01.338]  2026-09-10 00:05:30
INFO  [00:06:01.338]  2026-09-10 00:05:32
INFO  [00:06:01.338]  2026-09-10 00:05:33
INFO  [00:06:01.338]  2026-09-10 00:05:34
INFO  [00:06:01.338]  2026-09-10 00:05:36
INFO  [00:06:01.338]  2026-09-10 00:05:37
INFO  [00:06:01.338]  2026-09-10 00:05:39
INFO  [00:06:01.338]  2026-09-10 00:05:40
INFO  [00:06:01.338]  2026-09-10 00:05:42
INFO  [00:06:01.338]  2026-09-10 00:05:43
INFO  [00:06:01.338]  2026-09-10 00:05:44
INFO  [00:06:01.338]  2026-09-10 00:05:46
INFO  [00:06:01.338]  2026-09-10 00:05:47
INFO  [00:06:01.338]  2026-09-10 00:05:49
INFO  [00:06:01.338]  2026-09-10 00:05:50
INFO  [00:06:01.338]  2026-09-10 00:05:51
INFO  [00:06:01.338]  2026-09-10 00:05:53
INFO  [00:06:01.338]  2026-09-10 00:05:54
INFO  [00:06:01.338]  2026-09-10 00:05:55
INFO  [00:06:01.338]  2026-09-10 00:05:57
INFO  [00:06:01.338]  2026-09-10 00:05:58
INFO  [00:06:01.338]       timestamp_loop
INFO  [00:06:02.041] [mlr3] Calling train method of fallback 'regr.ranger' on task 'surrogate_task' with 611 observations {learner: <LearnerRegrRanger/LearnerRegr/Learner/R6>}
INFO  [00:06:03.360] [mlr3] Calling train method of fallback 'regr.ranger' on task 'surrogate_task' with 612 observations {learner: <LearnerRegrRanger/LearnerRegr/Learner/R6>}
INFO  [00:06:04.684] [mlr3] Calling train method of fallback 'regr.ranger' on task 'surrogate_task' with 613 observations {learner: <LearnerRegrRanger/LearnerRegr/Learner/R6>}
INFO  [00:06:06.065] [mlr3] Calling train method of fallback 'regr.ranger' on task 'surrogate_task' with 614 observations {learner: <LearnerRegrRanger/LearnerRegr/Learner/R6>}
INFO  [00:06:07.719] [mlr3] Calling train method of fallback 'regr.ranger' on task 'surrogate_task' with 615 observations {learner: <LearnerRegrRanger/LearnerRegr/Learner/R6>}
INFO  [00:06:09.095] [mlr3] Calling train method of fallback 'regr.ranger' on task 'surrogate_task' with 615 observations {learner: <LearnerRegrRanger/LearnerRegr/Learner/R6>}
INFO  [00:06:10.645] [mlr3] Calling train method of fallback 'regr.ranger' on task 'surrogate_task' with 617 observations {learner: <LearnerRegrRanger/LearnerRegr/Learner/R6>}
INFO  [00:06:11.996] [mlr3] Calling train method of fallback 'regr.ranger' on task 'surrogate_task' with 618 observations {learner: <LearnerRegrRanger/LearnerRegr/Learner/R6>}
INFO  [00:06:13.337] [mlr3] Calling train method of fallback 'regr.ranger' on task 'surrogate_task' with 619 observations {learner: <LearnerRegrRanger/LearnerRegr/Learner/R6>}
INFO  [00:06:14.952] [mlr3] Calling train method of fallback 'regr.ranger' on task 'surrogate_task' with 619 observations {learner: <LearnerRegrRanger/LearnerRegr/Learner/R6>}
INFO  [00:06:16.377] [mlr3] Calling train method of fallback 'regr.ranger' on task 'surrogate_task' with 621 observations {learner: <LearnerRegrRanger/LearnerRegr/Learner/R6>}
INFO  [00:06:17.770] [mlr3] Calling train method of fallback 'regr.ranger' on task 'surrogate_task' with 622 observations {learner: <LearnerRegrRanger/LearnerRegr/Learner/R6>}
INFO  [00:06:19.158] [mlr3] Calling train method of fallback 'regr.ranger' on task 'surrogate_task' with 623 observations {learner: <LearnerRegrRanger/LearnerRegr/Learner/R6>}
INFO  [00:06:20.802] [mlr3] Calling train method of fallback 'regr.ranger' on task 'surrogate_task' with 624 observations {learner: <LearnerRegrRanger/LearnerRegr/Learner/R6>}
INFO  [00:06:22.171] [mlr3] Calling train method of fallback 'regr.ranger' on task 'surrogate_task' with 625 observations {learner: <LearnerRegrRanger/LearnerRegr/Learner/R6>}
INFO  [00:06:23.539] [mlr3] Calling train method of fallback 'regr.ranger' on task 'surrogate_task' with 625 observations {learner: <LearnerRegrRanger/LearnerRegr/Learner/R6>}
INFO  [00:06:25.079] [mlr3] Calling train method of fallback 'regr.ranger' on task 'surrogate_task' with 627 observations {learner: <LearnerRegrRanger/LearnerRegr/Learner/R6>}
INFO  [00:06:26.419] [mlr3] Calling train method of fallback 'regr.ranger' on task 'surrogate_task' with 628 observations {learner: <LearnerRegrRanger/LearnerRegr/Learner/R6>}
INFO  [00:06:27.800] [mlr3] Calling train method of fallback 'regr.ranger' on task 'surrogate_task' with 629 observations {learner: <LearnerRegrRanger/LearnerRegr/Learner/R6>}
INFO  [00:06:29.161] [mlr3] Calling train method of fallback 'regr.ranger' on task 'surrogate_task' with 630 observations {learner: <LearnerRegrRanger/LearnerRegr/Learner/R6>}
INFO  [00:06:30.694] [mlr3] Calling train method of fallback 'regr.ranger' on task 'surrogate_task' with 631 observations {learner: <LearnerRegrRanger/LearnerRegr/Learner/R6>}
INFO  [00:06:32.096] [mlr3] Calling train method of fallback 'regr.ranger' on task 'surrogate_task' with 632 observations {learner: <LearnerRegrRanger/LearnerRegr/Learner/R6>}
INFO  [00:06:33.503] [mlr3] Calling train method of fallback 'regr.ranger' on task 'surrogate_task' with 633 observations {learner: <LearnerRegrRanger/LearnerRegr/Learner/R6>}
INFO  [00:06:35.050] [mlr3] Calling train method of fallback 'regr.ranger' on task 'surrogate_task' with 634 observations {learner: <LearnerRegrRanger/LearnerRegr/Learner/R6>}
INFO  [00:06:36.405] [mlr3] Calling train method of fallback 'regr.ranger' on task 'surrogate_task' with 635 observations {learner: <LearnerRegrRanger/LearnerRegr/Learner/R6>}
INFO  [00:06:37.758] [mlr3] Calling train method of fallback 'regr.ranger' on task 'surrogate_task' with 635 observations {learner: <LearnerRegrRanger/LearnerRegr/Learner/R6>}
INFO  [00:06:39.348] [mlr3] Calling train method of fallback 'regr.ranger' on task 'surrogate_task' with 637 observations {learner: <LearnerRegrRanger/LearnerRegr/Learner/R6>}
INFO  [00:06:40.704] [mlr3] Calling train method of fallback 'regr.ranger' on task 'surrogate_task' with 638 observations {learner: <LearnerRegrRanger/LearnerRegr/Learner/R6>}
INFO  [00:06:42.081] [mlr3] Calling train method of fallback 'regr.ranger' on task 'surrogate_task' with 638 observations {learner: <LearnerRegrRanger/LearnerRegr/Learner/R6>}
INFO  [00:06:43.470] [mlr3] Calling train method of fallback 'regr.ranger' on task 'surrogate_task' with 640 observations {learner: <LearnerRegrRanger/LearnerRegr/Learner/R6>}
INFO  [00:06:44.888] [mlr3] Calling train method of fallback 'regr.ranger' on task 'surrogate_task' with 641 observations {learner: <LearnerRegrRanger/LearnerRegr/Learner/R6>}
INFO  [00:06:46.341] [mlr3] Calling train method of fallback 'regr.ranger' on task 'surrogate_task' with 642 observations {learner: <LearnerRegrRanger/LearnerRegr/Learner/R6>}
INFO  [00:06:47.949] [mlr3] Calling train method of fallback 'regr.ranger' on task 'surrogate_task' with 643 observations {learner: <LearnerRegrRanger/LearnerRegr/Learner/R6>}
INFO  [00:06:49.355] [mlr3] Calling train method of fallback 'regr.ranger' on task 'surrogate_task' with 644 observations {learner: <LearnerRegrRanger/LearnerRegr/Learner/R6>}
INFO  [00:06:50.771] [mlr3] Calling train method of fallback 'regr.ranger' on task 'surrogate_task' with 645 observations {learner: <LearnerRegrRanger/LearnerRegr/Learner/R6>}
INFO  [00:06:52.150] [mlr3] Calling train method of fallback 'regr.ranger' on task 'surrogate_task' with 646 observations {learner: <LearnerRegrRanger/LearnerRegr/Learner/R6>}
INFO  [00:06:53.539] [mlr3] Calling train method of fallback 'regr.ranger' on task 'surrogate_task' with 647 observations {learner: <LearnerRegrRanger/LearnerRegr/Learner/R6>}
INFO  [00:06:55.097] [mlr3] Calling train method of fallback 'regr.ranger' on task 'surrogate_task' with 648 observations {learner: <LearnerRegrRanger/LearnerRegr/Learner/R6>}
INFO  [00:06:56.477] [mlr3] Calling train method of fallback 'regr.ranger' on task 'surrogate_task' with 649 observations {learner: <LearnerRegrRanger/LearnerRegr/Learner/R6>}
INFO  [00:06:57.919] [mlr3] Calling train method of fallback 'regr.ranger' on task 'surrogate_task' with 650 observations {learner: <LearnerRegrRanger/LearnerRegr/Learner/R6>}
INFO  [00:06:59.514] [mlr3] Calling train method of fallback 'regr.ranger' on task 'surrogate_task' with 651 observations {learner: <LearnerRegrRanger/LearnerRegr/Learner/R6>}
INFO  [00:07:00.929] [mlr3] Calling train method of fallback 'regr.ranger' on task 'surrogate_task' with 652 observations {learner: <LearnerRegrRanger/LearnerRegr/Learner/R6>}
INFO  [00:07:02.401] [mlr3] Calling train method of fallback 'regr.ranger' on task 'surrogate_task' with 653 observations {learner: <LearnerRegrRanger/LearnerRegr/Learner/R6>}
INFO  [00:07:02.464] Finished optimizing after 652 evaluation(s)
INFO  [00:07:02.466] Result:
INFO  [00:07:02.470]  learning_rate num_leaves min_data_in_leaf feature_fraction extra_trees
INFO  [00:07:02.470]              0         28                9        0.1879242        TRUE
INFO  [00:07:02.470]  lambda_l1 lambda_l2 min_gain_to_split internal_tuned_values learner_param_vals
INFO  [00:07:02.470]  -6.907755  1.901722         -5.310178     num_iterations=56         <list[12]>
INFO  [00:07:02.470]   x_domain classif.ce
INFO  [00:07:02.470]  <list[8]>      0.192
INFO  [00:07:02.472] [rush] Kill worker 'wormy_sandbarshark_70e703ef'
ERROR [00:07:02.488] [rush] Lost 1 task(s): ad1a8eeb-2215-42c8-8a4d-d6daea2edf68
