Waiting for workers to connect... 27/448
Waiting for workers to connect... 45/448
Waiting for workers to connect... 62/448
Waiting for workers to connect... 79/448
Waiting for workers to connect... 98/448
Waiting for workers to connect... 121/448
Waiting for workers to connect... 137/448
Waiting for workers to connect... 155/448
Waiting for workers to connect... 171/448
Waiting for workers to connect... 187/448
Waiting for workers to connect... 206/448
Waiting for workers to connect... 226/448
Waiting for workers to connect... 246/448
Waiting for workers to connect... 265/448
Waiting for workers to connect... 283/448
Waiting for workers to connect... 303/448
Waiting for workers to connect... 324/448
Waiting for workers to connect... 344/448
Waiting for workers to connect... 363/448
Waiting for workers to connect... 382/448
Waiting for workers to connect... 400/448
Waiting for workers to connect... 421/448
Waiting for workers to connect... 448/448
INFO  [23:42:44.616] [bbotk] Starting to optimize 8 parameter(s) with '<OptimizerMbo>' and '<TerminatorRunTime> [secs=600]'
INFO  [23:42:44.895] [mlr3] Calling train method of fallback 'regr.ranger' on task 'surrogate_task' with 100 observations {learner: <LearnerRegrRanger/LearnerRegr/Learner/R6>}
INFO  [23:42:45.723] [mlr3] Calling train method of fallback 'regr.ranger' on task 'surrogate_task' with 101 observations {learner: <LearnerRegrRanger/LearnerRegr/Learner/R6>}
INFO  [23:42:46.353] [mlr3] Calling train method of fallback 'regr.ranger' on task 'surrogate_task' with 102 observations {learner: <LearnerRegrRanger/LearnerRegr/Learner/R6>}
INFO  [23:42:46.974] [mlr3] Calling train method of fallback 'regr.ranger' on task 'surrogate_task' with 103 observations {learner: <LearnerRegrRanger/LearnerRegr/Learner/R6>}
INFO  [23:42:47.834] [mlr3] Calling train method of fallback 'regr.ranger' on task 'surrogate_task' with 104 observations {learner: <LearnerRegrRanger/LearnerRegr/Learner/R6>}
INFO  [23:42:48.433] [mlr3] Calling train method of fallback 'regr.ranger' on task 'surrogate_task' with 105 observations {learner: <LearnerRegrRanger/LearnerRegr/Learner/R6>}
INFO  [23:42:49.051] [mlr3] Calling train method of fallback 'regr.ranger' on task 'surrogate_task' with 106 observations {learner: <LearnerRegrRanger/LearnerRegr/Learner/R6>}
INFO  [23:42:49.662] [mlr3] Calling train method of fallback 'regr.ranger' on task 'surrogate_task' with 107 observations {learner: <LearnerRegrRanger/LearnerRegr/Learner/R6>}
INFO  [23:42:50.271] [mlr3] Calling train method of fallback 'regr.ranger' on task 'surrogate_task' with 108 observations {learner: <LearnerRegrRanger/LearnerRegr/Learner/R6>}
INFO  [23:42:50.946] [mlr3] Calling train method of fallback 'regr.ranger' on task 'surrogate_task' with 109 observations {learner: <LearnerRegrRanger/LearnerRegr/Learner/R6>}
INFO  [23:42:51.566] [mlr3] Calling train method of fallback 'regr.ranger' on task 'surrogate_task' with 110 observations {learner: <LearnerRegrRanger/LearnerRegr/Learner/R6>}
INFO  [23:42:52.167] [mlr3] Calling train method of fallback 'regr.ranger' on task 'surrogate_task' with 111 observations {learner: <LearnerRegrRanger/LearnerRegr/Learner/R6>}
INFO  [23:42:52.811] [mlr3] Calling train method of fallback 'regr.ranger' on task 'surrogate_task' with 112 observations {learner: <LearnerRegrRanger/LearnerRegr/Learner/R6>}
INFO  [23:42:53.404] [mlr3] Calling train method of fallback 'regr.ranger' on task 'surrogate_task' with 113 observations {learner: <LearnerRegrRanger/LearnerRegr/Learner/R6>}
INFO  [23:42:54.015] [mlr3] Calling train method of fallback 'regr.ranger' on task 'surrogate_task' with 114 observations {learner: <LearnerRegrRanger/LearnerRegr/Learner/R6>}
INFO  [23:42:54.804] [mlr3] Calling train method of fallback 'regr.ranger' on task 'surrogate_task' with 115 observations {learner: <LearnerRegrRanger/LearnerRegr/Learner/R6>}
INFO  [23:42:55.421] [mlr3] Calling train method of fallback 'regr.ranger' on task 'surrogate_task' with 116 observations {learner: <LearnerRegrRanger/LearnerRegr/Learner/R6>}
INFO  [23:42:56.041] [mlr3] Calling train method of fallback 'regr.ranger' on task 'surrogate_task' with 117 observations {learner: <LearnerRegrRanger/LearnerRegr/Learner/R6>}
INFO  [23:42:56.662] [mlr3] Calling train method of fallback 'regr.ranger' on task 'surrogate_task' with 118 observations {learner: <LearnerRegrRanger/LearnerRegr/Learner/R6>}
INFO  [23:42:57.308] [mlr3] Calling train method of fallback 'regr.ranger' on task 'surrogate_task' with 119 observations {learner: <LearnerRegrRanger/LearnerRegr/Learner/R6>}
INFO  [23:42:57.938] [mlr3] Calling train method of fallback 'regr.ranger' on task 'surrogate_task' with 120 observations {learner: <LearnerRegrRanger/LearnerRegr/Learner/R6>}
INFO  [23:42:58.567] [mlr3] Calling train method of fallback 'regr.ranger' on task 'surrogate_task' with 121 observations {learner: <LearnerRegrRanger/LearnerRegr/Learner/R6>}
INFO  [23:42:59.186] [mlr3] Calling train method of fallback 'regr.ranger' on task 'surrogate_task' with 122 observations {learner: <LearnerRegrRanger/LearnerRegr/Learner/R6>}
INFO  [23:42:59.810] [mlr3] Calling train method of fallback 'regr.ranger' on task 'surrogate_task' with 123 observations {learner: <LearnerRegrRanger/LearnerRegr/Learner/R6>}
INFO  [23:43:00.463] [mlr3] Calling train method of fallback 'regr.ranger' on task 'surrogate_task' with 124 observations {learner: <LearnerRegrRanger/LearnerRegr/Learner/R6>}
INFO  [23:43:01.120] [mlr3] Calling train method of fallback 'regr.ranger' on task 'surrogate_task' with 125 observations {learner: <LearnerRegrRanger/LearnerRegr/Learner/R6>}
INFO  [23:43:01.983] [mlr3] Calling train method of fallback 'regr.ranger' on task 'surrogate_task' with 126 observations {learner: <LearnerRegrRanger/LearnerRegr/Learner/R6>}
INFO  [23:43:02.628] [mlr3] Calling train method of fallback 'regr.ranger' on task 'surrogate_task' with 127 observations {learner: <LearnerRegrRanger/LearnerRegr/Learner/R6>}
INFO  [23:43:03.282] [mlr3] Calling train method of fallback 'regr.ranger' on task 'surrogate_task' with 128 observations {learner: <LearnerRegrRanger/LearnerRegr/Learner/R6>}
INFO  [23:43:03.931] [mlr3] Calling train method of fallback 'regr.ranger' on task 'surrogate_task' with 129 observations {learner: <LearnerRegrRanger/LearnerRegr/Learner/R6>}
INFO  [23:43:04.611] [mlr3] Calling train method of fallback 'regr.ranger' on task 'surrogate_task' with 130 observations {learner: <LearnerRegrRanger/LearnerRegr/Learner/R6>}
INFO  [23:43:05.292] [mlr3] Calling train method of fallback 'regr.ranger' on task 'surrogate_task' with 131 observations {learner: <LearnerRegrRanger/LearnerRegr/Learner/R6>}
INFO  [23:43:05.982] [mlr3] Calling train method of fallback 'regr.ranger' on task 'surrogate_task' with 132 observations {learner: <LearnerRegrRanger/LearnerRegr/Learner/R6>}
INFO  [23:43:06.629] [mlr3] Calling train method of fallback 'regr.ranger' on task 'surrogate_task' with 133 observations {learner: <LearnerRegrRanger/LearnerRegr/Learner/R6>}
INFO  [23:43:07.308] [mlr3] Calling train method of fallback 'regr.ranger' on task 'surrogate_task' with 134 observations {learner: <LearnerRegrRanger/LearnerRegr/Learner/R6>}
INFO  [23:43:08.168] [mlr3] Calling train method of fallback 'regr.ranger' on task 'surrogate_task' with 135 observations {learner: <LearnerRegrRanger/LearnerRegr/Learner/R6>}
INFO  [23:43:08.844] [mlr3] Calling train method of fallback 'regr.ranger' on task 'surrogate_task' with 136 observations {learner: <LearnerRegrRanger/LearnerRegr/Learner/R6>}
INFO  [23:43:09.510] [mlr3] Calling train method of fallback 'regr.ranger' on task 'surrogate_task' with 137 observations {learner: <LearnerRegrRanger/LearnerRegr/Learner/R6>}
INFO  [23:43:10.127] [mlr3] Calling train method of fallback 'regr.ranger' on task 'surrogate_task' with 138 observations {learner: <LearnerRegrRanger/LearnerRegr/Learner/R6>}
INFO  [23:43:10.771] [mlr3] Calling train method of fallback 'regr.ranger' on task 'surrogate_task' with 139 observations {learner: <LearnerRegrRanger/LearnerRegr/Learner/R6>}
INFO  [23:43:11.442] [mlr3] Calling train method of fallback 'regr.ranger' on task 'surrogate_task' with 140 observations {learner: <LearnerRegrRanger/LearnerRegr/Learner/R6>}
INFO  [23:43:12.119] [mlr3] Calling train method of fallback 'regr.ranger' on task 'surrogate_task' with 141 observations {learner: <LearnerRegrRanger/LearnerRegr/Learner/R6>}
INFO  [23:43:12.792] [mlr3] Calling train method of fallback 'regr.ranger' on task 'surrogate_task' with 142 observations {learner: <LearnerRegrRanger/LearnerRegr/Learner/R6>}
INFO  [23:43:13.438] [mlr3] Calling train method of fallback 'regr.ranger' on task 'surrogate_task' with 143 observations {learner: <LearnerRegrRanger/LearnerRegr/Learner/R6>}
INFO  [23:43:14.044] [bbotk] Evaluating 44 configuration(s)
INFO  [23:43:14.163] [mlr3] Running benchmark with 440 resampling iterations
INFO  [23:43:19.683] [mlr3] Finished benchmark
INFO  [23:43:21.109] [bbotk] Result of batch 2:
INFO  [23:43:21.118] [bbotk]  learning_rate num_leaves min_data_in_leaf feature_fraction extra_trees
INFO  [23:43:21.118] [bbotk]    -2.70790655         42               16        1.0000000        TRUE
INFO  [23:43:21.118] [bbotk]    -2.80342346         45               25        1.0000000        TRUE
INFO  [23:43:21.118] [bbotk]    -2.74231815         42                1        0.9819064        TRUE
INFO  [23:43:21.118] [bbotk]    -2.43861062        254               85        0.9865450        TRUE
INFO  [23:43:21.118] [bbotk]    -2.88925883         38               18        0.9904919        TRUE
INFO  [23:43:21.118] [bbotk]    -2.55164128         97               23        0.9959513        TRUE
INFO  [23:43:21.118] [bbotk]    -2.05597206         37               18        0.7330431        TRUE
INFO  [23:43:21.118] [bbotk]    -0.17243422         24              153        0.9910657        TRUE
INFO  [23:43:21.118] [bbotk]    -2.95236452         97              113        0.9776283        TRUE
INFO  [23:43:21.118] [bbotk]    -2.72517992         25               26        0.6309207        TRUE
INFO  [23:43:21.118] [bbotk]    -1.04280903        229               22        0.7783852        TRUE
INFO  [23:43:21.118] [bbotk]    -2.74857028         30               20        1.0000000        TRUE
INFO  [23:43:21.118] [bbotk]    -1.83778225         42              158        0.9846815        TRUE
INFO  [23:43:21.118] [bbotk]    -0.67443640        138               22        0.6921931        TRUE
INFO  [23:43:21.118] [bbotk]    -1.64768502         42               24        0.6227409        TRUE
INFO  [23:43:21.118] [bbotk]    -0.79671756        211               22        0.7242521        TRUE
INFO  [23:43:21.118] [bbotk]    -1.76280139         25                1        0.9851876       FALSE
INFO  [23:43:21.118] [bbotk]    -2.73874283         43               21        0.9863469        TRUE
INFO  [23:43:21.118] [bbotk]    -2.74287468         35              133        0.5768768        TRUE
INFO  [23:43:21.118] [bbotk]    -1.97682972         70               79        1.0000000       FALSE
INFO  [23:43:21.118] [bbotk]    -2.91049389        219               16        0.9870102        TRUE
INFO  [23:43:21.118] [bbotk]    -2.75251695         42               21        0.9883275        TRUE
INFO  [23:43:21.118] [bbotk]    -0.95107821        227               95        0.9316711       FALSE
INFO  [23:43:21.118] [bbotk]    -2.77588867        187               22        0.4971157        TRUE
INFO  [23:43:21.118] [bbotk]    -1.93965507         86               93        0.6424813       FALSE
INFO  [23:43:21.118] [bbotk]    -2.23848549         32               20        1.0000000        TRUE
INFO  [23:43:21.118] [bbotk]    -1.67833371        210               16        0.6810872        TRUE
INFO  [23:43:21.118] [bbotk]    -2.70020135         32               26        0.9899279        TRUE
INFO  [23:43:21.118] [bbotk]    -0.01764638        231               91        0.7164296        TRUE
INFO  [23:43:21.118] [bbotk]    -1.81049803        252               75        0.7111806       FALSE
INFO  [23:43:21.118] [bbotk]    -1.85148447         28               46        0.5754038        TRUE
INFO  [23:43:21.118] [bbotk]    -2.10085241        224               89        0.6083549        TRUE
INFO  [23:43:21.118] [bbotk]    -2.81433575        164               67        0.9887775        TRUE
INFO  [23:43:21.118] [bbotk]    -3.17136343         10               22        0.9234288        TRUE
INFO  [23:43:21.118] [bbotk]    -0.88281362         20               16        0.6634398        TRUE
INFO  [23:43:21.118] [bbotk]     0.00000000        219                1        0.4009565       FALSE
INFO  [23:43:21.118] [bbotk]    -2.74422194        115               14        0.2925213       FALSE
INFO  [23:43:21.118] [bbotk]    -2.73639746         41              107        0.6698603       FALSE
INFO  [23:43:21.118] [bbotk]    -1.90427973        222               43        0.4844987       FALSE
INFO  [23:43:21.118] [bbotk]    -2.66528448         49               26        0.3917143        TRUE
INFO  [23:43:21.118] [bbotk]    -0.58350303         62               97        0.4643034        TRUE
INFO  [23:43:21.118] [bbotk]    -1.30233506        212               17        1.0000000       FALSE
INFO  [23:43:21.118] [bbotk]    -1.66091545        224              141        0.9443205       FALSE
INFO  [23:43:21.118] [bbotk]    -0.36096337        202              117        0.7064575        TRUE
INFO  [23:43:21.118] [bbotk]  learning_rate num_leaves min_data_in_leaf feature_fraction extra_trees
INFO  [23:43:21.118] [bbotk]    lambda_l1  lambda_l2 min_gain_to_split    acq_cb timestamp_surrogate
INFO  [23:43:21.118] [bbotk]  -4.01388155 -2.2930094         -6.127316 -6.187613 2026-09-09 23:42:44
INFO  [23:43:21.118] [bbotk]  -4.08421267  2.5959210         -6.302221 -5.425392 2026-09-09 23:42:45
INFO  [23:43:21.118] [bbotk]  -6.58301048 -1.0456992         -6.355055 -5.109019 2026-09-09 23:42:46
INFO  [23:43:21.118] [bbotk]  -3.60751957 -1.1167254         -6.264398 -4.639840 2026-09-09 23:42:46
INFO  [23:43:21.118] [bbotk]  -3.61974361 -2.3094092         -5.388357 -4.511913 2026-09-09 23:42:47
INFO  [23:43:21.118] [bbotk]  -3.90803240 -1.1998443         -6.206939 -4.118397 2026-09-09 23:42:48
INFO  [23:43:21.118] [bbotk]  -4.61522611 -1.7306778         -6.169692 -3.510433 2026-09-09 23:42:48
INFO  [23:43:21.118] [bbotk]  -0.41570388 -0.7101145         -2.337744 -3.086357 2026-09-09 23:42:49
INFO  [23:43:21.118] [bbotk]  -3.92633882 -1.2996358         -6.148084 -3.186521 2026-09-09 23:42:50
INFO  [23:43:21.118] [bbotk]  -4.06531654 -1.2376115         -6.055300 -3.189319 2026-09-09 23:42:50
INFO  [23:43:21.118] [bbotk]  -5.54897404 -5.1554616         -2.366032 -3.085121 2026-09-09 23:42:51
INFO  [23:43:21.118] [bbotk]  -0.75310828 -0.5063803         -4.733499 -3.117835 2026-09-09 23:42:52
INFO  [23:43:21.118] [bbotk]  -4.84486274 -2.8286172         -3.713892 -3.279623 2026-09-09 23:42:52
INFO  [23:43:21.118] [bbotk]  -3.51881836 -1.1279855         -6.159301 -2.651346 2026-09-09 23:42:53
INFO  [23:43:21.118] [bbotk]  -6.43102891 -1.2836768         -4.040676 -2.476099 2026-09-09 23:42:53
INFO  [23:43:21.118] [bbotk]  -5.22384476 -5.6754583         -2.669382 -2.663943 2026-09-09 23:42:54
INFO  [23:43:21.118] [bbotk]  -3.98919422 -5.3854369         -6.080408 -2.998041 2026-09-09 23:42:55
INFO  [23:43:21.118] [bbotk]  -4.10023386 -1.1900684         -4.383698 -4.018781 2026-09-09 23:42:55
INFO  [23:43:21.118] [bbotk]  -0.01178618  6.0284735         -6.120625 -2.662341 2026-09-09 23:42:56
INFO  [23:43:21.118] [bbotk]  -4.69148737 -5.4920179         -2.551195 -2.438272 2026-09-09 23:42:57
INFO  [23:43:21.118] [bbotk]   0.24751132 -1.1800700         -2.435040 -3.376684 2026-09-09 23:42:57
INFO  [23:43:21.118] [bbotk]  -2.14843069 -5.2784867         -6.144541 -3.100785 2026-09-09 23:42:58
INFO  [23:43:21.118] [bbotk]  -3.77807028 -3.2110717         -5.995168 -2.397211 2026-09-09 23:42:59
INFO  [23:43:21.118] [bbotk]  -3.85604778 -1.2058291         -6.519678 -2.700781 2026-09-09 23:42:59
INFO  [23:43:21.118] [bbotk]  -0.42566930 -5.4216233         -6.141971 -2.321472 2026-09-09 23:43:00
INFO  [23:43:21.118] [bbotk]  -3.92086758 -1.3527429         -6.907755 -2.671047 2026-09-09 23:43:01
INFO  [23:43:21.118] [bbotk]  -3.91924561 -5.5098042         -3.995664 -2.289978 2026-09-09 23:43:01
INFO  [23:43:21.118] [bbotk]  -4.01413087  6.8767567         -6.166432 -2.426878 2026-09-09 23:43:02
INFO  [23:43:21.118] [bbotk]   0.38405239 -1.2019654         -6.140778 -2.334292 2026-09-09 23:43:03
INFO  [23:43:21.118] [bbotk]  -0.34511125 -3.3623298         -2.504918 -2.201553 2026-09-09 23:43:03
INFO  [23:43:21.118] [bbotk]  -3.93204671 -1.0956570         -2.400869 -2.298951 2026-09-09 23:43:04
INFO  [23:43:21.118] [bbotk]  -2.66344595 -1.1971319         -4.100753 -2.318059 2026-09-09 23:43:05
INFO  [23:43:21.118] [bbotk]  -6.32780112 -1.7614670         -4.511085 -2.104360 2026-09-09 23:43:05
INFO  [23:43:21.118] [bbotk]  -0.97833710 -1.4508844         -3.616633 -2.170779 2026-09-09 23:43:06
INFO  [23:43:21.118] [bbotk]  -5.46456630 -5.9291928         -2.491057 -2.187692 2026-09-09 23:43:07
INFO  [23:43:21.118] [bbotk]  -6.38860014 -5.2888853         -6.794257 -2.085745 2026-09-09 23:43:08
INFO  [23:43:21.118] [bbotk]  -6.64214870  6.9077553         -5.442271 -1.972017 2026-09-09 23:43:08
INFO  [23:43:21.118] [bbotk]  -0.23484595 -1.1671133         -3.889615 -2.169970 2026-09-09 23:43:09
INFO  [23:43:21.118] [bbotk]   0.24353997 -3.6177530         -5.160435 -1.974975 2026-09-09 23:43:10
INFO  [23:43:21.118] [bbotk]  -3.89760683 -4.0584116         -3.284885 -1.906220 2026-09-09 23:43:10
INFO  [23:43:21.118] [bbotk]  -5.49279669 -1.1746117         -5.694059 -1.934453 2026-09-09 23:43:11
INFO  [23:43:21.118] [bbotk]  -5.83349453 -5.6220585         -6.277679 -2.052824 2026-09-09 23:43:12
INFO  [23:43:21.118] [bbotk]  -0.37474250 -4.2277547         -4.866199 -1.896214 2026-09-09 23:43:12
INFO  [23:43:21.118] [bbotk]  -5.93306135 -5.5168127         -2.491453 -1.952258 2026-09-09 23:43:13
INFO  [23:43:21.118] [bbotk]    lambda_l1  lambda_l2 min_gain_to_split    acq_cb timestamp_surrogate
INFO  [23:43:21.118] [bbotk]  timestamp_acq_function timestamp_acq_optimizer      timestamp_loop classif.ce
INFO  [23:43:21.118] [bbotk]     2026-09-09 23:42:44     2026-09-09 23:42:44 2026-09-09 23:42:45      0.213
INFO  [23:43:21.118] [bbotk]     2026-09-09 23:42:45     2026-09-09 23:42:45 2026-09-09 23:42:46      0.223
INFO  [23:43:21.118] [bbotk]     2026-09-09 23:42:46     2026-09-09 23:42:46 2026-09-09 23:42:46      0.209
INFO  [23:43:21.118] [bbotk]     2026-09-09 23:42:46     2026-09-09 23:42:46 2026-09-09 23:42:47      0.226
INFO  [23:43:21.118] [bbotk]     2026-09-09 23:42:47     2026-09-09 23:42:47 2026-09-09 23:42:48      0.221
INFO  [23:43:21.118] [bbotk]     2026-09-09 23:42:48     2026-09-09 23:42:48 2026-09-09 23:42:48      0.211
INFO  [23:43:21.118] [bbotk]     2026-09-09 23:42:49     2026-09-09 23:42:49 2026-09-09 23:42:49      0.220
INFO  [23:43:21.118] [bbotk]     2026-09-09 23:42:49     2026-09-09 23:42:49 2026-09-09 23:42:50      0.225
INFO  [23:43:21.118] [bbotk]     2026-09-09 23:42:50     2026-09-09 23:42:50 2026-09-09 23:42:50      0.236
INFO  [23:43:21.118] [bbotk]     2026-09-09 23:42:50     2026-09-09 23:42:50 2026-09-09 23:42:51      0.210
INFO  [23:43:21.118] [bbotk]     2026-09-09 23:42:51     2026-09-09 23:42:51 2026-09-09 23:42:52      0.211
INFO  [23:43:21.118] [bbotk]     2026-09-09 23:42:52     2026-09-09 23:42:52 2026-09-09 23:42:52      0.216
INFO  [23:43:21.118] [bbotk]     2026-09-09 23:42:52     2026-09-09 23:42:52 2026-09-09 23:42:53      0.224
INFO  [23:43:21.118] [bbotk]     2026-09-09 23:42:53     2026-09-09 23:42:53 2026-09-09 23:42:53      0.203
INFO  [23:43:21.118] [bbotk]     2026-09-09 23:42:54     2026-09-09 23:42:54 2026-09-09 23:42:54      0.212
INFO  [23:43:21.118] [bbotk]     2026-09-09 23:42:54     2026-09-09 23:42:54 2026-09-09 23:42:55      0.218
INFO  [23:43:21.118] [bbotk]     2026-09-09 23:42:55     2026-09-09 23:42:55 2026-09-09 23:42:55      0.217
INFO  [23:43:21.118] [bbotk]     2026-09-09 23:42:56     2026-09-09 23:42:56 2026-09-09 23:42:56      0.211
INFO  [23:43:21.118] [bbotk]     2026-09-09 23:42:56     2026-09-09 23:42:56 2026-09-09 23:42:57      0.300
INFO  [23:43:21.118] [bbotk]     2026-09-09 23:42:57     2026-09-09 23:42:57 2026-09-09 23:42:57      0.209
INFO  [23:43:21.118] [bbotk]     2026-09-09 23:42:57     2026-09-09 23:42:57 2026-09-09 23:42:58      0.223
INFO  [23:43:21.118] [bbotk]     2026-09-09 23:42:58     2026-09-09 23:42:58 2026-09-09 23:42:59      0.210
INFO  [23:43:21.118] [bbotk]     2026-09-09 23:42:59     2026-09-09 23:42:59 2026-09-09 23:42:59      0.203
INFO  [23:43:21.118] [bbotk]     2026-09-09 23:42:59     2026-09-09 23:42:59 2026-09-09 23:43:00      0.219
INFO  [23:43:21.118] [bbotk]     2026-09-09 23:43:00     2026-09-09 23:43:00 2026-09-09 23:43:01      0.220
INFO  [23:43:21.118] [bbotk]     2026-09-09 23:43:01     2026-09-09 23:43:01 2026-09-09 23:43:01      0.207
INFO  [23:43:21.118] [bbotk]     2026-09-09 23:43:02     2026-09-09 23:43:02 2026-09-09 23:43:02      0.210
INFO  [23:43:21.118] [bbotk]     2026-09-09 23:43:02     2026-09-09 23:43:02 2026-09-09 23:43:03      0.300
INFO  [23:43:21.118] [bbotk]     2026-09-09 23:43:03     2026-09-09 23:43:03 2026-09-09 23:43:03      0.227
INFO  [23:43:21.118] [bbotk]     2026-09-09 23:43:03     2026-09-09 23:43:03 2026-09-09 23:43:04      0.217
INFO  [23:43:21.118] [bbotk]     2026-09-09 23:43:04     2026-09-09 23:43:04 2026-09-09 23:43:05      0.231
INFO  [23:43:21.118] [bbotk]     2026-09-09 23:43:05     2026-09-09 23:43:05 2026-09-09 23:43:05      0.225
INFO  [23:43:21.118] [bbotk]     2026-09-09 23:43:05     2026-09-09 23:43:05 2026-09-09 23:43:06      0.228
INFO  [23:43:21.118] [bbotk]     2026-09-09 23:43:06     2026-09-09 23:43:06 2026-09-09 23:43:07      0.222
INFO  [23:43:21.118] [bbotk]     2026-09-09 23:43:07     2026-09-09 23:43:07 2026-09-09 23:43:08      0.222
INFO  [23:43:21.118] [bbotk]     2026-09-09 23:43:08     2026-09-09 23:43:08 2026-09-09 23:43:08      0.270
INFO  [23:43:21.118] [bbotk]     2026-09-09 23:43:08     2026-09-09 23:43:08 2026-09-09 23:43:09      0.300
INFO  [23:43:21.118] [bbotk]     2026-09-09 23:43:09     2026-09-09 23:43:09 2026-09-09 23:43:10      0.226
INFO  [23:43:21.118] [bbotk]     2026-09-09 23:43:10     2026-09-09 23:43:10 2026-09-09 23:43:10      0.228
INFO  [23:43:21.118] [bbotk]     2026-09-09 23:43:10     2026-09-09 23:43:10 2026-09-09 23:43:11      0.220
INFO  [23:43:21.118] [bbotk]     2026-09-09 23:43:11     2026-09-09 23:43:11 2026-09-09 23:43:11      0.211
INFO  [23:43:21.118] [bbotk]     2026-09-09 23:43:12     2026-09-09 23:43:12 2026-09-09 23:43:12      0.217
INFO  [23:43:21.118] [bbotk]     2026-09-09 23:43:12     2026-09-09 23:43:12 2026-09-09 23:43:13      0.224
INFO  [23:43:21.118] [bbotk]     2026-09-09 23:43:13     2026-09-09 23:43:13 2026-09-09 23:43:13      0.215
INFO  [23:43:21.118] [bbotk]  timestamp_acq_function timestamp_acq_optimizer      timestamp_loop classif.ce
INFO  [23:43:21.118] [bbotk]  warnings errors runtime_learners internal_tuned_values
INFO  [23:43:21.118] [bbotk]         0      0            1.338     num_iterations=93
INFO  [23:43:21.118] [bbotk]         0      0            1.335    num_iterations=135
INFO  [23:43:21.118] [bbotk]         0      0            1.655     num_iterations=97
INFO  [23:43:21.118] [bbotk]         0      0            1.176     num_iterations=71
INFO  [23:43:21.118] [bbotk]         0      0            1.306     num_iterations=99
INFO  [23:43:21.118] [bbotk]         0      0            1.273     num_iterations=77
INFO  [23:43:21.118] [bbotk]         0      0            1.147     num_iterations=36
INFO  [23:43:21.118] [bbotk]         0      0            0.933     num_iterations=11
INFO  [23:43:21.118] [bbotk]         0      0            1.249     num_iterations=87
INFO  [23:43:21.118] [bbotk]         0      0            1.573    num_iterations=125
INFO  [23:43:21.118] [bbotk]         0      0            1.166     num_iterations=24
INFO  [23:43:21.118] [bbotk]         0      0            1.666     num_iterations=83
INFO  [23:43:21.118] [bbotk]         0      0            1.062     num_iterations=56
INFO  [23:43:21.118] [bbotk]         0      0            1.307     num_iterations=56
INFO  [23:43:21.118] [bbotk]         0      0            1.222     num_iterations=54
INFO  [23:43:21.118] [bbotk]         0      0            1.075     num_iterations=43
INFO  [23:43:21.118] [bbotk]         0      0            1.440     num_iterations=43
INFO  [23:43:21.118] [bbotk]         0      0            1.394    num_iterations=117
INFO  [23:43:21.118] [bbotk]         0      0            1.061      num_iterations=1
INFO  [23:43:21.118] [bbotk]         0      0            1.398     num_iterations=61
INFO  [23:43:21.118] [bbotk]         0      0            1.412     num_iterations=95
INFO  [23:43:21.118] [bbotk]         0      0            1.828     num_iterations=82
INFO  [23:43:21.118] [bbotk]         0      0            1.248     num_iterations=56
INFO  [23:43:21.118] [bbotk]         0      0            1.447    num_iterations=100
INFO  [23:43:21.118] [bbotk]         0      0            1.325     num_iterations=58
INFO  [23:43:21.118] [bbotk]         0      0            1.453     num_iterations=70
INFO  [23:43:21.118] [bbotk]         0      0            1.259     num_iterations=48
INFO  [23:43:21.118] [bbotk]         0      0            1.079      num_iterations=1
INFO  [23:43:21.118] [bbotk]         0      0            1.143     num_iterations=12
INFO  [23:43:21.118] [bbotk]         0      0            1.218     num_iterations=37
INFO  [23:43:21.118] [bbotk]         0      0            1.229     num_iterations=71
INFO  [23:43:21.118] [bbotk]         0      0            1.288     num_iterations=81
INFO  [23:43:21.118] [bbotk]         0      0            1.409     num_iterations=90
INFO  [23:43:21.118] [bbotk]         0      0            1.792    num_iterations=104
INFO  [23:43:21.118] [bbotk]         0      0            2.217     num_iterations=53
INFO  [23:43:21.118] [bbotk]         0      0            1.412      num_iterations=9
INFO  [23:43:21.118] [bbotk]         0      0            1.352      num_iterations=1
INFO  [23:43:21.118] [bbotk]         0      0            1.437     num_iterations=61
INFO  [23:43:21.118] [bbotk]         0      0            1.870     num_iterations=51
INFO  [23:43:21.118] [bbotk]         0      0            1.377     num_iterations=84
INFO  [23:43:21.118] [bbotk]         0      0            1.259     num_iterations=25
INFO  [23:43:21.118] [bbotk]         0      0            1.730     num_iterations=31
INFO  [23:43:21.118] [bbotk]         0      0            1.378     num_iterations=45
INFO  [23:43:21.118] [bbotk]         0      0            1.387     num_iterations=40
INFO  [23:43:21.118] [bbotk]  warnings errors runtime_learners internal_tuned_values
INFO  [23:43:21.272] [mlr3] Calling train method of fallback 'regr.ranger' on task 'surrogate_task' with 144 observations {learner: <LearnerRegrRanger/LearnerRegr/Learner/R6>}
INFO  [23:43:22.038] [mlr3] Calling train method of fallback 'regr.ranger' on task 'surrogate_task' with 145 observations {learner: <LearnerRegrRanger/LearnerRegr/Learner/R6>}
INFO  [23:43:22.724] [mlr3] Calling train method of fallback 'regr.ranger' on task 'surrogate_task' with 146 observations {learner: <LearnerRegrRanger/LearnerRegr/Learner/R6>}
INFO  [23:43:23.450] [mlr3] Calling train method of fallback 'regr.ranger' on task 'surrogate_task' with 147 observations {learner: <LearnerRegrRanger/LearnerRegr/Learner/R6>}
INFO  [23:43:24.145] [mlr3] Calling train method of fallback 'regr.ranger' on task 'surrogate_task' with 148 observations {learner: <LearnerRegrRanger/LearnerRegr/Learner/R6>}
INFO  [23:43:24.862] [mlr3] Calling train method of fallback 'regr.ranger' on task 'surrogate_task' with 149 observations {learner: <LearnerRegrRanger/LearnerRegr/Learner/R6>}
INFO  [23:43:25.513] [mlr3] Calling train method of fallback 'regr.ranger' on task 'surrogate_task' with 150 observations {learner: <LearnerRegrRanger/LearnerRegr/Learner/R6>}
INFO  [23:43:26.214] [mlr3] Calling train method of fallback 'regr.ranger' on task 'surrogate_task' with 151 observations {learner: <LearnerRegrRanger/LearnerRegr/Learner/R6>}
INFO  [23:43:27.099] [mlr3] Calling train method of fallback 'regr.ranger' on task 'surrogate_task' with 152 observations {learner: <LearnerRegrRanger/LearnerRegr/Learner/R6>}
INFO  [23:43:27.782] [mlr3] Calling train method of fallback 'regr.ranger' on task 'surrogate_task' with 153 observations {learner: <LearnerRegrRanger/LearnerRegr/Learner/R6>}
INFO  [23:43:28.436] [mlr3] Calling train method of fallback 'regr.ranger' on task 'surrogate_task' with 154 observations {learner: <LearnerRegrRanger/LearnerRegr/Learner/R6>}
INFO  [23:43:29.122] [mlr3] Calling train method of fallback 'regr.ranger' on task 'surrogate_task' with 155 observations {learner: <LearnerRegrRanger/LearnerRegr/Learner/R6>}
INFO  [23:43:29.792] [mlr3] Calling train method of fallback 'regr.ranger' on task 'surrogate_task' with 156 observations {learner: <LearnerRegrRanger/LearnerRegr/Learner/R6>}
INFO  [23:43:30.479] [mlr3] Calling train method of fallback 'regr.ranger' on task 'surrogate_task' with 157 observations {learner: <LearnerRegrRanger/LearnerRegr/Learner/R6>}
INFO  [23:43:31.160] [mlr3] Calling train method of fallback 'regr.ranger' on task 'surrogate_task' with 158 observations {learner: <LearnerRegrRanger/LearnerRegr/Learner/R6>}
INFO  [23:43:31.836] [mlr3] Calling train method of fallback 'regr.ranger' on task 'surrogate_task' with 159 observations {learner: <LearnerRegrRanger/LearnerRegr/Learner/R6>}
INFO  [23:43:32.547] [mlr3] Calling train method of fallback 'regr.ranger' on task 'surrogate_task' with 160 observations {learner: <LearnerRegrRanger/LearnerRegr/Learner/R6>}
INFO  [23:43:33.255] [mlr3] Calling train method of fallback 'regr.ranger' on task 'surrogate_task' with 161 observations {learner: <LearnerRegrRanger/LearnerRegr/Learner/R6>}
INFO  [23:43:33.966] [mlr3] Calling train method of fallback 'regr.ranger' on task 'surrogate_task' with 162 observations {learner: <LearnerRegrRanger/LearnerRegr/Learner/R6>}
INFO  [23:43:34.704] [mlr3] Calling train method of fallback 'regr.ranger' on task 'surrogate_task' with 163 observations {learner: <LearnerRegrRanger/LearnerRegr/Learner/R6>}
INFO  [23:43:35.428] [mlr3] Calling train method of fallback 'regr.ranger' on task 'surrogate_task' with 164 observations {learner: <LearnerRegrRanger/LearnerRegr/Learner/R6>}
INFO  [23:43:36.152] [mlr3] Calling train method of fallback 'regr.ranger' on task 'surrogate_task' with 165 observations {learner: <LearnerRegrRanger/LearnerRegr/Learner/R6>}
INFO  [23:43:37.056] [mlr3] Calling train method of fallback 'regr.ranger' on task 'surrogate_task' with 166 observations {learner: <LearnerRegrRanger/LearnerRegr/Learner/R6>}
INFO  [23:43:37.764] [mlr3] Calling train method of fallback 'regr.ranger' on task 'surrogate_task' with 167 observations {learner: <LearnerRegrRanger/LearnerRegr/Learner/R6>}
INFO  [23:43:38.473] [mlr3] Calling train method of fallback 'regr.ranger' on task 'surrogate_task' with 168 observations {learner: <LearnerRegrRanger/LearnerRegr/Learner/R6>}
INFO  [23:43:39.177] [mlr3] Calling train method of fallback 'regr.ranger' on task 'surrogate_task' with 169 observations {learner: <LearnerRegrRanger/LearnerRegr/Learner/R6>}
INFO  [23:43:39.885] [mlr3] Calling train method of fallback 'regr.ranger' on task 'surrogate_task' with 170 observations {learner: <LearnerRegrRanger/LearnerRegr/Learner/R6>}
INFO  [23:43:40.615] [mlr3] Calling train method of fallback 'regr.ranger' on task 'surrogate_task' with 171 observations {learner: <LearnerRegrRanger/LearnerRegr/Learner/R6>}
INFO  [23:43:41.341] [mlr3] Calling train method of fallback 'regr.ranger' on task 'surrogate_task' with 172 observations {learner: <LearnerRegrRanger/LearnerRegr/Learner/R6>}
INFO  [23:43:42.079] [mlr3] Calling train method of fallback 'regr.ranger' on task 'surrogate_task' with 173 observations {learner: <LearnerRegrRanger/LearnerRegr/Learner/R6>}
INFO  [23:43:42.775] [mlr3] Calling train method of fallback 'regr.ranger' on task 'surrogate_task' with 174 observations {learner: <LearnerRegrRanger/LearnerRegr/Learner/R6>}
INFO  [23:43:43.458] [mlr3] Calling train method of fallback 'regr.ranger' on task 'surrogate_task' with 175 observations {learner: <LearnerRegrRanger/LearnerRegr/Learner/R6>}
INFO  [23:43:44.172] [mlr3] Calling train method of fallback 'regr.ranger' on task 'surrogate_task' with 176 observations {learner: <LearnerRegrRanger/LearnerRegr/Learner/R6>}
INFO  [23:43:44.858] [mlr3] Calling train method of fallback 'regr.ranger' on task 'surrogate_task' with 177 observations {learner: <LearnerRegrRanger/LearnerRegr/Learner/R6>}
INFO  [23:43:45.548] [mlr3] Calling train method of fallback 'regr.ranger' on task 'surrogate_task' with 178 observations {learner: <LearnerRegrRanger/LearnerRegr/Learner/R6>}
INFO  [23:43:46.476] [mlr3] Calling train method of fallback 'regr.ranger' on task 'surrogate_task' with 179 observations {learner: <LearnerRegrRanger/LearnerRegr/Learner/R6>}
INFO  [23:43:47.203] [mlr3] Calling train method of fallback 'regr.ranger' on task 'surrogate_task' with 180 observations {learner: <LearnerRegrRanger/LearnerRegr/Learner/R6>}
INFO  [23:43:47.924] [mlr3] Calling train method of fallback 'regr.ranger' on task 'surrogate_task' with 181 observations {learner: <LearnerRegrRanger/LearnerRegr/Learner/R6>}
INFO  [23:43:48.676] [mlr3] Calling train method of fallback 'regr.ranger' on task 'surrogate_task' with 182 observations {learner: <LearnerRegrRanger/LearnerRegr/Learner/R6>}
INFO  [23:43:49.399] [mlr3] Calling train method of fallback 'regr.ranger' on task 'surrogate_task' with 183 observations {learner: <LearnerRegrRanger/LearnerRegr/Learner/R6>}
INFO  [23:43:50.159] [mlr3] Calling train method of fallback 'regr.ranger' on task 'surrogate_task' with 184 observations {learner: <LearnerRegrRanger/LearnerRegr/Learner/R6>}
INFO  [23:43:50.907] [mlr3] Calling train method of fallback 'regr.ranger' on task 'surrogate_task' with 185 observations {learner: <LearnerRegrRanger/LearnerRegr/Learner/R6>}
INFO  [23:43:51.649] [mlr3] Calling train method of fallback 'regr.ranger' on task 'surrogate_task' with 186 observations {learner: <LearnerRegrRanger/LearnerRegr/Learner/R6>}
INFO  [23:43:52.394] [mlr3] Calling train method of fallback 'regr.ranger' on task 'surrogate_task' with 187 observations {learner: <LearnerRegrRanger/LearnerRegr/Learner/R6>}
INFO  [23:43:53.025] [bbotk] Evaluating 44 configuration(s)
INFO  [23:43:53.157] [mlr3] Running benchmark with 440 resampling iterations
INFO  [23:43:54.586] [mlr3] Finished benchmark
INFO  [23:43:55.937] [bbotk] Result of batch 3:
INFO  [23:43:55.945] [bbotk]  learning_rate num_leaves min_data_in_leaf feature_fraction extra_trees
INFO  [23:43:55.945] [bbotk]     -0.7431048        145               23        0.6933634        TRUE
INFO  [23:43:55.945] [bbotk]     -0.7007282        226              100        0.9308008       FALSE
INFO  [23:43:55.945] [bbotk]     -0.2450582        231               20        0.6933098        TRUE
INFO  [23:43:55.945] [bbotk]     -0.6478072        227               95        0.9321885       FALSE
INFO  [23:43:55.945] [bbotk]     -0.7674677        255              163        0.9367577       FALSE
INFO  [23:43:55.945] [bbotk]     -0.9289759        118               97        0.9282380       FALSE
INFO  [23:43:55.945] [bbotk]     -0.7199515        134               22        0.9323034        TRUE
INFO  [23:43:55.945] [bbotk]     -0.8157643        145               95        0.6783934        TRUE
INFO  [23:43:55.945] [bbotk]     -1.4338989        227               16        0.9336156        TRUE
INFO  [23:43:55.945] [bbotk]     -0.5593061         42               22        0.8920391        TRUE
INFO  [23:43:55.945] [bbotk]     -0.6928263         96               17        0.1811119        TRUE
INFO  [23:43:55.945] [bbotk]     -0.9626285        245               95        0.9626202       FALSE
INFO  [23:43:55.945] [bbotk]     -0.6380258        220               16        0.7746798        TRUE
INFO  [23:43:55.945] [bbotk]     -0.6650999        109               22        0.6940575        TRUE
INFO  [23:43:55.945] [bbotk]     -0.7905635        228               96        0.3362999       FALSE
INFO  [23:43:55.945] [bbotk]     -0.9605685        232               94        0.9605464       FALSE
INFO  [23:43:55.945] [bbotk]     -0.6873864         25               23        0.6895311        TRUE
INFO  [23:43:55.945] [bbotk]     -0.8950708        221               22        0.9379994       FALSE
INFO  [23:43:55.945] [bbotk]     -1.0109676        136               22        0.6881381        TRUE
INFO  [23:43:55.945] [bbotk]     -1.6493874         43               21        0.9327242        TRUE
INFO  [23:43:55.945] [bbotk]     -0.9448223        234              197        0.5793752        TRUE
INFO  [23:43:55.945] [bbotk]     -1.0238173        230               87        0.9150234       FALSE
INFO  [23:43:55.945] [bbotk]     -0.6744600         58               26        0.3003568        TRUE
INFO  [23:43:55.945] [bbotk]     -0.9486409        197              190        0.6921846        TRUE
INFO  [23:43:55.945] [bbotk]     -1.0229691        228               59        0.9264244       FALSE
INFO  [23:43:55.945] [bbotk]     -0.9544272        206               96        1.0000000       FALSE
INFO  [23:43:55.945] [bbotk]     -0.6667701        138               29        0.6921443        TRUE
INFO  [23:43:55.945] [bbotk]     -0.9605140        228               92        0.6870646        TRUE
INFO  [23:43:55.945] [bbotk]     -0.9566063         61               92        0.7172520        TRUE
INFO  [23:43:55.945] [bbotk]     -2.1042687         22              196        1.0000000       FALSE
INFO  [23:43:55.945] [bbotk]     -2.5096777        212               20        0.6788095        TRUE
INFO  [23:43:55.945] [bbotk]     -2.7354745        141               21        0.9946381        TRUE
INFO  [23:43:55.945] [bbotk]     -2.0006333        138               79        1.0000000       FALSE
INFO  [23:43:55.945] [bbotk]     -2.7113276         12               22        1.0000000        TRUE
INFO  [23:43:55.945] [bbotk]     -0.5494007        225              103        0.6836036        TRUE
INFO  [23:43:55.945] [bbotk]     -0.6682401        104               15        0.6862465        TRUE
INFO  [23:43:55.945] [bbotk]     -2.3213183         35               20        0.6223253        TRUE
INFO  [23:43:55.945] [bbotk]     -0.8653298        140              145        0.9310247       FALSE
INFO  [23:43:55.945] [bbotk]     -1.6756005        146               22        1.0000000        TRUE
INFO  [23:43:55.945] [bbotk]     -0.9550626        187               31        0.7117656        TRUE
INFO  [23:43:55.945] [bbotk]     -1.8280696        227                4        0.6910610        TRUE
INFO  [23:43:55.945] [bbotk]     -2.7326846         42               20        1.0000000        TRUE
INFO  [23:43:55.945] [bbotk]     -2.5220521         28               22        0.6928089        TRUE
INFO  [23:43:55.945] [bbotk]     -2.7562369         39               21        0.9844265        TRUE
INFO  [23:43:55.945] [bbotk]  learning_rate num_leaves min_data_in_leaf feature_fraction extra_trees
INFO  [23:43:55.945] [bbotk]  lambda_l1  lambda_l2 min_gain_to_split    acq_cb timestamp_surrogate
INFO  [23:43:55.945] [bbotk]  -3.457057 -0.8802814         -6.434530 -5.816012 2026-09-09 23:43:21
INFO  [23:43:55.945] [bbotk]  -4.254898 -3.3006730         -6.681278 -5.612443 2026-09-09 23:43:21
INFO  [23:43:55.945] [bbotk]  -3.826645 -1.1740489         -6.047884 -5.257625 2026-09-09 23:43:22
INFO  [23:43:55.945] [bbotk]  -3.394940 -3.1029625         -6.037838 -5.366104 2026-09-09 23:43:23
INFO  [23:43:55.945] [bbotk]  -3.776932 -3.1677709         -5.996377 -5.317537 2026-09-09 23:43:24
INFO  [23:43:55.945] [bbotk]  -3.783964 -3.2102925         -6.134494 -5.140903 2026-09-09 23:43:24
INFO  [23:43:55.945] [bbotk]  -3.804388 -0.2970432         -6.153213 -4.847011 2026-09-09 23:43:25
INFO  [23:43:55.945] [bbotk]  -3.536694 -1.2304134         -6.213200 -4.545248 2026-09-09 23:43:26
INFO  [23:43:55.945] [bbotk]  -3.740307 -1.1125692         -6.452676 -4.281538 2026-09-09 23:43:26
INFO  [23:43:55.945] [bbotk]  -6.760048 -1.1170749         -6.266920 -4.074660 2026-09-09 23:43:27
INFO  [23:43:55.945] [bbotk]  -3.501084 -1.1579771         -6.158604 -4.503809 2026-09-09 23:43:28
INFO  [23:43:55.945] [bbotk]  -4.471302 -6.0464095         -5.314339 -4.189110 2026-09-09 23:43:28
INFO  [23:43:55.945] [bbotk]  -3.541656 -1.1290799         -4.306467 -4.201026 2026-09-09 23:43:29
INFO  [23:43:55.945] [bbotk]  -3.527739 -1.2386822         -6.275900 -4.141970 2026-09-09 23:43:30
INFO  [23:43:55.945] [bbotk]  -3.833831 -3.2441753         -2.302585 -3.399474 2026-09-09 23:43:31
INFO  [23:43:55.945] [bbotk]  -4.282120 -3.3017505         -6.000698 -3.797410 2026-09-09 23:43:31
INFO  [23:43:55.945] [bbotk]  -3.789720 -1.2140520         -4.508569 -3.729891 2026-09-09 23:43:32
INFO  [23:43:55.945] [bbotk]  -3.916435 -3.2349394         -5.896126 -3.956967 2026-09-09 23:43:33
INFO  [23:43:55.945] [bbotk]  -5.782594 -1.1297552         -6.171524 -3.880832 2026-09-09 23:43:33
INFO  [23:43:55.945] [bbotk]  -3.843813 -2.3832878         -5.984159 -3.435480 2026-09-09 23:43:34
INFO  [23:43:55.945] [bbotk]  -5.558676 -2.9510574         -3.895340 -3.370180 2026-09-09 23:43:35
INFO  [23:43:55.945] [bbotk]  -3.837032 -5.1856737         -6.018096 -3.509212 2026-09-09 23:43:36
INFO  [23:43:55.945] [bbotk]  -3.644885 -1.1527649         -6.158386 -3.372698 2026-09-09 23:43:36
INFO  [23:43:55.945] [bbotk]  -5.916388 -1.0940378         -2.302585 -3.266878 2026-09-09 23:43:37
INFO  [23:43:55.945] [bbotk]  -3.728211 -3.2661196         -5.993125 -3.717996 2026-09-09 23:43:38
INFO  [23:43:55.945] [bbotk]  -3.789286 -3.8037420         -6.386679 -3.456661 2026-09-09 23:43:39
INFO  [23:43:55.945] [bbotk]  -2.673906  3.0185618         -6.105950 -3.417822 2026-09-09 23:43:39
INFO  [23:43:55.945] [bbotk]  -1.972952 -3.1383712         -6.159818 -3.264582 2026-09-09 23:43:40
INFO  [23:43:55.945] [bbotk]  -5.525556 -3.2267615         -3.556473 -3.069101 2026-09-09 23:43:41
INFO  [23:43:55.945] [bbotk]  -3.921004 -1.5821499         -6.666567 -2.816604 2026-09-09 23:43:41
INFO  [23:43:55.945] [bbotk]  -5.203283 -0.9648912         -6.166077 -3.065927 2026-09-09 23:43:42
INFO  [23:43:55.945] [bbotk]  -4.253638 -1.2296273         -6.907755 -3.211181 2026-09-09 23:43:43
INFO  [23:43:55.945] [bbotk]  -4.645785 -5.7914583         -2.502557 -2.901759 2026-09-09 23:43:44
INFO  [23:43:55.945] [bbotk]  -1.357406 -1.3944154         -6.158580 -3.445112 2026-09-09 23:43:44
INFO  [23:43:55.945] [bbotk]  -5.362715 -4.9446322         -5.986488 -2.995057 2026-09-09 23:43:45
INFO  [23:43:55.945] [bbotk]  -3.502765 -1.1234577         -4.044078 -3.606110 2026-09-09 23:43:46
INFO  [23:43:55.945] [bbotk]  -3.920588 -5.4095431         -6.600791 -2.979112 2026-09-09 23:43:47
INFO  [23:43:55.945] [bbotk]  -3.513198 -2.1368212         -5.988880 -3.021277 2026-09-09 23:43:47
INFO  [23:43:55.945] [bbotk]  -3.998045 -5.5873641         -6.005575 -2.744983 2026-09-09 23:43:48
INFO  [23:43:55.945] [bbotk]  -6.213481 -5.4378676         -2.481859 -2.950413 2026-09-09 23:43:49
INFO  [23:43:55.945] [bbotk]  -3.514692 -5.4521638         -2.349833 -3.017698 2026-09-09 23:43:50
INFO  [23:43:55.945] [bbotk]  -3.519770 -1.1424922         -6.856250 -3.330291 2026-09-09 23:43:50
INFO  [23:43:55.945] [bbotk]  -6.834684 -1.1484809         -2.524579 -2.834846 2026-09-09 23:43:51
INFO  [23:43:55.945] [bbotk]  -4.047692 -1.0557596         -6.150334 -3.208206 2026-09-09 23:43:52
INFO  [23:43:55.945] [bbotk]  lambda_l1  lambda_l2 min_gain_to_split    acq_cb timestamp_surrogate
INFO  [23:43:55.945] [bbotk]  timestamp_acq_function timestamp_acq_optimizer      timestamp_loop classif.ce
INFO  [23:43:55.945] [bbotk]     2026-09-09 23:43:21     2026-09-09 23:43:21 2026-09-09 23:43:21      0.207
INFO  [23:43:55.945] [bbotk]     2026-09-09 23:43:22     2026-09-09 23:43:22 2026-09-09 23:43:22      0.208
INFO  [23:43:55.945] [bbotk]     2026-09-09 23:43:22     2026-09-09 23:43:22 2026-09-09 23:43:23      0.206
INFO  [23:43:55.945] [bbotk]     2026-09-09 23:43:23     2026-09-09 23:43:23 2026-09-09 23:43:24      0.214
INFO  [23:43:55.945] [bbotk]     2026-09-09 23:43:24     2026-09-09 23:43:24 2026-09-09 23:43:24      0.213
INFO  [23:43:55.945] [bbotk]     2026-09-09 23:43:24     2026-09-09 23:43:24 2026-09-09 23:43:25      0.212
INFO  [23:43:55.945] [bbotk]     2026-09-09 23:43:25     2026-09-09 23:43:25 2026-09-09 23:43:26      0.205
INFO  [23:43:55.945] [bbotk]     2026-09-09 23:43:26     2026-09-09 23:43:26 2026-09-09 23:43:26      0.213
INFO  [23:43:55.945] [bbotk]     2026-09-09 23:43:27     2026-09-09 23:43:27 2026-09-09 23:43:27      0.205
INFO  [23:43:55.945] [bbotk]     2026-09-09 23:43:27     2026-09-09 23:43:27 2026-09-09 23:43:28      0.208
INFO  [23:43:55.945] [bbotk]     2026-09-09 23:43:28     2026-09-09 23:43:28 2026-09-09 23:43:28      0.201
INFO  [23:43:55.945] [bbotk]     2026-09-09 23:43:29     2026-09-09 23:43:29 2026-09-09 23:43:29      0.215
INFO  [23:43:55.945] [bbotk]     2026-09-09 23:43:29     2026-09-09 23:43:29 2026-09-09 23:43:30      0.214
INFO  [23:43:55.945] [bbotk]     2026-09-09 23:43:30     2026-09-09 23:43:30 2026-09-09 23:43:31      0.206
INFO  [23:43:55.945] [bbotk]     2026-09-09 23:43:31     2026-09-09 23:43:31 2026-09-09 23:43:31      0.217
INFO  [23:43:55.945] [bbotk]     2026-09-09 23:43:31     2026-09-09 23:43:31 2026-09-09 23:43:32      0.208
INFO  [23:43:55.945] [bbotk]     2026-09-09 23:43:32     2026-09-09 23:43:32 2026-09-09 23:43:33      0.211
INFO  [23:43:55.945] [bbotk]     2026-09-09 23:43:33     2026-09-09 23:43:33 2026-09-09 23:43:33      0.226
INFO  [23:43:55.945] [bbotk]     2026-09-09 23:43:33     2026-09-09 23:43:33 2026-09-09 23:43:34      0.202
INFO  [23:43:55.945] [bbotk]     2026-09-09 23:43:34     2026-09-09 23:43:34 2026-09-09 23:43:35      0.209
INFO  [23:43:55.945] [bbotk]     2026-09-09 23:43:35     2026-09-09 23:43:35 2026-09-09 23:43:36      0.226
INFO  [23:43:55.945] [bbotk]     2026-09-09 23:43:36     2026-09-09 23:43:36 2026-09-09 23:43:36      0.214
INFO  [23:43:55.945] [bbotk]     2026-09-09 23:43:37     2026-09-09 23:43:37 2026-09-09 23:43:37      0.214
INFO  [23:43:55.945] [bbotk]     2026-09-09 23:43:37     2026-09-09 23:43:37 2026-09-09 23:43:38      0.229
INFO  [23:43:55.945] [bbotk]     2026-09-09 23:43:38     2026-09-09 23:43:38 2026-09-09 23:43:39      0.210
INFO  [23:43:55.945] [bbotk]     2026-09-09 23:43:39     2026-09-09 23:43:39 2026-09-09 23:43:39      0.210
INFO  [23:43:55.945] [bbotk]     2026-09-09 23:43:39     2026-09-09 23:43:39 2026-09-09 23:43:40      0.212
INFO  [23:43:55.945] [bbotk]     2026-09-09 23:43:40     2026-09-09 23:43:40 2026-09-09 23:43:41      0.212
INFO  [23:43:55.945] [bbotk]     2026-09-09 23:43:41     2026-09-09 23:43:41 2026-09-09 23:43:41      0.208
INFO  [23:43:55.945] [bbotk]     2026-09-09 23:43:42     2026-09-09 23:43:42 2026-09-09 23:43:42      0.224
INFO  [23:43:55.945] [bbotk]     2026-09-09 23:43:42     2026-09-09 23:43:42 2026-09-09 23:43:43      0.208
INFO  [23:43:55.945] [bbotk]     2026-09-09 23:43:43     2026-09-09 23:43:43 2026-09-09 23:43:44      0.217
INFO  [23:43:55.945] [bbotk]     2026-09-09 23:43:44     2026-09-09 23:43:44 2026-09-09 23:43:44      0.219
INFO  [23:43:55.945] [bbotk]     2026-09-09 23:43:44     2026-09-09 23:43:44 2026-09-09 23:43:45      0.209
INFO  [23:43:55.945] [bbotk]     2026-09-09 23:43:45     2026-09-09 23:43:45 2026-09-09 23:43:46      0.208
INFO  [23:43:55.945] [bbotk]     2026-09-09 23:43:46     2026-09-09 23:43:46 2026-09-09 23:43:47      0.208
INFO  [23:43:55.945] [bbotk]     2026-09-09 23:43:47     2026-09-09 23:43:47 2026-09-09 23:43:47      0.210
INFO  [23:43:55.945] [bbotk]     2026-09-09 23:43:47     2026-09-09 23:43:47 2026-09-09 23:43:48      0.213
INFO  [23:43:55.945] [bbotk]     2026-09-09 23:43:48     2026-09-09 23:43:48 2026-09-09 23:43:49      0.213
INFO  [23:43:55.945] [bbotk]     2026-09-09 23:43:49     2026-09-09 23:43:49 2026-09-09 23:43:49      0.213
INFO  [23:43:55.945] [bbotk]     2026-09-09 23:43:50     2026-09-09 23:43:50 2026-09-09 23:43:50      0.213
INFO  [23:43:55.945] [bbotk]     2026-09-09 23:43:50     2026-09-09 23:43:50 2026-09-09 23:43:51      0.205
INFO  [23:43:55.945] [bbotk]     2026-09-09 23:43:51     2026-09-09 23:43:51 2026-09-09 23:43:52      0.219
INFO  [23:43:55.945] [bbotk]     2026-09-09 23:43:52     2026-09-09 23:43:52 2026-09-09 23:43:52      0.218
INFO  [23:43:55.945] [bbotk]  timestamp_acq_function timestamp_acq_optimizer      timestamp_loop classif.ce
INFO  [23:43:55.945] [bbotk]  warnings errors runtime_learners internal_tuned_values
INFO  [23:43:55.945] [bbotk]         0      0            0.574     num_iterations=48
INFO  [23:43:55.945] [bbotk]         0      0            0.712     num_iterations=47
INFO  [23:43:55.945] [bbotk]         0      0            0.706     num_iterations=21
INFO  [23:43:55.945] [bbotk]         0      0            0.714     num_iterations=26
INFO  [23:43:55.945] [bbotk]         0      0            0.730     num_iterations=37
INFO  [23:43:55.945] [bbotk]         0      0            0.769     num_iterations=31
INFO  [23:43:55.945] [bbotk]         0      0            0.767     num_iterations=45
INFO  [23:43:55.945] [bbotk]         0      0            0.606     num_iterations=33
INFO  [23:43:55.945] [bbotk]         0      0            0.861     num_iterations=48
INFO  [23:43:55.945] [bbotk]         0      0            0.601     num_iterations=27
INFO  [23:43:55.945] [bbotk]         0      0            0.675     num_iterations=68
INFO  [23:43:55.945] [bbotk]         0      0            0.595     num_iterations=23
INFO  [23:43:55.945] [bbotk]         0      0            0.675     num_iterations=36
INFO  [23:43:55.945] [bbotk]         0      0            0.716     num_iterations=55
INFO  [23:43:55.945] [bbotk]         0      0            0.660     num_iterations=37
INFO  [23:43:55.945] [bbotk]         0      0            0.725     num_iterations=55
INFO  [23:43:55.945] [bbotk]         0      0            0.695     num_iterations=50
INFO  [23:43:55.945] [bbotk]         0      0            0.706     num_iterations=24
INFO  [23:43:55.945] [bbotk]         0      0            0.725     num_iterations=63
INFO  [23:43:55.945] [bbotk]         0      0            0.665     num_iterations=32
INFO  [23:43:55.945] [bbotk]         0      0            0.614     num_iterations=73
INFO  [23:43:55.945] [bbotk]         0      0            0.719     num_iterations=40
INFO  [23:43:55.945] [bbotk]         0      0            0.577     num_iterations=49
INFO  [23:43:55.945] [bbotk]         0      0            0.554     num_iterations=53
INFO  [23:43:55.945] [bbotk]         0      0            0.729     num_iterations=41
INFO  [23:43:55.945] [bbotk]         0      0            0.701     num_iterations=43
INFO  [23:43:55.945] [bbotk]         0      0            0.623     num_iterations=45
INFO  [23:43:55.945] [bbotk]         0      0            0.622     num_iterations=28
INFO  [23:43:55.945] [bbotk]         0      0            0.525     num_iterations=26
INFO  [23:43:55.945] [bbotk]         0      0            0.595     num_iterations=66
INFO  [23:43:55.945] [bbotk]         0      0            0.813     num_iterations=97
INFO  [23:43:55.945] [bbotk]         0      0            0.769     num_iterations=75
INFO  [23:43:55.945] [bbotk]         0      0            0.727     num_iterations=50
INFO  [23:43:55.945] [bbotk]         0      0            0.828    num_iterations=129
INFO  [23:43:55.945] [bbotk]         0      0            0.612     num_iterations=45
INFO  [23:43:55.945] [bbotk]         0      0            0.629     num_iterations=35
INFO  [23:43:55.945] [bbotk]         0      0            0.787     num_iterations=83
INFO  [23:43:55.945] [bbotk]         0      0            0.652     num_iterations=54
INFO  [23:43:55.945] [bbotk]         0      0            0.697     num_iterations=44
INFO  [23:43:55.945] [bbotk]         0      0            0.532     num_iterations=22
INFO  [23:43:55.945] [bbotk]         0      0            0.715     num_iterations=43
INFO  [23:43:55.945] [bbotk]         0      0            0.909    num_iterations=116
INFO  [23:43:55.945] [bbotk]         0      0            0.806     num_iterations=80
INFO  [23:43:55.945] [bbotk]         0      0            0.806     num_iterations=94
INFO  [23:43:55.945] [bbotk]  warnings errors runtime_learners internal_tuned_values
INFO  [23:43:56.128] [mlr3] Calling train method of fallback 'regr.ranger' on task 'surrogate_task' with 188 observations {learner: <LearnerRegrRanger/LearnerRegr/Learner/R6>}
INFO  [23:43:56.971] [mlr3] Calling train method of fallback 'regr.ranger' on task 'surrogate_task' with 189 observations {learner: <LearnerRegrRanger/LearnerRegr/Learner/R6>}
INFO  [23:43:57.720] [mlr3] Calling train method of fallback 'regr.ranger' on task 'surrogate_task' with 190 observations {learner: <LearnerRegrRanger/LearnerRegr/Learner/R6>}
INFO  [23:43:58.483] [mlr3] Calling train method of fallback 'regr.ranger' on task 'surrogate_task' with 191 observations {learner: <LearnerRegrRanger/LearnerRegr/Learner/R6>}
INFO  [23:43:59.454] [mlr3] Calling train method of fallback 'regr.ranger' on task 'surrogate_task' with 192 observations {learner: <LearnerRegrRanger/LearnerRegr/Learner/R6>}
INFO  [23:44:00.197] [mlr3] Calling train method of fallback 'regr.ranger' on task 'surrogate_task' with 193 observations {learner: <LearnerRegrRanger/LearnerRegr/Learner/R6>}
INFO  [23:44:00.895] [mlr3] Calling train method of fallback 'regr.ranger' on task 'surrogate_task' with 194 observations {learner: <LearnerRegrRanger/LearnerRegr/Learner/R6>}
INFO  [23:44:01.633] [mlr3] Calling train method of fallback 'regr.ranger' on task 'surrogate_task' with 195 observations {learner: <LearnerRegrRanger/LearnerRegr/Learner/R6>}
INFO  [23:44:02.381] [mlr3] Calling train method of fallback 'regr.ranger' on task 'surrogate_task' with 196 observations {learner: <LearnerRegrRanger/LearnerRegr/Learner/R6>}
INFO  [23:44:03.128] [mlr3] Calling train method of fallback 'regr.ranger' on task 'surrogate_task' with 197 observations {learner: <LearnerRegrRanger/LearnerRegr/Learner/R6>}
INFO  [23:44:03.906] [mlr3] Calling train method of fallback 'regr.ranger' on task 'surrogate_task' with 198 observations {learner: <LearnerRegrRanger/LearnerRegr/Learner/R6>}
INFO  [23:44:04.677] [mlr3] Calling train method of fallback 'regr.ranger' on task 'surrogate_task' with 199 observations {learner: <LearnerRegrRanger/LearnerRegr/Learner/R6>}
INFO  [23:44:05.436] [mlr3] Calling train method of fallback 'regr.ranger' on task 'surrogate_task' with 200 observations {learner: <LearnerRegrRanger/LearnerRegr/Learner/R6>}
INFO  [23:44:06.195] [mlr3] Calling train method of fallback 'regr.ranger' on task 'surrogate_task' with 201 observations {learner: <LearnerRegrRanger/LearnerRegr/Learner/R6>}
INFO  [23:44:06.966] [mlr3] Calling train method of fallback 'regr.ranger' on task 'surrogate_task' with 202 observations {learner: <LearnerRegrRanger/LearnerRegr/Learner/R6>}
INFO  [23:44:07.777] [mlr3] Calling train method of fallback 'regr.ranger' on task 'surrogate_task' with 203 observations {learner: <LearnerRegrRanger/LearnerRegr/Learner/R6>}
INFO  [23:44:08.521] [mlr3] Calling train method of fallback 'regr.ranger' on task 'surrogate_task' with 204 observations {learner: <LearnerRegrRanger/LearnerRegr/Learner/R6>}
INFO  [23:44:09.513] [mlr3] Calling train method of fallback 'regr.ranger' on task 'surrogate_task' with 205 observations {learner: <LearnerRegrRanger/LearnerRegr/Learner/R6>}
INFO  [23:44:10.287] [mlr3] Calling train method of fallback 'regr.ranger' on task 'surrogate_task' with 206 observations {learner: <LearnerRegrRanger/LearnerRegr/Learner/R6>}
INFO  [23:44:11.078] [mlr3] Calling train method of fallback 'regr.ranger' on task 'surrogate_task' with 207 observations {learner: <LearnerRegrRanger/LearnerRegr/Learner/R6>}
INFO  [23:44:11.859] [mlr3] Calling train method of fallback 'regr.ranger' on task 'surrogate_task' with 208 observations {learner: <LearnerRegrRanger/LearnerRegr/Learner/R6>}
INFO  [23:44:12.625] [mlr3] Calling train method of fallback 'regr.ranger' on task 'surrogate_task' with 209 observations {learner: <LearnerRegrRanger/LearnerRegr/Learner/R6>}
INFO  [23:44:13.410] [mlr3] Calling train method of fallback 'regr.ranger' on task 'surrogate_task' with 210 observations {learner: <LearnerRegrRanger/LearnerRegr/Learner/R6>}
INFO  [23:44:14.239] [mlr3] Calling train method of fallback 'regr.ranger' on task 'surrogate_task' with 211 observations {learner: <LearnerRegrRanger/LearnerRegr/Learner/R6>}
INFO  [23:44:15.018] [mlr3] Calling train method of fallback 'regr.ranger' on task 'surrogate_task' with 212 observations {learner: <LearnerRegrRanger/LearnerRegr/Learner/R6>}
INFO  [23:44:15.836] [mlr3] Calling train method of fallback 'regr.ranger' on task 'surrogate_task' with 213 observations {learner: <LearnerRegrRanger/LearnerRegr/Learner/R6>}
INFO  [23:44:16.671] [mlr3] Calling train method of fallback 'regr.ranger' on task 'surrogate_task' with 214 observations {learner: <LearnerRegrRanger/LearnerRegr/Learner/R6>}
INFO  [23:44:17.482] [mlr3] Calling train method of fallback 'regr.ranger' on task 'surrogate_task' with 215 observations {learner: <LearnerRegrRanger/LearnerRegr/Learner/R6>}
INFO  [23:44:18.279] [mlr3] Calling train method of fallback 'regr.ranger' on task 'surrogate_task' with 216 observations {learner: <LearnerRegrRanger/LearnerRegr/Learner/R6>}
INFO  [23:44:19.404] [mlr3] Calling train method of fallback 'regr.ranger' on task 'surrogate_task' with 217 observations {learner: <LearnerRegrRanger/LearnerRegr/Learner/R6>}
INFO  [23:44:20.180] [mlr3] Calling train method of fallback 'regr.ranger' on task 'surrogate_task' with 218 observations {learner: <LearnerRegrRanger/LearnerRegr/Learner/R6>}
INFO  [23:44:20.975] [mlr3] Calling train method of fallback 'regr.ranger' on task 'surrogate_task' with 219 observations {learner: <LearnerRegrRanger/LearnerRegr/Learner/R6>}
INFO  [23:44:21.768] [mlr3] Calling train method of fallback 'regr.ranger' on task 'surrogate_task' with 220 observations {learner: <LearnerRegrRanger/LearnerRegr/Learner/R6>}
INFO  [23:44:22.544] [mlr3] Calling train method of fallback 'regr.ranger' on task 'surrogate_task' with 221 observations {learner: <LearnerRegrRanger/LearnerRegr/Learner/R6>}
INFO  [23:44:23.347] [mlr3] Calling train method of fallback 'regr.ranger' on task 'surrogate_task' with 222 observations {learner: <LearnerRegrRanger/LearnerRegr/Learner/R6>}
INFO  [23:44:24.167] [mlr3] Calling train method of fallback 'regr.ranger' on task 'surrogate_task' with 223 observations {learner: <LearnerRegrRanger/LearnerRegr/Learner/R6>}
INFO  [23:44:24.995] [mlr3] Calling train method of fallback 'regr.ranger' on task 'surrogate_task' with 224 observations {learner: <LearnerRegrRanger/LearnerRegr/Learner/R6>}
INFO  [23:44:25.807] [mlr3] Calling train method of fallback 'regr.ranger' on task 'surrogate_task' with 225 observations {learner: <LearnerRegrRanger/LearnerRegr/Learner/R6>}
INFO  [23:44:26.600] [mlr3] Calling train method of fallback 'regr.ranger' on task 'surrogate_task' with 226 observations {learner: <LearnerRegrRanger/LearnerRegr/Learner/R6>}
INFO  [23:44:27.408] [mlr3] Calling train method of fallback 'regr.ranger' on task 'surrogate_task' with 227 observations {learner: <LearnerRegrRanger/LearnerRegr/Learner/R6>}
INFO  [23:44:28.197] [mlr3] Calling train method of fallback 'regr.ranger' on task 'surrogate_task' with 228 observations {learner: <LearnerRegrRanger/LearnerRegr/Learner/R6>}
INFO  [23:44:29.017] [mlr3] Calling train method of fallback 'regr.ranger' on task 'surrogate_task' with 229 observations {learner: <LearnerRegrRanger/LearnerRegr/Learner/R6>}
INFO  [23:44:29.981] [mlr3] Calling train method of fallback 'regr.ranger' on task 'surrogate_task' with 230 observations {learner: <LearnerRegrRanger/LearnerRegr/Learner/R6>}
INFO  [23:44:30.807] [mlr3] Calling train method of fallback 'regr.ranger' on task 'surrogate_task' with 231 observations {learner: <LearnerRegrRanger/LearnerRegr/Learner/R6>}
INFO  [23:44:31.510] [bbotk] Evaluating 44 configuration(s)
INFO  [23:44:31.637] [mlr3] Running benchmark with 440 resampling iterations
INFO  [23:44:32.906] [mlr3] Finished benchmark
INFO  [23:44:34.385] [bbotk] Result of batch 4:
INFO  [23:44:34.393] [bbotk]  learning_rate num_leaves min_data_in_leaf feature_fraction extra_trees
INFO  [23:44:34.393] [bbotk]     -0.5338681         95               16        0.1690085        TRUE
INFO  [23:44:34.393] [bbotk]     -0.7015678         94               19        0.2022376        TRUE
INFO  [23:44:34.393] [bbotk]     -0.4790689        165              144        0.1882871        TRUE
INFO  [23:44:34.393] [bbotk]     -1.3841725        105               18        0.1468782        TRUE
INFO  [23:44:34.393] [bbotk]     -0.6476874        235               13        0.1835411        TRUE
INFO  [23:44:34.393] [bbotk]     -0.6619929        135               11        0.1766315        TRUE
INFO  [23:44:34.393] [bbotk]     -0.5725065         30               17        0.1784410        TRUE
INFO  [23:44:34.393] [bbotk]     -0.8108926        133               18        0.6397308        TRUE
INFO  [23:44:34.393] [bbotk]     -1.0157915        124               20        0.6882685        TRUE
INFO  [23:44:34.393] [bbotk]     -0.7561462        134               21        0.7022136        TRUE
INFO  [23:44:34.393] [bbotk]     -0.6163201         95               16        0.1779476        TRUE
INFO  [23:44:34.393] [bbotk]     -0.9988169        221               13        0.9316571        TRUE
INFO  [23:44:34.393] [bbotk]     -0.6933571        108               17        0.6861056        TRUE
INFO  [23:44:34.393] [bbotk]     -1.0146903        154               17        0.1815188        TRUE
INFO  [23:44:34.393] [bbotk]     -0.6923911        142               95        0.9308574       FALSE
INFO  [23:44:34.393] [bbotk]     -0.9521779        174               94        0.6870919        TRUE
INFO  [23:44:34.393] [bbotk]     -0.6713979         90               13        0.1868560        TRUE
INFO  [23:44:34.393] [bbotk]     -0.6796985         41               21        1.0000000        TRUE
INFO  [23:44:34.393] [bbotk]     -0.7138416        141               19        0.8281882        TRUE
INFO  [23:44:34.393] [bbotk]     -0.4065951         93               23        0.9316507        TRUE
INFO  [23:44:34.393] [bbotk]     -0.7122757        227               23        0.8602559        TRUE
INFO  [23:44:34.393] [bbotk]     -0.6752705        136               21        0.6761049        TRUE
INFO  [23:44:34.393] [bbotk]     -0.7833006         80               16        0.1741256        TRUE
INFO  [23:44:34.393] [bbotk]     -1.4439983        231               96        0.9332899       FALSE
INFO  [23:44:34.393] [bbotk]     -0.9603781        177               19        0.6877767        TRUE
INFO  [23:44:34.393] [bbotk]     -1.0162068         42               77        0.7100877        TRUE
INFO  [23:44:34.393] [bbotk]     -1.6147321         14               22        1.0000000        TRUE
INFO  [23:44:34.393] [bbotk]     -0.6223424        134               20        0.6943899        TRUE
INFO  [23:44:34.393] [bbotk]     -0.7382067        221               22        0.3545077        TRUE
INFO  [23:44:34.393] [bbotk]     -0.6926721         37               80        0.9321825        TRUE
INFO  [23:44:34.393] [bbotk]     -2.2795237        145               22        0.6932155        TRUE
INFO  [23:44:34.393] [bbotk]     -0.4842924        137               22        0.6857184        TRUE
INFO  [23:44:34.393] [bbotk]     -2.6904472         42               17        0.6855493        TRUE
INFO  [23:44:34.393] [bbotk]     -2.6670790        255                3        0.1817628        TRUE
INFO  [23:44:34.393] [bbotk]     -1.0222643        157               36        0.1806372        TRUE
INFO  [23:44:34.393] [bbotk]     -0.7128765         48                4        0.9375073        TRUE
INFO  [23:44:34.393] [bbotk]     -0.7279718        101               95        0.4481901        TRUE
INFO  [23:44:34.393] [bbotk]     -0.9898010        103               22        0.6848734        TRUE
INFO  [23:44:34.393] [bbotk]     -0.7442027        220               91        0.9194033       FALSE
INFO  [23:44:34.393] [bbotk]     -0.5717485         24               93        0.6912294        TRUE
INFO  [23:44:34.393] [bbotk]     -2.5436925        176               12        1.0000000        TRUE
INFO  [23:44:34.393] [bbotk]     -0.6674888        230               16        0.6892165        TRUE
INFO  [23:44:34.393] [bbotk]     -0.6515972        230              199        0.1853648        TRUE
INFO  [23:44:34.393] [bbotk]     -2.7338237         43               21        0.6931779        TRUE
INFO  [23:44:34.393] [bbotk]  learning_rate num_leaves min_data_in_leaf feature_fraction extra_trees
INFO  [23:44:34.393] [bbotk]  lambda_l1  lambda_l2 min_gain_to_split    acq_cb timestamp_surrogate
INFO  [23:44:34.393] [bbotk]  -3.191140 -1.1713494         -6.907755 -5.605443 2026-09-09 23:43:55
INFO  [23:44:34.393] [bbotk]  -5.369218 -0.9612263         -6.226194 -5.087797 2026-09-09 23:43:56
INFO  [23:44:34.393] [bbotk]  -3.489622 -1.1029709         -6.227956 -4.312144 2026-09-09 23:43:57
INFO  [23:44:34.393] [bbotk]  -3.499218 -1.1142560         -6.451986 -4.924918 2026-09-09 23:43:58
INFO  [23:44:34.393] [bbotk]  -3.770941 -4.8673507         -6.130657 -4.209992 2026-09-09 23:43:59
INFO  [23:44:34.393] [bbotk]  -3.772169 -1.0340977         -6.175875 -4.437341 2026-09-09 23:44:00
INFO  [23:44:34.393] [bbotk]  -3.522780 -1.3839785         -6.161940 -4.244236 2026-09-09 23:44:00
INFO  [23:44:34.393] [bbotk]  -5.717098 -1.1251282         -6.207900 -3.974695 2026-09-09 23:44:01
INFO  [23:44:34.393] [bbotk]  -6.907755 -0.9877684         -6.179440 -3.943691 2026-09-09 23:44:02
INFO  [23:44:34.393] [bbotk]  -5.779807 -1.1252521         -6.907755 -3.716300 2026-09-09 23:44:02
INFO  [23:44:34.393] [bbotk]  -3.506763 -1.1438537         -2.680525 -4.084345 2026-09-09 23:44:03
INFO  [23:44:34.393] [bbotk]  -3.323350 -0.8002932         -6.342609 -3.447745 2026-09-09 23:44:04
INFO  [23:44:34.393] [bbotk]  -3.501211 -0.4989654         -6.470660 -4.032408 2026-09-09 23:44:05
INFO  [23:44:34.393] [bbotk]  -1.072473 -1.1880729         -6.118045 -3.695587 2026-09-09 23:44:06
INFO  [23:44:34.393] [bbotk]  -5.885950 -3.1930215         -6.726868 -3.328102 2026-09-09 23:44:06
INFO  [23:44:34.393] [bbotk]  -3.815529 -1.1281414         -6.386294 -3.642613 2026-09-09 23:44:07
INFO  [23:44:34.393] [bbotk]  -3.069375 -1.1392389         -6.068028 -3.360565 2026-09-09 23:44:08
INFO  [23:44:34.393] [bbotk]  -3.499697 -4.6775943         -6.616968 -3.532232 2026-09-09 23:44:09
INFO  [23:44:34.393] [bbotk]  -3.600311 -0.5250035         -3.993128 -3.115263 2026-09-09 23:44:10
INFO  [23:44:34.393] [bbotk]  -3.559025 -0.9573922         -6.203463 -3.358029 2026-09-09 23:44:10
INFO  [23:44:34.393] [bbotk]  -6.465299 -1.1802760         -6.189773 -3.339870 2026-09-09 23:44:11
INFO  [23:44:34.393] [bbotk]  -3.899023 -4.9187079         -6.172552 -3.318831 2026-09-09 23:44:12
INFO  [23:44:34.393] [bbotk]  -3.452095 -6.0680028         -6.110847 -3.209115 2026-09-09 23:44:13
INFO  [23:44:34.393] [bbotk]  -4.197280 -3.2166839         -5.993149 -3.111305 2026-09-09 23:44:14
INFO  [23:44:34.393] [bbotk]  -5.528203 -1.2859319         -4.405073 -3.009255 2026-09-09 23:44:14
INFO  [23:44:34.393] [bbotk]  -3.946255 -1.1883126         -6.047801 -3.106860 2026-09-09 23:44:15
INFO  [23:44:34.393] [bbotk]  -3.814971 -0.9702040         -6.837769 -3.170814 2026-09-09 23:44:16
INFO  [23:44:34.393] [bbotk]  -3.546328 -1.1659794         -6.164085 -3.877969 2026-09-09 23:44:17
INFO  [23:44:34.393] [bbotk]  -3.673107  2.8203638         -6.153388 -2.999196 2026-09-09 23:44:18
INFO  [23:44:34.393] [bbotk]  -5.813340 -3.3387185         -5.992473 -3.017136 2026-09-09 23:44:18
INFO  [23:44:34.393] [bbotk]  -3.738637 -0.2853361         -6.169680 -3.237550 2026-09-09 23:44:19
INFO  [23:44:34.393] [bbotk]  -4.976210 -1.0402342         -3.945073 -2.999272 2026-09-09 23:44:20
INFO  [23:44:34.393] [bbotk]  -3.485344 -1.2766930         -6.860442 -3.015287 2026-09-09 23:44:21
INFO  [23:44:34.393] [bbotk]  -3.515724 -1.2447876         -6.240289 -3.263511 2026-09-09 23:44:22
INFO  [23:44:34.393] [bbotk]  -5.383265 -1.2006837         -6.678757 -3.148845 2026-09-09 23:44:23
INFO  [23:44:34.393] [bbotk]  -3.515424 -1.1665081         -6.160046 -3.349877 2026-09-09 23:44:23
INFO  [23:44:34.393] [bbotk]  -3.498549 -1.1563599         -5.970621 -3.439789 2026-09-09 23:44:24
INFO  [23:44:34.393] [bbotk]  -5.872062 -1.1376666         -6.159008 -3.852832 2026-09-09 23:44:25
INFO  [23:44:34.393] [bbotk]  -3.744629 -3.2518599         -6.521407 -3.003858 2026-09-09 23:44:26
INFO  [23:44:34.393] [bbotk]  -5.513060 -6.7601038         -6.291285 -2.851048 2026-09-09 23:44:27
INFO  [23:44:34.393] [bbotk]  -3.827750 -1.1590625         -6.418815 -3.240431 2026-09-09 23:44:27
INFO  [23:44:34.393] [bbotk]  -4.062466 -1.1481534         -2.302585 -3.070187 2026-09-09 23:44:28
INFO  [23:44:34.393] [bbotk]  -4.045626 -1.1567293         -6.158108 -3.042286 2026-09-09 23:44:29
INFO  [23:44:34.393] [bbotk]  -3.668387 -1.3724744         -6.338331 -2.879925 2026-09-09 23:44:30
INFO  [23:44:34.393] [bbotk]  lambda_l1  lambda_l2 min_gain_to_split    acq_cb timestamp_surrogate
INFO  [23:44:34.393] [bbotk]  timestamp_acq_function timestamp_acq_optimizer      timestamp_loop classif.ce
INFO  [23:44:34.393] [bbotk]     2026-09-09 23:43:56     2026-09-09 23:43:56 2026-09-09 23:43:56      0.218
INFO  [23:44:34.393] [bbotk]     2026-09-09 23:43:56     2026-09-09 23:43:56 2026-09-09 23:43:57      0.208
INFO  [23:44:34.393] [bbotk]     2026-09-09 23:43:57     2026-09-09 23:43:57 2026-09-09 23:43:58      0.236
INFO  [23:44:34.393] [bbotk]     2026-09-09 23:43:58     2026-09-09 23:43:58 2026-09-09 23:43:59      0.218
INFO  [23:44:34.393] [bbotk]     2026-09-09 23:43:59     2026-09-09 23:43:59 2026-09-09 23:44:00      0.215
INFO  [23:44:34.393] [bbotk]     2026-09-09 23:44:00     2026-09-09 23:44:00 2026-09-09 23:44:00      0.208
INFO  [23:44:34.393] [bbotk]     2026-09-09 23:44:00     2026-09-09 23:44:00 2026-09-09 23:44:01      0.206
INFO  [23:44:34.393] [bbotk]     2026-09-09 23:44:01     2026-09-09 23:44:01 2026-09-09 23:44:02      0.210
INFO  [23:44:34.393] [bbotk]     2026-09-09 23:44:02     2026-09-09 23:44:02 2026-09-09 23:44:02      0.210
INFO  [23:44:34.393] [bbotk]     2026-09-09 23:44:03     2026-09-09 23:44:03 2026-09-09 23:44:03      0.203
INFO  [23:44:34.393] [bbotk]     2026-09-09 23:44:03     2026-09-09 23:44:03 2026-09-09 23:44:04      0.219
INFO  [23:44:34.393] [bbotk]     2026-09-09 23:44:04     2026-09-09 23:44:04 2026-09-09 23:44:05      0.202
INFO  [23:44:34.393] [bbotk]     2026-09-09 23:44:05     2026-09-09 23:44:05 2026-09-09 23:44:06      0.211
INFO  [23:44:34.393] [bbotk]     2026-09-09 23:44:06     2026-09-09 23:44:06 2026-09-09 23:44:06      0.209
INFO  [23:44:34.393] [bbotk]     2026-09-09 23:44:06     2026-09-09 23:44:06 2026-09-09 23:44:07      0.205
INFO  [23:44:34.393] [bbotk]     2026-09-09 23:44:07     2026-09-09 23:44:07 2026-09-09 23:44:08      0.209
INFO  [23:44:34.393] [bbotk]     2026-09-09 23:44:08     2026-09-09 23:44:08 2026-09-09 23:44:09      0.201
INFO  [23:44:34.393] [bbotk]     2026-09-09 23:44:09     2026-09-09 23:44:09 2026-09-09 23:44:10      0.207
INFO  [23:44:34.393] [bbotk]     2026-09-09 23:44:10     2026-09-09 23:44:10 2026-09-09 23:44:10      0.203
INFO  [23:44:34.393] [bbotk]     2026-09-09 23:44:11     2026-09-09 23:44:11 2026-09-09 23:44:11      0.206
INFO  [23:44:34.393] [bbotk]     2026-09-09 23:44:11     2026-09-09 23:44:11 2026-09-09 23:44:12      0.210
INFO  [23:44:34.393] [bbotk]     2026-09-09 23:44:12     2026-09-09 23:44:12 2026-09-09 23:44:13      0.201
INFO  [23:44:34.393] [bbotk]     2026-09-09 23:44:13     2026-09-09 23:44:13 2026-09-09 23:44:14      0.225
INFO  [23:44:34.393] [bbotk]     2026-09-09 23:44:14     2026-09-09 23:44:14 2026-09-09 23:44:14      0.220
INFO  [23:44:34.393] [bbotk]     2026-09-09 23:44:15     2026-09-09 23:44:15 2026-09-09 23:44:15      0.198
INFO  [23:44:34.393] [bbotk]     2026-09-09 23:44:15     2026-09-09 23:44:15 2026-09-09 23:44:16      0.212
INFO  [23:44:34.393] [bbotk]     2026-09-09 23:44:16     2026-09-09 23:44:16 2026-09-09 23:44:17      0.204
INFO  [23:44:34.393] [bbotk]     2026-09-09 23:44:17     2026-09-09 23:44:17 2026-09-09 23:44:18      0.208
INFO  [23:44:34.393] [bbotk]     2026-09-09 23:44:18     2026-09-09 23:44:18 2026-09-09 23:44:18      0.215
INFO  [23:44:34.393] [bbotk]     2026-09-09 23:44:19     2026-09-09 23:44:19 2026-09-09 23:44:19      0.219
INFO  [23:44:34.393] [bbotk]     2026-09-09 23:44:20     2026-09-09 23:44:20 2026-09-09 23:44:20      0.202
INFO  [23:44:34.393] [bbotk]     2026-09-09 23:44:20     2026-09-09 23:44:20 2026-09-09 23:44:21      0.212
INFO  [23:44:34.393] [bbotk]     2026-09-09 23:44:21     2026-09-09 23:44:21 2026-09-09 23:44:22      0.216
INFO  [23:44:34.393] [bbotk]     2026-09-09 23:44:22     2026-09-09 23:44:22 2026-09-09 23:44:23      0.226
INFO  [23:44:34.393] [bbotk]     2026-09-09 23:44:23     2026-09-09 23:44:23 2026-09-09 23:44:23      0.222
INFO  [23:44:34.393] [bbotk]     2026-09-09 23:44:24     2026-09-09 23:44:24 2026-09-09 23:44:24      0.213
INFO  [23:44:34.393] [bbotk]     2026-09-09 23:44:25     2026-09-09 23:44:25 2026-09-09 23:44:25      0.215
INFO  [23:44:34.393] [bbotk]     2026-09-09 23:44:25     2026-09-09 23:44:25 2026-09-09 23:44:26      0.203
INFO  [23:44:34.393] [bbotk]     2026-09-09 23:44:26     2026-09-09 23:44:26 2026-09-09 23:44:27      0.221
INFO  [23:44:34.393] [bbotk]     2026-09-09 23:44:27     2026-09-09 23:44:27 2026-09-09 23:44:27      0.209
INFO  [23:44:34.393] [bbotk]     2026-09-09 23:44:28     2026-09-09 23:44:28 2026-09-09 23:44:28      0.212
INFO  [23:44:34.393] [bbotk]     2026-09-09 23:44:29     2026-09-09 23:44:29 2026-09-09 23:44:29      0.216
INFO  [23:44:34.393] [bbotk]     2026-09-09 23:44:29     2026-09-09 23:44:29 2026-09-09 23:44:30      0.255
INFO  [23:44:34.393] [bbotk]     2026-09-09 23:44:30     2026-09-09 23:44:30 2026-09-09 23:44:31      0.216
INFO  [23:44:34.393] [bbotk]  timestamp_acq_function timestamp_acq_optimizer      timestamp_loop classif.ce
INFO  [23:44:34.393] [bbotk]  warnings errors runtime_learners internal_tuned_values
INFO  [23:44:34.393] [bbotk]         0      0            0.580     num_iterations=73
INFO  [23:44:34.393] [bbotk]         0      0            0.605     num_iterations=67
INFO  [23:44:34.393] [bbotk]         0      0            0.542     num_iterations=45
INFO  [23:44:34.393] [bbotk]         0      0            0.619     num_iterations=81
INFO  [23:44:34.393] [bbotk]         0      0            0.618     num_iterations=71
INFO  [23:44:34.393] [bbotk]         0      0            0.603     num_iterations=62
INFO  [23:44:34.393] [bbotk]         0      0            0.594     num_iterations=74
INFO  [23:44:34.393] [bbotk]         0      0            0.705     num_iterations=59
INFO  [23:44:34.393] [bbotk]         0      0            0.670     num_iterations=58
INFO  [23:44:34.393] [bbotk]         0      0            0.710     num_iterations=30
INFO  [23:44:34.393] [bbotk]         0      0            0.494     num_iterations=57
INFO  [23:44:34.393] [bbotk]         0      0            0.716     num_iterations=61
INFO  [23:44:34.393] [bbotk]         0      0            0.669     num_iterations=43
INFO  [23:44:34.393] [bbotk]         0      0            0.583     num_iterations=78
INFO  [23:44:34.393] [bbotk]         0      0            0.619     num_iterations=35
INFO  [23:44:34.393] [bbotk]         0      0            0.706     num_iterations=54
INFO  [23:44:34.393] [bbotk]         0      0            0.578     num_iterations=62
INFO  [23:44:34.393] [bbotk]         0      0            0.602     num_iterations=20
INFO  [23:44:34.393] [bbotk]         0      0            0.609     num_iterations=44
INFO  [23:44:34.393] [bbotk]         0      0            0.644     num_iterations=47
INFO  [23:44:34.393] [bbotk]         0      0            0.606     num_iterations=25
INFO  [23:44:34.393] [bbotk]         0      0            0.666     num_iterations=51
INFO  [23:44:34.393] [bbotk]         0      0            0.607     num_iterations=71
INFO  [23:44:34.393] [bbotk]         0      0            0.639     num_iterations=46
INFO  [23:44:34.393] [bbotk]         0      0            0.667     num_iterations=44
INFO  [23:44:34.393] [bbotk]         0      0            0.635     num_iterations=32
INFO  [23:44:34.393] [bbotk]         0      0            0.664     num_iterations=56
INFO  [23:44:34.393] [bbotk]         0      0            0.633     num_iterations=31
INFO  [23:44:34.393] [bbotk]         0      0            0.578     num_iterations=59
INFO  [23:44:34.393] [bbotk]         0      0            0.542     num_iterations=29
INFO  [23:44:34.393] [bbotk]         0      0            0.835    num_iterations=112
INFO  [23:44:34.393] [bbotk]         0      0            0.553     num_iterations=31
INFO  [23:44:34.393] [bbotk]         0      0            0.757     num_iterations=76
INFO  [23:44:34.393] [bbotk]         0      0            0.777    num_iterations=130
INFO  [23:44:34.393] [bbotk]         0      0            0.597     num_iterations=66
INFO  [23:44:34.393] [bbotk]         0      0            0.625     num_iterations=28
INFO  [23:44:34.393] [bbotk]         0      0            0.528     num_iterations=32
INFO  [23:44:34.393] [bbotk]         0      0            0.670     num_iterations=48
INFO  [23:44:34.393] [bbotk]         0      0            0.673     num_iterations=39
INFO  [23:44:34.393] [bbotk]         0      0            0.592     num_iterations=47
INFO  [23:44:34.393] [bbotk]         0      0            0.857     num_iterations=82
INFO  [23:44:34.393] [bbotk]         0      0            0.535     num_iterations=26
INFO  [23:44:34.393] [bbotk]         0      0            0.558     num_iterations=50
INFO  [23:44:34.393] [bbotk]         0      0            0.729     num_iterations=77
INFO  [23:44:34.393] [bbotk]  warnings errors runtime_learners internal_tuned_values
INFO  [23:44:34.612] [mlr3] Calling train method of fallback 'regr.ranger' on task 'surrogate_task' with 232 observations {learner: <LearnerRegrRanger/LearnerRegr/Learner/R6>}
INFO  [23:44:35.480] [mlr3] Calling train method of fallback 'regr.ranger' on task 'surrogate_task' with 233 observations {learner: <LearnerRegrRanger/LearnerRegr/Learner/R6>}
INFO  [23:44:36.303] [mlr3] Calling train method of fallback 'regr.ranger' on task 'surrogate_task' with 234 observations {learner: <LearnerRegrRanger/LearnerRegr/Learner/R6>}
INFO  [23:44:37.090] [mlr3] Calling train method of fallback 'regr.ranger' on task 'surrogate_task' with 235 observations {learner: <LearnerRegrRanger/LearnerRegr/Learner/R6>}
INFO  [23:44:37.933] [mlr3] Calling train method of fallback 'regr.ranger' on task 'surrogate_task' with 236 observations {learner: <LearnerRegrRanger/LearnerRegr/Learner/R6>}
INFO  [23:44:38.756] [mlr3] Calling train method of fallback 'regr.ranger' on task 'surrogate_task' with 237 observations {learner: <LearnerRegrRanger/LearnerRegr/Learner/R6>}
INFO  [23:44:39.583] [mlr3] Calling train method of fallback 'regr.ranger' on task 'surrogate_task' with 238 observations {learner: <LearnerRegrRanger/LearnerRegr/Learner/R6>}
INFO  [23:44:40.465] [mlr3] Calling train method of fallback 'regr.ranger' on task 'surrogate_task' with 239 observations {learner: <LearnerRegrRanger/LearnerRegr/Learner/R6>}
INFO  [23:44:41.537] [mlr3] Calling train method of fallback 'regr.ranger' on task 'surrogate_task' with 240 observations {learner: <LearnerRegrRanger/LearnerRegr/Learner/R6>}
INFO  [23:44:42.344] [mlr3] Calling train method of fallback 'regr.ranger' on task 'surrogate_task' with 241 observations {learner: <LearnerRegrRanger/LearnerRegr/Learner/R6>}
INFO  [23:44:43.181] [mlr3] Calling train method of fallback 'regr.ranger' on task 'surrogate_task' with 242 observations {learner: <LearnerRegrRanger/LearnerRegr/Learner/R6>}
INFO  [23:44:44.011] [mlr3] Calling train method of fallback 'regr.ranger' on task 'surrogate_task' with 243 observations {learner: <LearnerRegrRanger/LearnerRegr/Learner/R6>}
INFO  [23:44:44.811] [mlr3] Calling train method of fallback 'regr.ranger' on task 'surrogate_task' with 244 observations {learner: <LearnerRegrRanger/LearnerRegr/Learner/R6>}
INFO  [23:44:45.585] [mlr3] Calling train method of fallback 'regr.ranger' on task 'surrogate_task' with 245 observations {learner: <LearnerRegrRanger/LearnerRegr/Learner/R6>}
INFO  [23:44:46.446] [mlr3] Calling train method of fallback 'regr.ranger' on task 'surrogate_task' with 246 observations {learner: <LearnerRegrRanger/LearnerRegr/Learner/R6>}
INFO  [23:44:47.230] [mlr3] Calling train method of fallback 'regr.ranger' on task 'surrogate_task' with 247 observations {learner: <LearnerRegrRanger/LearnerRegr/Learner/R6>}
INFO  [23:44:48.071] [mlr3] Calling train method of fallback 'regr.ranger' on task 'surrogate_task' with 248 observations {learner: <LearnerRegrRanger/LearnerRegr/Learner/R6>}
INFO  [23:44:48.937] [mlr3] Calling train method of fallback 'regr.ranger' on task 'surrogate_task' with 249 observations {learner: <LearnerRegrRanger/LearnerRegr/Learner/R6>}
INFO  [23:44:49.791] [mlr3] Calling train method of fallback 'regr.ranger' on task 'surrogate_task' with 250 observations {learner: <LearnerRegrRanger/LearnerRegr/Learner/R6>}
INFO  [23:44:50.822] [mlr3] Calling train method of fallback 'regr.ranger' on task 'surrogate_task' with 251 observations {learner: <LearnerRegrRanger/LearnerRegr/Learner/R6>}
INFO  [23:44:51.643] [mlr3] Calling train method of fallback 'regr.ranger' on task 'surrogate_task' with 252 observations {learner: <LearnerRegrRanger/LearnerRegr/Learner/R6>}
INFO  [23:44:52.468] [mlr3] Calling train method of fallback 'regr.ranger' on task 'surrogate_task' with 253 observations {learner: <LearnerRegrRanger/LearnerRegr/Learner/R6>}
INFO  [23:44:53.270] [mlr3] Calling train method of fallback 'regr.ranger' on task 'surrogate_task' with 254 observations {learner: <LearnerRegrRanger/LearnerRegr/Learner/R6>}
INFO  [23:44:54.073] [mlr3] Calling train method of fallback 'regr.ranger' on task 'surrogate_task' with 255 observations {learner: <LearnerRegrRanger/LearnerRegr/Learner/R6>}
INFO  [23:44:54.942] [mlr3] Calling train method of fallback 'regr.ranger' on task 'surrogate_task' with 256 observations {learner: <LearnerRegrRanger/LearnerRegr/Learner/R6>}
INFO  [23:44:55.772] [mlr3] Calling train method of fallback 'regr.ranger' on task 'surrogate_task' with 257 observations {learner: <LearnerRegrRanger/LearnerRegr/Learner/R6>}
INFO  [23:44:56.590] [mlr3] Calling train method of fallback 'regr.ranger' on task 'surrogate_task' with 258 observations {learner: <LearnerRegrRanger/LearnerRegr/Learner/R6>}
INFO  [23:44:57.412] [mlr3] Calling train method of fallback 'regr.ranger' on task 'surrogate_task' with 259 observations {learner: <LearnerRegrRanger/LearnerRegr/Learner/R6>}
INFO  [23:44:58.270] [mlr3] Calling train method of fallback 'regr.ranger' on task 'surrogate_task' with 260 observations {learner: <LearnerRegrRanger/LearnerRegr/Learner/R6>}
INFO  [23:44:59.112] [mlr3] Calling train method of fallback 'regr.ranger' on task 'surrogate_task' with 261 observations {learner: <LearnerRegrRanger/LearnerRegr/Learner/R6>}
INFO  [23:45:00.190] [mlr3] Calling train method of fallback 'regr.ranger' on task 'surrogate_task' with 262 observations {learner: <LearnerRegrRanger/LearnerRegr/Learner/R6>}
INFO  [23:45:01.012] [mlr3] Calling train method of fallback 'regr.ranger' on task 'surrogate_task' with 263 observations {learner: <LearnerRegrRanger/LearnerRegr/Learner/R6>}
INFO  [23:45:01.840] [mlr3] Calling train method of fallback 'regr.ranger' on task 'surrogate_task' with 264 observations {learner: <LearnerRegrRanger/LearnerRegr/Learner/R6>}
INFO  [23:45:02.728] [mlr3] Calling train method of fallback 'regr.ranger' on task 'surrogate_task' with 265 observations {learner: <LearnerRegrRanger/LearnerRegr/Learner/R6>}
INFO  [23:45:03.528] [mlr3] Calling train method of fallback 'regr.ranger' on task 'surrogate_task' with 266 observations {learner: <LearnerRegrRanger/LearnerRegr/Learner/R6>}
INFO  [23:45:04.446] [mlr3] Calling train method of fallback 'regr.ranger' on task 'surrogate_task' with 267 observations {learner: <LearnerRegrRanger/LearnerRegr/Learner/R6>}
INFO  [23:45:05.298] [mlr3] Calling train method of fallback 'regr.ranger' on task 'surrogate_task' with 268 observations {learner: <LearnerRegrRanger/LearnerRegr/Learner/R6>}
INFO  [23:45:06.152] [mlr3] Calling train method of fallback 'regr.ranger' on task 'surrogate_task' with 269 observations {learner: <LearnerRegrRanger/LearnerRegr/Learner/R6>}
INFO  [23:45:06.981] [mlr3] Calling train method of fallback 'regr.ranger' on task 'surrogate_task' with 270 observations {learner: <LearnerRegrRanger/LearnerRegr/Learner/R6>}
INFO  [23:45:08.091] [mlr3] Calling train method of fallback 'regr.ranger' on task 'surrogate_task' with 271 observations {learner: <LearnerRegrRanger/LearnerRegr/Learner/R6>}
INFO  [23:45:08.957] [mlr3] Calling train method of fallback 'regr.ranger' on task 'surrogate_task' with 272 observations {learner: <LearnerRegrRanger/LearnerRegr/Learner/R6>}
INFO  [23:45:09.838] [mlr3] Calling train method of fallback 'regr.ranger' on task 'surrogate_task' with 273 observations {learner: <LearnerRegrRanger/LearnerRegr/Learner/R6>}
INFO  [23:45:10.687] [mlr3] Calling train method of fallback 'regr.ranger' on task 'surrogate_task' with 274 observations {learner: <LearnerRegrRanger/LearnerRegr/Learner/R6>}
INFO  [23:45:11.531] [mlr3] Calling train method of fallback 'regr.ranger' on task 'surrogate_task' with 275 observations {learner: <LearnerRegrRanger/LearnerRegr/Learner/R6>}
INFO  [23:45:12.232] [bbotk] Evaluating 44 configuration(s)
INFO  [23:45:12.359] [mlr3] Running benchmark with 440 resampling iterations
INFO  [23:45:13.620] [mlr3] Finished benchmark
INFO  [23:45:14.991] [bbotk] Result of batch 5:
INFO  [23:45:14.999] [bbotk]  learning_rate num_leaves min_data_in_leaf feature_fraction extra_trees
INFO  [23:45:14.999] [bbotk]     -0.9824271        179               20        0.5142346        TRUE
INFO  [23:45:14.999] [bbotk]     -0.9156128        177               18        0.6804203        TRUE
INFO  [23:45:14.999] [bbotk]     -0.9836813        179                8        0.7205164        TRUE
INFO  [23:45:14.999] [bbotk]     -0.6944841         85               14        0.5543335        TRUE
INFO  [23:45:14.999] [bbotk]     -1.1782844        204               16        0.6924196        TRUE
INFO  [23:45:14.999] [bbotk]     -0.9549536        173               20        0.7049376       FALSE
INFO  [23:45:14.999] [bbotk]     -1.0600841        197               19        0.7021123        TRUE
INFO  [23:45:14.999] [bbotk]     -0.9598878        178               92        0.6733701        TRUE
INFO  [23:45:14.999] [bbotk]     -0.9492410        196               95        0.6860542        TRUE
INFO  [23:45:14.999] [bbotk]     -0.8619922        180               19        0.7716849        TRUE
INFO  [23:45:14.999] [bbotk]     -1.0122097         14               12        0.9216894        TRUE
INFO  [23:45:14.999] [bbotk]     -0.9304145        151               22        0.4209679        TRUE
INFO  [23:45:14.999] [bbotk]     -0.6894347        177               19        0.6405014        TRUE
INFO  [23:45:14.999] [bbotk]     -0.8392744        244               20        0.6832870        TRUE
INFO  [23:45:14.999] [bbotk]     -0.6694085        129               19        0.1307157        TRUE
INFO  [23:45:14.999] [bbotk]     -2.1822819        144               23        0.7290995        TRUE
INFO  [23:45:14.999] [bbotk]     -0.8787107        220               16        0.7034233        TRUE
INFO  [23:45:14.999] [bbotk]     -1.0129241        181               17        0.6948396        TRUE
INFO  [23:45:14.999] [bbotk]     -0.6919213        177               22        0.6870338        TRUE
INFO  [23:45:14.999] [bbotk]     -0.9614121        177               19        0.6828368        TRUE
INFO  [23:45:14.999] [bbotk]     -0.9570336        177               19        0.7016789        TRUE
INFO  [23:45:14.999] [bbotk]     -1.2848013         19               20        1.0000000        TRUE
INFO  [23:45:14.999] [bbotk]     -0.5491152        138               94        0.9441087        TRUE
INFO  [23:45:14.999] [bbotk]     -0.5850898        162               92        0.6878006        TRUE
INFO  [23:45:14.999] [bbotk]     -0.9778114        236               96        0.6880308       FALSE
INFO  [23:45:14.999] [bbotk]     -0.7283272        139               11        0.8758274        TRUE
INFO  [23:45:14.999] [bbotk]     -0.5265480         97               13        0.5825966        TRUE
INFO  [23:45:14.999] [bbotk]     -1.6374288        174               19        0.6626581        TRUE
INFO  [23:45:14.999] [bbotk]     -0.5320968        136               94        0.6878482        TRUE
INFO  [23:45:14.999] [bbotk]     -0.9823044        137               22        0.2408939        TRUE
INFO  [23:45:14.999] [bbotk]     -0.6033804        135               20        0.6767415        TRUE
INFO  [23:45:14.999] [bbotk]     -0.4100649         88               44        0.1903749        TRUE
INFO  [23:45:14.999] [bbotk]     -0.7527920        132               22        0.6852853        TRUE
INFO  [23:45:14.999] [bbotk]     -0.2778124         11                4        0.1898523        TRUE
INFO  [23:45:14.999] [bbotk]     -1.1675546         41               23        0.6890509        TRUE
INFO  [23:45:14.999] [bbotk]     -0.6610559         25               13        0.6880421        TRUE
INFO  [23:45:14.999] [bbotk]     -0.6858010         10               58        0.6919301        TRUE
INFO  [23:45:14.999] [bbotk]     -2.6247460         92               22        0.9260961        TRUE
INFO  [23:45:14.999] [bbotk]     -0.9539109        133               93        0.8344229       FALSE
INFO  [23:45:14.999] [bbotk]     -0.3813527        141                4        0.8135580        TRUE
INFO  [23:45:14.999] [bbotk]     -0.6944964        125               12        0.3249584        TRUE
INFO  [23:45:14.999] [bbotk]     -1.3281767        129               20        0.6866562        TRUE
INFO  [23:45:14.999] [bbotk]     -0.6796993        147               17        0.7493730        TRUE
INFO  [23:45:14.999] [bbotk]     -0.9824948         82               21        0.6930813        TRUE
INFO  [23:45:14.999] [bbotk]  learning_rate num_leaves min_data_in_leaf feature_fraction extra_trees
INFO  [23:45:14.999] [bbotk]  lambda_l1  lambda_l2 min_gain_to_split    acq_cb timestamp_surrogate
INFO  [23:45:14.999] [bbotk]  -5.543512 -6.8613037         -4.434663 -4.154463 2026-09-09 23:44:34
INFO  [23:45:14.999] [bbotk]  -5.705355 -1.3751368         -4.602904 -4.668765 2026-09-09 23:44:35
INFO  [23:45:14.999] [bbotk]  -5.488199 -1.3401450         -4.073409 -4.455304 2026-09-09 23:44:36
INFO  [23:45:14.999] [bbotk]  -1.645418 -1.0486782         -6.026639 -3.263153 2026-09-09 23:44:36
INFO  [23:45:14.999] [bbotk]  -5.561350 -0.7526827         -4.403073 -3.858937 2026-09-09 23:44:37
INFO  [23:45:14.999] [bbotk]  -6.442854 -0.5904136         -4.507882 -3.786032 2026-09-09 23:44:38
INFO  [23:45:14.999] [bbotk]  -5.524026 -5.0386613         -4.416802 -3.912788 2026-09-09 23:44:39
INFO  [23:45:14.999] [bbotk]  -5.884172 -1.3952096         -4.361407 -3.733129 2026-09-09 23:44:40
INFO  [23:45:14.999] [bbotk]  -5.492517 -4.4024201         -5.865924 -3.113042 2026-09-09 23:44:41
INFO  [23:45:14.999] [bbotk]  -5.597559 -1.0466646         -4.261062 -3.335319 2026-09-09 23:44:42
INFO  [23:45:14.999] [bbotk]  -3.070628 -0.6962072         -6.371685 -3.291397 2026-09-09 23:44:42
INFO  [23:45:14.999] [bbotk]  -5.628731 -1.2978294         -4.397203 -3.663913 2026-09-09 23:44:43
INFO  [23:45:14.999] [bbotk]  -3.912676 -2.8426400         -6.004274 -3.376245 2026-09-09 23:44:44
INFO  [23:45:14.999] [bbotk]  -1.563780 -1.3204577         -4.410354 -3.080202 2026-09-09 23:44:45
INFO  [23:45:14.999] [bbotk]  -4.871612 -0.1375862         -4.169838 -2.798894 2026-09-09 23:44:46
INFO  [23:45:14.999] [bbotk]  -3.833663 -0.2285940         -6.186926 -3.163296 2026-09-09 23:44:47
INFO  [23:45:14.999] [bbotk]  -6.816624 -0.8320156         -6.795388 -3.122678 2026-09-09 23:44:47
INFO  [23:45:14.999] [bbotk]  -5.301036 -1.2380624         -4.468662 -3.152629 2026-09-09 23:44:48
INFO  [23:45:14.999] [bbotk]  -1.566600 -4.1944560         -6.195330 -3.339216 2026-09-09 23:44:49
INFO  [23:45:14.999] [bbotk]  -5.660740 -0.8176905         -3.011923 -3.631558 2026-09-09 23:44:50
INFO  [23:45:14.999] [bbotk]  -4.887367 -1.1490570         -4.448895 -3.197799 2026-09-09 23:44:51
INFO  [23:45:14.999] [bbotk]  -3.711218 -0.8477803         -6.907755 -3.069551 2026-09-09 23:44:52
INFO  [23:45:14.999] [bbotk]  -5.557674 -1.5050927         -6.907755 -2.952689 2026-09-09 23:44:53
INFO  [23:45:14.999] [bbotk]  -5.527820  2.4087194         -4.121901 -3.442264 2026-09-09 23:44:53
INFO  [23:45:14.999] [bbotk]  -6.907755 -3.2064834         -5.971399 -2.968511 2026-09-09 23:44:54
INFO  [23:45:14.999] [bbotk]  -3.486945 -0.5277462         -6.075327 -3.145382 2026-09-09 23:44:55
INFO  [23:45:14.999] [bbotk]  -2.958761 -1.0400882         -4.406020 -3.062524 2026-09-09 23:44:56
INFO  [23:45:14.999] [bbotk]  -5.533086 -1.2815217         -4.332466 -3.765606 2026-09-09 23:44:57
INFO  [23:45:14.999] [bbotk]  -5.772952 -4.8155379         -6.161440 -3.173852 2026-09-09 23:44:58
INFO  [23:45:14.999] [bbotk]  -5.754551 -1.0977337         -6.891341 -3.096822 2026-09-09 23:44:58
INFO  [23:45:14.999] [bbotk]  -3.985378 -1.6611163         -6.121730 -3.038977 2026-09-09 23:44:59
INFO  [23:45:14.999] [bbotk]  -3.898111 -5.8182730         -6.200315 -2.657519 2026-09-09 23:45:00
INFO  [23:45:14.999] [bbotk]  -6.213934 -4.3743247         -6.160196 -3.141034 2026-09-09 23:45:01
INFO  [23:45:14.999] [bbotk]  -3.030874 -1.2765661         -6.059855 -2.808010 2026-09-09 23:45:02
INFO  [23:45:14.999] [bbotk]  -5.524520 -3.0599690         -4.388747 -2.977673 2026-09-09 23:45:03
INFO  [23:45:14.999] [bbotk]  -3.350692 -0.9832285         -6.357378 -2.968308 2026-09-09 23:45:04
INFO  [23:45:14.999] [bbotk]  -5.760413 -1.2906838         -6.907755 -3.259011 2026-09-09 23:45:05
INFO  [23:45:14.999] [bbotk]  -3.518896 -0.2801345         -6.133272 -2.967754 2026-09-09 23:45:05
INFO  [23:45:14.999] [bbotk]  -5.535189 -1.1453093         -4.366082 -3.004727 2026-09-09 23:45:06
INFO  [23:45:14.999] [bbotk]  -3.669449 -0.4650357         -4.008672 -2.836727 2026-09-09 23:45:07
INFO  [23:45:14.999] [bbotk]  -3.256244 -0.8574648         -6.334911 -2.707694 2026-09-09 23:45:08
INFO  [23:45:14.999] [bbotk]  -5.531390 -1.4346106         -2.386249 -3.013687 2026-09-09 23:45:09
INFO  [23:45:14.999] [bbotk]  -3.603296 -3.1381225         -3.974974 -2.633391 2026-09-09 23:45:10
INFO  [23:45:14.999] [bbotk]  -5.849982 -1.0918282         -6.821138 -2.984530 2026-09-09 23:45:11
INFO  [23:45:14.999] [bbotk]  lambda_l1  lambda_l2 min_gain_to_split    acq_cb timestamp_surrogate
INFO  [23:45:14.999] [bbotk]  timestamp_acq_function timestamp_acq_optimizer      timestamp_loop classif.ce
INFO  [23:45:14.999] [bbotk]     2026-09-09 23:44:34     2026-09-09 23:44:34 2026-09-09 23:44:35      0.209
INFO  [23:45:14.999] [bbotk]     2026-09-09 23:44:35     2026-09-09 23:44:35 2026-09-09 23:44:36      0.215
INFO  [23:45:14.999] [bbotk]     2026-09-09 23:44:36     2026-09-09 23:44:36 2026-09-09 23:44:36      0.215
INFO  [23:45:14.999] [bbotk]     2026-09-09 23:44:37     2026-09-09 23:44:37 2026-09-09 23:44:37      0.205
INFO  [23:45:14.999] [bbotk]     2026-09-09 23:44:37     2026-09-09 23:44:37 2026-09-09 23:44:38      0.204
INFO  [23:45:14.999] [bbotk]     2026-09-09 23:44:38     2026-09-09 23:44:38 2026-09-09 23:44:39      0.220
INFO  [23:45:14.999] [bbotk]     2026-09-09 23:44:39     2026-09-09 23:44:39 2026-09-09 23:44:40      0.218
INFO  [23:45:14.999] [bbotk]     2026-09-09 23:44:40     2026-09-09 23:44:40 2026-09-09 23:44:41      0.221
INFO  [23:45:14.999] [bbotk]     2026-09-09 23:44:41     2026-09-09 23:44:41 2026-09-09 23:44:42      0.209
INFO  [23:45:14.999] [bbotk]     2026-09-09 23:44:42     2026-09-09 23:44:42 2026-09-09 23:44:42      0.220
INFO  [23:45:14.999] [bbotk]     2026-09-09 23:44:43     2026-09-09 23:44:43 2026-09-09 23:44:43      0.212
INFO  [23:45:14.999] [bbotk]     2026-09-09 23:44:44     2026-09-09 23:44:44 2026-09-09 23:44:44      0.213
INFO  [23:45:14.999] [bbotk]     2026-09-09 23:44:44     2026-09-09 23:44:44 2026-09-09 23:44:45      0.207
INFO  [23:45:14.999] [bbotk]     2026-09-09 23:44:45     2026-09-09 23:44:45 2026-09-09 23:44:46      0.215
INFO  [23:45:14.999] [bbotk]     2026-09-09 23:44:46     2026-09-09 23:44:46 2026-09-09 23:44:47      0.218
INFO  [23:45:14.999] [bbotk]     2026-09-09 23:44:47     2026-09-09 23:44:47 2026-09-09 23:44:47      0.222
INFO  [23:45:14.999] [bbotk]     2026-09-09 23:44:48     2026-09-09 23:44:48 2026-09-09 23:44:48      0.205
INFO  [23:45:14.999] [bbotk]     2026-09-09 23:44:48     2026-09-09 23:44:48 2026-09-09 23:44:49      0.207
INFO  [23:45:14.999] [bbotk]     2026-09-09 23:44:49     2026-09-09 23:44:49 2026-09-09 23:44:50      0.212
INFO  [23:45:14.999] [bbotk]     2026-09-09 23:44:50     2026-09-09 23:44:50 2026-09-09 23:44:51      0.224
INFO  [23:45:14.999] [bbotk]     2026-09-09 23:44:51     2026-09-09 23:44:51 2026-09-09 23:44:52      0.212
INFO  [23:45:14.999] [bbotk]     2026-09-09 23:44:52     2026-09-09 23:44:52 2026-09-09 23:44:53      0.209
INFO  [23:45:14.999] [bbotk]     2026-09-09 23:44:53     2026-09-09 23:44:53 2026-09-09 23:44:53      0.211
INFO  [23:45:14.999] [bbotk]     2026-09-09 23:44:54     2026-09-09 23:44:54 2026-09-09 23:44:54      0.225
INFO  [23:45:14.999] [bbotk]     2026-09-09 23:44:54     2026-09-09 23:44:54 2026-09-09 23:44:55      0.221
INFO  [23:45:14.999] [bbotk]     2026-09-09 23:44:55     2026-09-09 23:44:55 2026-09-09 23:44:56      0.207
INFO  [23:45:14.999] [bbotk]     2026-09-09 23:44:56     2026-09-09 23:44:56 2026-09-09 23:44:57      0.217
INFO  [23:45:14.999] [bbotk]     2026-09-09 23:44:57     2026-09-09 23:44:57 2026-09-09 23:44:58      0.213
INFO  [23:45:14.999] [bbotk]     2026-09-09 23:44:58     2026-09-09 23:44:58 2026-09-09 23:44:58      0.205
INFO  [23:45:14.999] [bbotk]     2026-09-09 23:44:59     2026-09-09 23:44:59 2026-09-09 23:44:59      0.212
INFO  [23:45:14.999] [bbotk]     2026-09-09 23:45:00     2026-09-09 23:45:00 2026-09-09 23:45:00      0.196
INFO  [23:45:14.999] [bbotk]     2026-09-09 23:45:01     2026-09-09 23:45:01 2026-09-09 23:45:01      0.205
INFO  [23:45:14.999] [bbotk]     2026-09-09 23:45:01     2026-09-09 23:45:01 2026-09-09 23:45:02      0.201
INFO  [23:45:14.999] [bbotk]     2026-09-09 23:45:02     2026-09-09 23:45:02 2026-09-09 23:45:03      0.223
INFO  [23:45:14.999] [bbotk]     2026-09-09 23:45:03     2026-09-09 23:45:03 2026-09-09 23:45:04      0.203
INFO  [23:45:14.999] [bbotk]     2026-09-09 23:45:04     2026-09-09 23:45:04 2026-09-09 23:45:05      0.214
INFO  [23:45:14.999] [bbotk]     2026-09-09 23:45:05     2026-09-09 23:45:05 2026-09-09 23:45:05      0.211
INFO  [23:45:14.999] [bbotk]     2026-09-09 23:45:06     2026-09-09 23:45:06 2026-09-09 23:45:06      0.210
INFO  [23:45:14.999] [bbotk]     2026-09-09 23:45:06     2026-09-09 23:45:07 2026-09-09 23:45:07      0.217
INFO  [23:45:14.999] [bbotk]     2026-09-09 23:45:08     2026-09-09 23:45:08 2026-09-09 23:45:08      0.210
INFO  [23:45:14.999] [bbotk]     2026-09-09 23:45:08     2026-09-09 23:45:08 2026-09-09 23:45:09      0.204
INFO  [23:45:14.999] [bbotk]     2026-09-09 23:45:09     2026-09-09 23:45:09 2026-09-09 23:45:10      0.219
INFO  [23:45:14.999] [bbotk]     2026-09-09 23:45:10     2026-09-09 23:45:10 2026-09-09 23:45:11      0.211
INFO  [23:45:14.999] [bbotk]     2026-09-09 23:45:11     2026-09-09 23:45:11 2026-09-09 23:45:12      0.208
INFO  [23:45:14.999] [bbotk]  timestamp_acq_function timestamp_acq_optimizer      timestamp_loop classif.ce
INFO  [23:45:14.999] [bbotk]  warnings errors runtime_learners internal_tuned_values
INFO  [23:45:14.999] [bbotk]         0      0            0.500     num_iterations=41
INFO  [23:45:14.999] [bbotk]         0      0            0.581     num_iterations=30
INFO  [23:45:14.999] [bbotk]         0      0            0.651     num_iterations=35
INFO  [23:45:14.999] [bbotk]         0      0            0.680     num_iterations=45
INFO  [23:45:14.999] [bbotk]         0      0            0.626     num_iterations=47
INFO  [23:45:14.999] [bbotk]         0      0            0.631     num_iterations=16
INFO  [23:45:14.999] [bbotk]         0      0            0.594     num_iterations=35
INFO  [23:45:14.999] [bbotk]         0      0            0.591     num_iterations=65
INFO  [23:45:14.999] [bbotk]         0      0            0.613     num_iterations=74
INFO  [23:45:14.999] [bbotk]         0      0            0.592     num_iterations=18
INFO  [23:45:14.999] [bbotk]         0      0            0.632     num_iterations=38
INFO  [23:45:14.999] [bbotk]         0      0            0.665     num_iterations=66
INFO  [23:45:14.999] [bbotk]         0      0            0.639     num_iterations=31
INFO  [23:45:14.999] [bbotk]         0      0            0.585     num_iterations=28
INFO  [23:45:14.999] [bbotk]         0      0            0.586     num_iterations=64
INFO  [23:45:14.999] [bbotk]         0      0            0.708     num_iterations=64
INFO  [23:45:14.999] [bbotk]         0      0            0.664     num_iterations=37
INFO  [23:45:14.999] [bbotk]         0      0            0.606     num_iterations=44
INFO  [23:45:14.999] [bbotk]         0      0            0.592     num_iterations=35
INFO  [23:45:14.999] [bbotk]         0      0            0.561     num_iterations=25
INFO  [23:45:14.999] [bbotk]         0      0            0.626     num_iterations=40
INFO  [23:45:14.999] [bbotk]         0      0            0.685     num_iterations=61
INFO  [23:45:14.999] [bbotk]         0      0            0.631     num_iterations=68
INFO  [23:45:14.999] [bbotk]         0      0            0.525     num_iterations=33
INFO  [23:45:14.999] [bbotk]         0      0            0.711     num_iterations=37
INFO  [23:45:14.999] [bbotk]         0      0            0.693     num_iterations=55
INFO  [23:45:14.999] [bbotk]         0      0            0.630     num_iterations=32
INFO  [23:45:14.999] [bbotk]         0      0            0.625     num_iterations=44
INFO  [23:45:14.999] [bbotk]         0      0            0.661     num_iterations=41
INFO  [23:45:14.999] [bbotk]         0      0            0.615     num_iterations=61
INFO  [23:45:14.999] [bbotk]         0      0            0.628     num_iterations=41
INFO  [23:45:14.999] [bbotk]         0      0            0.601     num_iterations=62
INFO  [23:45:14.999] [bbotk]         0      0            0.654     num_iterations=34
INFO  [23:45:14.999] [bbotk]         0      0            0.604     num_iterations=61
INFO  [23:45:14.999] [bbotk]         0      0            0.585     num_iterations=34
INFO  [23:45:14.999] [bbotk]         0      0            0.588     num_iterations=36
INFO  [23:45:14.999] [bbotk]         0      0            0.530     num_iterations=47
INFO  [23:45:14.999] [bbotk]         0      0            0.734     num_iterations=92
INFO  [23:45:14.999] [bbotk]         0      0            0.570     num_iterations=44
INFO  [23:45:14.999] [bbotk]         0      0            0.503     num_iterations=26
INFO  [23:45:14.999] [bbotk]         0      0            0.628     num_iterations=66
INFO  [23:45:14.999] [bbotk]         0      0            0.499     num_iterations=41
INFO  [23:45:14.999] [bbotk]         0      0            0.563     num_iterations=24
INFO  [23:45:14.999] [bbotk]         0      0            0.561     num_iterations=33
INFO  [23:45:14.999] [bbotk]  warnings errors runtime_learners internal_tuned_values
INFO  [23:45:15.273] [mlr3] Calling train method of fallback 'regr.ranger' on task 'surrogate_task' with 276 observations {learner: <LearnerRegrRanger/LearnerRegr/Learner/R6>}
INFO  [23:45:16.217] [mlr3] Calling train method of fallback 'regr.ranger' on task 'surrogate_task' with 277 observations {learner: <LearnerRegrRanger/LearnerRegr/Learner/R6>}
INFO  [23:45:17.141] [mlr3] Calling train method of fallback 'regr.ranger' on task 'surrogate_task' with 278 observations {learner: <LearnerRegrRanger/LearnerRegr/Learner/R6>}
INFO  [23:45:18.022] [mlr3] Calling train method of fallback 'regr.ranger' on task 'surrogate_task' with 279 observations {learner: <LearnerRegrRanger/LearnerRegr/Learner/R6>}
INFO  [23:45:19.157] [mlr3] Calling train method of fallback 'regr.ranger' on task 'surrogate_task' with 280 observations {learner: <LearnerRegrRanger/LearnerRegr/Learner/R6>}
INFO  [23:45:20.053] [mlr3] Calling train method of fallback 'regr.ranger' on task 'surrogate_task' with 281 observations {learner: <LearnerRegrRanger/LearnerRegr/Learner/R6>}
INFO  [23:45:20.974] [mlr3] Calling train method of fallback 'regr.ranger' on task 'surrogate_task' with 282 observations {learner: <LearnerRegrRanger/LearnerRegr/Learner/R6>}
INFO  [23:45:21.888] [mlr3] Calling train method of fallback 'regr.ranger' on task 'surrogate_task' with 283 observations {learner: <LearnerRegrRanger/LearnerRegr/Learner/R6>}
INFO  [23:45:22.809] [mlr3] Calling train method of fallback 'regr.ranger' on task 'surrogate_task' with 284 observations {learner: <LearnerRegrRanger/LearnerRegr/Learner/R6>}
INFO  [23:45:23.770] [mlr3] Calling train method of fallback 'regr.ranger' on task 'surrogate_task' with 285 observations {learner: <LearnerRegrRanger/LearnerRegr/Learner/R6>}
INFO  [23:45:24.655] [mlr3] Calling train method of fallback 'regr.ranger' on task 'surrogate_task' with 286 observations {learner: <LearnerRegrRanger/LearnerRegr/Learner/R6>}
INFO  [23:45:25.524] [mlr3] Calling train method of fallback 'regr.ranger' on task 'surrogate_task' with 287 observations {learner: <LearnerRegrRanger/LearnerRegr/Learner/R6>}
INFO  [23:45:26.394] [mlr3] Calling train method of fallback 'regr.ranger' on task 'surrogate_task' with 288 observations {learner: <LearnerRegrRanger/LearnerRegr/Learner/R6>}
INFO  [23:45:27.491] [mlr3] Calling train method of fallback 'regr.ranger' on task 'surrogate_task' with 289 observations {learner: <LearnerRegrRanger/LearnerRegr/Learner/R6>}
INFO  [23:45:28.395] [mlr3] Calling train method of fallback 'regr.ranger' on task 'surrogate_task' with 290 observations {learner: <LearnerRegrRanger/LearnerRegr/Learner/R6>}
INFO  [23:45:29.284] [mlr3] Calling train method of fallback 'regr.ranger' on task 'surrogate_task' with 291 observations {learner: <LearnerRegrRanger/LearnerRegr/Learner/R6>}
INFO  [23:45:30.170] [mlr3] Calling train method of fallback 'regr.ranger' on task 'surrogate_task' with 292 observations {learner: <LearnerRegrRanger/LearnerRegr/Learner/R6>}
INFO  [23:45:31.061] [mlr3] Calling train method of fallback 'regr.ranger' on task 'surrogate_task' with 293 observations {learner: <LearnerRegrRanger/LearnerRegr/Learner/R6>}
INFO  [23:45:32.045] [mlr3] Calling train method of fallback 'regr.ranger' on task 'surrogate_task' with 294 observations {learner: <LearnerRegrRanger/LearnerRegr/Learner/R6>}
INFO  [23:45:32.966] [mlr3] Calling train method of fallback 'regr.ranger' on task 'surrogate_task' with 295 observations {learner: <LearnerRegrRanger/LearnerRegr/Learner/R6>}
INFO  [23:45:33.887] [mlr3] Calling train method of fallback 'regr.ranger' on task 'surrogate_task' with 296 observations {learner: <LearnerRegrRanger/LearnerRegr/Learner/R6>}
INFO  [23:45:34.855] [mlr3] Calling train method of fallback 'regr.ranger' on task 'surrogate_task' with 297 observations {learner: <LearnerRegrRanger/LearnerRegr/Learner/R6>}
INFO  [23:45:35.807] [mlr3] Calling train method of fallback 'regr.ranger' on task 'surrogate_task' with 298 observations {learner: <LearnerRegrRanger/LearnerRegr/Learner/R6>}
INFO  [23:45:36.760] [mlr3] Calling train method of fallback 'regr.ranger' on task 'surrogate_task' with 299 observations {learner: <LearnerRegrRanger/LearnerRegr/Learner/R6>}
INFO  [23:45:37.945] [mlr3] Calling train method of fallback 'regr.ranger' on task 'surrogate_task' with 300 observations {learner: <LearnerRegrRanger/LearnerRegr/Learner/R6>}
INFO  [23:45:38.883] [mlr3] Calling train method of fallback 'regr.ranger' on task 'surrogate_task' with 301 observations {learner: <LearnerRegrRanger/LearnerRegr/Learner/R6>}
INFO  [23:45:39.769] [mlr3] Calling train method of fallback 'regr.ranger' on task 'surrogate_task' with 302 observations {learner: <LearnerRegrRanger/LearnerRegr/Learner/R6>}
INFO  [23:45:40.675] [mlr3] Calling train method of fallback 'regr.ranger' on task 'surrogate_task' with 303 observations {learner: <LearnerRegrRanger/LearnerRegr/Learner/R6>}
INFO  [23:45:41.607] [mlr3] Calling train method of fallback 'regr.ranger' on task 'surrogate_task' with 304 observations {learner: <LearnerRegrRanger/LearnerRegr/Learner/R6>}
INFO  [23:45:42.547] [mlr3] Calling train method of fallback 'regr.ranger' on task 'surrogate_task' with 305 observations {learner: <LearnerRegrRanger/LearnerRegr/Learner/R6>}
INFO  [23:45:43.457] [mlr3] Calling train method of fallback 'regr.ranger' on task 'surrogate_task' with 306 observations {learner: <LearnerRegrRanger/LearnerRegr/Learner/R6>}
INFO  [23:45:44.377] [mlr3] Calling train method of fallback 'regr.ranger' on task 'surrogate_task' with 307 observations {learner: <LearnerRegrRanger/LearnerRegr/Learner/R6>}
INFO  [23:45:45.370] [mlr3] Calling train method of fallback 'regr.ranger' on task 'surrogate_task' with 308 observations {learner: <LearnerRegrRanger/LearnerRegr/Learner/R6>}
INFO  [23:45:46.569] [mlr3] Calling train method of fallback 'regr.ranger' on task 'surrogate_task' with 309 observations {learner: <LearnerRegrRanger/LearnerRegr/Learner/R6>}
INFO  [23:45:47.485] [mlr3] Calling train method of fallback 'regr.ranger' on task 'surrogate_task' with 310 observations {learner: <LearnerRegrRanger/LearnerRegr/Learner/R6>}
INFO  [23:45:48.413] [mlr3] Calling train method of fallback 'regr.ranger' on task 'surrogate_task' with 311 observations {learner: <LearnerRegrRanger/LearnerRegr/Learner/R6>}
INFO  [23:45:49.353] [mlr3] Calling train method of fallback 'regr.ranger' on task 'surrogate_task' with 312 observations {learner: <LearnerRegrRanger/LearnerRegr/Learner/R6>}
INFO  [23:45:50.309] [mlr3] Calling train method of fallback 'regr.ranger' on task 'surrogate_task' with 313 observations {learner: <LearnerRegrRanger/LearnerRegr/Learner/R6>}
INFO  [23:45:51.261] [mlr3] Calling train method of fallback 'regr.ranger' on task 'surrogate_task' with 314 observations {learner: <LearnerRegrRanger/LearnerRegr/Learner/R6>}
INFO  [23:45:52.240] [mlr3] Calling train method of fallback 'regr.ranger' on task 'surrogate_task' with 315 observations {learner: <LearnerRegrRanger/LearnerRegr/Learner/R6>}
INFO  [23:45:53.414] [mlr3] Calling train method of fallback 'regr.ranger' on task 'surrogate_task' with 316 observations {learner: <LearnerRegrRanger/LearnerRegr/Learner/R6>}
INFO  [23:45:54.321] [mlr3] Calling train method of fallback 'regr.ranger' on task 'surrogate_task' with 317 observations {learner: <LearnerRegrRanger/LearnerRegr/Learner/R6>}
INFO  [23:45:55.373] [mlr3] Calling train method of fallback 'regr.ranger' on task 'surrogate_task' with 318 observations {learner: <LearnerRegrRanger/LearnerRegr/Learner/R6>}
INFO  [23:45:56.458] [mlr3] Calling train method of fallback 'regr.ranger' on task 'surrogate_task' with 319 observations {learner: <LearnerRegrRanger/LearnerRegr/Learner/R6>}
INFO  [23:45:57.157] [bbotk] Evaluating 44 configuration(s)
INFO  [23:45:57.274] [mlr3] Running benchmark with 440 resampling iterations
INFO  [23:45:58.583] [mlr3] Finished benchmark
INFO  [23:45:59.948] [bbotk] Result of batch 6:
INFO  [23:45:59.956] [bbotk]  learning_rate num_leaves min_data_in_leaf feature_fraction extra_trees
INFO  [23:45:59.956] [bbotk]     -0.5556039        138               23        0.6407824        TRUE
INFO  [23:45:59.956] [bbotk]     -0.4186746        235               18        0.6593147        TRUE
INFO  [23:45:59.956] [bbotk]     -0.6075572        136               19        0.6753450        TRUE
INFO  [23:45:59.956] [bbotk]     -0.4997246        133               14        0.6773652        TRUE
INFO  [23:45:59.956] [bbotk]     -0.5715407        136               20        0.9091946        TRUE
INFO  [23:45:59.956] [bbotk]     -0.5720712        134               14        0.1189778        TRUE
INFO  [23:45:59.956] [bbotk]     -0.1370443        128               14        0.6951574        TRUE
INFO  [23:45:59.956] [bbotk]     -0.5849851        135               18        0.2144795        TRUE
INFO  [23:45:59.956] [bbotk]     -0.6011666         98               20        0.4824588        TRUE
INFO  [23:45:59.956] [bbotk]     -0.6076570        128               46        0.6751116        TRUE
INFO  [23:45:59.956] [bbotk]     -0.6573565         89                1        0.6328802        TRUE
INFO  [23:45:59.956] [bbotk]     -1.2152617         34               22        0.6858301        TRUE
INFO  [23:45:59.956] [bbotk]     -0.6193025         77              168        0.6350436        TRUE
INFO  [23:45:59.956] [bbotk]     -0.7525462        136               17        0.7086708        TRUE
INFO  [23:45:59.956] [bbotk]     -0.3786677        130               90        0.6801744        TRUE
INFO  [23:45:59.956] [bbotk]     -0.6120208         70               88        0.6835703        TRUE
INFO  [23:45:59.956] [bbotk]     -0.7351241        125               21        0.6208039        TRUE
INFO  [23:45:59.956] [bbotk]     -0.7102938        122               12        0.4670198       FALSE
INFO  [23:45:59.956] [bbotk]     -0.6085244         96               22        0.2111510        TRUE
INFO  [23:45:59.956] [bbotk]     -0.6292718        132               21        0.6915791        TRUE
INFO  [23:45:59.956] [bbotk]     -0.6694971         98               13        0.4326409        TRUE
INFO  [23:45:59.956] [bbotk]     -0.6957125        143               12        0.1787392        TRUE
INFO  [23:45:59.956] [bbotk]     -0.5961645         88               45        0.2608776        TRUE
INFO  [23:45:59.956] [bbotk]     -0.3724311        251               18        0.6788373        TRUE
INFO  [23:45:59.956] [bbotk]     -0.6374966         92               98        0.6769841        TRUE
INFO  [23:45:59.956] [bbotk]     -0.6709829         92               14        0.2254692        TRUE
INFO  [23:45:59.956] [bbotk]     -1.1310979        147                1        0.6927873        TRUE
INFO  [23:45:59.956] [bbotk]     -1.4495408         15               21        0.6849615        TRUE
INFO  [23:45:59.956] [bbotk]     -0.6805601        133                4        0.2407747        TRUE
INFO  [23:45:59.956] [bbotk]     -0.6712999         76               95        0.1800912        TRUE
INFO  [23:45:59.956] [bbotk]     -0.5250314        226               15        0.8696839        TRUE
INFO  [23:45:59.956] [bbotk]     -0.5814943         87               18        0.4155952        TRUE
INFO  [23:45:59.956] [bbotk]     -0.9805703        133               20        0.9889763        TRUE
INFO  [23:45:59.956] [bbotk]     -0.6109776        153               20        0.6781761        TRUE
INFO  [23:45:59.956] [bbotk]     -0.2770718         81               20        0.8264816        TRUE
INFO  [23:45:59.956] [bbotk]     -0.4657829        135               93        0.7056780        TRUE
INFO  [23:45:59.956] [bbotk]     -0.6767940         90                9        0.2020438        TRUE
INFO  [23:45:59.956] [bbotk]     -0.7268855        146               20        0.8480862        TRUE
INFO  [23:45:59.956] [bbotk]     -1.1817851        146               18        0.6854762        TRUE
INFO  [23:45:59.956] [bbotk]     -0.5965438         50               23        0.6795851        TRUE
INFO  [23:45:59.956] [bbotk]     -0.6033326         35               22        0.6796418        TRUE
INFO  [23:45:59.956] [bbotk]     -2.5937835        173               20        0.6761520        TRUE
INFO  [23:45:59.956] [bbotk]     -0.6052261         57               22        0.8085707        TRUE
INFO  [23:45:59.956] [bbotk]     -0.7172714        135               20        0.6876063        TRUE
INFO  [23:45:59.956] [bbotk]  learning_rate num_leaves min_data_in_leaf feature_fraction extra_trees
INFO  [23:45:59.956] [bbotk]  lambda_l1  lambda_l2 min_gain_to_split    acq_cb timestamp_surrogate
INFO  [23:45:59.956] [bbotk]  -3.990536 -1.7239051         -6.140467 -4.787805 2026-09-09 23:45:15
INFO  [23:45:59.956] [bbotk]  -4.334486 -2.3603764         -6.070015 -3.974818 2026-09-09 23:45:15
INFO  [23:45:59.956] [bbotk]  -3.909912  2.7380381         -6.235187 -4.279992 2026-09-09 23:45:16
INFO  [23:45:59.956] [bbotk]  -4.367345 -0.2940256         -6.115370 -4.207654 2026-09-09 23:45:17
INFO  [23:45:59.956] [bbotk]  -1.298752 -1.8877892         -6.346630 -3.592966 2026-09-09 23:45:18
INFO  [23:45:59.956] [bbotk]  -4.155044 -1.6503236         -6.105303 -3.855378 2026-09-09 23:45:19
INFO  [23:45:59.956] [bbotk]  -4.040532 -1.6629243         -6.124276 -3.935503 2026-09-09 23:45:20
INFO  [23:45:59.956] [bbotk]  -3.982112 -1.5832231         -6.120565 -4.520836 2026-09-09 23:45:21
INFO  [23:45:59.956] [bbotk]  -4.160602 -2.9285582         -6.098499 -3.862535 2026-09-09 23:45:22
INFO  [23:45:59.956] [bbotk]  -3.946965 -1.6380143         -4.397238 -3.337089 2026-09-09 23:45:23
INFO  [23:45:59.956] [bbotk]  -2.940985 -1.6082204         -4.409778 -2.781226 2026-09-09 23:45:24
INFO  [23:45:59.956] [bbotk]  -5.552710 -1.2284036         -4.410958 -2.921863 2026-09-09 23:45:25
INFO  [23:45:59.956] [bbotk]  -5.865342 -4.7804665         -6.121780 -3.152003 2026-09-09 23:45:26
INFO  [23:45:59.956] [bbotk]  -5.948914 -1.5960084         -6.124891 -3.279922 2026-09-09 23:45:27
INFO  [23:45:59.956] [bbotk]  -4.462185 -5.2566964         -6.096007 -2.953617 2026-09-09 23:45:28
INFO  [23:45:59.956] [bbotk]  -6.854704 -3.8744333         -6.225696 -2.934858 2026-09-09 23:45:29
INFO  [23:45:59.956] [bbotk]  -3.977871 -6.8598918         -6.905009 -3.105812 2026-09-09 23:45:29
INFO  [23:45:59.956] [bbotk]  -3.265729 -0.7322195         -6.366960 -2.768361 2026-09-09 23:45:30
INFO  [23:45:59.956] [bbotk]  -3.523399 -0.8724069         -6.309941 -2.877500 2026-09-09 23:45:31
INFO  [23:45:59.956] [bbotk]  -5.546791 -1.6746238         -6.141033 -3.069156 2026-09-09 23:45:32
INFO  [23:45:59.956] [bbotk]  -2.892733 -1.6461849         -5.157124 -2.762206 2026-09-09 23:45:33
INFO  [23:45:59.956] [bbotk]  -1.843049 -1.1228513         -6.697976 -2.726661 2026-09-09 23:45:34
INFO  [23:45:59.956] [bbotk]  -3.799673 -6.9077553         -6.174352 -2.680915 2026-09-09 23:45:35
INFO  [23:45:59.956] [bbotk]  -3.986431 -1.8559167         -6.149632 -3.336626 2026-09-09 23:45:36
INFO  [23:45:59.956] [bbotk]  -3.882805 -6.3467792         -6.690949 -4.438802 2026-09-09 23:45:37
INFO  [23:45:59.956] [bbotk]  -3.254988 -0.8038705         -5.670218 -2.798119 2026-09-09 23:45:38
INFO  [23:45:59.956] [bbotk]  -3.918745 -0.3012885         -4.418471 -2.659162 2026-09-09 23:45:39
INFO  [23:45:59.956] [bbotk]  -3.727564 -0.8906682         -6.157239 -2.723792 2026-09-09 23:45:40
INFO  [23:45:59.956] [bbotk]  -6.123066 -4.4476303         -6.172819 -2.789353 2026-09-09 23:45:41
INFO  [23:45:59.956] [bbotk]  -3.567712 -1.0856013         -6.250625 -2.508926 2026-09-09 23:45:42
INFO  [23:45:59.956] [bbotk]  -3.552226 -0.4975733         -6.907755 -2.744809 2026-09-09 23:45:43
INFO  [23:45:59.956] [bbotk]  -3.962113 -1.1298911         -6.175107 -2.599872 2026-09-09 23:45:44
INFO  [23:45:59.956] [bbotk]  -3.762935  0.2225418         -6.790587 -2.646643 2026-09-09 23:45:45
INFO  [23:45:59.956] [bbotk]  -4.178365  3.5441745         -6.027722 -2.992731 2026-09-09 23:45:46
INFO  [23:45:59.956] [bbotk]  -3.979425 -1.2312166         -6.105906 -2.675753 2026-09-09 23:45:47
INFO  [23:45:59.956] [bbotk]  -3.943513 -4.5478905         -6.176358 -2.601467 2026-09-09 23:45:48
INFO  [23:45:59.956] [bbotk]  -3.119416 -0.5316946         -6.113455 -2.833135 2026-09-09 23:45:49
INFO  [23:45:59.956] [bbotk]  -3.582421 -0.5389311         -4.023590 -2.666140 2026-09-09 23:45:50
INFO  [23:45:59.956] [bbotk]  -5.556573 -4.7046277         -4.396989 -2.832755 2026-09-09 23:45:50
INFO  [23:45:59.956] [bbotk]  -4.685396 -2.9177104         -4.402395 -2.678253 2026-09-09 23:45:51
INFO  [23:45:59.956] [bbotk]  -3.535693 -1.1774180         -6.823795 -3.096093 2026-09-09 23:45:53
INFO  [23:45:59.956] [bbotk]  -3.374129 -4.7165134         -4.239492 -4.117814 2026-09-09 23:45:54
INFO  [23:45:59.956] [bbotk]  -4.786258 -3.1940535         -3.964824 -3.075436 2026-09-09 23:45:55
INFO  [23:45:59.956] [bbotk]  -6.281919 -2.5359603         -6.158878 -3.097341 2026-09-09 23:45:56
INFO  [23:45:59.956] [bbotk]  lambda_l1  lambda_l2 min_gain_to_split    acq_cb timestamp_surrogate
INFO  [23:45:59.956] [bbotk]  timestamp_acq_function timestamp_acq_optimizer      timestamp_loop classif.ce
INFO  [23:45:59.956] [bbotk]     2026-09-09 23:45:15     2026-09-09 23:45:15 2026-09-09 23:45:15      0.206
INFO  [23:45:59.956] [bbotk]     2026-09-09 23:45:16     2026-09-09 23:45:16 2026-09-09 23:45:16      0.210
INFO  [23:45:59.956] [bbotk]     2026-09-09 23:45:17     2026-09-09 23:45:17 2026-09-09 23:45:17      0.205
INFO  [23:45:59.956] [bbotk]     2026-09-09 23:45:18     2026-09-09 23:45:18 2026-09-09 23:45:18      0.205
INFO  [23:45:59.956] [bbotk]     2026-09-09 23:45:19     2026-09-09 23:45:19 2026-09-09 23:45:19      0.198
INFO  [23:45:59.956] [bbotk]     2026-09-09 23:45:20     2026-09-09 23:45:20 2026-09-09 23:45:20      0.221
INFO  [23:45:59.956] [bbotk]     2026-09-09 23:45:20     2026-09-09 23:45:20 2026-09-09 23:45:21      0.210
INFO  [23:45:59.956] [bbotk]     2026-09-09 23:45:21     2026-09-09 23:45:21 2026-09-09 23:45:22      0.215
INFO  [23:45:59.956] [bbotk]     2026-09-09 23:45:22     2026-09-09 23:45:22 2026-09-09 23:45:23      0.201
INFO  [23:45:59.956] [bbotk]     2026-09-09 23:45:23     2026-09-09 23:45:23 2026-09-09 23:45:24      0.211
INFO  [23:45:59.956] [bbotk]     2026-09-09 23:45:24     2026-09-09 23:45:24 2026-09-09 23:45:25      0.222
INFO  [23:45:59.956] [bbotk]     2026-09-09 23:45:25     2026-09-09 23:45:25 2026-09-09 23:45:26      0.211
INFO  [23:45:59.956] [bbotk]     2026-09-09 23:45:26     2026-09-09 23:45:26 2026-09-09 23:45:27      0.215
INFO  [23:45:59.956] [bbotk]     2026-09-09 23:45:27     2026-09-09 23:45:27 2026-09-09 23:45:28      0.206
INFO  [23:45:59.956] [bbotk]     2026-09-09 23:45:28     2026-09-09 23:45:28 2026-09-09 23:45:28      0.212
INFO  [23:45:59.956] [bbotk]     2026-09-09 23:45:29     2026-09-09 23:45:29 2026-09-09 23:45:29      0.210
INFO  [23:45:59.956] [bbotk]     2026-09-09 23:45:30     2026-09-09 23:45:30 2026-09-09 23:45:30      0.206
INFO  [23:45:59.956] [bbotk]     2026-09-09 23:45:31     2026-09-09 23:45:31 2026-09-09 23:45:31      0.233
INFO  [23:45:59.956] [bbotk]     2026-09-09 23:45:32     2026-09-09 23:45:32 2026-09-09 23:45:32      0.214
INFO  [23:45:59.956] [bbotk]     2026-09-09 23:45:32     2026-09-09 23:45:32 2026-09-09 23:45:33      0.213
INFO  [23:45:59.956] [bbotk]     2026-09-09 23:45:33     2026-09-09 23:45:33 2026-09-09 23:45:34      0.208
INFO  [23:45:59.956] [bbotk]     2026-09-09 23:45:34     2026-09-09 23:45:34 2026-09-09 23:45:35      0.214
INFO  [23:45:59.956] [bbotk]     2026-09-09 23:45:35     2026-09-09 23:45:35 2026-09-09 23:45:36      0.212
INFO  [23:45:59.956] [bbotk]     2026-09-09 23:45:36     2026-09-09 23:45:36 2026-09-09 23:45:37      0.207
INFO  [23:45:59.956] [bbotk]     2026-09-09 23:45:37     2026-09-09 23:45:37 2026-09-09 23:45:38      0.205
INFO  [23:45:59.956] [bbotk]     2026-09-09 23:45:38     2026-09-09 23:45:38 2026-09-09 23:45:39      0.205
INFO  [23:45:59.956] [bbotk]     2026-09-09 23:45:39     2026-09-09 23:45:39 2026-09-09 23:45:40      0.212
INFO  [23:45:59.956] [bbotk]     2026-09-09 23:45:40     2026-09-09 23:45:40 2026-09-09 23:45:41      0.203
INFO  [23:45:59.956] [bbotk]     2026-09-09 23:45:41     2026-09-09 23:45:41 2026-09-09 23:45:42      0.203
INFO  [23:45:59.956] [bbotk]     2026-09-09 23:45:42     2026-09-09 23:45:42 2026-09-09 23:45:43      0.221
INFO  [23:45:59.956] [bbotk]     2026-09-09 23:45:43     2026-09-09 23:45:43 2026-09-09 23:45:44      0.210
INFO  [23:45:59.956] [bbotk]     2026-09-09 23:45:44     2026-09-09 23:45:44 2026-09-09 23:45:45      0.212
INFO  [23:45:59.956] [bbotk]     2026-09-09 23:45:45     2026-09-09 23:45:45 2026-09-09 23:45:46      0.206
INFO  [23:45:59.956] [bbotk]     2026-09-09 23:45:46     2026-09-09 23:45:46 2026-09-09 23:45:47      0.213
INFO  [23:45:59.956] [bbotk]     2026-09-09 23:45:47     2026-09-09 23:45:47 2026-09-09 23:45:48      0.205
INFO  [23:45:59.956] [bbotk]     2026-09-09 23:45:48     2026-09-09 23:45:48 2026-09-09 23:45:49      0.212
INFO  [23:45:59.956] [bbotk]     2026-09-09 23:45:49     2026-09-09 23:45:49 2026-09-09 23:45:49      0.213
INFO  [23:45:59.956] [bbotk]     2026-09-09 23:45:50     2026-09-09 23:45:50 2026-09-09 23:45:50      0.223
INFO  [23:45:59.956] [bbotk]     2026-09-09 23:45:51     2026-09-09 23:45:51 2026-09-09 23:45:51      0.206
INFO  [23:45:59.956] [bbotk]     2026-09-09 23:45:52     2026-09-09 23:45:52 2026-09-09 23:45:53      0.215
INFO  [23:45:59.956] [bbotk]     2026-09-09 23:45:53     2026-09-09 23:45:53 2026-09-09 23:45:54      0.216
INFO  [23:45:59.956] [bbotk]     2026-09-09 23:45:54     2026-09-09 23:45:54 2026-09-09 23:45:55      0.210
INFO  [23:45:59.956] [bbotk]     2026-09-09 23:45:55     2026-09-09 23:45:55 2026-09-09 23:45:56      0.208
INFO  [23:45:59.956] [bbotk]     2026-09-09 23:45:56     2026-09-09 23:45:56 2026-09-09 23:45:57      0.205
INFO  [23:45:59.956] [bbotk]  timestamp_acq_function timestamp_acq_optimizer      timestamp_loop classif.ce
INFO  [23:45:59.956] [bbotk]  warnings errors runtime_learners internal_tuned_values
INFO  [23:45:59.956] [bbotk]         0      0            0.587     num_iterations=27
INFO  [23:45:59.956] [bbotk]         0      0            0.721     num_iterations=44
INFO  [23:45:59.956] [bbotk]         0      0            0.653     num_iterations=55
INFO  [23:45:59.956] [bbotk]         0      0            0.793     num_iterations=20
INFO  [23:45:59.956] [bbotk]         0      0            0.655     num_iterations=52
INFO  [23:45:59.956] [bbotk]         0      0            0.694     num_iterations=65
INFO  [23:45:59.956] [bbotk]         0      0            0.619     num_iterations=28
INFO  [23:45:59.956] [bbotk]         0      0            0.606     num_iterations=77
INFO  [23:45:59.956] [bbotk]         0      0            0.764     num_iterations=83
INFO  [23:45:59.956] [bbotk]         0      0            0.594     num_iterations=43
INFO  [23:45:59.956] [bbotk]         0      0            0.697     num_iterations=48
INFO  [23:45:59.956] [bbotk]         0      0            0.652     num_iterations=58
INFO  [23:45:59.956] [bbotk]         0      0            0.544     num_iterations=51
INFO  [23:45:59.956] [bbotk]         0      0            0.656     num_iterations=35
INFO  [23:45:59.956] [bbotk]         0      0            0.619     num_iterations=43
INFO  [23:45:59.956] [bbotk]         0      0            0.624     num_iterations=59
INFO  [23:45:59.956] [bbotk]         0      0            0.653     num_iterations=41
INFO  [23:45:59.956] [bbotk]         0      0            0.686     num_iterations=29
INFO  [23:45:59.956] [bbotk]         0      0            0.589     num_iterations=64
INFO  [23:45:59.956] [bbotk]         0      0            0.576     num_iterations=22
INFO  [23:45:59.956] [bbotk]         0      0            0.650     num_iterations=48
INFO  [23:45:59.956] [bbotk]         0      0            0.563     num_iterations=54
INFO  [23:45:59.956] [bbotk]         0      0            0.515     num_iterations=38
INFO  [23:45:59.956] [bbotk]         0      0            0.637     num_iterations=39
INFO  [23:45:59.956] [bbotk]         0      0            0.615     num_iterations=48
INFO  [23:45:59.956] [bbotk]         0      0            0.585     num_iterations=55
INFO  [23:45:59.956] [bbotk]         0      0            0.648     num_iterations=33
INFO  [23:45:59.956] [bbotk]         0      0            0.652     num_iterations=63
INFO  [23:45:59.956] [bbotk]         0      0            0.576     num_iterations=32
INFO  [23:45:59.956] [bbotk]         0      0            0.552     num_iterations=71
INFO  [23:45:59.956] [bbotk]         0      0            0.723     num_iterations=36
INFO  [23:45:59.956] [bbotk]         0      0            0.630     num_iterations=62
INFO  [23:45:59.956] [bbotk]         0      0            0.673     num_iterations=44
INFO  [23:45:59.956] [bbotk]         0      0            0.586     num_iterations=47
INFO  [23:45:59.956] [bbotk]         0      0            0.591     num_iterations=24
INFO  [23:45:59.956] [bbotk]         0      0            0.586     num_iterations=53
INFO  [23:45:59.956] [bbotk]         0      0            0.529     num_iterations=42
INFO  [23:45:59.956] [bbotk]         0      0            0.567     num_iterations=16
INFO  [23:45:59.956] [bbotk]         0      0            0.601     num_iterations=35
INFO  [23:45:59.956] [bbotk]         0      0            0.564     num_iterations=44
INFO  [23:45:59.956] [bbotk]         0      0            0.576     num_iterations=23
INFO  [23:45:59.956] [bbotk]         0      0            0.833    num_iterations=100
INFO  [23:45:59.956] [bbotk]         0      0            0.568     num_iterations=38
INFO  [23:45:59.956] [bbotk]         0      0            0.667     num_iterations=48
INFO  [23:45:59.956] [bbotk]  warnings errors runtime_learners internal_tuned_values
INFO  [23:46:00.279] [mlr3] Calling train method of fallback 'regr.ranger' on task 'surrogate_task' with 320 observations {learner: <LearnerRegrRanger/LearnerRegr/Learner/R6>}
INFO  [23:46:01.328] [mlr3] Calling train method of fallback 'regr.ranger' on task 'surrogate_task' with 321 observations {learner: <LearnerRegrRanger/LearnerRegr/Learner/R6>}
INFO  [23:46:02.306] [mlr3] Calling train method of fallback 'regr.ranger' on task 'surrogate_task' with 322 observations {learner: <LearnerRegrRanger/LearnerRegr/Learner/R6>}
INFO  [23:46:03.270] [mlr3] Calling train method of fallback 'regr.ranger' on task 'surrogate_task' with 323 observations {learner: <LearnerRegrRanger/LearnerRegr/Learner/R6>}
INFO  [23:46:04.558] [mlr3] Calling train method of fallback 'regr.ranger' on task 'surrogate_task' with 324 observations {learner: <LearnerRegrRanger/LearnerRegr/Learner/R6>}
INFO  [23:46:05.523] [mlr3] Calling train method of fallback 'regr.ranger' on task 'surrogate_task' with 325 observations {learner: <LearnerRegrRanger/LearnerRegr/Learner/R6>}
INFO  [23:46:06.484] [mlr3] Calling train method of fallback 'regr.ranger' on task 'surrogate_task' with 326 observations {learner: <LearnerRegrRanger/LearnerRegr/Learner/R6>}
INFO  [23:46:07.454] [mlr3] Calling train method of fallback 'regr.ranger' on task 'surrogate_task' with 327 observations {learner: <LearnerRegrRanger/LearnerRegr/Learner/R6>}
INFO  [23:46:08.437] [mlr3] Calling train method of fallback 'regr.ranger' on task 'surrogate_task' with 328 observations {learner: <LearnerRegrRanger/LearnerRegr/Learner/R6>}
INFO  [23:46:09.424] [mlr3] Calling train method of fallback 'regr.ranger' on task 'surrogate_task' with 329 observations {learner: <LearnerRegrRanger/LearnerRegr/Learner/R6>}
INFO  [23:46:10.400] [mlr3] Calling train method of fallback 'regr.ranger' on task 'surrogate_task' with 330 observations {learner: <LearnerRegrRanger/LearnerRegr/Learner/R6>}
INFO  [23:46:11.639] [mlr3] Calling train method of fallback 'regr.ranger' on task 'surrogate_task' with 331 observations {learner: <LearnerRegrRanger/LearnerRegr/Learner/R6>}
INFO  [23:46:12.565] [mlr3] Calling train method of fallback 'regr.ranger' on task 'surrogate_task' with 332 observations {learner: <LearnerRegrRanger/LearnerRegr/Learner/R6>}
INFO  [23:46:13.537] [mlr3] Calling train method of fallback 'regr.ranger' on task 'surrogate_task' with 333 observations {learner: <LearnerRegrRanger/LearnerRegr/Learner/R6>}
INFO  [23:46:14.499] [mlr3] Calling train method of fallback 'regr.ranger' on task 'surrogate_task' with 334 observations {learner: <LearnerRegrRanger/LearnerRegr/Learner/R6>}
INFO  [23:46:15.524] [mlr3] Calling train method of fallback 'regr.ranger' on task 'surrogate_task' with 335 observations {learner: <LearnerRegrRanger/LearnerRegr/Learner/R6>}
INFO  [23:46:16.511] [mlr3] Calling train method of fallback 'regr.ranger' on task 'surrogate_task' with 336 observations {learner: <LearnerRegrRanger/LearnerRegr/Learner/R6>}
INFO  [23:46:17.539] [mlr3] Calling train method of fallback 'regr.ranger' on task 'surrogate_task' with 337 observations {learner: <LearnerRegrRanger/LearnerRegr/Learner/R6>}
INFO  [23:46:18.767] [mlr3] Calling train method of fallback 'regr.ranger' on task 'surrogate_task' with 338 observations {learner: <LearnerRegrRanger/LearnerRegr/Learner/R6>}
INFO  [23:46:19.727] [mlr3] Calling train method of fallback 'regr.ranger' on task 'surrogate_task' with 339 observations {learner: <LearnerRegrRanger/LearnerRegr/Learner/R6>}
INFO  [23:46:20.671] [mlr3] Calling train method of fallback 'regr.ranger' on task 'surrogate_task' with 340 observations {learner: <LearnerRegrRanger/LearnerRegr/Learner/R6>}
INFO  [23:46:21.636] [mlr3] Calling train method of fallback 'regr.ranger' on task 'surrogate_task' with 341 observations {learner: <LearnerRegrRanger/LearnerRegr/Learner/R6>}
INFO  [23:46:22.614] [mlr3] Calling train method of fallback 'regr.ranger' on task 'surrogate_task' with 342 observations {learner: <LearnerRegrRanger/LearnerRegr/Learner/R6>}
INFO  [23:46:23.587] [mlr3] Calling train method of fallback 'regr.ranger' on task 'surrogate_task' with 343 observations {learner: <LearnerRegrRanger/LearnerRegr/Learner/R6>}
INFO  [23:46:24.577] [mlr3] Calling train method of fallback 'regr.ranger' on task 'surrogate_task' with 344 observations {learner: <LearnerRegrRanger/LearnerRegr/Learner/R6>}
INFO  [23:46:25.749] [mlr3] Calling train method of fallback 'regr.ranger' on task 'surrogate_task' with 345 observations {learner: <LearnerRegrRanger/LearnerRegr/Learner/R6>}
INFO  [23:46:26.749] [mlr3] Calling train method of fallback 'regr.ranger' on task 'surrogate_task' with 346 observations {learner: <LearnerRegrRanger/LearnerRegr/Learner/R6>}
INFO  [23:46:27.736] [mlr3] Calling train method of fallback 'regr.ranger' on task 'surrogate_task' with 347 observations {learner: <LearnerRegrRanger/LearnerRegr/Learner/R6>}
INFO  [23:46:28.710] [mlr3] Calling train method of fallback 'regr.ranger' on task 'surrogate_task' with 348 observations {learner: <LearnerRegrRanger/LearnerRegr/Learner/R6>}
INFO  [23:46:29.753] [mlr3] Calling train method of fallback 'regr.ranger' on task 'surrogate_task' with 349 observations {learner: <LearnerRegrRanger/LearnerRegr/Learner/R6>}
INFO  [23:46:30.674] [mlr3] Calling train method of fallback 'regr.ranger' on task 'surrogate_task' with 350 observations {learner: <LearnerRegrRanger/LearnerRegr/Learner/R6>}
INFO  [23:46:31.668] [mlr3] Calling train method of fallback 'regr.ranger' on task 'surrogate_task' with 351 observations {learner: <LearnerRegrRanger/LearnerRegr/Learner/R6>}
INFO  [23:46:32.680] [mlr3] Calling train method of fallback 'regr.ranger' on task 'surrogate_task' with 352 observations {learner: <LearnerRegrRanger/LearnerRegr/Learner/R6>}
INFO  [23:46:33.853] [mlr3] Calling train method of fallback 'regr.ranger' on task 'surrogate_task' with 353 observations {learner: <LearnerRegrRanger/LearnerRegr/Learner/R6>}
INFO  [23:46:34.791] [mlr3] Calling train method of fallback 'regr.ranger' on task 'surrogate_task' with 354 observations {learner: <LearnerRegrRanger/LearnerRegr/Learner/R6>}
INFO  [23:46:35.787] [mlr3] Calling train method of fallback 'regr.ranger' on task 'surrogate_task' with 355 observations {learner: <LearnerRegrRanger/LearnerRegr/Learner/R6>}
INFO  [23:46:36.777] [mlr3] Calling train method of fallback 'regr.ranger' on task 'surrogate_task' with 356 observations {learner: <LearnerRegrRanger/LearnerRegr/Learner/R6>}
INFO  [23:46:37.799] [mlr3] Calling train method of fallback 'regr.ranger' on task 'surrogate_task' with 357 observations {learner: <LearnerRegrRanger/LearnerRegr/Learner/R6>}
INFO  [23:46:38.831] [mlr3] Calling train method of fallback 'regr.ranger' on task 'surrogate_task' with 358 observations {learner: <LearnerRegrRanger/LearnerRegr/Learner/R6>}
INFO  [23:46:40.029] [mlr3] Calling train method of fallback 'regr.ranger' on task 'surrogate_task' with 359 observations {learner: <LearnerRegrRanger/LearnerRegr/Learner/R6>}
INFO  [23:46:41.038] [mlr3] Calling train method of fallback 'regr.ranger' on task 'surrogate_task' with 360 observations {learner: <LearnerRegrRanger/LearnerRegr/Learner/R6>}
INFO  [23:46:42.024] [mlr3] Calling train method of fallback 'regr.ranger' on task 'surrogate_task' with 361 observations {learner: <LearnerRegrRanger/LearnerRegr/Learner/R6>}
INFO  [23:46:43.027] [mlr3] Calling train method of fallback 'regr.ranger' on task 'surrogate_task' with 362 observations {learner: <LearnerRegrRanger/LearnerRegr/Learner/R6>}
INFO  [23:46:44.093] [mlr3] Calling train method of fallback 'regr.ranger' on task 'surrogate_task' with 363 observations {learner: <LearnerRegrRanger/LearnerRegr/Learner/R6>}
INFO  [23:46:44.800] [bbotk] Evaluating 44 configuration(s)
INFO  [23:46:44.923] [mlr3] Running benchmark with 440 resampling iterations
INFO  [23:46:46.319] [mlr3] Finished benchmark
INFO  [23:46:47.676] [bbotk] Result of batch 7:
INFO  [23:46:47.685] [bbotk]  learning_rate num_leaves min_data_in_leaf feature_fraction extra_trees
INFO  [23:46:47.685] [bbotk]     -0.3690080        112               19        0.3004915        TRUE
INFO  [23:46:47.685] [bbotk]     -0.5946130        135               19        0.6759045        TRUE
INFO  [23:46:47.685] [bbotk]     -0.5721757        136               21        0.6879255        TRUE
INFO  [23:46:47.685] [bbotk]     -0.5460162        135               23        0.3256495        TRUE
INFO  [23:46:47.685] [bbotk]     -0.4512108        132               20        0.9537401        TRUE
INFO  [23:46:47.685] [bbotk]     -0.6751178        127                9        0.6513062        TRUE
INFO  [23:46:47.685] [bbotk]     -0.5674380        233               21        0.8587865        TRUE
INFO  [23:46:47.685] [bbotk]     -0.6216334        139                7        0.9018773        TRUE
INFO  [23:46:47.685] [bbotk]     -0.5960682         28               15        0.6663001        TRUE
INFO  [23:46:47.685] [bbotk]     -0.6914935         97                5        0.3182181        TRUE
INFO  [23:46:47.685] [bbotk]     -0.5700350        135               21        0.6594106        TRUE
INFO  [23:46:47.685] [bbotk]     -0.7181873        137               20        0.9060463        TRUE
INFO  [23:46:47.685] [bbotk]     -0.6364147        137               19        0.7028124        TRUE
INFO  [23:46:47.685] [bbotk]     -0.7027723        136               38        0.6718767        TRUE
INFO  [23:46:47.685] [bbotk]     -0.4692931        137               97        0.6755876        TRUE
INFO  [23:46:47.685] [bbotk]     -0.6052486        117               19        0.2501563        TRUE
INFO  [23:46:47.685] [bbotk]     -0.6033805        133               20        0.4709109        TRUE
INFO  [23:46:47.685] [bbotk]     -0.6777681         98               18        0.2252533        TRUE
INFO  [23:46:47.685] [bbotk]     -0.6663276        106               20        0.6784234        TRUE
INFO  [23:46:47.685] [bbotk]     -0.7274789        131               16        0.6206388        TRUE
INFO  [23:46:47.685] [bbotk]     -1.1483406         12               22        0.6783413        TRUE
INFO  [23:46:47.685] [bbotk]     -0.9972359        220               14        0.9164489        TRUE
INFO  [23:46:47.685] [bbotk]     -0.3499732        138               20        0.4252578        TRUE
INFO  [23:46:47.685] [bbotk]      0.0000000         13               89        0.6768389       FALSE
INFO  [23:46:47.685] [bbotk]     -0.9941845        133               22        1.0000000        TRUE
INFO  [23:46:47.685] [bbotk]     -0.7762356        185               20        0.6768419        TRUE
INFO  [23:46:47.685] [bbotk]     -0.8539709        136               19        0.9085415        TRUE
INFO  [23:46:47.685] [bbotk]     -0.5465638        135               86        0.6851438        TRUE
INFO  [23:46:47.685] [bbotk]     -2.3021228        178               15        0.6959014        TRUE
INFO  [23:46:47.685] [bbotk]     -0.9339446         43               14        0.9129514        TRUE
INFO  [23:46:47.685] [bbotk]     -0.5724090        188               22        0.9107290        TRUE
INFO  [23:46:47.685] [bbotk]      0.0000000        132              100        0.6750228        TRUE
INFO  [23:46:47.685] [bbotk]     -0.6193427        229               17        0.2570277        TRUE
INFO  [23:46:47.685] [bbotk]     -0.6677225        198               14        0.1816395        TRUE
INFO  [23:46:47.685] [bbotk]     -0.7316983        121               22        0.6805049        TRUE
INFO  [23:46:47.685] [bbotk]     -1.7614029         92               14        0.1861631        TRUE
INFO  [23:46:47.685] [bbotk]     -0.6166141        148               94        0.6768734        TRUE
INFO  [23:46:47.685] [bbotk]     -0.1888229         94               20        0.9283714        TRUE
INFO  [23:46:47.685] [bbotk]     -0.7364822        131               57        0.6869112        TRUE
INFO  [23:46:47.685] [bbotk]     -0.5562213         14              162        0.6764515        TRUE
INFO  [23:46:47.685] [bbotk]     -0.6068232        133               19        0.5273555        TRUE
INFO  [23:46:47.685] [bbotk]     -0.3611964        135               20        0.6816530        TRUE
INFO  [23:46:47.685] [bbotk]     -1.0770735        221               19        0.6862839        TRUE
INFO  [23:46:47.685] [bbotk]     -0.7041032         85               15        0.6892224        TRUE
INFO  [23:46:47.685] [bbotk]  learning_rate num_leaves min_data_in_leaf feature_fraction extra_trees
INFO  [23:46:47.685] [bbotk]  lambda_l1  lambda_l2 min_gain_to_split    acq_cb timestamp_surrogate
INFO  [23:46:47.685] [bbotk]  -3.781706 -1.9864932         -6.130846 -3.455375 2026-09-09 23:45:59
INFO  [23:46:47.685] [bbotk]  -1.436443 -1.6688273         -6.330139 -4.234229 2026-09-09 23:46:01
INFO  [23:46:47.685] [bbotk]  -3.087140 -2.6263078         -6.114851 -3.710945 2026-09-09 23:46:01
INFO  [23:46:47.685] [bbotk]  -1.320370 -3.6087803         -6.251456 -3.078488 2026-09-09 23:46:02
INFO  [23:46:47.685] [bbotk]  -1.013955 -4.4867466         -6.440572 -3.411224 2026-09-09 23:46:04
INFO  [23:46:47.685] [bbotk]  -4.025356 -5.0175810         -6.139214 -3.099955 2026-09-09 23:46:05
INFO  [23:46:47.685] [bbotk]  -1.303816 -2.0836377         -6.352418 -3.408583 2026-09-09 23:46:06
INFO  [23:46:47.685] [bbotk]  -1.296489 -1.8522432         -6.374971 -3.282939 2026-09-09 23:46:07
INFO  [23:46:47.685] [bbotk]  -4.277665 -1.7546654         -6.117966 -3.492124 2026-09-09 23:46:08
INFO  [23:46:47.685] [bbotk]  -5.147903 -4.3533050         -6.171550 -2.848125 2026-09-09 23:46:09
INFO  [23:46:47.685] [bbotk]  -3.992662 -1.6148075         -6.076917 -3.618874 2026-09-09 23:46:10
INFO  [23:46:47.685] [bbotk]  -1.301172 -1.6846110         -5.903269 -3.042868 2026-09-09 23:46:11
INFO  [23:46:47.685] [bbotk]  -3.977587 -1.5619046         -6.131016 -3.266899 2026-09-09 23:46:12
INFO  [23:46:47.685] [bbotk]  -4.689984 -1.7430407         -6.135671 -3.068289 2026-09-09 23:46:13
INFO  [23:46:47.685] [bbotk]  -3.965192  3.1721277         -6.119455 -3.152614 2026-09-09 23:46:14
INFO  [23:46:47.685] [bbotk]  -3.733295  0.7690411         -6.039964 -3.127294 2026-09-09 23:46:15
INFO  [23:46:47.685] [bbotk]  -2.821665 -2.2517348         -4.977107 -2.973244 2026-09-09 23:46:16
INFO  [23:46:47.685] [bbotk]  -5.874783 -4.4232909         -6.119915 -2.858384 2026-09-09 23:46:17
INFO  [23:46:47.685] [bbotk]  -3.383859 -1.6665457         -6.108840 -3.242682 2026-09-09 23:46:18
INFO  [23:46:47.685] [bbotk]  -1.683114 -1.6555073         -6.140856 -2.794380 2026-09-09 23:46:19
INFO  [23:46:47.685] [bbotk]  -6.303861 -0.6175308         -6.169050 -2.933164 2026-09-09 23:46:20
INFO  [23:46:47.685] [bbotk]  -3.279887  2.5355313         -6.345633 -2.896374 2026-09-09 23:46:21
INFO  [23:46:47.685] [bbotk]  -4.200539 -1.6422118         -6.127070 -2.957949 2026-09-09 23:46:22
INFO  [23:46:47.685] [bbotk]  -3.336569  1.9689626         -3.401550 -3.632969 2026-09-09 23:46:23
INFO  [23:46:47.685] [bbotk]  -1.378176 -3.6271285         -6.340116 -2.740033 2026-09-09 23:46:24
INFO  [23:46:47.685] [bbotk]  -3.977491 -1.9669713         -6.128122 -4.191363 2026-09-09 23:46:25
INFO  [23:46:47.685] [bbotk]  -3.522873 -0.5524127         -6.346659 -2.752145 2026-09-09 23:46:26
INFO  [23:46:47.685] [bbotk]  -5.875863 -1.5796809         -6.125616 -2.967599 2026-09-09 23:46:27
INFO  [23:46:47.685] [bbotk]  -3.440235 -0.7979303         -6.320053 -2.629878 2026-09-09 23:46:28
INFO  [23:46:47.685] [bbotk]  -1.586554 -1.0828770         -6.862782 -2.536774 2026-09-09 23:46:29
INFO  [23:46:47.685] [bbotk]  -1.185092 -1.8362921         -6.324953 -2.642643 2026-09-09 23:46:30
INFO  [23:46:47.685] [bbotk]  -6.064030 -4.8779459         -6.728860 -3.116556 2026-09-09 23:46:31
INFO  [23:46:47.685] [bbotk]  -6.126934 -4.4296070         -6.175315 -2.615226 2026-09-09 23:46:32
INFO  [23:46:47.685] [bbotk]  -2.980712 -0.2701103         -6.023763 -2.483571 2026-09-09 23:46:33
INFO  [23:46:47.685] [bbotk]  -6.050318 -1.7624633         -6.907755 -2.832945 2026-09-09 23:46:34
INFO  [23:46:47.685] [bbotk]  -3.130228 -1.1317775         -6.034186 -2.667431 2026-09-09 23:46:35
INFO  [23:46:47.685] [bbotk]  -4.044557 -5.2318803         -6.103809 -3.132947 2026-09-09 23:46:36
INFO  [23:46:47.685] [bbotk]  -3.990314 -3.7682113         -6.842920 -2.847378 2026-09-09 23:46:37
INFO  [23:46:47.685] [bbotk]  -6.208163 -1.6566138         -6.702397 -2.759937 2026-09-09 23:46:38
INFO  [23:46:47.685] [bbotk]  -4.779005  2.8703531         -6.809103 -3.315145 2026-09-09 23:46:39
INFO  [23:46:47.685] [bbotk]  -3.784989 -3.0583695         -5.071933 -2.773795 2026-09-09 23:46:40
INFO  [23:46:47.685] [bbotk]  -4.291443 -4.7541272         -6.157127 -2.827594 2026-09-09 23:46:41
INFO  [23:46:47.685] [bbotk]  -5.405309 -0.8184845         -4.400083 -2.854151 2026-09-09 23:46:42
INFO  [23:46:47.685] [bbotk]  -6.167717 -1.2843872         -4.456304 -2.727978 2026-09-09 23:46:43
INFO  [23:46:47.685] [bbotk]  lambda_l1  lambda_l2 min_gain_to_split    acq_cb timestamp_surrogate
INFO  [23:46:47.685] [bbotk]  timestamp_acq_function timestamp_acq_optimizer      timestamp_loop classif.ce
INFO  [23:46:47.685] [bbotk]     2026-09-09 23:46:00     2026-09-09 23:46:00 2026-09-09 23:46:00      0.204
INFO  [23:46:47.685] [bbotk]     2026-09-09 23:46:01     2026-09-09 23:46:01 2026-09-09 23:46:01      0.198
INFO  [23:46:47.685] [bbotk]     2026-09-09 23:46:02     2026-09-09 23:46:02 2026-09-09 23:46:02      0.211
INFO  [23:46:47.685] [bbotk]     2026-09-09 23:46:03     2026-09-09 23:46:03 2026-09-09 23:46:04      0.201
INFO  [23:46:47.685] [bbotk]     2026-09-09 23:46:04     2026-09-09 23:46:04 2026-09-09 23:46:05      0.219
INFO  [23:46:47.685] [bbotk]     2026-09-09 23:46:05     2026-09-09 23:46:05 2026-09-09 23:46:06      0.211
INFO  [23:46:47.685] [bbotk]     2026-09-09 23:46:06     2026-09-09 23:46:06 2026-09-09 23:46:07      0.211
INFO  [23:46:47.685] [bbotk]     2026-09-09 23:46:07     2026-09-09 23:46:07 2026-09-09 23:46:08      0.213
INFO  [23:46:47.685] [bbotk]     2026-09-09 23:46:08     2026-09-09 23:46:08 2026-09-09 23:46:09      0.208
INFO  [23:46:47.685] [bbotk]     2026-09-09 23:46:09     2026-09-09 23:46:09 2026-09-09 23:46:10      0.209
INFO  [23:46:47.685] [bbotk]     2026-09-09 23:46:10     2026-09-09 23:46:10 2026-09-09 23:46:11      0.212
INFO  [23:46:47.685] [bbotk]     2026-09-09 23:46:11     2026-09-09 23:46:11 2026-09-09 23:46:12      0.206
INFO  [23:46:47.685] [bbotk]     2026-09-09 23:46:12     2026-09-09 23:46:12 2026-09-09 23:46:13      0.211
INFO  [23:46:47.685] [bbotk]     2026-09-09 23:46:13     2026-09-09 23:46:13 2026-09-09 23:46:14      0.211
INFO  [23:46:47.685] [bbotk]     2026-09-09 23:46:14     2026-09-09 23:46:14 2026-09-09 23:46:15      0.221
INFO  [23:46:47.685] [bbotk]     2026-09-09 23:46:15     2026-09-09 23:46:15 2026-09-09 23:46:16      0.208
INFO  [23:46:47.685] [bbotk]     2026-09-09 23:46:16     2026-09-09 23:46:16 2026-09-09 23:46:17      0.196
INFO  [23:46:47.685] [bbotk]     2026-09-09 23:46:17     2026-09-09 23:46:17 2026-09-09 23:46:18      0.202
INFO  [23:46:47.685] [bbotk]     2026-09-09 23:46:18     2026-09-09 23:46:18 2026-09-09 23:46:19      0.207
INFO  [23:46:47.685] [bbotk]     2026-09-09 23:46:19     2026-09-09 23:46:19 2026-09-09 23:46:20      0.215
INFO  [23:46:47.685] [bbotk]     2026-09-09 23:46:20     2026-09-09 23:46:20 2026-09-09 23:46:21      0.201
INFO  [23:46:47.685] [bbotk]     2026-09-09 23:46:21     2026-09-09 23:46:21 2026-09-09 23:46:22      0.212
INFO  [23:46:47.685] [bbotk]     2026-09-09 23:46:22     2026-09-09 23:46:22 2026-09-09 23:46:23      0.204
INFO  [23:46:47.685] [bbotk]     2026-09-09 23:46:23     2026-09-09 23:46:23 2026-09-09 23:46:24      0.220
INFO  [23:46:47.685] [bbotk]     2026-09-09 23:46:24     2026-09-09 23:46:24 2026-09-09 23:46:25      0.210
INFO  [23:46:47.685] [bbotk]     2026-09-09 23:46:25     2026-09-09 23:46:25 2026-09-09 23:46:26      0.207
INFO  [23:46:47.685] [bbotk]     2026-09-09 23:46:26     2026-09-09 23:46:26 2026-09-09 23:46:27      0.202
INFO  [23:46:47.685] [bbotk]     2026-09-09 23:46:27     2026-09-09 23:46:27 2026-09-09 23:46:28      0.218
INFO  [23:46:47.685] [bbotk]     2026-09-09 23:46:28     2026-09-09 23:46:28 2026-09-09 23:46:29      0.216
INFO  [23:46:47.685] [bbotk]     2026-09-09 23:46:29     2026-09-09 23:46:29 2026-09-09 23:46:30      0.206
INFO  [23:46:47.685] [bbotk]     2026-09-09 23:46:30     2026-09-09 23:46:30 2026-09-09 23:46:31      0.208
INFO  [23:46:47.685] [bbotk]     2026-09-09 23:46:31     2026-09-09 23:46:31 2026-09-09 23:46:32      0.205
INFO  [23:46:47.685] [bbotk]     2026-09-09 23:46:32     2026-09-09 23:46:32 2026-09-09 23:46:33      0.206
INFO  [23:46:47.685] [bbotk]     2026-09-09 23:46:33     2026-09-09 23:46:33 2026-09-09 23:46:34      0.207
INFO  [23:46:47.685] [bbotk]     2026-09-09 23:46:34     2026-09-09 23:46:34 2026-09-09 23:46:35      0.209
INFO  [23:46:47.685] [bbotk]     2026-09-09 23:46:35     2026-09-09 23:46:35 2026-09-09 23:46:36      0.217
INFO  [23:46:47.685] [bbotk]     2026-09-09 23:46:36     2026-09-09 23:46:36 2026-09-09 23:46:37      0.213
INFO  [23:46:47.685] [bbotk]     2026-09-09 23:46:37     2026-09-09 23:46:37 2026-09-09 23:46:38      0.210
INFO  [23:46:47.685] [bbotk]     2026-09-09 23:46:38     2026-09-09 23:46:38 2026-09-09 23:46:39      0.208
INFO  [23:46:47.685] [bbotk]     2026-09-09 23:46:40     2026-09-09 23:46:40 2026-09-09 23:46:40      0.227
INFO  [23:46:47.685] [bbotk]     2026-09-09 23:46:41     2026-09-09 23:46:41 2026-09-09 23:46:41      0.210
INFO  [23:46:47.685] [bbotk]     2026-09-09 23:46:42     2026-09-09 23:46:42 2026-09-09 23:46:42      0.209
INFO  [23:46:47.685] [bbotk]     2026-09-09 23:46:43     2026-09-09 23:46:43 2026-09-09 23:46:43      0.209
INFO  [23:46:47.685] [bbotk]     2026-09-09 23:46:44     2026-09-09 23:46:44 2026-09-09 23:46:44      0.203
INFO  [23:46:47.685] [bbotk]  timestamp_acq_function timestamp_acq_optimizer      timestamp_loop classif.ce
INFO  [23:46:47.685] [bbotk]  warnings errors runtime_learners internal_tuned_values
INFO  [23:46:47.685] [bbotk]         0      0            0.572     num_iterations=56
INFO  [23:46:47.685] [bbotk]         0      0            0.597     num_iterations=28
INFO  [23:46:47.685] [bbotk]         0      0            0.687     num_iterations=39
INFO  [23:46:47.685] [bbotk]         0      0            0.733     num_iterations=49
INFO  [23:46:47.685] [bbotk]         0      0            0.595     num_iterations=33
INFO  [23:46:47.685] [bbotk]         0      0            0.710     num_iterations=48
INFO  [23:46:47.685] [bbotk]         0      0            0.677     num_iterations=46
INFO  [23:46:47.685] [bbotk]         0      0            0.636     num_iterations=32
INFO  [23:46:47.685] [bbotk]         0      0            0.635     num_iterations=35
INFO  [23:46:47.685] [bbotk]         0      0            0.640     num_iterations=51
INFO  [23:46:47.685] [bbotk]         0      0            0.609     num_iterations=29
INFO  [23:46:47.685] [bbotk]         0      0            0.708     num_iterations=38
INFO  [23:46:47.685] [bbotk]         0      0            0.648     num_iterations=42
INFO  [23:46:47.685] [bbotk]         0      0            0.673     num_iterations=35
INFO  [23:46:47.685] [bbotk]         0      0            0.715     num_iterations=66
INFO  [23:46:47.685] [bbotk]         0      0            0.600     num_iterations=27
INFO  [23:46:47.685] [bbotk]         0      0            0.568     num_iterations=42
INFO  [23:46:47.685] [bbotk]         0      0            0.614     num_iterations=65
INFO  [23:46:47.685] [bbotk]         0      0            0.623     num_iterations=42
INFO  [23:46:47.685] [bbotk]         0      0            0.643     num_iterations=34
INFO  [23:46:47.685] [bbotk]         0      0            0.644     num_iterations=60
INFO  [23:46:47.685] [bbotk]         0      0            0.665     num_iterations=41
INFO  [23:46:47.685] [bbotk]         0      0            0.655     num_iterations=40
INFO  [23:46:47.685] [bbotk]         0      0            0.545     num_iterations=24
INFO  [23:46:47.685] [bbotk]         0      0            0.576     num_iterations=23
INFO  [23:46:47.685] [bbotk]         0      0            0.706     num_iterations=41
INFO  [23:46:47.685] [bbotk]         0      0            0.671     num_iterations=38
INFO  [23:46:47.685] [bbotk]         0      0            0.621     num_iterations=46
INFO  [23:46:47.685] [bbotk]         0      0            0.711     num_iterations=52
INFO  [23:46:47.685] [bbotk]         0      0            0.619     num_iterations=38
INFO  [23:46:47.685] [bbotk]         0      0            0.726     num_iterations=36
INFO  [23:46:47.685] [bbotk]         0      0            0.663     num_iterations=43
INFO  [23:46:47.685] [bbotk]         0      0            0.536     num_iterations=24
INFO  [23:46:47.685] [bbotk]         0      0            0.596     num_iterations=63
INFO  [23:46:47.685] [bbotk]         0      0            0.649     num_iterations=39
INFO  [23:46:47.685] [bbotk]         0      0            0.622     num_iterations=93
INFO  [23:46:47.685] [bbotk]         0      0            0.554     num_iterations=32
INFO  [23:46:47.685] [bbotk]         0      0            0.600     num_iterations=24
INFO  [23:46:47.685] [bbotk]         0      0            0.659     num_iterations=71
INFO  [23:46:47.685] [bbotk]         0      0            0.911     num_iterations=42
INFO  [23:46:47.685] [bbotk]         0      0            0.620     num_iterations=53
INFO  [23:46:47.685] [bbotk]         0      0            0.602     num_iterations=29
INFO  [23:46:47.685] [bbotk]         0      0            0.783     num_iterations=57
INFO  [23:46:47.685] [bbotk]         0      0            0.714     num_iterations=51
INFO  [23:46:47.685] [bbotk]  warnings errors runtime_learners internal_tuned_values
INFO  [23:46:48.076] [mlr3] Calling train method of fallback 'regr.ranger' on task 'surrogate_task' with 364 observations {learner: <LearnerRegrRanger/LearnerRegr/Learner/R6>}
INFO  [23:46:49.409] [mlr3] Calling train method of fallback 'regr.ranger' on task 'surrogate_task' with 365 observations {learner: <LearnerRegrRanger/LearnerRegr/Learner/R6>}
INFO  [23:46:50.442] [mlr3] Calling train method of fallback 'regr.ranger' on task 'surrogate_task' with 366 observations {learner: <LearnerRegrRanger/LearnerRegr/Learner/R6>}
INFO  [23:46:51.483] [mlr3] Calling train method of fallback 'regr.ranger' on task 'surrogate_task' with 367 observations {learner: <LearnerRegrRanger/LearnerRegr/Learner/R6>}
INFO  [23:46:52.558] [mlr3] Calling train method of fallback 'regr.ranger' on task 'surrogate_task' with 368 observations {learner: <LearnerRegrRanger/LearnerRegr/Learner/R6>}
INFO  [23:46:53.577] [mlr3] Calling train method of fallback 'regr.ranger' on task 'surrogate_task' with 369 observations {learner: <LearnerRegrRanger/LearnerRegr/Learner/R6>}
INFO  [23:46:54.621] [mlr3] Calling train method of fallback 'regr.ranger' on task 'surrogate_task' with 370 observations {learner: <LearnerRegrRanger/LearnerRegr/Learner/R6>}
INFO  [23:46:55.843] [mlr3] Calling train method of fallback 'regr.ranger' on task 'surrogate_task' with 371 observations {learner: <LearnerRegrRanger/LearnerRegr/Learner/R6>}
INFO  [23:46:56.794] [mlr3] Calling train method of fallback 'regr.ranger' on task 'surrogate_task' with 372 observations {learner: <LearnerRegrRanger/LearnerRegr/Learner/R6>}
INFO  [23:46:57.805] [mlr3] Calling train method of fallback 'regr.ranger' on task 'surrogate_task' with 373 observations {learner: <LearnerRegrRanger/LearnerRegr/Learner/R6>}
INFO  [23:46:58.807] [mlr3] Calling train method of fallback 'regr.ranger' on task 'surrogate_task' with 374 observations {learner: <LearnerRegrRanger/LearnerRegr/Learner/R6>}
INFO  [23:46:59.847] [mlr3] Calling train method of fallback 'regr.ranger' on task 'surrogate_task' with 375 observations {learner: <LearnerRegrRanger/LearnerRegr/Learner/R6>}
INFO  [23:47:00.840] [mlr3] Calling train method of fallback 'regr.ranger' on task 'surrogate_task' with 376 observations {learner: <LearnerRegrRanger/LearnerRegr/Learner/R6>}
INFO  [23:47:01.849] [mlr3] Calling train method of fallback 'regr.ranger' on task 'surrogate_task' with 377 observations {learner: <LearnerRegrRanger/LearnerRegr/Learner/R6>}
INFO  [23:47:03.113] [mlr3] Calling train method of fallback 'regr.ranger' on task 'surrogate_task' with 378 observations {learner: <LearnerRegrRanger/LearnerRegr/Learner/R6>}
INFO  [23:47:04.145] [mlr3] Calling train method of fallback 'regr.ranger' on task 'surrogate_task' with 379 observations {learner: <LearnerRegrRanger/LearnerRegr/Learner/R6>}
INFO  [23:47:05.180] [mlr3] Calling train method of fallback 'regr.ranger' on task 'surrogate_task' with 380 observations {learner: <LearnerRegrRanger/LearnerRegr/Learner/R6>}
INFO  [23:47:06.216] [mlr3] Calling train method of fallback 'regr.ranger' on task 'surrogate_task' with 381 observations {learner: <LearnerRegrRanger/LearnerRegr/Learner/R6>}
INFO  [23:47:07.285] [mlr3] Calling train method of fallback 'regr.ranger' on task 'surrogate_task' with 382 observations {learner: <LearnerRegrRanger/LearnerRegr/Learner/R6>}
INFO  [23:47:08.322] [mlr3] Calling train method of fallback 'regr.ranger' on task 'surrogate_task' with 383 observations {learner: <LearnerRegrRanger/LearnerRegr/Learner/R6>}
INFO  [23:47:09.652] [mlr3] Calling train method of fallback 'regr.ranger' on task 'surrogate_task' with 384 observations {learner: <LearnerRegrRanger/LearnerRegr/Learner/R6>}
INFO  [23:47:10.642] [mlr3] Calling train method of fallback 'regr.ranger' on task 'surrogate_task' with 385 observations {learner: <LearnerRegrRanger/LearnerRegr/Learner/R6>}
INFO  [23:47:11.698] [mlr3] Calling train method of fallback 'regr.ranger' on task 'surrogate_task' with 386 observations {learner: <LearnerRegrRanger/LearnerRegr/Learner/R6>}
INFO  [23:47:12.733] [mlr3] Calling train method of fallback 'regr.ranger' on task 'surrogate_task' with 387 observations {learner: <LearnerRegrRanger/LearnerRegr/Learner/R6>}
INFO  [23:47:13.837] [mlr3] Calling train method of fallback 'regr.ranger' on task 'surrogate_task' with 388 observations {learner: <LearnerRegrRanger/LearnerRegr/Learner/R6>}
INFO  [23:47:14.856] [mlr3] Calling train method of fallback 'regr.ranger' on task 'surrogate_task' with 389 observations {learner: <LearnerRegrRanger/LearnerRegr/Learner/R6>}
INFO  [23:47:16.116] [mlr3] Calling train method of fallback 'regr.ranger' on task 'surrogate_task' with 390 observations {learner: <LearnerRegrRanger/LearnerRegr/Learner/R6>}
INFO  [23:47:17.158] [mlr3] Calling train method of fallback 'regr.ranger' on task 'surrogate_task' with 391 observations {learner: <LearnerRegrRanger/LearnerRegr/Learner/R6>}
INFO  [23:47:18.186] [mlr3] Calling train method of fallback 'regr.ranger' on task 'surrogate_task' with 392 observations {learner: <LearnerRegrRanger/LearnerRegr/Learner/R6>}
INFO  [23:47:19.220] [mlr3] Calling train method of fallback 'regr.ranger' on task 'surrogate_task' with 393 observations {learner: <LearnerRegrRanger/LearnerRegr/Learner/R6>}
INFO  [23:47:20.295] [mlr3] Calling train method of fallback 'regr.ranger' on task 'surrogate_task' with 394 observations {learner: <LearnerRegrRanger/LearnerRegr/Learner/R6>}
INFO  [23:47:21.326] [mlr3] Calling train method of fallback 'regr.ranger' on task 'surrogate_task' with 395 observations {learner: <LearnerRegrRanger/LearnerRegr/Learner/R6>}
INFO  [23:47:22.397] [mlr3] Calling train method of fallback 'regr.ranger' on task 'surrogate_task' with 396 observations {learner: <LearnerRegrRanger/LearnerRegr/Learner/R6>}
INFO  [23:47:23.649] [mlr3] Calling train method of fallback 'regr.ranger' on task 'surrogate_task' with 397 observations {learner: <LearnerRegrRanger/LearnerRegr/Learner/R6>}
INFO  [23:47:24.653] [mlr3] Calling train method of fallback 'regr.ranger' on task 'surrogate_task' with 398 observations {learner: <LearnerRegrRanger/LearnerRegr/Learner/R6>}
INFO  [23:47:25.677] [mlr3] Calling train method of fallback 'regr.ranger' on task 'surrogate_task' with 399 observations {learner: <LearnerRegrRanger/LearnerRegr/Learner/R6>}
INFO  [23:47:26.732] [mlr3] Calling train method of fallback 'regr.ranger' on task 'surrogate_task' with 400 observations {learner: <LearnerRegrRanger/LearnerRegr/Learner/R6>}
INFO  [23:47:27.840] [mlr3] Calling train method of fallback 'regr.ranger' on task 'surrogate_task' with 401 observations {learner: <LearnerRegrRanger/LearnerRegr/Learner/R6>}
INFO  [23:47:28.893] [mlr3] Calling train method of fallback 'regr.ranger' on task 'surrogate_task' with 402 observations {learner: <LearnerRegrRanger/LearnerRegr/Learner/R6>}
INFO  [23:47:30.174] [mlr3] Calling train method of fallback 'regr.ranger' on task 'surrogate_task' with 403 observations {learner: <LearnerRegrRanger/LearnerRegr/Learner/R6>}
INFO  [23:47:31.269] [mlr3] Calling train method of fallback 'regr.ranger' on task 'surrogate_task' with 404 observations {learner: <LearnerRegrRanger/LearnerRegr/Learner/R6>}
INFO  [23:47:32.351] [mlr3] Calling train method of fallback 'regr.ranger' on task 'surrogate_task' with 405 observations {learner: <LearnerRegrRanger/LearnerRegr/Learner/R6>}
INFO  [23:47:33.411] [mlr3] Calling train method of fallback 'regr.ranger' on task 'surrogate_task' with 406 observations {learner: <LearnerRegrRanger/LearnerRegr/Learner/R6>}
INFO  [23:47:34.522] [mlr3] Calling train method of fallback 'regr.ranger' on task 'surrogate_task' with 407 observations {learner: <LearnerRegrRanger/LearnerRegr/Learner/R6>}
INFO  [23:47:35.413] [bbotk] Evaluating 44 configuration(s)
INFO  [23:47:35.530] [mlr3] Running benchmark with 440 resampling iterations
INFO  [23:47:37.002] [mlr3] Finished benchmark
INFO  [23:47:38.353] [bbotk] Result of batch 8:
INFO  [23:47:38.361] [bbotk]  learning_rate num_leaves min_data_in_leaf feature_fraction extra_trees
INFO  [23:47:38.361] [bbotk]     -0.6329672        135               19        0.3640265        TRUE
INFO  [23:47:38.361] [bbotk]     -0.3752583        135               21        0.5762819        TRUE
INFO  [23:47:38.361] [bbotk]     -0.4037037        124               15        0.4723083        TRUE
INFO  [23:47:38.361] [bbotk]     -0.6124130        133               20        0.6944752        TRUE
INFO  [23:47:38.361] [bbotk]     -0.5036151        133               19        0.4298358        TRUE
INFO  [23:47:38.361] [bbotk]     -0.6097526        134               20        0.4420267        TRUE
INFO  [23:47:38.361] [bbotk]     -0.5300372         92               16        0.4596043        TRUE
INFO  [23:47:38.361] [bbotk]     -0.4269596        176               24        0.3958201        TRUE
INFO  [23:47:38.361] [bbotk]     -0.5363634         92               20        0.6230281        TRUE
INFO  [23:47:38.361] [bbotk]     -0.7560168        136               20        0.2431396        TRUE
INFO  [23:47:38.361] [bbotk]     -0.3081826         49               18        0.5187117        TRUE
INFO  [23:47:38.361] [bbotk]     -0.4597546        136               21        0.4757783        TRUE
INFO  [23:47:38.361] [bbotk]     -0.5633379        135               20        0.2876567        TRUE
INFO  [23:47:38.361] [bbotk]     -0.6590273        134               20        0.4691162        TRUE
INFO  [23:47:38.361] [bbotk]     -0.6038912        137               19        0.9038526        TRUE
INFO  [23:47:38.361] [bbotk]     -0.5806036        214               11        0.8359148        TRUE
INFO  [23:47:38.361] [bbotk]     -0.6186838        122               21        0.4629103        TRUE
INFO  [23:47:38.361] [bbotk]     -0.6852342        130               14        0.2669487        TRUE
INFO  [23:47:38.361] [bbotk]     -0.5823967        254              161        0.9372966        TRUE
INFO  [23:47:38.361] [bbotk]     -0.6296994        135               21        0.4734187        TRUE
INFO  [23:47:38.361] [bbotk]     -1.0210373        124               15        0.9985326        TRUE
INFO  [23:47:38.361] [bbotk]     -0.5906011        132               20        0.6737020        TRUE
INFO  [23:47:38.361] [bbotk]     -0.7063614        191               11        0.6817279        TRUE
INFO  [23:47:38.361] [bbotk]     -0.4411909        134              113        0.5146635        TRUE
INFO  [23:47:38.361] [bbotk]     -0.5999471        206               48        0.4710569        TRUE
INFO  [23:47:38.361] [bbotk]     -0.5649875        130               20        0.4704248        TRUE
INFO  [23:47:38.361] [bbotk]     -0.6916681         97               22        0.4486925        TRUE
INFO  [23:47:38.361] [bbotk]     -0.4009477         88               95        0.4838443        TRUE
INFO  [23:47:38.361] [bbotk]     -0.8246301        134                1        0.4856177        TRUE
INFO  [23:47:38.361] [bbotk]     -0.2898586         18               20        0.4917450        TRUE
INFO  [23:47:38.361] [bbotk]     -0.5391793        126               18        0.6257119        TRUE
INFO  [23:47:38.361] [bbotk]     -0.7729139        101               15        0.4751428        TRUE
INFO  [23:47:38.361] [bbotk]     -0.6018175        145               19        0.9120995        TRUE
INFO  [23:47:38.361] [bbotk]     -0.5964559        135               14        0.6402444        TRUE
INFO  [23:47:38.361] [bbotk]     -0.5440398         98               17        0.2984874        TRUE
INFO  [23:47:38.361] [bbotk]     -0.9629381         57               14        0.6922631        TRUE
INFO  [23:47:38.361] [bbotk]     -0.5845703        126               12        0.3116314        TRUE
INFO  [23:47:38.361] [bbotk]     -0.4721152        149               20        0.6777374        TRUE
INFO  [23:47:38.361] [bbotk]     -0.6549600         48               14        0.4779245        TRUE
INFO  [23:47:38.361] [bbotk]     -0.5953069        121               13        0.8771758        TRUE
INFO  [23:47:38.361] [bbotk]     -0.9667289        224               21        0.7076536        TRUE
INFO  [23:47:38.361] [bbotk]     -0.5706377        144               20        0.9126280        TRUE
INFO  [23:47:38.361] [bbotk]     -1.1711354        133               95        0.4720703        TRUE
INFO  [23:47:38.361] [bbotk]     -0.3719352        139               22        0.9260858        TRUE
INFO  [23:47:38.361] [bbotk]  learning_rate num_leaves min_data_in_leaf feature_fraction extra_trees
INFO  [23:47:38.361] [bbotk]  lambda_l1  lambda_l2 min_gain_to_split    acq_cb timestamp_surrogate
INFO  [23:47:38.361] [bbotk]  -2.741535 -2.2715424         -5.941705 -4.708181 2026-09-09 23:46:47
INFO  [23:47:38.361] [bbotk]  -2.162854 -1.8150289         -5.058923 -4.620215 2026-09-09 23:46:49
INFO  [23:47:38.361] [bbotk]  -2.745853 -2.0456106         -4.516132 -4.046933 2026-09-09 23:46:50
INFO  [23:47:38.361] [bbotk]  -2.910617 -5.2314953         -5.015328 -3.970117 2026-09-09 23:46:51
INFO  [23:47:38.361] [bbotk]  -1.242077 -2.2465745         -2.302585 -3.656772 2026-09-09 23:46:52
INFO  [23:47:38.361] [bbotk]  -2.891638 -2.1734430         -4.911621 -4.607194 2026-09-09 23:46:53
INFO  [23:47:38.361] [bbotk]  -1.305386  2.3164206         -5.105174 -3.280490 2026-09-09 23:46:54
INFO  [23:47:38.361] [bbotk]  -1.113048 -3.6307132         -4.955995 -3.522633 2026-09-09 23:46:55
INFO  [23:47:38.361] [bbotk]  -2.804978 -2.8242666         -4.991233 -4.438593 2026-09-09 23:46:56
INFO  [23:47:38.361] [bbotk]  -2.806129 -4.4259722         -4.995966 -3.884974 2026-09-09 23:46:57
INFO  [23:47:38.361] [bbotk]  -2.866130 -2.2847226         -5.078107 -3.648135 2026-09-09 23:46:58
INFO  [23:47:38.361] [bbotk]  -1.584679 -1.8787641         -6.322488 -3.466586 2026-09-09 23:46:59
INFO  [23:47:38.361] [bbotk]  -2.479500 -2.1687739         -2.817728 -3.161112 2026-09-09 23:47:00
INFO  [23:47:38.361] [bbotk]  -6.110553 -1.9714442         -4.959764 -3.588418 2026-09-09 23:47:01
INFO  [23:47:38.361] [bbotk]  -3.919585 -2.2595716         -6.268430 -4.475076 2026-09-09 23:47:02
INFO  [23:47:38.361] [bbotk]  -2.881641 -6.8241265         -5.486309 -3.165248 2026-09-09 23:47:03
INFO  [23:47:38.361] [bbotk]  -2.424008 -3.5111284         -4.978336 -3.553958 2026-09-09 23:47:04
INFO  [23:47:38.361] [bbotk]  -3.053572 -3.3368076         -4.979018 -2.994010 2026-09-09 23:47:05
INFO  [23:47:38.361] [bbotk]  -2.822481 -2.1795153         -3.877248 -3.079991 2026-09-09 23:47:06
INFO  [23:47:38.361] [bbotk]  -4.005530 -2.2172463         -6.037115 -3.581418 2026-09-09 23:47:07
INFO  [23:47:38.361] [bbotk]  -2.864481 -0.8471892         -5.749547 -3.225896 2026-09-09 23:47:09
INFO  [23:47:38.361] [bbotk]  -3.726394 -1.9748791         -6.132440 -3.871632 2026-09-09 23:47:10
INFO  [23:47:38.361] [bbotk]  -6.661510 -2.1580197         -4.970276 -3.285480 2026-09-09 23:47:11
INFO  [23:47:38.361] [bbotk]  -2.834205 -3.9596777         -2.996014 -3.174292 2026-09-09 23:47:12
INFO  [23:47:38.361] [bbotk]  -2.834731 -3.2505627         -5.969794 -3.675872 2026-09-09 23:47:13
INFO  [23:47:38.361] [bbotk]  -2.844542 -2.4785051         -4.812986 -3.625869 2026-09-09 23:47:14
INFO  [23:47:38.361] [bbotk]  -5.987122  4.1391084         -6.097261 -2.987746 2026-09-09 23:47:15
INFO  [23:47:38.361] [bbotk]  -3.818730 -6.7615746         -4.977107 -2.855518 2026-09-09 23:47:16
INFO  [23:47:38.361] [bbotk]  -6.586516 -1.6806061         -6.115821 -3.228201 2026-09-09 23:47:17
INFO  [23:47:38.361] [bbotk]  -5.234965 -4.7937407         -4.975821 -3.212897 2026-09-09 23:47:18
INFO  [23:47:38.361] [bbotk]  -1.495672 -3.8979942         -6.212322 -3.113902 2026-09-09 23:47:19
INFO  [23:47:38.361] [bbotk]  -6.396274 -5.5478964         -6.152177 -2.869386 2026-09-09 23:47:20
INFO  [23:47:38.361] [bbotk]  -1.376784  3.2384343         -5.177021 -3.332563 2026-09-09 23:47:21
INFO  [23:47:38.361] [bbotk]  -1.465884 -6.8914286         -6.907755 -3.308322 2026-09-09 23:47:23
INFO  [23:47:38.361] [bbotk]  -1.435831  0.5183201         -6.250675 -2.912499 2026-09-09 23:47:24
INFO  [23:47:38.361] [bbotk]  -6.100259 -6.8468893         -4.400635 -2.722295 2026-09-09 23:47:25
INFO  [23:47:38.361] [bbotk]  -1.248887 -2.2547876         -6.332637 -3.048554 2026-09-09 23:47:26
INFO  [23:47:38.361] [bbotk]  -1.417895 -1.7484090         -6.714906 -3.185359 2026-09-09 23:47:27
INFO  [23:47:38.361] [bbotk]  -2.845383  0.7031423         -5.717116 -2.947631 2026-09-09 23:47:28
INFO  [23:47:38.361] [bbotk]  -1.439500 -1.1386173         -6.294880 -3.038461 2026-09-09 23:47:29
INFO  [23:47:38.361] [bbotk]  -5.768659 -0.5495411         -6.178167 -2.806855 2026-09-09 23:47:30
INFO  [23:47:38.361] [bbotk]  -1.101319 -1.6873777         -6.658205 -3.089645 2026-09-09 23:47:31
INFO  [23:47:38.361] [bbotk]  -2.817090 -2.1721015         -5.048250 -3.324169 2026-09-09 23:47:32
INFO  [23:47:38.361] [bbotk]  -1.342256 -1.6671985         -6.338598 -2.905334 2026-09-09 23:47:34
INFO  [23:47:38.361] [bbotk]  lambda_l1  lambda_l2 min_gain_to_split    acq_cb timestamp_surrogate
INFO  [23:47:38.361] [bbotk]  timestamp_acq_function timestamp_acq_optimizer      timestamp_loop classif.ce
INFO  [23:47:38.361] [bbotk]     2026-09-09 23:46:48     2026-09-09 23:46:48 2026-09-09 23:46:48      0.214
INFO  [23:47:38.361] [bbotk]     2026-09-09 23:46:49     2026-09-09 23:46:49 2026-09-09 23:46:50      0.206
INFO  [23:47:38.361] [bbotk]     2026-09-09 23:46:50     2026-09-09 23:46:50 2026-09-09 23:46:51      0.226
INFO  [23:47:38.361] [bbotk]     2026-09-09 23:46:51     2026-09-09 23:46:51 2026-09-09 23:46:52      0.211
INFO  [23:47:38.361] [bbotk]     2026-09-09 23:46:52     2026-09-09 23:46:52 2026-09-09 23:46:53      0.225
INFO  [23:47:38.361] [bbotk]     2026-09-09 23:46:53     2026-09-09 23:46:53 2026-09-09 23:46:54      0.216
INFO  [23:47:38.361] [bbotk]     2026-09-09 23:46:54     2026-09-09 23:46:54 2026-09-09 23:46:55      0.212
INFO  [23:47:38.361] [bbotk]     2026-09-09 23:46:55     2026-09-09 23:46:55 2026-09-09 23:46:56      0.220
INFO  [23:47:38.361] [bbotk]     2026-09-09 23:46:56     2026-09-09 23:46:56 2026-09-09 23:46:57      0.204
INFO  [23:47:38.361] [bbotk]     2026-09-09 23:46:57     2026-09-09 23:46:57 2026-09-09 23:46:58      0.215
INFO  [23:47:38.361] [bbotk]     2026-09-09 23:46:58     2026-09-09 23:46:58 2026-09-09 23:46:59      0.223
INFO  [23:47:38.361] [bbotk]     2026-09-09 23:46:59     2026-09-09 23:46:59 2026-09-09 23:47:00      0.211
INFO  [23:47:38.361] [bbotk]     2026-09-09 23:47:00     2026-09-09 23:47:00 2026-09-09 23:47:01      0.217
INFO  [23:47:38.361] [bbotk]     2026-09-09 23:47:01     2026-09-09 23:47:01 2026-09-09 23:47:02      0.212
INFO  [23:47:38.361] [bbotk]     2026-09-09 23:47:03     2026-09-09 23:47:03 2026-09-09 23:47:03      0.208
INFO  [23:47:38.361] [bbotk]     2026-09-09 23:47:04     2026-09-09 23:47:04 2026-09-09 23:47:04      0.213
INFO  [23:47:38.361] [bbotk]     2026-09-09 23:47:05     2026-09-09 23:47:05 2026-09-09 23:47:05      0.203
INFO  [23:47:38.361] [bbotk]     2026-09-09 23:47:06     2026-09-09 23:47:06 2026-09-09 23:47:06      0.209
INFO  [23:47:38.361] [bbotk]     2026-09-09 23:47:07     2026-09-09 23:47:07 2026-09-09 23:47:07      0.221
INFO  [23:47:38.361] [bbotk]     2026-09-09 23:47:08     2026-09-09 23:47:08 2026-09-09 23:47:09      0.212
INFO  [23:47:38.361] [bbotk]     2026-09-09 23:47:09     2026-09-09 23:47:09 2026-09-09 23:47:10      0.210
INFO  [23:47:38.361] [bbotk]     2026-09-09 23:47:10     2026-09-09 23:47:10 2026-09-09 23:47:11      0.201
INFO  [23:47:38.361] [bbotk]     2026-09-09 23:47:11     2026-09-09 23:47:11 2026-09-09 23:47:12      0.210
INFO  [23:47:38.361] [bbotk]     2026-09-09 23:47:12     2026-09-09 23:47:12 2026-09-09 23:47:13      0.230
INFO  [23:47:38.361] [bbotk]     2026-09-09 23:47:13     2026-09-09 23:47:13 2026-09-09 23:47:14      0.209
INFO  [23:47:38.361] [bbotk]     2026-09-09 23:47:14     2026-09-09 23:47:14 2026-09-09 23:47:15      0.216
INFO  [23:47:38.361] [bbotk]     2026-09-09 23:47:16     2026-09-09 23:47:16 2026-09-09 23:47:16      0.222
INFO  [23:47:38.361] [bbotk]     2026-09-09 23:47:17     2026-09-09 23:47:17 2026-09-09 23:47:17      0.212
INFO  [23:47:38.361] [bbotk]     2026-09-09 23:47:18     2026-09-09 23:47:18 2026-09-09 23:47:18      0.214
INFO  [23:47:38.361] [bbotk]     2026-09-09 23:47:19     2026-09-09 23:47:19 2026-09-09 23:47:19      0.218
INFO  [23:47:38.361] [bbotk]     2026-09-09 23:47:20     2026-09-09 23:47:20 2026-09-09 23:47:20      0.204
INFO  [23:47:38.361] [bbotk]     2026-09-09 23:47:21     2026-09-09 23:47:21 2026-09-09 23:47:21      0.212
INFO  [23:47:38.361] [bbotk]     2026-09-09 23:47:22     2026-09-09 23:47:22 2026-09-09 23:47:23      0.218
INFO  [23:47:38.361] [bbotk]     2026-09-09 23:47:23     2026-09-09 23:47:23 2026-09-09 23:47:24      0.216
INFO  [23:47:38.361] [bbotk]     2026-09-09 23:47:24     2026-09-09 23:47:24 2026-09-09 23:47:25      0.203
INFO  [23:47:38.361] [bbotk]     2026-09-09 23:47:25     2026-09-09 23:47:25 2026-09-09 23:47:26      0.207
INFO  [23:47:38.361] [bbotk]     2026-09-09 23:47:26     2026-09-09 23:47:26 2026-09-09 23:47:27      0.214
INFO  [23:47:38.361] [bbotk]     2026-09-09 23:47:27     2026-09-09 23:47:27 2026-09-09 23:47:28      0.204
INFO  [23:47:38.361] [bbotk]     2026-09-09 23:47:28     2026-09-09 23:47:28 2026-09-09 23:47:29      0.209
INFO  [23:47:38.361] [bbotk]     2026-09-09 23:47:30     2026-09-09 23:47:30 2026-09-09 23:47:30      0.201
INFO  [23:47:38.361] [bbotk]     2026-09-09 23:47:31     2026-09-09 23:47:31 2026-09-09 23:47:31      0.204
INFO  [23:47:38.361] [bbotk]     2026-09-09 23:47:32     2026-09-09 23:47:32 2026-09-09 23:47:32      0.213
INFO  [23:47:38.361] [bbotk]     2026-09-09 23:47:33     2026-09-09 23:47:33 2026-09-09 23:47:34      0.218
INFO  [23:47:38.361] [bbotk]     2026-09-09 23:47:34     2026-09-09 23:47:34 2026-09-09 23:47:35      0.214
INFO  [23:47:38.361] [bbotk]  timestamp_acq_function timestamp_acq_optimizer      timestamp_loop classif.ce
INFO  [23:47:38.361] [bbotk]  warnings errors runtime_learners internal_tuned_values
INFO  [23:47:38.361] [bbotk]         0      0            0.547     num_iterations=52
INFO  [23:47:38.361] [bbotk]         0      0            0.580     num_iterations=23
INFO  [23:47:38.361] [bbotk]         0      0            0.659     num_iterations=33
INFO  [23:47:38.361] [bbotk]         0      0            0.659     num_iterations=36
INFO  [23:47:38.361] [bbotk]         0      0            0.515     num_iterations=26
INFO  [23:47:38.361] [bbotk]         0      0            0.549     num_iterations=21
INFO  [23:47:38.361] [bbotk]         0      0            0.536     num_iterations=35
INFO  [23:47:38.361] [bbotk]         0      0            0.526     num_iterations=37
INFO  [23:47:38.361] [bbotk]         0      0            0.593     num_iterations=34
INFO  [23:47:38.361] [bbotk]         0      0            0.568     num_iterations=33
INFO  [23:47:38.361] [bbotk]         0      0            0.570     num_iterations=28
INFO  [23:47:38.361] [bbotk]         0      0            0.728     num_iterations=38
INFO  [23:47:38.361] [bbotk]         0      0            0.577     num_iterations=32
INFO  [23:47:38.361] [bbotk]         0      0            0.568     num_iterations=29
INFO  [23:47:38.361] [bbotk]         0      0            0.735     num_iterations=40
INFO  [23:47:38.361] [bbotk]         0      0            0.785     num_iterations=35
INFO  [23:47:38.361] [bbotk]         0      0            0.729     num_iterations=39
INFO  [23:47:38.361] [bbotk]         0      0            0.705     num_iterations=44
INFO  [23:47:38.361] [bbotk]         0      0            0.642     num_iterations=38
INFO  [23:47:38.361] [bbotk]         0      0            0.638     num_iterations=39
INFO  [23:47:38.361] [bbotk]         0      0            0.638     num_iterations=31
INFO  [23:47:38.361] [bbotk]         0      0            0.616     num_iterations=50
INFO  [23:47:38.361] [bbotk]         0      0            0.629     num_iterations=40
INFO  [23:47:38.361] [bbotk]         0      0            0.570     num_iterations=27
INFO  [23:47:38.361] [bbotk]         0      0            0.659     num_iterations=60
INFO  [23:47:38.361] [bbotk]         0      0            0.659     num_iterations=24
INFO  [23:47:38.361] [bbotk]         0      0            0.669     num_iterations=59
INFO  [23:47:38.361] [bbotk]         0      0            0.871     num_iterations=57
INFO  [23:47:38.361] [bbotk]         0      0            0.683     num_iterations=38
INFO  [23:47:38.361] [bbotk]         0      0            0.682     num_iterations=30
INFO  [23:47:38.361] [bbotk]         0      0            0.612     num_iterations=45
INFO  [23:47:38.361] [bbotk]         0      0            0.684     num_iterations=38
INFO  [23:47:38.361] [bbotk]         0      0            0.691     num_iterations=60
INFO  [23:47:38.361] [bbotk]         0      0            0.573     num_iterations=29
INFO  [23:47:38.361] [bbotk]         0      0            0.540     num_iterations=38
INFO  [23:47:38.361] [bbotk]         0      0            0.637     num_iterations=39
INFO  [23:47:38.361] [bbotk]         0      0            0.539     num_iterations=38
INFO  [23:47:38.361] [bbotk]         0      0            0.582     num_iterations=25
INFO  [23:47:38.361] [bbotk]         0      0            0.588     num_iterations=44
INFO  [23:47:38.361] [bbotk]         0      0            0.671     num_iterations=45
INFO  [23:47:38.361] [bbotk]         0      0            0.675     num_iterations=53
INFO  [23:47:38.361] [bbotk]         0      0            0.626     num_iterations=31
INFO  [23:47:38.361] [bbotk]         0      0            0.609     num_iterations=75
INFO  [23:47:38.361] [bbotk]         0      0            0.704     num_iterations=26
INFO  [23:47:38.361] [bbotk]  warnings errors runtime_learners internal_tuned_values
INFO  [23:47:38.799] [mlr3] Calling train method of fallback 'regr.ranger' on task 'surrogate_task' with 408 observations {learner: <LearnerRegrRanger/LearnerRegr/Learner/R6>}
INFO  [23:47:39.945] [mlr3] Calling train method of fallback 'regr.ranger' on task 'surrogate_task' with 409 observations {learner: <LearnerRegrRanger/LearnerRegr/Learner/R6>}
INFO  [23:47:41.035] [mlr3] Calling train method of fallback 'regr.ranger' on task 'surrogate_task' with 410 observations {learner: <LearnerRegrRanger/LearnerRegr/Learner/R6>}
INFO  [23:47:42.169] [mlr3] Calling train method of fallback 'regr.ranger' on task 'surrogate_task' with 411 observations {learner: <LearnerRegrRanger/LearnerRegr/Learner/R6>}
INFO  [23:47:43.325] [mlr3] Calling train method of fallback 'regr.ranger' on task 'surrogate_task' with 412 observations {learner: <LearnerRegrRanger/LearnerRegr/Learner/R6>}
INFO  [23:47:44.812] [mlr3] Calling train method of fallback 'regr.ranger' on task 'surrogate_task' with 413 observations {learner: <LearnerRegrRanger/LearnerRegr/Learner/R6>}
INFO  [23:47:45.876] [mlr3] Calling train method of fallback 'regr.ranger' on task 'surrogate_task' with 414 observations {learner: <LearnerRegrRanger/LearnerRegr/Learner/R6>}
INFO  [23:47:46.927] [mlr3] Calling train method of fallback 'regr.ranger' on task 'surrogate_task' with 415 observations {learner: <LearnerRegrRanger/LearnerRegr/Learner/R6>}
INFO  [23:47:48.002] [mlr3] Calling train method of fallback 'regr.ranger' on task 'surrogate_task' with 416 observations {learner: <LearnerRegrRanger/LearnerRegr/Learner/R6>}
INFO  [23:47:49.093] [mlr3] Calling train method of fallback 'regr.ranger' on task 'surrogate_task' with 417 observations {learner: <LearnerRegrRanger/LearnerRegr/Learner/R6>}
INFO  [23:47:50.223] [mlr3] Calling train method of fallback 'regr.ranger' on task 'surrogate_task' with 418 observations {learner: <LearnerRegrRanger/LearnerRegr/Learner/R6>}
INFO  [23:47:51.479] [mlr3] Calling train method of fallback 'regr.ranger' on task 'surrogate_task' with 419 observations {learner: <LearnerRegrRanger/LearnerRegr/Learner/R6>}
INFO  [23:47:52.559] [mlr3] Calling train method of fallback 'regr.ranger' on task 'surrogate_task' with 420 observations {learner: <LearnerRegrRanger/LearnerRegr/Learner/R6>}
INFO  [23:47:53.625] [mlr3] Calling train method of fallback 'regr.ranger' on task 'surrogate_task' with 421 observations {learner: <LearnerRegrRanger/LearnerRegr/Learner/R6>}
INFO  [23:47:54.697] [mlr3] Calling train method of fallback 'regr.ranger' on task 'surrogate_task' with 422 observations {learner: <LearnerRegrRanger/LearnerRegr/Learner/R6>}
INFO  [23:47:55.800] [mlr3] Calling train method of fallback 'regr.ranger' on task 'surrogate_task' with 423 observations {learner: <LearnerRegrRanger/LearnerRegr/Learner/R6>}
INFO  [23:47:56.924] [mlr3] Calling train method of fallback 'regr.ranger' on task 'surrogate_task' with 424 observations {learner: <LearnerRegrRanger/LearnerRegr/Learner/R6>}
INFO  [23:47:58.157] [mlr3] Calling train method of fallback 'regr.ranger' on task 'surrogate_task' with 425 observations {learner: <LearnerRegrRanger/LearnerRegr/Learner/R6>}
INFO  [23:47:59.240] [mlr3] Calling train method of fallback 'regr.ranger' on task 'surrogate_task' with 426 observations {learner: <LearnerRegrRanger/LearnerRegr/Learner/R6>}
INFO  [23:48:00.388] [mlr3] Calling train method of fallback 'regr.ranger' on task 'surrogate_task' with 427 observations {learner: <LearnerRegrRanger/LearnerRegr/Learner/R6>}
INFO  [23:48:01.498] [mlr3] Calling train method of fallback 'regr.ranger' on task 'surrogate_task' with 428 observations {learner: <LearnerRegrRanger/LearnerRegr/Learner/R6>}
INFO  [23:48:02.576] [mlr3] Calling train method of fallback 'regr.ranger' on task 'surrogate_task' with 429 observations {learner: <LearnerRegrRanger/LearnerRegr/Learner/R6>}
INFO  [23:48:03.722] [mlr3] Calling train method of fallback 'regr.ranger' on task 'surrogate_task' with 430 observations {learner: <LearnerRegrRanger/LearnerRegr/Learner/R6>}
INFO  [23:48:05.061] [mlr3] Calling train method of fallback 'regr.ranger' on task 'surrogate_task' with 431 observations {learner: <LearnerRegrRanger/LearnerRegr/Learner/R6>}
INFO  [23:48:06.213] [mlr3] Calling train method of fallback 'regr.ranger' on task 'surrogate_task' with 432 observations {learner: <LearnerRegrRanger/LearnerRegr/Learner/R6>}
INFO  [23:48:07.293] [mlr3] Calling train method of fallback 'regr.ranger' on task 'surrogate_task' with 433 observations {learner: <LearnerRegrRanger/LearnerRegr/Learner/R6>}
INFO  [23:48:08.413] [mlr3] Calling train method of fallback 'regr.ranger' on task 'surrogate_task' with 434 observations {learner: <LearnerRegrRanger/LearnerRegr/Learner/R6>}
INFO  [23:48:09.542] [mlr3] Calling train method of fallback 'regr.ranger' on task 'surrogate_task' with 435 observations {learner: <LearnerRegrRanger/LearnerRegr/Learner/R6>}
INFO  [23:48:10.798] [mlr3] Calling train method of fallback 'regr.ranger' on task 'surrogate_task' with 436 observations {learner: <LearnerRegrRanger/LearnerRegr/Learner/R6>}
INFO  [23:48:12.142] [mlr3] Calling train method of fallback 'regr.ranger' on task 'surrogate_task' with 437 observations {learner: <LearnerRegrRanger/LearnerRegr/Learner/R6>}
INFO  [23:48:13.241] [mlr3] Calling train method of fallback 'regr.ranger' on task 'surrogate_task' with 438 observations {learner: <LearnerRegrRanger/LearnerRegr/Learner/R6>}
INFO  [23:48:14.386] [mlr3] Calling train method of fallback 'regr.ranger' on task 'surrogate_task' with 439 observations {learner: <LearnerRegrRanger/LearnerRegr/Learner/R6>}
INFO  [23:48:15.576] [mlr3] Calling train method of fallback 'regr.ranger' on task 'surrogate_task' with 440 observations {learner: <LearnerRegrRanger/LearnerRegr/Learner/R6>}
INFO  [23:48:16.724] [mlr3] Calling train method of fallback 'regr.ranger' on task 'surrogate_task' with 441 observations {learner: <LearnerRegrRanger/LearnerRegr/Learner/R6>}
INFO  [23:48:17.874] [mlr3] Calling train method of fallback 'regr.ranger' on task 'surrogate_task' with 442 observations {learner: <LearnerRegrRanger/LearnerRegr/Learner/R6>}
INFO  [23:48:19.196] [mlr3] Calling train method of fallback 'regr.ranger' on task 'surrogate_task' with 443 observations {learner: <LearnerRegrRanger/LearnerRegr/Learner/R6>}
INFO  [23:48:20.313] [mlr3] Calling train method of fallback 'regr.ranger' on task 'surrogate_task' with 444 observations {learner: <LearnerRegrRanger/LearnerRegr/Learner/R6>}
INFO  [23:48:21.666] [mlr3] Calling train method of fallback 'regr.ranger' on task 'surrogate_task' with 445 observations {learner: <LearnerRegrRanger/LearnerRegr/Learner/R6>}
INFO  [23:48:22.741] [mlr3] Calling train method of fallback 'regr.ranger' on task 'surrogate_task' with 446 observations {learner: <LearnerRegrRanger/LearnerRegr/Learner/R6>}
INFO  [23:48:23.877] [mlr3] Calling train method of fallback 'regr.ranger' on task 'surrogate_task' with 447 observations {learner: <LearnerRegrRanger/LearnerRegr/Learner/R6>}
INFO  [23:48:25.057] [mlr3] Calling train method of fallback 'regr.ranger' on task 'surrogate_task' with 448 observations {learner: <LearnerRegrRanger/LearnerRegr/Learner/R6>}
INFO  [23:48:26.293] [mlr3] Calling train method of fallback 'regr.ranger' on task 'surrogate_task' with 449 observations {learner: <LearnerRegrRanger/LearnerRegr/Learner/R6>}
INFO  [23:48:27.615] [mlr3] Calling train method of fallback 'regr.ranger' on task 'surrogate_task' with 450 observations {learner: <LearnerRegrRanger/LearnerRegr/Learner/R6>}
INFO  [23:48:28.769] [mlr3] Calling train method of fallback 'regr.ranger' on task 'surrogate_task' with 451 observations {learner: <LearnerRegrRanger/LearnerRegr/Learner/R6>}
INFO  [23:48:29.717] [bbotk] Evaluating 44 configuration(s)
INFO  [23:48:29.834] [mlr3] Running benchmark with 440 resampling iterations
INFO  [23:48:31.444] [mlr3] Finished benchmark
INFO  [23:48:32.803] [bbotk] Result of batch 9:
INFO  [23:48:32.811] [bbotk]  learning_rate num_leaves min_data_in_leaf feature_fraction extra_trees
INFO  [23:48:32.811] [bbotk]     -1.5703164        116               21        0.1885232        TRUE
INFO  [23:48:32.811] [bbotk]     -0.4941095        132               21        0.1340724        TRUE
INFO  [23:48:32.811] [bbotk]     -0.5867322         84               19        0.4829902        TRUE
INFO  [23:48:32.811] [bbotk]     -0.4029854        134               19        0.7702271        TRUE
INFO  [23:48:32.811] [bbotk]     -0.5968247        135               13        0.4791362        TRUE
INFO  [23:48:32.811] [bbotk]     -0.6037689        222               21        0.2368107        TRUE
INFO  [23:48:32.811] [bbotk]     -0.5145535        135               20        0.4835477        TRUE
INFO  [23:48:32.811] [bbotk]     -0.2407839        128               20        0.8835994        TRUE
INFO  [23:48:32.811] [bbotk]     -0.5829153        136               17        0.6691275        TRUE
INFO  [23:48:32.811] [bbotk]     -0.5690310        136               13        0.8527699        TRUE
INFO  [23:48:32.811] [bbotk]     -0.9163746         46               14        0.6765176        TRUE
INFO  [23:48:32.811] [bbotk]     -0.5777674        135               19        0.9043296        TRUE
INFO  [23:48:32.811] [bbotk]     -0.6102928        133               22        0.4563698        TRUE
INFO  [23:48:32.811] [bbotk]     -0.6156276        252               23        0.4671626        TRUE
INFO  [23:48:32.811] [bbotk]     -0.7992690         87               20        0.5731771        TRUE
INFO  [23:48:32.811] [bbotk]     -0.6098762        136               21        0.6734041        TRUE
INFO  [23:48:32.811] [bbotk]     -0.5979416        141               21        0.1153609        TRUE
INFO  [23:48:32.811] [bbotk]     -0.6072786        100               18        0.4726676        TRUE
INFO  [23:48:32.811] [bbotk]     -0.5947321        118               18        0.8929843        TRUE
INFO  [23:48:32.811] [bbotk]     -0.6033380        132               20        0.5973486        TRUE
INFO  [23:48:32.811] [bbotk]     -0.5548164        136               16        0.6757667        TRUE
INFO  [23:48:32.811] [bbotk]     -0.4642618        117               20        0.4700220        TRUE
INFO  [23:48:32.811] [bbotk]     -0.6372686        128               17        0.6764056        TRUE
INFO  [23:48:32.811] [bbotk]     -0.5891995        134               22        0.6734985        TRUE
INFO  [23:48:32.811] [bbotk]     -0.7299918        133               15        1.0000000        TRUE
INFO  [23:48:32.811] [bbotk]     -0.6043271        129               23        0.5780358        TRUE
INFO  [23:48:32.811] [bbotk]      0.0000000        136               97        0.6757092        TRUE
INFO  [23:48:32.811] [bbotk]     -0.6349940        173               20        0.4588208        TRUE
INFO  [23:48:32.811] [bbotk]     -0.6941913        127               15        0.6741908        TRUE
INFO  [23:48:32.811] [bbotk]     -0.5539831        131               13        0.2603597        TRUE
INFO  [23:48:32.811] [bbotk]     -0.5882220        134               20        0.6740957        TRUE
INFO  [23:48:32.811] [bbotk]     -0.6693612        133               19        0.5123903        TRUE
INFO  [23:48:32.811] [bbotk]     -0.9565061        133               18        0.2622179        TRUE
INFO  [23:48:32.811] [bbotk]     -0.4354652         98               20        0.4827814        TRUE
INFO  [23:48:32.811] [bbotk]     -0.5706364        107               15        0.6404370        TRUE
INFO  [23:48:32.811] [bbotk]     -1.3652119        149               20        0.6761679        TRUE
INFO  [23:48:32.811] [bbotk]     -0.8160993         45               20        0.8775559        TRUE
INFO  [23:48:32.811] [bbotk]     -0.6910773         95               14        0.7012700        TRUE
INFO  [23:48:32.811] [bbotk]     -0.7067765         45               19        0.6773570        TRUE
INFO  [23:48:32.811] [bbotk]     -0.6338191        133                9        0.2971860        TRUE
INFO  [23:48:32.811] [bbotk]      0.0000000        189               14        0.6765200        TRUE
INFO  [23:48:32.811] [bbotk]     -0.5368645         20               22        0.3004233        TRUE
INFO  [23:48:32.811] [bbotk]     -2.2721111        134               22        0.6764699        TRUE
INFO  [23:48:32.811] [bbotk]     -0.6000690        223               13        0.7099592        TRUE
INFO  [23:48:32.811] [bbotk]  learning_rate num_leaves min_data_in_leaf feature_fraction extra_trees
INFO  [23:48:32.811] [bbotk]  lambda_l1   lambda_l2 min_gain_to_split    acq_cb timestamp_surrogate
INFO  [23:48:32.811] [bbotk]  -1.359113  4.22971316         -6.166673 -2.859696 2026-09-09 23:47:38
INFO  [23:48:32.811] [bbotk]  -1.515265  2.42853109         -4.986034 -3.195905 2026-09-09 23:47:39
INFO  [23:48:32.811] [bbotk]  -1.423753 -2.00367693         -6.123519 -3.539858 2026-09-09 23:47:40
INFO  [23:48:32.811] [bbotk]  -1.277830 -1.75189015         -6.348576 -3.267787 2026-09-09 23:47:41
INFO  [23:48:32.811] [bbotk]  -2.211000 -3.11358441         -4.973119 -3.493217 2026-09-09 23:47:42
INFO  [23:48:32.811] [bbotk]  -2.915381 -0.07679648         -5.058033 -3.809930 2026-09-09 23:47:44
INFO  [23:48:32.811] [bbotk]  -3.835494  3.30273488         -5.017858 -2.923530 2026-09-09 23:47:45
INFO  [23:48:32.811] [bbotk]  -2.763372 -6.61690959         -4.985081 -3.179923 2026-09-09 23:47:46
INFO  [23:48:32.811] [bbotk]  -1.784011  1.32585923         -6.310103 -3.179564 2026-09-09 23:47:47
INFO  [23:48:32.811] [bbotk]  -1.383505 -0.40466571         -6.242992 -3.078344 2026-09-09 23:47:48
INFO  [23:48:32.811] [bbotk]  -2.821485 -0.52643405         -6.009517 -3.433843 2026-09-09 23:47:49
INFO  [23:48:32.811] [bbotk]  -1.515824 -2.24218651         -5.767527 -2.971471 2026-09-09 23:47:51
INFO  [23:48:32.811] [bbotk]  -2.324760 -6.78866818         -4.869640 -3.223621 2026-09-09 23:47:52
INFO  [23:48:32.811] [bbotk]  -2.697653 -2.42829933         -5.058924 -3.059429 2026-09-09 23:47:53
INFO  [23:48:32.811] [bbotk]  -1.246381 -1.86778534         -5.054061 -2.822961 2026-09-09 23:47:54
INFO  [23:48:32.811] [bbotk]  -2.834349 -5.44573812         -5.661526 -3.399657 2026-09-09 23:47:55
INFO  [23:48:32.811] [bbotk]  -3.485191 -3.49536870         -6.178020 -3.076515 2026-09-09 23:47:56
INFO  [23:48:32.811] [bbotk]  -1.830880 -1.62796769         -4.977039 -3.894723 2026-09-09 23:47:57
INFO  [23:48:32.811] [bbotk]  -6.124413 -2.21895803         -6.121386 -3.961402 2026-09-09 23:47:58
INFO  [23:48:32.811] [bbotk]  -5.701751 -5.22880008         -6.028356 -3.580842 2026-09-09 23:47:59
INFO  [23:48:32.811] [bbotk]  -1.404876 -3.06172962         -6.327976 -3.520470 2026-09-09 23:48:01
INFO  [23:48:32.811] [bbotk]  -2.325761 -3.00153500         -6.152232 -3.042760 2026-09-09 23:48:02
INFO  [23:48:32.811] [bbotk]  -4.001207 -1.53065617         -6.113919 -3.633963 2026-09-09 23:48:03
INFO  [23:48:32.811] [bbotk]  -6.205458 -6.46360565         -6.157079 -3.186563 2026-09-09 23:48:04
INFO  [23:48:32.811] [bbotk]  -2.813345 -6.84470042         -5.002184 -2.859413 2026-09-09 23:48:05
INFO  [23:48:32.811] [bbotk]  -1.437170 -1.44177902         -6.227069 -3.229616 2026-09-09 23:48:06
INFO  [23:48:32.811] [bbotk]  -6.015692 -6.29405086         -6.907755 -2.802845 2026-09-09 23:48:07
INFO  [23:48:32.811] [bbotk]  -2.705274 -2.37166305         -4.751842 -2.793282 2026-09-09 23:48:09
INFO  [23:48:32.811] [bbotk]  -1.380045 -1.89462222         -6.907755 -2.762874 2026-09-09 23:48:10
INFO  [23:48:32.811] [bbotk]  -2.788964 -3.46115968         -5.975836 -2.934472 2026-09-09 23:48:11
INFO  [23:48:32.811] [bbotk]  -4.396434 -2.93754286         -6.729089 -3.187262 2026-09-09 23:48:12
INFO  [23:48:32.811] [bbotk]  -2.870026 -2.56576041         -4.986210 -3.021048 2026-09-09 23:48:13
INFO  [23:48:32.811] [bbotk]  -6.091060 -4.46151358         -6.315379 -2.725137 2026-09-09 23:48:15
INFO  [23:48:32.811] [bbotk]  -4.003707 -1.55831741         -6.110971 -3.060785 2026-09-09 23:48:16
INFO  [23:48:32.811] [bbotk]  -2.803920 -1.90034872         -5.125224 -2.898219 2026-09-09 23:48:17
INFO  [23:48:32.811] [bbotk]  -6.102123 -0.61626861         -6.803067 -3.367643 2026-09-09 23:48:18
INFO  [23:48:32.811] [bbotk]  -1.300424 -1.13889079         -6.907755 -2.939572 2026-09-09 23:48:19
INFO  [23:48:32.811] [bbotk]  -5.763738  2.23688907         -4.730730 -2.561436 2026-09-09 23:48:21
INFO  [23:48:32.811] [bbotk]  -5.258256 -1.92615033         -4.452347 -2.737204 2026-09-09 23:48:22
INFO  [23:48:32.811] [bbotk]  -2.822090 -1.98980085         -4.507056 -3.977463 2026-09-09 23:48:23
INFO  [23:48:32.811] [bbotk]  -3.864920 -3.33726451         -6.119649 -3.367285 2026-09-09 23:48:24
INFO  [23:48:32.811] [bbotk]  -1.175343 -3.56573155         -6.277802 -2.822084 2026-09-09 23:48:25
INFO  [23:48:32.811] [bbotk]  -1.632576  0.10022001         -6.513346 -2.717598 2026-09-09 23:48:27
INFO  [23:48:32.811] [bbotk]  -2.845778 -0.86490028         -6.346544 -3.156833 2026-09-09 23:48:28
INFO  [23:48:32.811] [bbotk]  lambda_l1   lambda_l2 min_gain_to_split    acq_cb timestamp_surrogate
INFO  [23:48:32.811] [bbotk]  timestamp_acq_function timestamp_acq_optimizer      timestamp_loop classif.ce
INFO  [23:48:32.811] [bbotk]     2026-09-09 23:47:38     2026-09-09 23:47:38 2026-09-09 23:47:39      0.230
INFO  [23:48:32.811] [bbotk]     2026-09-09 23:47:39     2026-09-09 23:47:39 2026-09-09 23:47:40      0.225
INFO  [23:48:32.811] [bbotk]     2026-09-09 23:47:41     2026-09-09 23:47:41 2026-09-09 23:47:41      0.215
INFO  [23:48:32.811] [bbotk]     2026-09-09 23:47:42     2026-09-09 23:47:42 2026-09-09 23:47:42      0.207
INFO  [23:48:32.811] [bbotk]     2026-09-09 23:47:43     2026-09-09 23:47:43 2026-09-09 23:47:44      0.211
INFO  [23:48:32.811] [bbotk]     2026-09-09 23:47:44     2026-09-09 23:47:44 2026-09-09 23:47:45      0.204
INFO  [23:48:32.811] [bbotk]     2026-09-09 23:47:45     2026-09-09 23:47:45 2026-09-09 23:47:46      0.221
INFO  [23:48:32.811] [bbotk]     2026-09-09 23:47:46     2026-09-09 23:47:46 2026-09-09 23:47:47      0.202
INFO  [23:48:32.811] [bbotk]     2026-09-09 23:47:48     2026-09-09 23:47:48 2026-09-09 23:47:48      0.216
INFO  [23:48:32.811] [bbotk]     2026-09-09 23:47:49     2026-09-09 23:47:49 2026-09-09 23:47:49      0.200
INFO  [23:48:32.811] [bbotk]     2026-09-09 23:47:50     2026-09-09 23:47:50 2026-09-09 23:47:51      0.219
INFO  [23:48:32.811] [bbotk]     2026-09-09 23:47:51     2026-09-09 23:47:51 2026-09-09 23:47:52      0.212
INFO  [23:48:32.811] [bbotk]     2026-09-09 23:47:52     2026-09-09 23:47:52 2026-09-09 23:47:53      0.209
INFO  [23:48:32.811] [bbotk]     2026-09-09 23:47:53     2026-09-09 23:47:53 2026-09-09 23:47:54      0.219
INFO  [23:48:32.811] [bbotk]     2026-09-09 23:47:54     2026-09-09 23:47:54 2026-09-09 23:47:55      0.209
INFO  [23:48:32.811] [bbotk]     2026-09-09 23:47:55     2026-09-09 23:47:55 2026-09-09 23:47:56      0.208
INFO  [23:48:32.811] [bbotk]     2026-09-09 23:47:56     2026-09-09 23:47:56 2026-09-09 23:47:57      0.221
INFO  [23:48:32.811] [bbotk]     2026-09-09 23:47:58     2026-09-09 23:47:58 2026-09-09 23:47:58      0.215
INFO  [23:48:32.811] [bbotk]     2026-09-09 23:47:59     2026-09-09 23:47:59 2026-09-09 23:47:59      0.217
INFO  [23:48:32.811] [bbotk]     2026-09-09 23:48:00     2026-09-09 23:48:00 2026-09-09 23:48:01      0.200
INFO  [23:48:32.811] [bbotk]     2026-09-09 23:48:01     2026-09-09 23:48:01 2026-09-09 23:48:02      0.220
INFO  [23:48:32.811] [bbotk]     2026-09-09 23:48:02     2026-09-09 23:48:02 2026-09-09 23:48:03      0.197
INFO  [23:48:32.811] [bbotk]     2026-09-09 23:48:03     2026-09-09 23:48:03 2026-09-09 23:48:04      0.207
INFO  [23:48:32.811] [bbotk]     2026-09-09 23:48:05     2026-09-09 23:48:05 2026-09-09 23:48:05      0.203
INFO  [23:48:32.811] [bbotk]     2026-09-09 23:48:06     2026-09-09 23:48:06 2026-09-09 23:48:06      0.210
INFO  [23:48:32.811] [bbotk]     2026-09-09 23:48:07     2026-09-09 23:48:07 2026-09-09 23:48:07      0.211
INFO  [23:48:32.811] [bbotk]     2026-09-09 23:48:08     2026-09-09 23:48:08 2026-09-09 23:48:09      0.195
INFO  [23:48:32.811] [bbotk]     2026-09-09 23:48:09     2026-09-09 23:48:09 2026-09-09 23:48:10      0.215
INFO  [23:48:32.811] [bbotk]     2026-09-09 23:48:10     2026-09-09 23:48:10 2026-09-09 23:48:11      0.206
INFO  [23:48:32.811] [bbotk]     2026-09-09 23:48:12     2026-09-09 23:48:12 2026-09-09 23:48:12      0.206
INFO  [23:48:32.811] [bbotk]     2026-09-09 23:48:13     2026-09-09 23:48:13 2026-09-09 23:48:13      0.203
INFO  [23:48:32.811] [bbotk]     2026-09-09 23:48:14     2026-09-09 23:48:14 2026-09-09 23:48:15      0.201
INFO  [23:48:32.811] [bbotk]     2026-09-09 23:48:15     2026-09-09 23:48:15 2026-09-09 23:48:16      0.204
INFO  [23:48:32.811] [bbotk]     2026-09-09 23:48:16     2026-09-09 23:48:16 2026-09-09 23:48:17      0.212
INFO  [23:48:32.811] [bbotk]     2026-09-09 23:48:17     2026-09-09 23:48:17 2026-09-09 23:48:18      0.206
INFO  [23:48:32.811] [bbotk]     2026-09-09 23:48:19     2026-09-09 23:48:19 2026-09-09 23:48:19      0.205
INFO  [23:48:32.811] [bbotk]     2026-09-09 23:48:20     2026-09-09 23:48:20 2026-09-09 23:48:21      0.204
INFO  [23:48:32.811] [bbotk]     2026-09-09 23:48:21     2026-09-09 23:48:21 2026-09-09 23:48:22      0.220
INFO  [23:48:32.811] [bbotk]     2026-09-09 23:48:22     2026-09-09 23:48:22 2026-09-09 23:48:23      0.205
INFO  [23:48:32.811] [bbotk]     2026-09-09 23:48:23     2026-09-09 23:48:23 2026-09-09 23:48:24      0.206
INFO  [23:48:32.811] [bbotk]     2026-09-09 23:48:25     2026-09-09 23:48:25 2026-09-09 23:48:25      0.219
INFO  [23:48:32.811] [bbotk]     2026-09-09 23:48:26     2026-09-09 23:48:26 2026-09-09 23:48:27      0.212
INFO  [23:48:32.811] [bbotk]     2026-09-09 23:48:27     2026-09-09 23:48:27 2026-09-09 23:48:28      0.218
INFO  [23:48:32.811] [bbotk]     2026-09-09 23:48:28     2026-09-09 23:48:28 2026-09-09 23:48:29      0.214
INFO  [23:48:32.811] [bbotk]  timestamp_acq_function timestamp_acq_optimizer      timestamp_loop classif.ce
INFO  [23:48:32.811] [bbotk]  warnings errors runtime_learners internal_tuned_values
INFO  [23:48:32.811] [bbotk]         0      0            0.633    num_iterations=130
INFO  [23:48:32.811] [bbotk]         0      0            0.503     num_iterations=67
INFO  [23:48:32.811] [bbotk]         0      0            0.657     num_iterations=45
INFO  [23:48:32.811] [bbotk]         0      0            0.656     num_iterations=33
INFO  [23:48:32.811] [bbotk]         0      0            0.534     num_iterations=21
INFO  [23:48:32.811] [bbotk]         0      0            0.535     num_iterations=36
INFO  [23:48:32.811] [bbotk]         0      0            0.604     num_iterations=39
INFO  [23:48:32.811] [bbotk]         0      0            0.617     num_iterations=22
INFO  [23:48:32.811] [bbotk]         0      0            0.663     num_iterations=40
INFO  [23:48:32.811] [bbotk]         0      0            0.635     num_iterations=47
INFO  [23:48:32.811] [bbotk]         0      0            0.685     num_iterations=41
INFO  [23:48:32.811] [bbotk]         0      0            0.624     num_iterations=29
INFO  [23:48:32.811] [bbotk]         0      0            0.568     num_iterations=40
INFO  [23:48:32.811] [bbotk]         0      0            0.604     num_iterations=48
INFO  [23:48:32.811] [bbotk]         0      0            0.651     num_iterations=58
INFO  [23:48:32.811] [bbotk]         0      0            0.599     num_iterations=42
INFO  [23:48:32.811] [bbotk]         0      0            0.620     num_iterations=56
INFO  [23:48:32.811] [bbotk]         0      0            0.560     num_iterations=32
INFO  [23:48:32.811] [bbotk]         0      0            0.719     num_iterations=24
INFO  [23:48:32.811] [bbotk]         0      0            0.653     num_iterations=57
INFO  [23:48:32.811] [bbotk]         0      0            0.587     num_iterations=33
INFO  [23:48:32.811] [bbotk]         0      0            0.613     num_iterations=43
INFO  [23:48:32.811] [bbotk]         0      0            0.646     num_iterations=48
INFO  [23:48:32.811] [bbotk]         0      0            0.617     num_iterations=29
INFO  [23:48:32.811] [bbotk]         0      0            0.647     num_iterations=41
INFO  [23:48:32.811] [bbotk]         0      0            0.585     num_iterations=56
INFO  [23:48:32.811] [bbotk]         0      0            0.587     num_iterations=65
INFO  [23:48:32.811] [bbotk]         0      0            0.503     num_iterations=21
INFO  [23:48:32.811] [bbotk]         0      0            0.600     num_iterations=37
INFO  [23:48:32.811] [bbotk]         0      0            0.522     num_iterations=39
INFO  [23:48:32.811] [bbotk]         0      0            0.636     num_iterations=44
INFO  [23:48:32.811] [bbotk]         0      0            0.630     num_iterations=50
INFO  [23:48:32.811] [bbotk]         0      0            0.581     num_iterations=55
INFO  [23:48:32.811] [bbotk]         0      0            0.643     num_iterations=72
INFO  [23:48:32.811] [bbotk]         0      0            0.588     num_iterations=38
INFO  [23:48:32.811] [bbotk]         0      0            0.835     num_iterations=85
INFO  [23:48:32.811] [bbotk]         0      0            0.618     num_iterations=62
INFO  [23:48:32.811] [bbotk]         0      0            0.580     num_iterations=34
INFO  [23:48:32.811] [bbotk]         0      0            0.590     num_iterations=39
INFO  [23:48:32.811] [bbotk]         0      0            0.526     num_iterations=30
INFO  [23:48:32.811] [bbotk]         0      0            0.632     num_iterations=31
INFO  [23:48:32.811] [bbotk]         0      0            0.596     num_iterations=47
INFO  [23:48:32.811] [bbotk]         0      0            0.710     num_iterations=57
INFO  [23:48:32.811] [bbotk]         0      0            0.694     num_iterations=38
INFO  [23:48:32.811] [bbotk]  warnings errors runtime_learners internal_tuned_values
INFO  [23:48:33.326] [mlr3] Calling train method of fallback 'regr.ranger' on task 'surrogate_task' with 452 observations {learner: <LearnerRegrRanger/LearnerRegr/Learner/R6>}
INFO  [23:48:34.504] [mlr3] Calling train method of fallback 'regr.ranger' on task 'surrogate_task' with 453 observations {learner: <LearnerRegrRanger/LearnerRegr/Learner/R6>}
INFO  [23:48:35.683] [mlr3] Calling train method of fallback 'regr.ranger' on task 'surrogate_task' with 454 observations {learner: <LearnerRegrRanger/LearnerRegr/Learner/R6>}
INFO  [23:48:37.014] [mlr3] Calling train method of fallback 'regr.ranger' on task 'surrogate_task' with 455 observations {learner: <LearnerRegrRanger/LearnerRegr/Learner/R6>}
INFO  [23:48:38.118] [mlr3] Calling train method of fallback 'regr.ranger' on task 'surrogate_task' with 456 observations {learner: <LearnerRegrRanger/LearnerRegr/Learner/R6>}
INFO  [23:48:39.241] [mlr3] Calling train method of fallback 'regr.ranger' on task 'surrogate_task' with 457 observations {learner: <LearnerRegrRanger/LearnerRegr/Learner/R6>}
INFO  [23:48:40.464] [mlr3] Calling train method of fallback 'regr.ranger' on task 'surrogate_task' with 458 observations {learner: <LearnerRegrRanger/LearnerRegr/Learner/R6>}
INFO  [23:48:41.560] [mlr3] Calling train method of fallback 'regr.ranger' on task 'surrogate_task' with 459 observations {learner: <LearnerRegrRanger/LearnerRegr/Learner/R6>}
INFO  [23:48:42.702] [mlr3] Calling train method of fallback 'regr.ranger' on task 'surrogate_task' with 460 observations {learner: <LearnerRegrRanger/LearnerRegr/Learner/R6>}
INFO  [23:48:44.056] [mlr3] Calling train method of fallback 'regr.ranger' on task 'surrogate_task' with 461 observations {learner: <LearnerRegrRanger/LearnerRegr/Learner/R6>}
INFO  [23:48:45.408] [mlr3] Calling train method of fallback 'regr.ranger' on task 'surrogate_task' with 462 observations {learner: <LearnerRegrRanger/LearnerRegr/Learner/R6>}
INFO  [23:48:46.546] [mlr3] Calling train method of fallback 'regr.ranger' on task 'surrogate_task' with 463 observations {learner: <LearnerRegrRanger/LearnerRegr/Learner/R6>}
INFO  [23:48:47.707] [mlr3] Calling train method of fallback 'regr.ranger' on task 'surrogate_task' with 464 observations {learner: <LearnerRegrRanger/LearnerRegr/Learner/R6>}
INFO  [23:48:48.871] [mlr3] Calling train method of fallback 'regr.ranger' on task 'surrogate_task' with 465 observations {learner: <LearnerRegrRanger/LearnerRegr/Learner/R6>}
INFO  [23:48:50.022] [mlr3] Calling train method of fallback 'regr.ranger' on task 'surrogate_task' with 466 observations {learner: <LearnerRegrRanger/LearnerRegr/Learner/R6>}
INFO  [23:48:51.209] [mlr3] Calling train method of fallback 'regr.ranger' on task 'surrogate_task' with 467 observations {learner: <LearnerRegrRanger/LearnerRegr/Learner/R6>}
INFO  [23:48:52.620] [mlr3] Calling train method of fallback 'regr.ranger' on task 'surrogate_task' with 468 observations {learner: <LearnerRegrRanger/LearnerRegr/Learner/R6>}
INFO  [23:48:53.764] [mlr3] Calling train method of fallback 'regr.ranger' on task 'surrogate_task' with 469 observations {learner: <LearnerRegrRanger/LearnerRegr/Learner/R6>}
INFO  [23:48:55.184] [mlr3] Calling train method of fallback 'regr.ranger' on task 'surrogate_task' with 470 observations {learner: <LearnerRegrRanger/LearnerRegr/Learner/R6>}
INFO  [23:48:56.319] [mlr3] Calling train method of fallback 'regr.ranger' on task 'surrogate_task' with 471 observations {learner: <LearnerRegrRanger/LearnerRegr/Learner/R6>}
INFO  [23:48:57.455] [mlr3] Calling train method of fallback 'regr.ranger' on task 'surrogate_task' with 472 observations {learner: <LearnerRegrRanger/LearnerRegr/Learner/R6>}
INFO  [23:48:58.677] [mlr3] Calling train method of fallback 'regr.ranger' on task 'surrogate_task' with 473 observations {learner: <LearnerRegrRanger/LearnerRegr/Learner/R6>}
INFO  [23:48:59.859] [mlr3] Calling train method of fallback 'regr.ranger' on task 'surrogate_task' with 474 observations {learner: <LearnerRegrRanger/LearnerRegr/Learner/R6>}
INFO  [23:49:01.202] [mlr3] Calling train method of fallback 'regr.ranger' on task 'surrogate_task' with 475 observations {learner: <LearnerRegrRanger/LearnerRegr/Learner/R6>}
INFO  [23:49:02.377] [mlr3] Calling train method of fallback 'regr.ranger' on task 'surrogate_task' with 476 observations {learner: <LearnerRegrRanger/LearnerRegr/Learner/R6>}
INFO  [23:49:03.561] [mlr3] Calling train method of fallback 'regr.ranger' on task 'surrogate_task' with 477 observations {learner: <LearnerRegrRanger/LearnerRegr/Learner/R6>}
INFO  [23:49:04.731] [mlr3] Calling train method of fallback 'regr.ranger' on task 'surrogate_task' with 478 observations {learner: <LearnerRegrRanger/LearnerRegr/Learner/R6>}
INFO  [23:49:05.903] [mlr3] Calling train method of fallback 'regr.ranger' on task 'surrogate_task' with 479 observations {learner: <LearnerRegrRanger/LearnerRegr/Learner/R6>}
INFO  [23:49:07.271] [mlr3] Calling train method of fallback 'regr.ranger' on task 'surrogate_task' with 480 observations {learner: <LearnerRegrRanger/LearnerRegr/Learner/R6>}
INFO  [23:49:08.543] [mlr3] Calling train method of fallback 'regr.ranger' on task 'surrogate_task' with 481 observations {learner: <LearnerRegrRanger/LearnerRegr/Learner/R6>}
INFO  [23:49:09.969] [mlr3] Calling train method of fallback 'regr.ranger' on task 'surrogate_task' with 482 observations {learner: <LearnerRegrRanger/LearnerRegr/Learner/R6>}
INFO  [23:49:11.170] [mlr3] Calling train method of fallback 'regr.ranger' on task 'surrogate_task' with 483 observations {learner: <LearnerRegrRanger/LearnerRegr/Learner/R6>}
INFO  [23:49:12.322] [mlr3] Calling train method of fallback 'regr.ranger' on task 'surrogate_task' with 484 observations {learner: <LearnerRegrRanger/LearnerRegr/Learner/R6>}
INFO  [23:49:13.490] [mlr3] Calling train method of fallback 'regr.ranger' on task 'surrogate_task' with 485 observations {learner: <LearnerRegrRanger/LearnerRegr/Learner/R6>}
INFO  [23:49:14.661] [mlr3] Calling train method of fallback 'regr.ranger' on task 'surrogate_task' with 486 observations {learner: <LearnerRegrRanger/LearnerRegr/Learner/R6>}
INFO  [23:49:16.057] [mlr3] Calling train method of fallback 'regr.ranger' on task 'surrogate_task' with 487 observations {learner: <LearnerRegrRanger/LearnerRegr/Learner/R6>}
INFO  [23:49:17.254] [mlr3] Calling train method of fallback 'regr.ranger' on task 'surrogate_task' with 488 observations {learner: <LearnerRegrRanger/LearnerRegr/Learner/R6>}
INFO  [23:49:18.423] [mlr3] Calling train method of fallback 'regr.ranger' on task 'surrogate_task' with 489 observations {learner: <LearnerRegrRanger/LearnerRegr/Learner/R6>}
INFO  [23:49:19.631] [mlr3] Calling train method of fallback 'regr.ranger' on task 'surrogate_task' with 490 observations {learner: <LearnerRegrRanger/LearnerRegr/Learner/R6>}
INFO  [23:49:20.796] [mlr3] Calling train method of fallback 'regr.ranger' on task 'surrogate_task' with 491 observations {learner: <LearnerRegrRanger/LearnerRegr/Learner/R6>}
INFO  [23:49:22.218] [mlr3] Calling train method of fallback 'regr.ranger' on task 'surrogate_task' with 492 observations {learner: <LearnerRegrRanger/LearnerRegr/Learner/R6>}
INFO  [23:49:23.389] [mlr3] Calling train method of fallback 'regr.ranger' on task 'surrogate_task' with 493 observations {learner: <LearnerRegrRanger/LearnerRegr/Learner/R6>}
INFO  [23:49:24.669] [mlr3] Calling train method of fallback 'regr.ranger' on task 'surrogate_task' with 494 observations {learner: <LearnerRegrRanger/LearnerRegr/Learner/R6>}
INFO  [23:49:25.855] [mlr3] Calling train method of fallback 'regr.ranger' on task 'surrogate_task' with 495 observations {learner: <LearnerRegrRanger/LearnerRegr/Learner/R6>}
INFO  [23:49:26.554] [bbotk] Evaluating 44 configuration(s)
INFO  [23:49:26.670] [mlr3] Running benchmark with 440 resampling iterations
INFO  [23:49:27.986] [mlr3] Finished benchmark
INFO  [23:49:29.335] [bbotk] Result of batch 10:
INFO  [23:49:29.343] [bbotk]  learning_rate num_leaves min_data_in_leaf feature_fraction extra_trees
INFO  [23:49:29.343] [bbotk]   0.0000000000        123              104        0.4631624        TRUE
INFO  [23:49:29.343] [bbotk]   0.0000000000         90              100        0.6689985        TRUE
INFO  [23:49:29.343] [bbotk]   0.0000000000        149               97        0.7322269        TRUE
INFO  [23:49:29.343] [bbotk]   0.0000000000        102               26        0.8119482        TRUE
INFO  [23:49:29.343] [bbotk]  -0.0004289529        189               97        0.6452066        TRUE
INFO  [23:49:29.343] [bbotk]   0.0000000000        137               44        0.5333044        TRUE
INFO  [23:49:29.343] [bbotk]   0.0000000000        147               99        0.8022989        TRUE
INFO  [23:49:29.343] [bbotk]   0.0000000000        174               99        0.6764561        TRUE
INFO  [23:49:29.343] [bbotk]   0.0000000000        117               19        0.4688914        TRUE
INFO  [23:49:29.343] [bbotk]   0.0000000000         14               98        0.6756870        TRUE
INFO  [23:49:29.343] [bbotk]   0.0000000000        135               96        0.7063249        TRUE
INFO  [23:49:29.343] [bbotk]   0.0000000000         79               96        0.9017625        TRUE
INFO  [23:49:29.343] [bbotk]  -0.9942675651        119               20        0.4666465        TRUE
INFO  [23:49:29.343] [bbotk]   0.0000000000        135               99        0.6519129        TRUE
INFO  [23:49:29.343] [bbotk]   0.0000000000        136               97        0.6864954        TRUE
INFO  [23:49:29.343] [bbotk]  -0.3585637781        131               20        0.4758717        TRUE
INFO  [23:49:29.343] [bbotk]   0.0000000000        136               86        0.2002867        TRUE
INFO  [23:49:29.343] [bbotk]  -0.2336701308        138               38        0.6769904        TRUE
INFO  [23:49:29.343] [bbotk]   0.0000000000         17               97        0.7413056        TRUE
INFO  [23:49:29.343] [bbotk]  -0.7123848696        136               95        0.7317190        TRUE
INFO  [23:49:29.343] [bbotk]   0.0000000000         86               97        0.6677817        TRUE
INFO  [23:49:29.343] [bbotk]   0.0000000000        128               97        0.8445730        TRUE
INFO  [23:49:29.343] [bbotk]   0.0000000000         60              131        0.7020817        TRUE
INFO  [23:49:29.343] [bbotk]  -0.6106485928        132               22        0.2224065        TRUE
INFO  [23:49:29.343] [bbotk]  -0.4032368604        136               97        0.6832901        TRUE
INFO  [23:49:29.343] [bbotk]  -0.6817741400        216               97        0.8813652        TRUE
INFO  [23:49:29.343] [bbotk]   0.0000000000        237              101        0.7122896       FALSE
INFO  [23:49:29.343] [bbotk]   0.0000000000        138               96        0.3288176        TRUE
INFO  [23:49:29.343] [bbotk]  -0.3696880578        110               21        0.4699687        TRUE
INFO  [23:49:29.343] [bbotk]  -0.6079397586        136               20        0.6780839        TRUE
INFO  [23:49:29.343] [bbotk]  -0.4723387027         14               20        0.2308672        TRUE
INFO  [23:49:29.343] [bbotk]  -0.3283025541        133               22        0.8445542        TRUE
INFO  [23:49:29.343] [bbotk]  -0.6030420008         72               21        0.6726538        TRUE
INFO  [23:49:29.343] [bbotk]  -0.6268209293        113               18        0.6264484        TRUE
INFO  [23:49:29.343] [bbotk]  -0.2963528799        188               98        0.6754133        TRUE
INFO  [23:49:29.343] [bbotk]  -0.4569753580         98               78        0.6762442        TRUE
INFO  [23:49:29.343] [bbotk]  -0.5730603991        208               65        0.2702794        TRUE
INFO  [23:49:29.343] [bbotk]   0.0000000000        219               95        0.6555811       FALSE
INFO  [23:49:29.343] [bbotk]  -1.2070477403        224               18        0.6923973        TRUE
INFO  [23:49:29.343] [bbotk]  -0.5268937881        133               36        0.6752093        TRUE
INFO  [23:49:29.343] [bbotk]  -0.7592140810         70               56        0.8317413        TRUE
INFO  [23:49:29.343] [bbotk]  -1.1225773948        205               11        0.2458596        TRUE
INFO  [23:49:29.343] [bbotk]  -0.4726994321        242                1        0.8507709        TRUE
INFO  [23:49:29.343] [bbotk]  -0.5120846960        117               19        0.4745466        TRUE
INFO  [23:49:29.343] [bbotk]  learning_rate num_leaves min_data_in_leaf feature_fraction extra_trees
INFO  [23:49:29.343] [bbotk]   lambda_l1  lambda_l2 min_gain_to_split    acq_cb timestamp_surrogate
INFO  [23:49:29.343] [bbotk]  -6.0834120 -6.9077553         -6.907755 -5.510037 2026-09-09 23:48:32
INFO  [23:49:29.343] [bbotk]  -6.7208119 -6.4002818         -6.907755 -5.060162 2026-09-09 23:48:33
INFO  [23:49:29.343] [bbotk]  -3.0074167 -6.9077553         -6.907755 -4.828200 2026-09-09 23:48:35
INFO  [23:49:29.343] [bbotk]  -6.9077553 -6.2709561         -4.481274 -3.685719 2026-09-09 23:48:36
INFO  [23:49:29.343] [bbotk]  -6.3340602 -5.3857740         -6.907755 -4.207875 2026-09-09 23:48:37
INFO  [23:49:29.343] [bbotk]  -6.0158258 -6.3562817         -6.907755 -4.652247 2026-09-09 23:48:38
INFO  [23:49:29.343] [bbotk]  -5.1880562 -6.2083257         -6.907755 -3.912321 2026-09-09 23:48:39
INFO  [23:49:29.343] [bbotk]  -5.9809375 -6.4078687         -4.454089 -3.178413 2026-09-09 23:48:41
INFO  [23:49:29.343] [bbotk]  -2.3581665 -3.0900061         -6.139686 -3.617637 2026-09-09 23:48:42
INFO  [23:49:29.343] [bbotk]  -6.3412455 -6.5945498         -6.907755 -4.082355 2026-09-09 23:48:43
INFO  [23:49:29.343] [bbotk]  -6.2739170 -6.3481267         -6.907755 -3.964181 2026-09-09 23:48:44
INFO  [23:49:29.343] [bbotk]  -6.0131407 -6.1183985         -6.907755 -3.567478 2026-09-09 23:48:46
INFO  [23:49:29.343] [bbotk]  -2.3573089 -3.1438297         -6.164972 -3.026886 2026-09-09 23:48:47
INFO  [23:49:29.343] [bbotk]  -6.1787947 -5.8578797         -6.907755 -3.322957 2026-09-09 23:48:48
INFO  [23:49:29.343] [bbotk]  -4.7612275 -6.3547672         -6.907755 -3.787585 2026-09-09 23:48:49
INFO  [23:49:29.343] [bbotk]  -1.8028247 -2.9782146         -6.875388 -3.060307 2026-09-09 23:48:50
INFO  [23:49:29.343] [bbotk]  -6.0492814 -6.2614883         -6.907755 -3.536008 2026-09-09 23:48:52
INFO  [23:49:29.343] [bbotk]  -5.8031537 -6.3112624         -6.907755 -3.812734 2026-09-09 23:48:53
INFO  [23:49:29.343] [bbotk]  -6.1945090 -6.3209556         -4.988342 -3.401565 2026-09-09 23:48:54
INFO  [23:49:29.343] [bbotk]  -6.9077553 -4.9525288         -6.907755 -2.851122 2026-09-09 23:48:55
INFO  [23:49:29.343] [bbotk]  -5.5282292 -6.2992810         -6.716512 -3.872300 2026-09-09 23:48:56
INFO  [23:49:29.343] [bbotk]  -5.9468894 -5.6885652         -6.907755 -3.089650 2026-09-09 23:48:58
INFO  [23:49:29.343] [bbotk]  -6.9077553 -6.2904757         -6.463326 -3.103253 2026-09-09 23:48:59
INFO  [23:49:29.343] [bbotk]  -6.8883516 -6.2165822         -6.171002 -2.918788 2026-09-09 23:49:00
INFO  [23:49:29.343] [bbotk]  -6.0894997 -2.5819776         -6.236483 -3.016461 2026-09-09 23:49:01
INFO  [23:49:29.343] [bbotk]  -4.8930725 -6.2931140         -6.907755 -3.553036 2026-09-09 23:49:03
INFO  [23:49:29.343] [bbotk]  -6.0304364 -4.0593831         -2.505981 -2.682145 2026-09-09 23:49:04
INFO  [23:49:29.343] [bbotk]  -6.5701826 -6.2946293         -6.907755 -3.237571 2026-09-09 23:49:05
INFO  [23:49:29.343] [bbotk]  -2.3621886 -3.9118333         -6.278588 -3.157260 2026-09-09 23:49:06
INFO  [23:49:29.343] [bbotk]  -3.6360541 -0.4407563         -6.302784 -2.821515 2026-09-09 23:49:08
INFO  [23:49:29.343] [bbotk]  -2.3235356 -3.0289889         -5.897613 -2.995926 2026-09-09 23:49:09
INFO  [23:49:29.343] [bbotk]  -2.7947685 -1.9588930         -4.981273 -3.098092 2026-09-09 23:49:10
INFO  [23:49:29.343] [bbotk]  -2.2342774 -3.0080847         -5.775328 -2.932346 2026-09-09 23:49:11
INFO  [23:49:29.343] [bbotk]  -2.8023301 -1.9901053         -5.484811 -2.586936 2026-09-09 23:49:12
INFO  [23:49:29.343] [bbotk]  -3.7996476 -6.5708818         -6.748172 -2.840749 2026-09-09 23:49:14
INFO  [23:49:29.343] [bbotk]  -5.2488820 -6.5625053         -6.213729 -2.959777 2026-09-09 23:49:15
INFO  [23:49:29.343] [bbotk]  -4.3442126 -6.2949641         -6.291518 -2.768279 2026-09-09 23:49:16
INFO  [23:49:29.343] [bbotk]  -5.9875121 -5.9868201         -6.172134 -2.927409 2026-09-09 23:49:17
INFO  [23:49:29.343] [bbotk]  -6.2103054 -0.5596852         -6.291661 -2.642009 2026-09-09 23:49:19
INFO  [23:49:29.343] [bbotk]  -6.4229885 -6.2512171         -6.907755 -3.043842 2026-09-09 23:49:20
INFO  [23:49:29.343] [bbotk]  -6.0102628 -3.3177981         -4.402852 -2.977603 2026-09-09 23:49:21
INFO  [23:49:29.343] [bbotk]  -5.5247769  0.1315790         -4.405144 -2.587377 2026-09-09 23:49:22
INFO  [23:49:29.343] [bbotk]  -0.8648139  2.8328082         -6.164386 -2.650005 2026-09-09 23:49:24
INFO  [23:49:29.343] [bbotk]  -1.4940667 -2.5987843         -6.210365 -2.988780 2026-09-09 23:49:25
INFO  [23:49:29.343] [bbotk]   lambda_l1  lambda_l2 min_gain_to_split    acq_cb timestamp_surrogate
INFO  [23:49:29.343] [bbotk]  timestamp_acq_function timestamp_acq_optimizer      timestamp_loop classif.ce
INFO  [23:49:29.343] [bbotk]     2026-09-09 23:48:33     2026-09-09 23:48:33 2026-09-09 23:48:33      0.219
INFO  [23:49:29.343] [bbotk]     2026-09-09 23:48:34     2026-09-09 23:48:34 2026-09-09 23:48:35      0.212
INFO  [23:49:29.343] [bbotk]     2026-09-09 23:48:35     2026-09-09 23:48:35 2026-09-09 23:48:36      0.202
INFO  [23:49:29.343] [bbotk]     2026-09-09 23:48:37     2026-09-09 23:48:37 2026-09-09 23:48:37      0.212
INFO  [23:49:29.343] [bbotk]     2026-09-09 23:48:38     2026-09-09 23:48:38 2026-09-09 23:48:38      0.208
INFO  [23:49:29.343] [bbotk]     2026-09-09 23:48:39     2026-09-09 23:48:39 2026-09-09 23:48:39      0.204
INFO  [23:49:29.343] [bbotk]     2026-09-09 23:48:40     2026-09-09 23:48:40 2026-09-09 23:48:41      0.206
INFO  [23:49:29.343] [bbotk]     2026-09-09 23:48:41     2026-09-09 23:48:41 2026-09-09 23:48:42      0.214
INFO  [23:49:29.343] [bbotk]     2026-09-09 23:48:42     2026-09-09 23:48:42 2026-09-09 23:48:43      0.220
INFO  [23:49:29.343] [bbotk]     2026-09-09 23:48:44     2026-09-09 23:48:44 2026-09-09 23:48:44      0.189
INFO  [23:49:29.343] [bbotk]     2026-09-09 23:48:45     2026-09-09 23:48:45 2026-09-09 23:48:46      0.207
INFO  [23:49:29.343] [bbotk]     2026-09-09 23:48:46     2026-09-09 23:48:46 2026-09-09 23:48:47      0.211
INFO  [23:49:29.343] [bbotk]     2026-09-09 23:48:47     2026-09-09 23:48:47 2026-09-09 23:48:48      0.214
INFO  [23:49:29.343] [bbotk]     2026-09-09 23:48:48     2026-09-09 23:48:48 2026-09-09 23:48:49      0.210
INFO  [23:49:29.343] [bbotk]     2026-09-09 23:48:50     2026-09-09 23:48:50 2026-09-09 23:48:50      0.212
INFO  [23:49:29.343] [bbotk]     2026-09-09 23:48:51     2026-09-09 23:48:51 2026-09-09 23:48:52      0.207
INFO  [23:49:29.343] [bbotk]     2026-09-09 23:48:52     2026-09-09 23:48:52 2026-09-09 23:48:53      0.213
INFO  [23:49:29.343] [bbotk]     2026-09-09 23:48:53     2026-09-09 23:48:53 2026-09-09 23:48:54      0.200
INFO  [23:49:29.343] [bbotk]     2026-09-09 23:48:55     2026-09-09 23:48:55 2026-09-09 23:48:55      0.210
INFO  [23:49:29.343] [bbotk]     2026-09-09 23:48:56     2026-09-09 23:48:56 2026-09-09 23:48:56      0.207
INFO  [23:49:29.343] [bbotk]     2026-09-09 23:48:57     2026-09-09 23:48:57 2026-09-09 23:48:58      0.210
INFO  [23:49:29.343] [bbotk]     2026-09-09 23:48:58     2026-09-09 23:48:58 2026-09-09 23:48:59      0.216
INFO  [23:49:29.343] [bbotk]     2026-09-09 23:48:59     2026-09-09 23:48:59 2026-09-09 23:49:00      0.211
INFO  [23:49:29.343] [bbotk]     2026-09-09 23:49:01     2026-09-09 23:49:01 2026-09-09 23:49:01      0.211
INFO  [23:49:29.343] [bbotk]     2026-09-09 23:49:02     2026-09-09 23:49:02 2026-09-09 23:49:03      0.203
INFO  [23:49:29.343] [bbotk]     2026-09-09 23:49:03     2026-09-09 23:49:03 2026-09-09 23:49:04      0.220
INFO  [23:49:29.343] [bbotk]     2026-09-09 23:49:04     2026-09-09 23:49:04 2026-09-09 23:49:05      0.224
INFO  [23:49:29.343] [bbotk]     2026-09-09 23:49:05     2026-09-09 23:49:05 2026-09-09 23:49:06      0.215
INFO  [23:49:29.343] [bbotk]     2026-09-09 23:49:07     2026-09-09 23:49:07 2026-09-09 23:49:08      0.201
INFO  [23:49:29.343] [bbotk]     2026-09-09 23:49:08     2026-09-09 23:49:08 2026-09-09 23:49:09      0.207
INFO  [23:49:29.343] [bbotk]     2026-09-09 23:49:09     2026-09-09 23:49:09 2026-09-09 23:49:10      0.208
INFO  [23:49:29.343] [bbotk]     2026-09-09 23:49:11     2026-09-09 23:49:11 2026-09-09 23:49:11      0.214
INFO  [23:49:29.343] [bbotk]     2026-09-09 23:49:12     2026-09-09 23:49:12 2026-09-09 23:49:12      0.215
INFO  [23:49:29.343] [bbotk]     2026-09-09 23:49:13     2026-09-09 23:49:13 2026-09-09 23:49:14      0.206
INFO  [23:49:29.343] [bbotk]     2026-09-09 23:49:14     2026-09-09 23:49:14 2026-09-09 23:49:15      0.202
INFO  [23:49:29.343] [bbotk]     2026-09-09 23:49:16     2026-09-09 23:49:16 2026-09-09 23:49:16      0.210
INFO  [23:49:29.343] [bbotk]     2026-09-09 23:49:17     2026-09-09 23:49:17 2026-09-09 23:49:17      0.217
INFO  [23:49:29.343] [bbotk]     2026-09-09 23:49:18     2026-09-09 23:49:18 2026-09-09 23:49:19      0.221
INFO  [23:49:29.343] [bbotk]     2026-09-09 23:49:19     2026-09-09 23:49:19 2026-09-09 23:49:20      0.215
INFO  [23:49:29.343] [bbotk]     2026-09-09 23:49:20     2026-09-09 23:49:20 2026-09-09 23:49:21      0.211
INFO  [23:49:29.343] [bbotk]     2026-09-09 23:49:22     2026-09-09 23:49:22 2026-09-09 23:49:22      0.212
INFO  [23:49:29.343] [bbotk]     2026-09-09 23:49:23     2026-09-09 23:49:23 2026-09-09 23:49:24      0.214
INFO  [23:49:29.343] [bbotk]     2026-09-09 23:49:24     2026-09-09 23:49:24 2026-09-09 23:49:25      0.214
INFO  [23:49:29.343] [bbotk]     2026-09-09 23:49:25     2026-09-09 23:49:25 2026-09-09 23:49:26      0.198
INFO  [23:49:29.343] [bbotk]  timestamp_acq_function timestamp_acq_optimizer      timestamp_loop classif.ce
INFO  [23:49:29.343] [bbotk]  warnings errors runtime_learners internal_tuned_values
INFO  [23:49:29.343] [bbotk]         0      0            0.612     num_iterations=36
INFO  [23:49:29.343] [bbotk]         0      0            0.555     num_iterations=30
INFO  [23:49:29.343] [bbotk]         0      0            0.684     num_iterations=54
INFO  [23:49:29.343] [bbotk]         0      0            0.720     num_iterations=45
INFO  [23:49:29.343] [bbotk]         0      0            0.594     num_iterations=54
INFO  [23:49:29.343] [bbotk]         0      0            0.585     num_iterations=36
INFO  [23:49:29.343] [bbotk]         0      0            0.580     num_iterations=46
INFO  [23:49:29.343] [bbotk]         0      0            0.591     num_iterations=26
INFO  [23:49:29.343] [bbotk]         0      0            0.621     num_iterations=40
INFO  [23:49:29.343] [bbotk]         0      0            0.600     num_iterations=74
INFO  [23:49:29.343] [bbotk]         0      0            0.619     num_iterations=52
INFO  [23:49:29.343] [bbotk]         0      0            0.628     num_iterations=58
INFO  [23:49:29.343] [bbotk]         0      0            0.642     num_iterations=50
INFO  [23:49:29.343] [bbotk]         0      0            0.613     num_iterations=56
INFO  [23:49:29.343] [bbotk]         0      0            0.556     num_iterations=33
INFO  [23:49:29.343] [bbotk]         0      0            0.645     num_iterations=43
INFO  [23:49:29.343] [bbotk]         0      0            0.584     num_iterations=52
INFO  [23:49:29.343] [bbotk]         0      0            0.604     num_iterations=34
INFO  [23:49:29.343] [bbotk]         0      0            0.578     num_iterations=47
INFO  [23:49:29.343] [bbotk]         0      0            0.598     num_iterations=65
INFO  [23:49:29.343] [bbotk]         0      0            0.539     num_iterations=34
INFO  [23:49:29.343] [bbotk]         0      0            0.618     num_iterations=27
INFO  [23:49:29.343] [bbotk]         0      0            0.591     num_iterations=32
INFO  [23:49:29.343] [bbotk]         0      0            0.630     num_iterations=71
INFO  [23:49:29.343] [bbotk]         0      0            0.646     num_iterations=76
INFO  [23:49:29.343] [bbotk]         0      0            0.613     num_iterations=45
INFO  [23:49:29.343] [bbotk]         0      0            0.563     num_iterations=26
INFO  [23:49:29.343] [bbotk]         0      0            0.618     num_iterations=45
INFO  [23:49:29.343] [bbotk]         0      0            0.631     num_iterations=62
INFO  [23:49:29.343] [bbotk]         0      0            0.672     num_iterations=26
INFO  [23:49:29.343] [bbotk]         0      0            0.538     num_iterations=28
INFO  [23:49:29.343] [bbotk]         0      0            0.606     num_iterations=29
INFO  [23:49:29.343] [bbotk]         0      0            0.721     num_iterations=43
INFO  [23:49:29.343] [bbotk]         0      0            0.698     num_iterations=27
INFO  [23:49:29.343] [bbotk]         0      0            0.664     num_iterations=76
INFO  [23:49:29.343] [bbotk]         0      0            0.585     num_iterations=40
INFO  [23:49:29.343] [bbotk]         0      0            0.536     num_iterations=39
INFO  [23:49:29.343] [bbotk]         0      0            0.544     num_iterations=21
INFO  [23:49:29.343] [bbotk]         0      0            0.674     num_iterations=48
INFO  [23:49:29.343] [bbotk]         0      0            0.632     num_iterations=31
INFO  [23:49:29.343] [bbotk]         0      0            0.585     num_iterations=37
INFO  [23:49:29.343] [bbotk]         0      0            0.603     num_iterations=54
INFO  [23:49:29.343] [bbotk]         0      0            0.589     num_iterations=26
INFO  [23:49:29.343] [bbotk]         0      0            0.589     num_iterations=34
INFO  [23:49:29.343] [bbotk]  warnings errors runtime_learners internal_tuned_values
INFO  [23:49:29.929] [mlr3] Calling train method of fallback 'regr.ranger' on task 'surrogate_task' with 496 observations {learner: <LearnerRegrRanger/LearnerRegr/Learner/R6>}
INFO  [23:49:31.474] [mlr3] Calling train method of fallback 'regr.ranger' on task 'surrogate_task' with 497 observations {learner: <LearnerRegrRanger/LearnerRegr/Learner/R6>}
INFO  [23:49:32.664] [mlr3] Calling train method of fallback 'regr.ranger' on task 'surrogate_task' with 498 observations {learner: <LearnerRegrRanger/LearnerRegr/Learner/R6>}
INFO  [23:49:34.087] [mlr3] Calling train method of fallback 'regr.ranger' on task 'surrogate_task' with 499 observations {learner: <LearnerRegrRanger/LearnerRegr/Learner/R6>}
INFO  [23:49:35.334] [mlr3] Calling train method of fallback 'regr.ranger' on task 'surrogate_task' with 500 observations {learner: <LearnerRegrRanger/LearnerRegr/Learner/R6>}
INFO  [23:49:36.585] [mlr3] Calling train method of fallback 'regr.ranger' on task 'surrogate_task' with 501 observations {learner: <LearnerRegrRanger/LearnerRegr/Learner/R6>}
INFO  [23:49:37.832] [mlr3] Calling train method of fallback 'regr.ranger' on task 'surrogate_task' with 502 observations {learner: <LearnerRegrRanger/LearnerRegr/Learner/R6>}
INFO  [23:49:39.362] [mlr3] Calling train method of fallback 'regr.ranger' on task 'surrogate_task' with 503 observations {learner: <LearnerRegrRanger/LearnerRegr/Learner/R6>}
INFO  [23:49:40.603] [mlr3] Calling train method of fallback 'regr.ranger' on task 'surrogate_task' with 504 observations {learner: <LearnerRegrRanger/LearnerRegr/Learner/R6>}
INFO  [23:49:42.053] [mlr3] Calling train method of fallback 'regr.ranger' on task 'surrogate_task' with 505 observations {learner: <LearnerRegrRanger/LearnerRegr/Learner/R6>}
INFO  [23:49:43.405] [mlr3] Calling train method of fallback 'regr.ranger' on task 'surrogate_task' with 506 observations {learner: <LearnerRegrRanger/LearnerRegr/Learner/R6>}
INFO  [23:49:44.617] [mlr3] Calling train method of fallback 'regr.ranger' on task 'surrogate_task' with 507 observations {learner: <LearnerRegrRanger/LearnerRegr/Learner/R6>}
INFO  [23:49:45.890] [mlr3] Calling train method of fallback 'regr.ranger' on task 'surrogate_task' with 508 observations {learner: <LearnerRegrRanger/LearnerRegr/Learner/R6>}
INFO  [23:49:47.436] [mlr3] Calling train method of fallback 'regr.ranger' on task 'surrogate_task' with 509 observations {learner: <LearnerRegrRanger/LearnerRegr/Learner/R6>}
INFO  [23:49:48.736] [mlr3] Calling train method of fallback 'regr.ranger' on task 'surrogate_task' with 510 observations {learner: <LearnerRegrRanger/LearnerRegr/Learner/R6>}
INFO  [23:49:50.073] [mlr3] Calling train method of fallback 'regr.ranger' on task 'surrogate_task' with 511 observations {learner: <LearnerRegrRanger/LearnerRegr/Learner/R6>}
INFO  [23:49:51.359] [mlr3] Calling train method of fallback 'regr.ranger' on task 'surrogate_task' with 512 observations {learner: <LearnerRegrRanger/LearnerRegr/Learner/R6>}
INFO  [23:49:52.899] [mlr3] Calling train method of fallback 'regr.ranger' on task 'surrogate_task' with 513 observations {learner: <LearnerRegrRanger/LearnerRegr/Learner/R6>}
INFO  [23:49:54.238] [mlr3] Calling train method of fallback 'regr.ranger' on task 'surrogate_task' with 514 observations {learner: <LearnerRegrRanger/LearnerRegr/Learner/R6>}
INFO  [23:49:55.531] [mlr3] Calling train method of fallback 'regr.ranger' on task 'surrogate_task' with 515 observations {learner: <LearnerRegrRanger/LearnerRegr/Learner/R6>}
INFO  [23:49:56.835] [mlr3] Calling train method of fallback 'regr.ranger' on task 'surrogate_task' with 516 observations {learner: <LearnerRegrRanger/LearnerRegr/Learner/R6>}
INFO  [23:49:58.444] [mlr3] Calling train method of fallback 'regr.ranger' on task 'surrogate_task' with 517 observations {learner: <LearnerRegrRanger/LearnerRegr/Learner/R6>}
INFO  [23:49:59.709] [mlr3] Calling train method of fallback 'regr.ranger' on task 'surrogate_task' with 518 observations {learner: <LearnerRegrRanger/LearnerRegr/Learner/R6>}
INFO  [23:50:01.263] [mlr3] Calling train method of fallback 'regr.ranger' on task 'surrogate_task' with 519 observations {learner: <LearnerRegrRanger/LearnerRegr/Learner/R6>}
INFO  [23:50:02.543] [mlr3] Calling train method of fallback 'regr.ranger' on task 'surrogate_task' with 520 observations {learner: <LearnerRegrRanger/LearnerRegr/Learner/R6>}
INFO  [23:50:03.828] [mlr3] Calling train method of fallback 'regr.ranger' on task 'surrogate_task' with 521 observations {learner: <LearnerRegrRanger/LearnerRegr/Learner/R6>}
INFO  [23:50:05.117] [mlr3] Calling train method of fallback 'regr.ranger' on task 'surrogate_task' with 522 observations {learner: <LearnerRegrRanger/LearnerRegr/Learner/R6>}
INFO  [23:50:06.585] [mlr3] Calling train method of fallback 'regr.ranger' on task 'surrogate_task' with 523 observations {learner: <LearnerRegrRanger/LearnerRegr/Learner/R6>}
INFO  [23:50:07.915] [mlr3] Calling train method of fallback 'regr.ranger' on task 'surrogate_task' with 524 observations {learner: <LearnerRegrRanger/LearnerRegr/Learner/R6>}
INFO  [23:50:09.472] [mlr3] Calling train method of fallback 'regr.ranger' on task 'surrogate_task' with 525 observations {learner: <LearnerRegrRanger/LearnerRegr/Learner/R6>}
INFO  [23:50:10.730] [mlr3] Calling train method of fallback 'regr.ranger' on task 'surrogate_task' with 526 observations {learner: <LearnerRegrRanger/LearnerRegr/Learner/R6>}
INFO  [23:50:12.073] [mlr3] Calling train method of fallback 'regr.ranger' on task 'surrogate_task' with 527 observations {learner: <LearnerRegrRanger/LearnerRegr/Learner/R6>}
INFO  [23:50:13.333] [mlr3] Calling train method of fallback 'regr.ranger' on task 'surrogate_task' with 528 observations {learner: <LearnerRegrRanger/LearnerRegr/Learner/R6>}
INFO  [23:50:14.800] [mlr3] Calling train method of fallback 'regr.ranger' on task 'surrogate_task' with 529 observations {learner: <LearnerRegrRanger/LearnerRegr/Learner/R6>}
INFO  [23:50:16.295] [mlr3] Calling train method of fallback 'regr.ranger' on task 'surrogate_task' with 530 observations {learner: <LearnerRegrRanger/LearnerRegr/Learner/R6>}
INFO  [23:50:17.552] [mlr3] Calling train method of fallback 'regr.ranger' on task 'surrogate_task' with 531 observations {learner: <LearnerRegrRanger/LearnerRegr/Learner/R6>}
INFO  [23:50:18.898] [mlr3] Calling train method of fallback 'regr.ranger' on task 'surrogate_task' with 532 observations {learner: <LearnerRegrRanger/LearnerRegr/Learner/R6>}
INFO  [23:50:20.212] [mlr3] Calling train method of fallback 'regr.ranger' on task 'surrogate_task' with 533 observations {learner: <LearnerRegrRanger/LearnerRegr/Learner/R6>}
INFO  [23:50:21.666] [mlr3] Calling train method of fallback 'regr.ranger' on task 'surrogate_task' with 534 observations {learner: <LearnerRegrRanger/LearnerRegr/Learner/R6>}
INFO  [23:50:22.894] [mlr3] Calling train method of fallback 'regr.ranger' on task 'surrogate_task' with 535 observations {learner: <LearnerRegrRanger/LearnerRegr/Learner/R6>}
INFO  [23:50:24.194] [mlr3] Calling train method of fallback 'regr.ranger' on task 'surrogate_task' with 536 observations {learner: <LearnerRegrRanger/LearnerRegr/Learner/R6>}
INFO  [23:50:25.667] [mlr3] Calling train method of fallback 'regr.ranger' on task 'surrogate_task' with 537 observations {learner: <LearnerRegrRanger/LearnerRegr/Learner/R6>}
INFO  [23:50:26.955] [mlr3] Calling train method of fallback 'regr.ranger' on task 'surrogate_task' with 538 observations {learner: <LearnerRegrRanger/LearnerRegr/Learner/R6>}
INFO  [23:50:28.237] [mlr3] Calling train method of fallback 'regr.ranger' on task 'surrogate_task' with 539 observations {learner: <LearnerRegrRanger/LearnerRegr/Learner/R6>}
INFO  [23:50:28.978] [bbotk] Evaluating 44 configuration(s)
INFO  [23:50:29.096] [mlr3] Running benchmark with 440 resampling iterations
INFO  [23:50:30.383] [mlr3] Finished benchmark
INFO  [23:50:31.742] [bbotk] Result of batch 11:
INFO  [23:50:31.750] [bbotk]  learning_rate num_leaves min_data_in_leaf feature_fraction extra_trees
INFO  [23:50:31.750] [bbotk]     0.00000000         21               90        0.6637048        TRUE
INFO  [23:50:31.750] [bbotk]     0.00000000         10              131        0.3681076        TRUE
INFO  [23:50:31.750] [bbotk]     0.00000000         14               95        0.8517431        TRUE
INFO  [23:50:31.750] [bbotk]     0.00000000         11               93        0.7448668        TRUE
INFO  [23:50:31.750] [bbotk]    -0.94559729        160               98        0.7395041        TRUE
INFO  [23:50:31.750] [bbotk]     0.00000000         10               86        0.8958761        TRUE
INFO  [23:50:31.750] [bbotk]     0.00000000         10               99        0.2606360        TRUE
INFO  [23:50:31.750] [bbotk]    -0.06421104         14              101        0.5766958        TRUE
INFO  [23:50:31.750] [bbotk]     0.00000000         10               99        0.6316332        TRUE
INFO  [23:50:31.750] [bbotk]     0.00000000         10               91        0.6806547        TRUE
INFO  [23:50:31.750] [bbotk]     0.00000000        115               97        0.6743026        TRUE
INFO  [23:50:31.750] [bbotk]     0.00000000         11               82        0.1140344        TRUE
INFO  [23:50:31.750] [bbotk]    -0.01329141         18               98        0.6791736        TRUE
INFO  [23:50:31.750] [bbotk]     0.00000000         10              100        0.8069314        TRUE
INFO  [23:50:31.750] [bbotk]     0.00000000         10              100        0.1910821        TRUE
INFO  [23:50:31.750] [bbotk]    -0.51191017        125               20        0.5838744        TRUE
INFO  [23:50:31.750] [bbotk]     0.00000000         10               98        0.3074032        TRUE
INFO  [23:50:31.750] [bbotk]     0.00000000        199               98        0.6890783        TRUE
INFO  [23:50:31.750] [bbotk]    -0.55851288        114               19        0.4703716        TRUE
INFO  [23:50:31.750] [bbotk]     0.00000000         15               98        0.6376225        TRUE
INFO  [23:50:31.750] [bbotk]    -0.27828903        210               38        0.4966679        TRUE
INFO  [23:50:31.750] [bbotk]     0.00000000         16               97        0.7390348        TRUE
INFO  [23:50:31.750] [bbotk]     0.00000000         14               95        0.6625492        TRUE
INFO  [23:50:31.750] [bbotk]     0.00000000         10               94        0.7876191        TRUE
INFO  [23:50:31.750] [bbotk]     0.00000000        136               89        0.6878942        TRUE
INFO  [23:50:31.750] [bbotk]    -0.76837331        134               98        0.7309708        TRUE
INFO  [23:50:31.750] [bbotk]     0.00000000         14               97        0.6486345        TRUE
INFO  [23:50:31.750] [bbotk]    -0.23926452        146               98        0.7632108        TRUE
INFO  [23:50:31.750] [bbotk]    -0.20589685        145               48        0.6664525        TRUE
INFO  [23:50:31.750] [bbotk]     0.00000000         76               97        0.6762716        TRUE
INFO  [23:50:31.750] [bbotk]    -0.74637026         10               97        0.6796547        TRUE
INFO  [23:50:31.750] [bbotk]    -0.03466881         10               99        0.7335514        TRUE
INFO  [23:50:31.750] [bbotk]    -0.60360638        124               21        0.4035320        TRUE
INFO  [23:50:31.750] [bbotk]     0.00000000         15               99        0.1512259        TRUE
INFO  [23:50:31.750] [bbotk]     0.00000000         14               98        0.7154357        TRUE
INFO  [23:50:31.750] [bbotk]    -0.50150545        127               19        0.2615391        TRUE
INFO  [23:50:31.750] [bbotk]    -0.32214074        105               13        0.1864588        TRUE
INFO  [23:50:31.750] [bbotk]    -0.70749219         38               19        0.1808048        TRUE
INFO  [23:50:31.750] [bbotk]    -0.48561232         62               98        0.4671485        TRUE
INFO  [23:50:31.750] [bbotk]    -0.60537778        121               18        0.2247057        TRUE
INFO  [23:50:31.750] [bbotk]    -0.85385845        178               17        1.0000000        TRUE
INFO  [23:50:31.750] [bbotk]    -0.80637029        106               77        0.5115370        TRUE
INFO  [23:50:31.750] [bbotk]    -0.49930111        123               23        0.6005848        TRUE
INFO  [23:50:31.750] [bbotk]    -0.48776101        110               21        0.5047639        TRUE
INFO  [23:50:31.750] [bbotk]  learning_rate num_leaves min_data_in_leaf feature_fraction extra_trees
INFO  [23:50:31.750] [bbotk]   lambda_l1  lambda_l2 min_gain_to_split    acq_cb timestamp_surrogate
INFO  [23:50:31.750] [bbotk]  -6.4311354 -6.9077553         -6.907755 -3.870450 2026-09-09 23:49:29
INFO  [23:50:31.750] [bbotk]  -6.5972826 -6.6410743         -5.298339 -4.278200 2026-09-09 23:49:30
INFO  [23:50:31.750] [bbotk]  -6.4565912 -4.8773964         -6.907755 -4.527367 2026-09-09 23:49:32
INFO  [23:50:31.750] [bbotk]  -6.1208877 -6.6970924         -6.907755 -4.195604 2026-09-09 23:49:33
INFO  [23:50:31.750] [bbotk]  -6.8684473 -6.9077553         -6.907755 -3.790244 2026-09-09 23:49:34
INFO  [23:50:31.750] [bbotk]  -6.7636191 -6.9077553         -6.907755 -3.488831 2026-09-09 23:49:36
INFO  [23:50:31.750] [bbotk]  -6.4791391 -3.5364368         -3.858067 -3.191181 2026-09-09 23:49:37
INFO  [23:50:31.750] [bbotk]  -6.3701732 -6.6257682         -4.998895 -3.497841 2026-09-09 23:49:38
INFO  [23:50:31.750] [bbotk]  -6.9077553 -6.5259842         -6.907755 -4.298608 2026-09-09 23:49:40
INFO  [23:50:31.750] [bbotk]  -6.2712034 -6.5529899         -6.907755 -3.111855 2026-09-09 23:49:41
INFO  [23:50:31.750] [bbotk]  -1.3171344 -6.9077553         -6.907755 -2.703809 2026-09-09 23:49:42
INFO  [23:50:31.750] [bbotk]  -6.3097639 -6.5894003         -6.907755 -3.355321 2026-09-09 23:49:44
INFO  [23:50:31.750] [bbotk]  -6.2298775 -6.7168698         -6.218571 -4.034036 2026-09-09 23:49:45
INFO  [23:50:31.750] [bbotk]  -1.2360637  0.2452329         -6.907755 -2.686110 2026-09-09 23:49:46
INFO  [23:50:31.750] [bbotk]  -6.9077553 -6.8249460         -6.581557 -2.917096 2026-09-09 23:49:48
INFO  [23:50:31.750] [bbotk]  -6.3265750 -6.4036402         -5.162704 -2.619229 2026-09-09 23:49:49
INFO  [23:50:31.750] [bbotk]  -6.3551583 -6.9077553         -6.907755 -3.682214 2026-09-09 23:49:50
INFO  [23:50:31.750] [bbotk]  -6.0321234 -6.5923565         -6.907755 -3.685237 2026-09-09 23:49:52
INFO  [23:50:31.750] [bbotk]  -1.5966295 -2.9398898         -6.164909 -2.473993 2026-09-09 23:49:53
INFO  [23:50:31.750] [bbotk]  -6.9077553 -5.7159756         -6.907755 -3.796465 2026-09-09 23:49:54
INFO  [23:50:31.750] [bbotk]  -6.1442642 -6.6370572         -6.838130 -2.631367 2026-09-09 23:49:56
INFO  [23:50:31.750] [bbotk]  -6.9077553 -6.9077553         -4.451261 -2.437675 2026-09-09 23:49:57
INFO  [23:50:31.750] [bbotk]  -6.8631180 -6.9077553         -6.582432 -3.292399 2026-09-09 23:49:59
INFO  [23:50:31.750] [bbotk]  -6.6941071 -6.6137272         -6.907755 -2.764577 2026-09-09 23:50:00
INFO  [23:50:31.750] [bbotk]  -6.0732320 -2.9932930         -6.907755 -2.175053 2026-09-09 23:50:01
INFO  [23:50:31.750] [bbotk]  -5.7836772 -6.9077553         -6.907755 -2.522356 2026-09-09 23:50:03
INFO  [23:50:31.750] [bbotk]  -6.2146563 -6.8618986         -6.907755 -3.163537 2026-09-09 23:50:04
INFO  [23:50:31.750] [bbotk]  -6.3656924  1.4859919         -6.907755 -2.188894 2026-09-09 23:50:05
INFO  [23:50:31.750] [bbotk]  -5.8870052 -6.5917651         -6.907755 -3.028211 2026-09-09 23:50:07
INFO  [23:50:31.750] [bbotk]  -3.6644518 -6.7568593         -6.907755 -2.294898 2026-09-09 23:50:08
INFO  [23:50:31.750] [bbotk]  -6.5195883 -6.6853163         -6.816234 -2.335063 2026-09-09 23:50:10
INFO  [23:50:31.750] [bbotk]  -3.1921025 -6.6397553         -6.907755 -2.473219 2026-09-09 23:50:11
INFO  [23:50:31.750] [bbotk]  -5.5959713 -5.2003649         -5.076751 -2.261295 2026-09-09 23:50:12
INFO  [23:50:31.750] [bbotk]   0.2377914 -6.6023557         -5.088178 -2.574350 2026-09-09 23:50:13
INFO  [23:50:31.750] [bbotk]  -5.5779843 -5.0637392         -2.749939 -2.960776 2026-09-09 23:50:15
INFO  [23:50:31.750] [bbotk]  -6.3204544 -3.8712199         -6.339069 -2.521607 2026-09-09 23:50:16
INFO  [23:50:31.750] [bbotk]  -1.3545951  0.5692035         -6.287826 -2.181015 2026-09-09 23:50:18
INFO  [23:50:31.750] [bbotk]  -6.2697541 -2.9360083         -4.542955 -1.990517 2026-09-09 23:50:19
INFO  [23:50:31.750] [bbotk]  -6.3133601 -4.5592328         -5.248866 -2.439909 2026-09-09 23:50:21
INFO  [23:50:31.750] [bbotk]  -2.8577190 -2.8549279         -5.006087 -2.097233 2026-09-09 23:50:22
INFO  [23:50:31.750] [bbotk]  -5.7433245 -2.5278762         -6.780164 -2.048286 2026-09-09 23:50:23
INFO  [23:50:31.750] [bbotk]  -3.9557345 -6.5989151         -5.133409 -2.905276 2026-09-09 23:50:25
INFO  [23:50:31.750] [bbotk]  -2.3304724 -3.9951387         -6.245603 -2.290552 2026-09-09 23:50:26
INFO  [23:50:31.750] [bbotk]  -2.2083308 -2.6462615         -6.155905 -2.304112 2026-09-09 23:50:27
INFO  [23:50:31.750] [bbotk]   lambda_l1  lambda_l2 min_gain_to_split    acq_cb timestamp_surrogate
INFO  [23:50:31.750] [bbotk]  timestamp_acq_function timestamp_acq_optimizer      timestamp_loop classif.ce
INFO  [23:50:31.750] [bbotk]     2026-09-09 23:49:29     2026-09-09 23:49:29 2026-09-09 23:49:30      0.212
INFO  [23:50:31.750] [bbotk]     2026-09-09 23:49:31     2026-09-09 23:49:31 2026-09-09 23:49:32      0.217
INFO  [23:50:31.750] [bbotk]     2026-09-09 23:49:32     2026-09-09 23:49:32 2026-09-09 23:49:33      0.222
INFO  [23:50:31.750] [bbotk]     2026-09-09 23:49:34     2026-09-09 23:49:34 2026-09-09 23:49:34      0.211
INFO  [23:50:31.750] [bbotk]     2026-09-09 23:49:35     2026-09-09 23:49:35 2026-09-09 23:49:35      0.220
INFO  [23:50:31.750] [bbotk]     2026-09-09 23:49:36     2026-09-09 23:49:36 2026-09-09 23:49:37      0.210
INFO  [23:50:31.750] [bbotk]     2026-09-09 23:49:37     2026-09-09 23:49:37 2026-09-09 23:49:38      0.216
INFO  [23:50:31.750] [bbotk]     2026-09-09 23:49:39     2026-09-09 23:49:39 2026-09-09 23:49:40      0.221
INFO  [23:50:31.750] [bbotk]     2026-09-09 23:49:40     2026-09-09 23:49:40 2026-09-09 23:49:41      0.213
INFO  [23:50:31.750] [bbotk]     2026-09-09 23:49:42     2026-09-09 23:49:42 2026-09-09 23:49:42      0.216
INFO  [23:50:31.750] [bbotk]     2026-09-09 23:49:43     2026-09-09 23:49:43 2026-09-09 23:49:44      0.214
INFO  [23:50:31.750] [bbotk]     2026-09-09 23:49:44     2026-09-09 23:49:44 2026-09-09 23:49:45      0.228
INFO  [23:50:31.750] [bbotk]     2026-09-09 23:49:45     2026-09-09 23:49:45 2026-09-09 23:49:46      0.202
INFO  [23:50:31.750] [bbotk]     2026-09-09 23:49:47     2026-09-09 23:49:47 2026-09-09 23:49:48      0.210
INFO  [23:50:31.750] [bbotk]     2026-09-09 23:49:48     2026-09-09 23:49:48 2026-09-09 23:49:49      0.215
INFO  [23:50:31.750] [bbotk]     2026-09-09 23:49:50     2026-09-09 23:49:50 2026-09-09 23:49:50      0.211
INFO  [23:50:31.750] [bbotk]     2026-09-09 23:49:51     2026-09-09 23:49:51 2026-09-09 23:49:52      0.203
INFO  [23:50:31.750] [bbotk]     2026-09-09 23:49:52     2026-09-09 23:49:52 2026-09-09 23:49:53      0.197
INFO  [23:50:31.750] [bbotk]     2026-09-09 23:49:54     2026-09-09 23:49:54 2026-09-09 23:49:54      0.202
INFO  [23:50:31.750] [bbotk]     2026-09-09 23:49:55     2026-09-09 23:49:55 2026-09-09 23:49:56      0.194
INFO  [23:50:31.750] [bbotk]     2026-09-09 23:49:56     2026-09-09 23:49:56 2026-09-09 23:49:57      0.211
INFO  [23:50:31.750] [bbotk]     2026-09-09 23:49:58     2026-09-09 23:49:58 2026-09-09 23:49:59      0.212
INFO  [23:50:31.750] [bbotk]     2026-09-09 23:49:59     2026-09-09 23:49:59 2026-09-09 23:50:00      0.214
INFO  [23:50:31.750] [bbotk]     2026-09-09 23:50:01     2026-09-09 23:50:01 2026-09-09 23:50:01      0.214
INFO  [23:50:31.750] [bbotk]     2026-09-09 23:50:02     2026-09-09 23:50:02 2026-09-09 23:50:03      0.211
INFO  [23:50:31.750] [bbotk]     2026-09-09 23:50:03     2026-09-09 23:50:03 2026-09-09 23:50:04      0.211
INFO  [23:50:31.750] [bbotk]     2026-09-09 23:50:05     2026-09-09 23:50:05 2026-09-09 23:50:05      0.212
INFO  [23:50:31.750] [bbotk]     2026-09-09 23:50:06     2026-09-09 23:50:06 2026-09-09 23:50:07      0.219
INFO  [23:50:31.750] [bbotk]     2026-09-09 23:50:07     2026-09-09 23:50:07 2026-09-09 23:50:08      0.215
INFO  [23:50:31.750] [bbotk]     2026-09-09 23:50:09     2026-09-09 23:50:09 2026-09-09 23:50:10      0.209
INFO  [23:50:31.750] [bbotk]     2026-09-09 23:50:10     2026-09-09 23:50:10 2026-09-09 23:50:11      0.213
INFO  [23:50:31.750] [bbotk]     2026-09-09 23:50:12     2026-09-09 23:50:12 2026-09-09 23:50:12      0.204
INFO  [23:50:31.750] [bbotk]     2026-09-09 23:50:13     2026-09-09 23:50:13 2026-09-09 23:50:13      0.211
INFO  [23:50:31.750] [bbotk]     2026-09-09 23:50:14     2026-09-09 23:50:14 2026-09-09 23:50:15      0.230
INFO  [23:50:31.750] [bbotk]     2026-09-09 23:50:16     2026-09-09 23:50:16 2026-09-09 23:50:16      0.220
INFO  [23:50:31.750] [bbotk]     2026-09-09 23:50:17     2026-09-09 23:50:17 2026-09-09 23:50:18      0.205
INFO  [23:50:31.750] [bbotk]     2026-09-09 23:50:18     2026-09-09 23:50:18 2026-09-09 23:50:19      0.206
INFO  [23:50:31.750] [bbotk]     2026-09-09 23:50:20     2026-09-09 23:50:20 2026-09-09 23:50:21      0.215
INFO  [23:50:31.750] [bbotk]     2026-09-09 23:50:21     2026-09-09 23:50:21 2026-09-09 23:50:22      0.210
INFO  [23:50:31.750] [bbotk]     2026-09-09 23:50:22     2026-09-09 23:50:22 2026-09-09 23:50:23      0.216
INFO  [23:50:31.750] [bbotk]     2026-09-09 23:50:24     2026-09-09 23:50:24 2026-09-09 23:50:25      0.203
INFO  [23:50:31.750] [bbotk]     2026-09-09 23:50:25     2026-09-09 23:50:25 2026-09-09 23:50:26      0.216
INFO  [23:50:31.750] [bbotk]     2026-09-09 23:50:26     2026-09-09 23:50:26 2026-09-09 23:50:27      0.195
INFO  [23:50:31.750] [bbotk]     2026-09-09 23:50:28     2026-09-09 23:50:28 2026-09-09 23:50:28      0.209
INFO  [23:50:31.750] [bbotk]  timestamp_acq_function timestamp_acq_optimizer      timestamp_loop classif.ce
INFO  [23:50:31.750] [bbotk]  warnings errors runtime_learners internal_tuned_values
INFO  [23:50:31.750] [bbotk]         0      0            0.610     num_iterations=42
INFO  [23:50:31.750] [bbotk]         0      0            0.549     num_iterations=54
INFO  [23:50:31.750] [bbotk]         0      0            0.509     num_iterations=27
INFO  [23:50:31.750] [bbotk]         0      0            0.609     num_iterations=34
INFO  [23:50:31.750] [bbotk]         0      0            0.616     num_iterations=31
INFO  [23:50:31.750] [bbotk]         0      0            0.620     num_iterations=69
INFO  [23:50:31.750] [bbotk]         0      0            0.493     num_iterations=40
INFO  [23:50:31.750] [bbotk]         0      0            0.506     num_iterations=27
INFO  [23:50:31.750] [bbotk]         0      0            0.535     num_iterations=27
INFO  [23:50:31.750] [bbotk]         0      0            0.568     num_iterations=30
INFO  [23:50:31.750] [bbotk]         0      0            0.567     num_iterations=43
INFO  [23:50:31.750] [bbotk]         0      0            0.512     num_iterations=66
INFO  [23:50:31.750] [bbotk]         0      0            0.602     num_iterations=56
INFO  [23:50:31.750] [bbotk]         0      0            0.574     num_iterations=55
INFO  [23:50:31.750] [bbotk]         0      0            0.574     num_iterations=86
INFO  [23:50:31.750] [bbotk]         0      0            0.661     num_iterations=42
INFO  [23:50:31.750] [bbotk]         0      0            0.567     num_iterations=43
INFO  [23:50:31.750] [bbotk]         0      0            0.608     num_iterations=59
INFO  [23:50:31.750] [bbotk]         0      0            0.614     num_iterations=52
INFO  [23:50:31.750] [bbotk]         0      0            0.588     num_iterations=68
INFO  [23:50:31.750] [bbotk]         0      0            0.605     num_iterations=23
INFO  [23:50:31.750] [bbotk]         0      0            0.570     num_iterations=34
INFO  [23:50:31.750] [bbotk]         0      0            0.753     num_iterations=51
INFO  [23:50:31.750] [bbotk]         0      0            0.588     num_iterations=42
INFO  [23:50:31.750] [bbotk]         0      0            0.562     num_iterations=37
INFO  [23:50:31.750] [bbotk]         0      0            0.641     num_iterations=60
INFO  [23:50:31.750] [bbotk]         0      0            0.562     num_iterations=40
INFO  [23:50:31.750] [bbotk]         0      0            0.585     num_iterations=38
INFO  [23:50:31.750] [bbotk]         0      0            0.566     num_iterations=28
INFO  [23:50:31.750] [bbotk]         0      0            0.591     num_iterations=39
INFO  [23:50:31.750] [bbotk]         0      0            0.556     num_iterations=35
INFO  [23:50:31.750] [bbotk]         0      0            0.579     num_iterations=37
INFO  [23:50:31.750] [bbotk]         0      0            0.611     num_iterations=30
INFO  [23:50:31.750] [bbotk]         0      0            0.576     num_iterations=40
INFO  [23:50:31.750] [bbotk]         0      0            0.501     num_iterations=37
INFO  [23:50:31.750] [bbotk]         0      0            0.544     num_iterations=31
INFO  [23:50:31.750] [bbotk]         0      0            0.572     num_iterations=68
INFO  [23:50:31.750] [bbotk]         0      0            0.586     num_iterations=56
INFO  [23:50:31.750] [bbotk]         0      0            0.546     num_iterations=31
INFO  [23:50:31.750] [bbotk]         0      0            0.613     num_iterations=67
INFO  [23:50:31.750] [bbotk]         0      0            0.673     num_iterations=29
INFO  [23:50:31.750] [bbotk]         0      0            0.636     num_iterations=33
INFO  [23:50:31.750] [bbotk]         0      0            0.579     num_iterations=38
INFO  [23:50:31.750] [bbotk]         0      0            0.623     num_iterations=47
INFO  [23:50:31.750] [bbotk]  warnings errors runtime_learners internal_tuned_values
INFO  [23:50:32.418] [mlr3] Calling train method of fallback 'regr.ranger' on task 'surrogate_task' with 540 observations {learner: <LearnerRegrRanger/LearnerRegr/Learner/R6>}
INFO  [23:50:33.985] [mlr3] Calling train method of fallback 'regr.ranger' on task 'surrogate_task' with 541 observations {learner: <LearnerRegrRanger/LearnerRegr/Learner/R6>}
INFO  [23:50:35.543] [mlr3] Calling train method of fallback 'regr.ranger' on task 'surrogate_task' with 542 observations {learner: <LearnerRegrRanger/LearnerRegr/Learner/R6>}
INFO  [23:50:36.830] [mlr3] Calling train method of fallback 'regr.ranger' on task 'surrogate_task' with 543 observations {learner: <LearnerRegrRanger/LearnerRegr/Learner/R6>}
INFO  [23:50:38.111] [mlr3] Calling train method of fallback 'regr.ranger' on task 'surrogate_task' with 544 observations {learner: <LearnerRegrRanger/LearnerRegr/Learner/R6>}
INFO  [23:50:39.477] [mlr3] Calling train method of fallback 'regr.ranger' on task 'surrogate_task' with 545 observations {learner: <LearnerRegrRanger/LearnerRegr/Learner/R6>}
INFO  [23:50:40.998] [mlr3] Calling train method of fallback 'regr.ranger' on task 'surrogate_task' with 546 observations {learner: <LearnerRegrRanger/LearnerRegr/Learner/R6>}
INFO  [23:50:42.320] [mlr3] Calling train method of fallback 'regr.ranger' on task 'surrogate_task' with 547 observations {learner: <LearnerRegrRanger/LearnerRegr/Learner/R6>}
INFO  [23:50:43.680] [mlr3] Calling train method of fallback 'regr.ranger' on task 'surrogate_task' with 548 observations {learner: <LearnerRegrRanger/LearnerRegr/Learner/R6>}
INFO  [23:50:45.162] [mlr3] Calling train method of fallback 'regr.ranger' on task 'surrogate_task' with 549 observations {learner: <LearnerRegrRanger/LearnerRegr/Learner/R6>}
INFO  [23:50:46.465] [mlr3] Calling train method of fallback 'regr.ranger' on task 'surrogate_task' with 550 observations {learner: <LearnerRegrRanger/LearnerRegr/Learner/R6>}
INFO  [23:50:47.785] [mlr3] Calling train method of fallback 'regr.ranger' on task 'surrogate_task' with 551 observations {learner: <LearnerRegrRanger/LearnerRegr/Learner/R6>}
INFO  [23:50:49.100] [mlr3] Calling train method of fallback 'regr.ranger' on task 'surrogate_task' with 552 observations {learner: <LearnerRegrRanger/LearnerRegr/Learner/R6>}
INFO  [23:50:50.621] [mlr3] Calling train method of fallback 'regr.ranger' on task 'surrogate_task' with 553 observations {learner: <LearnerRegrRanger/LearnerRegr/Learner/R6>}
INFO  [23:50:51.961] [mlr3] Calling train method of fallback 'regr.ranger' on task 'surrogate_task' with 554 observations {learner: <LearnerRegrRanger/LearnerRegr/Learner/R6>}
INFO  [23:50:53.321] [mlr3] Calling train method of fallback 'regr.ranger' on task 'surrogate_task' with 555 observations {learner: <LearnerRegrRanger/LearnerRegr/Learner/R6>}
INFO  [23:50:54.893] [mlr3] Calling train method of fallback 'regr.ranger' on task 'surrogate_task' with 556 observations {learner: <LearnerRegrRanger/LearnerRegr/Learner/R6>}
INFO  [23:50:56.223] [mlr3] Calling train method of fallback 'regr.ranger' on task 'surrogate_task' with 557 observations {learner: <LearnerRegrRanger/LearnerRegr/Learner/R6>}
INFO  [23:50:57.566] [mlr3] Calling train method of fallback 'regr.ranger' on task 'surrogate_task' with 558 observations {learner: <LearnerRegrRanger/LearnerRegr/Learner/R6>}
INFO  [23:50:59.112] [mlr3] Calling train method of fallback 'regr.ranger' on task 'surrogate_task' with 559 observations {learner: <LearnerRegrRanger/LearnerRegr/Learner/R6>}
INFO  [23:51:00.431] [mlr3] Calling train method of fallback 'regr.ranger' on task 'surrogate_task' with 560 observations {learner: <LearnerRegrRanger/LearnerRegr/Learner/R6>}
INFO  [23:51:01.951] [mlr3] Calling train method of fallback 'regr.ranger' on task 'surrogate_task' with 561 observations {learner: <LearnerRegrRanger/LearnerRegr/Learner/R6>}
INFO  [23:51:03.262] [mlr3] Calling train method of fallback 'regr.ranger' on task 'surrogate_task' with 562 observations {learner: <LearnerRegrRanger/LearnerRegr/Learner/R6>}
INFO  [23:51:04.654] [mlr3] Calling train method of fallback 'regr.ranger' on task 'surrogate_task' with 563 observations {learner: <LearnerRegrRanger/LearnerRegr/Learner/R6>}
INFO  [23:51:06.013] [mlr3] Calling train method of fallback 'regr.ranger' on task 'surrogate_task' with 564 observations {learner: <LearnerRegrRanger/LearnerRegr/Learner/R6>}
INFO  [23:51:07.394] [mlr3] Calling train method of fallback 'regr.ranger' on task 'surrogate_task' with 565 observations {learner: <LearnerRegrRanger/LearnerRegr/Learner/R6>}
INFO  [23:51:08.785] [mlr3] Calling train method of fallback 'regr.ranger' on task 'surrogate_task' with 566 observations {learner: <LearnerRegrRanger/LearnerRegr/Learner/R6>}
INFO  [23:51:10.362] [mlr3] Calling train method of fallback 'regr.ranger' on task 'surrogate_task' with 567 observations {learner: <LearnerRegrRanger/LearnerRegr/Learner/R6>}
INFO  [23:51:11.736] [mlr3] Calling train method of fallback 'regr.ranger' on task 'surrogate_task' with 568 observations {learner: <LearnerRegrRanger/LearnerRegr/Learner/R6>}
INFO  [23:51:13.078] [mlr3] Calling train method of fallback 'regr.ranger' on task 'surrogate_task' with 569 observations {learner: <LearnerRegrRanger/LearnerRegr/Learner/R6>}
INFO  [23:51:14.468] [mlr3] Calling train method of fallback 'regr.ranger' on task 'surrogate_task' with 570 observations {learner: <LearnerRegrRanger/LearnerRegr/Learner/R6>}
INFO  [23:51:15.978] [mlr3] Calling train method of fallback 'regr.ranger' on task 'surrogate_task' with 571 observations {learner: <LearnerRegrRanger/LearnerRegr/Learner/R6>}
INFO  [23:51:17.591] [mlr3] Calling train method of fallback 'regr.ranger' on task 'surrogate_task' with 572 observations {learner: <LearnerRegrRanger/LearnerRegr/Learner/R6>}
INFO  [23:51:18.985] [mlr3] Calling train method of fallback 'regr.ranger' on task 'surrogate_task' with 573 observations {learner: <LearnerRegrRanger/LearnerRegr/Learner/R6>}
INFO  [23:51:20.400] [mlr3] Calling train method of fallback 'regr.ranger' on task 'surrogate_task' with 574 observations {learner: <LearnerRegrRanger/LearnerRegr/Learner/R6>}
INFO  [23:51:21.729] [mlr3] Calling train method of fallback 'regr.ranger' on task 'surrogate_task' with 575 observations {learner: <LearnerRegrRanger/LearnerRegr/Learner/R6>}
INFO  [23:51:23.379] [mlr3] Calling train method of fallback 'regr.ranger' on task 'surrogate_task' with 576 observations {learner: <LearnerRegrRanger/LearnerRegr/Learner/R6>}
INFO  [23:51:24.836] [mlr3] Calling train method of fallback 'regr.ranger' on task 'surrogate_task' with 577 observations {learner: <LearnerRegrRanger/LearnerRegr/Learner/R6>}
INFO  [23:51:26.213] [mlr3] Calling train method of fallback 'regr.ranger' on task 'surrogate_task' with 578 observations {learner: <LearnerRegrRanger/LearnerRegr/Learner/R6>}
INFO  [23:51:27.784] [mlr3] Calling train method of fallback 'regr.ranger' on task 'surrogate_task' with 579 observations {learner: <LearnerRegrRanger/LearnerRegr/Learner/R6>}
INFO  [23:51:29.167] [mlr3] Calling train method of fallback 'regr.ranger' on task 'surrogate_task' with 580 observations {learner: <LearnerRegrRanger/LearnerRegr/Learner/R6>}
INFO  [23:51:30.534] [mlr3] Calling train method of fallback 'regr.ranger' on task 'surrogate_task' with 581 observations {learner: <LearnerRegrRanger/LearnerRegr/Learner/R6>}
INFO  [23:51:32.043] [mlr3] Calling train method of fallback 'regr.ranger' on task 'surrogate_task' with 582 observations {learner: <LearnerRegrRanger/LearnerRegr/Learner/R6>}
INFO  [23:51:33.451] [mlr3] Calling train method of fallback 'regr.ranger' on task 'surrogate_task' with 583 observations {learner: <LearnerRegrRanger/LearnerRegr/Learner/R6>}
INFO  [23:51:34.180] [bbotk] Evaluating 44 configuration(s)
INFO  [23:51:34.302] [mlr3] Running benchmark with 440 resampling iterations
INFO  [23:51:35.560] [mlr3] Finished benchmark
INFO  [23:51:37.110] [bbotk] Result of batch 12:
INFO  [23:51:37.118] [bbotk]  learning_rate num_leaves min_data_in_leaf feature_fraction extra_trees
INFO  [23:51:37.118] [bbotk]     0.00000000        124                1        0.2967599        TRUE
INFO  [23:51:37.118] [bbotk]     0.00000000        185               98        0.6799748        TRUE
INFO  [23:51:37.118] [bbotk]     0.00000000        199               99        0.7299766        TRUE
INFO  [23:51:37.118] [bbotk]     0.00000000        196               98        1.0000000        TRUE
INFO  [23:51:37.118] [bbotk]     0.00000000         16               99        0.3469843        TRUE
INFO  [23:51:37.118] [bbotk]     0.00000000         15              129        0.6758693        TRUE
INFO  [23:51:37.118] [bbotk]     0.00000000         94               98        0.6056639        TRUE
INFO  [23:51:37.118] [bbotk]    -0.15372043         14               99        0.9069931        TRUE
INFO  [23:51:37.118] [bbotk]    -0.48752672        119               19        0.4211405        TRUE
INFO  [23:51:37.118] [bbotk]     0.00000000         14               99        0.6504030        TRUE
INFO  [23:51:37.118] [bbotk]    -0.48279665        116               18        0.3035061        TRUE
INFO  [23:51:37.118] [bbotk]     0.00000000        135               64        0.6385551        TRUE
INFO  [23:51:37.118] [bbotk]     0.00000000        121               99        0.6553450        TRUE
INFO  [23:51:37.118] [bbotk]    -1.29241773         13               15        0.6653691        TRUE
INFO  [23:51:37.118] [bbotk]     0.00000000        179               98        0.6685604        TRUE
INFO  [23:51:37.118] [bbotk]     0.00000000         11               99        0.6667342        TRUE
INFO  [23:51:37.118] [bbotk]    -0.57334880         11              131        0.3599921        TRUE
INFO  [23:51:37.118] [bbotk]    -0.58296035         11               98        0.2794661        TRUE
INFO  [23:51:37.118] [bbotk]     0.00000000        135               88        0.6743450        TRUE
INFO  [23:51:37.118] [bbotk]     0.00000000         94               97        0.6755922        TRUE
INFO  [23:51:37.118] [bbotk]     0.00000000        128               99        0.6962527        TRUE
INFO  [23:51:37.118] [bbotk]    -0.69299706        113               21        0.5175393        TRUE
INFO  [23:51:37.118] [bbotk]    -0.46583633         10               24        0.6502353        TRUE
INFO  [23:51:37.118] [bbotk]    -0.02519873         11               80        0.6607381        TRUE
INFO  [23:51:37.118] [bbotk]    -1.09489618         10               17        1.0000000        TRUE
INFO  [23:51:37.118] [bbotk]     0.00000000         10               98        0.5128311        TRUE
INFO  [23:51:37.118] [bbotk]    -0.55954243        115               23        0.4253274        TRUE
INFO  [23:51:37.118] [bbotk]     0.00000000         15               98        0.7080439        TRUE
INFO  [23:51:37.118] [bbotk]     0.00000000         10               98        0.8191603        TRUE
INFO  [23:51:37.118] [bbotk]     0.00000000         10               97        0.6742223        TRUE
INFO  [23:51:37.118] [bbotk]    -0.47101569        116               23        0.5937070        TRUE
INFO  [23:51:37.118] [bbotk]    -0.98400088        134               17        0.4988055        TRUE
INFO  [23:51:37.118] [bbotk]     0.00000000        189               98        0.6845352        TRUE
INFO  [23:51:37.118] [bbotk]     0.00000000        230               44        0.7020030        TRUE
INFO  [23:51:37.118] [bbotk]    -0.27831146        223               98        0.2991625        TRUE
INFO  [23:51:37.118] [bbotk]    -0.52779535        128               63        0.6099557        TRUE
INFO  [23:51:37.118] [bbotk]     0.00000000         15              100        0.6769007        TRUE
INFO  [23:51:37.118] [bbotk]    -0.60502041         80               17        0.2270583        TRUE
INFO  [23:51:37.118] [bbotk]     0.00000000         14               96        0.6241762        TRUE
INFO  [23:51:37.118] [bbotk]     0.00000000         11               98        0.9443662        TRUE
INFO  [23:51:37.118] [bbotk]     0.00000000        136               44        0.6840155        TRUE
INFO  [23:51:37.118] [bbotk]    -2.12353128        104               10        0.2261995        TRUE
INFO  [23:51:37.118] [bbotk]    -0.52300695        129               23        0.6010994        TRUE
INFO  [23:51:37.118] [bbotk]     0.00000000         17               97        0.6416207        TRUE
INFO  [23:51:37.118] [bbotk]  learning_rate num_leaves min_data_in_leaf feature_fraction extra_trees
INFO  [23:51:37.118] [bbotk]   lambda_l1  lambda_l2 min_gain_to_split    acq_cb timestamp_surrogate
INFO  [23:51:37.118] [bbotk]  -2.2015353 -5.3909599         -6.280372 -2.225296 2026-09-09 23:50:31
INFO  [23:51:37.118] [bbotk]  -3.5650784 -3.2137224         -6.907755 -2.891720 2026-09-09 23:50:33
INFO  [23:51:37.118] [bbotk]  -2.5952941 -6.9077553         -6.793723 -2.511936 2026-09-09 23:50:34
INFO  [23:51:37.118] [bbotk]  -6.3346472 -3.0062008         -6.907755 -2.686834 2026-09-09 23:50:36
INFO  [23:51:37.118] [bbotk]  -6.9077553 -6.6497999         -6.907755 -3.248495 2026-09-09 23:50:37
INFO  [23:51:37.118] [bbotk]  -6.9077553 -6.6429441         -6.907755 -3.075615 2026-09-09 23:50:38
INFO  [23:51:37.118] [bbotk]  -6.9077553  1.1894029         -6.323212 -2.659646 2026-09-09 23:50:40
INFO  [23:51:37.118] [bbotk]  -6.2544630 -6.2443997         -6.907755 -3.313675 2026-09-09 23:50:41
INFO  [23:51:37.118] [bbotk]  -5.9844004 -4.2277270         -6.239205 -2.429657 2026-09-09 23:50:43
INFO  [23:51:37.118] [bbotk]  -6.5949818 -6.1923481         -6.907755 -3.245584 2026-09-09 23:50:44
INFO  [23:51:37.118] [bbotk]  -1.2786554  0.7975810         -6.214059 -2.247348 2026-09-09 23:50:45
INFO  [23:51:37.118] [bbotk]  -6.9077553 -5.9259642         -6.907755 -2.253082 2026-09-09 23:50:47
INFO  [23:51:37.118] [bbotk]  -5.5667572 -6.6333843         -6.907755 -2.447415 2026-09-09 23:50:48
INFO  [23:51:37.118] [bbotk]  -6.0036308  2.7052176         -6.907755 -2.231514 2026-09-09 23:50:49
INFO  [23:51:37.118] [bbotk]  -6.9077553 -6.5044236         -6.907755 -3.054260 2026-09-09 23:50:51
INFO  [23:51:37.118] [bbotk]  -4.7792856 -1.6974268         -6.889987 -2.287115 2026-09-09 23:50:52
INFO  [23:51:37.118] [bbotk]  -6.3446437 -6.4715412         -6.259042 -2.371647 2026-09-09 23:50:54
INFO  [23:51:37.118] [bbotk]  -5.9229562 -6.6880299         -3.978082 -2.773960 2026-09-09 23:50:55
INFO  [23:51:37.118] [bbotk]  -6.9077553 -6.9077553         -6.907755 -2.329446 2026-09-09 23:50:56
INFO  [23:51:37.118] [bbotk]  -3.0453153 -6.8222641         -6.907755 -2.858250 2026-09-09 23:50:58
INFO  [23:51:37.118] [bbotk]  -6.9077553 -5.5986414         -5.939958 -2.055019 2026-09-09 23:50:59
INFO  [23:51:37.118] [bbotk]  -2.7566459 -2.2270038         -4.984561 -2.207476 2026-09-09 23:51:01
INFO  [23:51:37.118] [bbotk]  -6.3585645 -0.4092621         -6.901298 -2.957123 2026-09-09 23:51:02
INFO  [23:51:37.118] [bbotk]  -6.3489304 -6.6722396         -6.907755 -3.026198 2026-09-09 23:51:03
INFO  [23:51:37.118] [bbotk]  -6.3492673 -0.9585452         -6.907755 -2.717204 2026-09-09 23:51:05
INFO  [23:51:37.118] [bbotk]  -6.4672241 -6.5634528         -6.907755 -3.853889 2026-09-09 23:51:06
INFO  [23:51:37.118] [bbotk]  -1.8606826 -1.9273927         -6.151234 -2.242490 2026-09-09 23:51:08
INFO  [23:51:37.118] [bbotk]  -6.4814217 -6.6523426         -5.842468 -3.251054 2026-09-09 23:51:09
INFO  [23:51:37.118] [bbotk]  -6.4065755 -6.7356040         -6.907755 -3.130884 2026-09-09 23:51:11
INFO  [23:51:37.118] [bbotk]  -6.3585645 -5.5081247         -4.978196 -2.297583 2026-09-09 23:51:12
INFO  [23:51:37.118] [bbotk]  -2.2911231 -4.0103889         -6.254616 -2.694724 2026-09-09 23:51:13
INFO  [23:51:37.118] [bbotk]  -6.3395449 -6.9077553         -4.420079 -3.176459 2026-09-09 23:51:15
INFO  [23:51:37.118] [bbotk]  -6.0313055 -6.9077553         -6.674838 -2.629664 2026-09-09 23:51:16
INFO  [23:51:37.118] [bbotk]  -6.3408726 -4.8986773         -6.907755 -3.578848 2026-09-09 23:51:18
INFO  [23:51:37.118] [bbotk]  -6.0468358 -0.3442285         -6.257384 -2.099469 2026-09-09 23:51:19
INFO  [23:51:37.118] [bbotk]  -2.3329301 -3.7160508         -6.341179 -2.147618 2026-09-09 23:51:21
INFO  [23:51:37.118] [bbotk]  -1.3341409 -6.5774531         -6.907755 -2.768196 2026-09-09 23:51:22
INFO  [23:51:37.118] [bbotk]  -6.3450912 -4.0635858         -6.186338 -2.672685 2026-09-09 23:51:24
INFO  [23:51:37.118] [bbotk]  -6.9077553 -5.3183850         -6.907755 -2.561932 2026-09-09 23:51:25
INFO  [23:51:37.118] [bbotk]  -6.1899175 -6.6310792         -6.907755 -2.971463 2026-09-09 23:51:27
INFO  [23:51:37.118] [bbotk]  -6.1622364 -6.5976493         -6.907755 -2.621258 2026-09-09 23:51:28
INFO  [23:51:37.118] [bbotk]  -0.8812316 -0.6878903         -5.541801 -1.853634 2026-09-09 23:51:29
INFO  [23:51:37.118] [bbotk]  -3.6918927 -3.9848314         -6.180148 -2.483194 2026-09-09 23:51:31
INFO  [23:51:37.118] [bbotk]  -6.9077553 -5.7638383         -6.907755 -2.469439 2026-09-09 23:51:32
INFO  [23:51:37.118] [bbotk]   lambda_l1  lambda_l2 min_gain_to_split    acq_cb timestamp_surrogate
INFO  [23:51:37.118] [bbotk]  timestamp_acq_function timestamp_acq_optimizer      timestamp_loop classif.ce
INFO  [23:51:37.118] [bbotk]     2026-09-09 23:50:32     2026-09-09 23:50:32 2026-09-09 23:50:33      0.220
INFO  [23:51:37.118] [bbotk]     2026-09-09 23:50:34     2026-09-09 23:50:34 2026-09-09 23:50:34      0.198
INFO  [23:51:37.118] [bbotk]     2026-09-09 23:50:35     2026-09-09 23:50:35 2026-09-09 23:50:36      0.216
INFO  [23:51:37.118] [bbotk]     2026-09-09 23:50:36     2026-09-09 23:50:36 2026-09-09 23:50:37      0.217
INFO  [23:51:37.118] [bbotk]     2026-09-09 23:50:38     2026-09-09 23:50:38 2026-09-09 23:50:38      0.211
INFO  [23:51:37.118] [bbotk]     2026-09-09 23:50:39     2026-09-09 23:50:39 2026-09-09 23:50:40      0.207
INFO  [23:51:37.118] [bbotk]     2026-09-09 23:50:41     2026-09-09 23:50:41 2026-09-09 23:50:41      0.210
INFO  [23:51:37.118] [bbotk]     2026-09-09 23:50:42     2026-09-09 23:50:42 2026-09-09 23:50:43      0.211
INFO  [23:51:37.118] [bbotk]     2026-09-09 23:50:43     2026-09-09 23:50:43 2026-09-09 23:50:44      0.210
INFO  [23:51:37.118] [bbotk]     2026-09-09 23:50:45     2026-09-09 23:50:45 2026-09-09 23:50:45      0.207
INFO  [23:51:37.118] [bbotk]     2026-09-09 23:50:46     2026-09-09 23:50:46 2026-09-09 23:50:47      0.209
INFO  [23:51:37.118] [bbotk]     2026-09-09 23:50:47     2026-09-09 23:50:47 2026-09-09 23:50:48      0.203
INFO  [23:51:37.118] [bbotk]     2026-09-09 23:50:49     2026-09-09 23:50:49 2026-09-09 23:50:49      0.209
INFO  [23:51:37.118] [bbotk]     2026-09-09 23:50:50     2026-09-09 23:50:50 2026-09-09 23:50:51      0.213
INFO  [23:51:37.118] [bbotk]     2026-09-09 23:50:51     2026-09-09 23:50:51 2026-09-09 23:50:52      0.194
INFO  [23:51:37.118] [bbotk]     2026-09-09 23:50:53     2026-09-09 23:50:53 2026-09-09 23:50:54      0.201
INFO  [23:51:37.118] [bbotk]     2026-09-09 23:50:54     2026-09-09 23:50:54 2026-09-09 23:50:55      0.221
INFO  [23:51:37.118] [bbotk]     2026-09-09 23:50:56     2026-09-09 23:50:56 2026-09-09 23:50:56      0.215
INFO  [23:51:37.118] [bbotk]     2026-09-09 23:50:57     2026-09-09 23:50:57 2026-09-09 23:50:58      0.214
INFO  [23:51:37.118] [bbotk]     2026-09-09 23:50:59     2026-09-09 23:50:59 2026-09-09 23:50:59      0.211
INFO  [23:51:37.118] [bbotk]     2026-09-09 23:51:00     2026-09-09 23:51:00 2026-09-09 23:51:01      0.205
INFO  [23:51:37.118] [bbotk]     2026-09-09 23:51:01     2026-09-09 23:51:01 2026-09-09 23:51:02      0.213
INFO  [23:51:37.118] [bbotk]     2026-09-09 23:51:03     2026-09-09 23:51:03 2026-09-09 23:51:03      0.199
INFO  [23:51:37.118] [bbotk]     2026-09-09 23:51:04     2026-09-09 23:51:04 2026-09-09 23:51:05      0.206
INFO  [23:51:37.118] [bbotk]     2026-09-09 23:51:06     2026-09-09 23:51:06 2026-09-09 23:51:06      0.207
INFO  [23:51:37.118] [bbotk]     2026-09-09 23:51:07     2026-09-09 23:51:07 2026-09-09 23:51:08      0.216
INFO  [23:51:37.118] [bbotk]     2026-09-09 23:51:08     2026-09-09 23:51:08 2026-09-09 23:51:09      0.205
INFO  [23:51:37.118] [bbotk]     2026-09-09 23:51:10     2026-09-09 23:51:10 2026-09-09 23:51:11      0.208
INFO  [23:51:37.118] [bbotk]     2026-09-09 23:51:11     2026-09-09 23:51:11 2026-09-09 23:51:12      0.214
INFO  [23:51:37.118] [bbotk]     2026-09-09 23:51:13     2026-09-09 23:51:13 2026-09-09 23:51:13      0.208
INFO  [23:51:37.118] [bbotk]     2026-09-09 23:51:14     2026-09-09 23:51:14 2026-09-09 23:51:15      0.197
INFO  [23:51:37.118] [bbotk]     2026-09-09 23:51:16     2026-09-09 23:51:16 2026-09-09 23:51:16      0.210
INFO  [23:51:37.118] [bbotk]     2026-09-09 23:51:17     2026-09-09 23:51:17 2026-09-09 23:51:18      0.201
INFO  [23:51:37.118] [bbotk]     2026-09-09 23:51:19     2026-09-09 23:51:19 2026-09-09 23:51:19      0.213
INFO  [23:51:37.118] [bbotk]     2026-09-09 23:51:20     2026-09-09 23:51:20 2026-09-09 23:51:21      0.217
INFO  [23:51:37.118] [bbotk]     2026-09-09 23:51:21     2026-09-09 23:51:21 2026-09-09 23:51:22      0.212
INFO  [23:51:37.118] [bbotk]     2026-09-09 23:51:23     2026-09-09 23:51:23 2026-09-09 23:51:24      0.217
INFO  [23:51:37.118] [bbotk]     2026-09-09 23:51:24     2026-09-09 23:51:24 2026-09-09 23:51:25      0.210
INFO  [23:51:37.118] [bbotk]     2026-09-09 23:51:26     2026-09-09 23:51:26 2026-09-09 23:51:27      0.221
INFO  [23:51:37.118] [bbotk]     2026-09-09 23:51:27     2026-09-09 23:51:27 2026-09-09 23:51:28      0.210
INFO  [23:51:37.118] [bbotk]     2026-09-09 23:51:29     2026-09-09 23:51:29 2026-09-09 23:51:29      0.216
INFO  [23:51:37.118] [bbotk]     2026-09-09 23:51:30     2026-09-09 23:51:30 2026-09-09 23:51:31      0.218
INFO  [23:51:37.118] [bbotk]     2026-09-09 23:51:32     2026-09-09 23:51:32 2026-09-09 23:51:32      0.210
INFO  [23:51:37.118] [bbotk]     2026-09-09 23:51:33     2026-09-09 23:51:33 2026-09-09 23:51:34      0.208
INFO  [23:51:37.118] [bbotk]  timestamp_acq_function timestamp_acq_optimizer      timestamp_loop classif.ce
INFO  [23:51:37.118] [bbotk]  warnings errors runtime_learners internal_tuned_values
INFO  [23:51:37.118] [bbotk]         0      0            0.633     num_iterations=51
INFO  [23:51:37.118] [bbotk]         0      0            0.653     num_iterations=56
INFO  [23:51:37.118] [bbotk]         0      0            0.581     num_iterations=36
INFO  [23:51:37.118] [bbotk]         0      0            0.639     num_iterations=45
INFO  [23:51:37.118] [bbotk]         0      0            0.512     num_iterations=40
INFO  [23:51:37.118] [bbotk]         0      0            0.561     num_iterations=56
INFO  [23:51:37.118] [bbotk]         0      0            0.611     num_iterations=61
INFO  [23:51:37.118] [bbotk]         0      0            0.507     num_iterations=26
INFO  [23:51:37.118] [bbotk]         0      0            0.644     num_iterations=37
INFO  [23:51:37.118] [bbotk]         0      0            0.638     num_iterations=59
INFO  [23:51:37.118] [bbotk]         0      0            0.576     num_iterations=58
INFO  [23:51:37.118] [bbotk]         0      0            0.686     num_iterations=64
INFO  [23:51:37.118] [bbotk]         0      0            0.666     num_iterations=48
INFO  [23:51:37.118] [bbotk]         0      0            0.638     num_iterations=72
INFO  [23:51:37.118] [bbotk]         0      0            0.658     num_iterations=68
INFO  [23:51:37.118] [bbotk]         0      0            0.569     num_iterations=50
INFO  [23:51:37.118] [bbotk]         0      0            0.524     num_iterations=46
INFO  [23:51:37.118] [bbotk]         0      0            0.529     num_iterations=58
INFO  [23:51:37.118] [bbotk]         0      0            0.562     num_iterations=40
INFO  [23:51:37.118] [bbotk]         0      0            0.562     num_iterations=30
INFO  [23:51:37.118] [bbotk]         0      0            0.629     num_iterations=34
INFO  [23:51:37.118] [bbotk]         0      0            0.581     num_iterations=31
INFO  [23:51:37.118] [bbotk]         0      0            0.567     num_iterations=24
INFO  [23:51:37.118] [bbotk]         0      0            0.604     num_iterations=64
INFO  [23:51:37.118] [bbotk]         0      0            0.689     num_iterations=67
INFO  [23:51:37.118] [bbotk]         0      0            0.630     num_iterations=32
INFO  [23:51:37.118] [bbotk]         0      0            0.593     num_iterations=50
INFO  [23:51:37.118] [bbotk]         0      0            0.525     num_iterations=40
INFO  [23:51:37.118] [bbotk]         0      0            0.529     num_iterations=34
INFO  [23:51:37.118] [bbotk]         0      0            0.609     num_iterations=42
INFO  [23:51:37.118] [bbotk]         0      0            0.597     num_iterations=40
INFO  [23:51:37.118] [bbotk]         0      0            0.623     num_iterations=69
INFO  [23:51:37.118] [bbotk]         0      0            0.577     num_iterations=41
INFO  [23:51:37.118] [bbotk]         0      0            0.579     num_iterations=25
INFO  [23:51:37.118] [bbotk]         0      0            0.565     num_iterations=43
INFO  [23:51:37.118] [bbotk]         0      0            0.562     num_iterations=34
INFO  [23:51:37.118] [bbotk]         0      0            0.515     num_iterations=25
INFO  [23:51:37.118] [bbotk]         0      0            0.569     num_iterations=50
INFO  [23:51:37.118] [bbotk]         0      0            0.568     num_iterations=27
INFO  [23:51:37.118] [bbotk]         0      0            0.639     num_iterations=47
INFO  [23:51:37.118] [bbotk]         0      0            0.551     num_iterations=19
INFO  [23:51:37.118] [bbotk]         0      0            0.698    num_iterations=111
INFO  [23:51:37.118] [bbotk]         0      0            0.622     num_iterations=39
INFO  [23:51:37.118] [bbotk]         0      0            0.587     num_iterations=51
INFO  [23:51:37.118] [bbotk]  warnings errors runtime_learners internal_tuned_values
INFO  [23:51:37.826] [mlr3] Calling train method of fallback 'regr.ranger' on task 'surrogate_task' with 584 observations {learner: <LearnerRegrRanger/LearnerRegr/Learner/R6>}
INFO  [23:51:39.317] [mlr3] Calling train method of fallback 'regr.ranger' on task 'surrogate_task' with 585 observations {learner: <LearnerRegrRanger/LearnerRegr/Learner/R6>}
INFO  [23:51:40.818] [mlr3] Calling train method of fallback 'regr.ranger' on task 'surrogate_task' with 586 observations {learner: <LearnerRegrRanger/LearnerRegr/Learner/R6>}
INFO  [23:51:42.237] [mlr3] Calling train method of fallback 'regr.ranger' on task 'surrogate_task' with 587 observations {learner: <LearnerRegrRanger/LearnerRegr/Learner/R6>}
INFO  [23:51:43.984] [mlr3] Calling train method of fallback 'regr.ranger' on task 'surrogate_task' with 588 observations {learner: <LearnerRegrRanger/LearnerRegr/Learner/R6>}
INFO  [23:51:45.394] [mlr3] Calling train method of fallback 'regr.ranger' on task 'surrogate_task' with 589 observations {learner: <LearnerRegrRanger/LearnerRegr/Learner/R6>}
INFO  [23:51:46.811] [mlr3] Calling train method of fallback 'regr.ranger' on task 'surrogate_task' with 590 observations {learner: <LearnerRegrRanger/LearnerRegr/Learner/R6>}
INFO  [23:51:48.506] [mlr3] Calling train method of fallback 'regr.ranger' on task 'surrogate_task' with 591 observations {learner: <LearnerRegrRanger/LearnerRegr/Learner/R6>}
INFO  [23:51:49.953] [mlr3] Calling train method of fallback 'regr.ranger' on task 'surrogate_task' with 592 observations {learner: <LearnerRegrRanger/LearnerRegr/Learner/R6>}
INFO  [23:51:51.362] [mlr3] Calling train method of fallback 'regr.ranger' on task 'surrogate_task' with 593 observations {learner: <LearnerRegrRanger/LearnerRegr/Learner/R6>}
INFO  [23:51:52.826] [mlr3] Calling train method of fallback 'regr.ranger' on task 'surrogate_task' with 594 observations {learner: <LearnerRegrRanger/LearnerRegr/Learner/R6>}
INFO  [23:51:54.551] [mlr3] Calling train method of fallback 'regr.ranger' on task 'surrogate_task' with 595 observations {learner: <LearnerRegrRanger/LearnerRegr/Learner/R6>}
INFO  [23:51:56.180] [mlr3] Calling train method of fallback 'regr.ranger' on task 'surrogate_task' with 596 observations {learner: <LearnerRegrRanger/LearnerRegr/Learner/R6>}
INFO  [23:51:57.586] [mlr3] Calling train method of fallback 'regr.ranger' on task 'surrogate_task' with 597 observations {learner: <LearnerRegrRanger/LearnerRegr/Learner/R6>}
INFO  [23:51:58.968] [mlr3] Calling train method of fallback 'regr.ranger' on task 'surrogate_task' with 598 observations {learner: <LearnerRegrRanger/LearnerRegr/Learner/R6>}
INFO  [23:52:00.347] [mlr3] Calling train method of fallback 'regr.ranger' on task 'surrogate_task' with 599 observations {learner: <LearnerRegrRanger/LearnerRegr/Learner/R6>}
INFO  [23:52:01.792] [mlr3] Calling train method of fallback 'regr.ranger' on task 'surrogate_task' with 600 observations {learner: <LearnerRegrRanger/LearnerRegr/Learner/R6>}
INFO  [23:52:03.226] [mlr3] Calling train method of fallback 'regr.ranger' on task 'surrogate_task' with 601 observations {learner: <LearnerRegrRanger/LearnerRegr/Learner/R6>}
INFO  [23:52:04.578] [mlr3] Calling train method of fallback 'regr.ranger' on task 'surrogate_task' with 602 observations {learner: <LearnerRegrRanger/LearnerRegr/Learner/R6>}
INFO  [23:52:06.178] [mlr3] Calling train method of fallback 'regr.ranger' on task 'surrogate_task' with 603 observations {learner: <LearnerRegrRanger/LearnerRegr/Learner/R6>}
INFO  [23:52:07.559] [mlr3] Calling train method of fallback 'regr.ranger' on task 'surrogate_task' with 604 observations {learner: <LearnerRegrRanger/LearnerRegr/Learner/R6>}
INFO  [23:52:08.967] [mlr3] Calling train method of fallback 'regr.ranger' on task 'surrogate_task' with 605 observations {learner: <LearnerRegrRanger/LearnerRegr/Learner/R6>}
INFO  [23:52:10.494] [mlr3] Calling train method of fallback 'regr.ranger' on task 'surrogate_task' with 606 observations {learner: <LearnerRegrRanger/LearnerRegr/Learner/R6>}
INFO  [23:52:11.963] [mlr3] Calling train method of fallback 'regr.ranger' on task 'surrogate_task' with 607 observations {learner: <LearnerRegrRanger/LearnerRegr/Learner/R6>}
INFO  [23:52:13.413] [mlr3] Calling train method of fallback 'regr.ranger' on task 'surrogate_task' with 608 observations {learner: <LearnerRegrRanger/LearnerRegr/Learner/R6>}
INFO  [23:52:14.841] [mlr3] Calling train method of fallback 'regr.ranger' on task 'surrogate_task' with 609 observations {learner: <LearnerRegrRanger/LearnerRegr/Learner/R6>}
INFO  [23:52:16.189] [mlr3] Calling train method of fallback 'regr.ranger' on task 'surrogate_task' with 610 observations {learner: <LearnerRegrRanger/LearnerRegr/Learner/R6>}
INFO  [23:52:17.582] [mlr3] Calling train method of fallback 'regr.ranger' on task 'surrogate_task' with 611 observations {learner: <LearnerRegrRanger/LearnerRegr/Learner/R6>}
INFO  [23:52:19.204] [mlr3] Calling train method of fallback 'regr.ranger' on task 'surrogate_task' with 612 observations {learner: <LearnerRegrRanger/LearnerRegr/Learner/R6>}
INFO  [23:52:20.686] [mlr3] Calling train method of fallback 'regr.ranger' on task 'surrogate_task' with 613 observations {learner: <LearnerRegrRanger/LearnerRegr/Learner/R6>}
INFO  [23:52:22.151] [mlr3] Calling train method of fallback 'regr.ranger' on task 'surrogate_task' with 614 observations {learner: <LearnerRegrRanger/LearnerRegr/Learner/R6>}
INFO  [23:52:23.579] [mlr3] Calling train method of fallback 'regr.ranger' on task 'surrogate_task' with 615 observations {learner: <LearnerRegrRanger/LearnerRegr/Learner/R6>}
INFO  [23:52:25.012] [mlr3] Calling train method of fallback 'regr.ranger' on task 'surrogate_task' with 616 observations {learner: <LearnerRegrRanger/LearnerRegr/Learner/R6>}
INFO  [23:52:26.472] [mlr3] Calling train method of fallback 'regr.ranger' on task 'surrogate_task' with 617 observations {learner: <LearnerRegrRanger/LearnerRegr/Learner/R6>}
INFO  [23:52:27.917] [mlr3] Calling train method of fallback 'regr.ranger' on task 'surrogate_task' with 618 observations {learner: <LearnerRegrRanger/LearnerRegr/Learner/R6>}
INFO  [23:52:29.510] [mlr3] Calling train method of fallback 'regr.ranger' on task 'surrogate_task' with 619 observations {learner: <LearnerRegrRanger/LearnerRegr/Learner/R6>}
INFO  [23:52:30.904] [mlr3] Calling train method of fallback 'regr.ranger' on task 'surrogate_task' with 620 observations {learner: <LearnerRegrRanger/LearnerRegr/Learner/R6>}
INFO  [23:52:32.598] [mlr3] Calling train method of fallback 'regr.ranger' on task 'surrogate_task' with 621 observations {learner: <LearnerRegrRanger/LearnerRegr/Learner/R6>}
INFO  [23:52:34.047] [mlr3] Calling train method of fallback 'regr.ranger' on task 'surrogate_task' with 622 observations {learner: <LearnerRegrRanger/LearnerRegr/Learner/R6>}
INFO  [23:52:35.552] [mlr3] Calling train method of fallback 'regr.ranger' on task 'surrogate_task' with 623 observations {learner: <LearnerRegrRanger/LearnerRegr/Learner/R6>}
INFO  [23:52:36.987] [mlr3] Calling train method of fallback 'regr.ranger' on task 'surrogate_task' with 624 observations {learner: <LearnerRegrRanger/LearnerRegr/Learner/R6>}
INFO  [23:52:38.411] [mlr3] Calling train method of fallback 'regr.ranger' on task 'surrogate_task' with 625 observations {learner: <LearnerRegrRanger/LearnerRegr/Learner/R6>}
INFO  [23:52:40.085] [mlr3] Calling train method of fallback 'regr.ranger' on task 'surrogate_task' with 626 observations {learner: <LearnerRegrRanger/LearnerRegr/Learner/R6>}
INFO  [23:52:41.510] [mlr3] Calling train method of fallback 'regr.ranger' on task 'surrogate_task' with 627 observations {learner: <LearnerRegrRanger/LearnerRegr/Learner/R6>}
INFO  [23:52:42.265] [bbotk] Evaluating 44 configuration(s)
INFO  [23:52:42.387] [mlr3] Running benchmark with 440 resampling iterations
INFO  [23:52:43.697] [mlr3] Finished benchmark
INFO  [23:52:45.063] [bbotk] Result of batch 13:
INFO  [23:52:45.071] [bbotk]  learning_rate num_leaves min_data_in_leaf feature_fraction extra_trees
INFO  [23:52:45.071] [bbotk]    -0.41907337        106               25        0.5918592        TRUE
INFO  [23:52:45.071] [bbotk]     0.00000000         14               97        0.6370086        TRUE
INFO  [23:52:45.071] [bbotk]     0.00000000         29              100        0.6719057        TRUE
INFO  [23:52:45.071] [bbotk]     0.00000000        181              100        0.6850836        TRUE
INFO  [23:52:45.071] [bbotk]     0.00000000         13               98        0.6316790        TRUE
INFO  [23:52:45.071] [bbotk]    -0.01690522         15              126        0.6409631        TRUE
INFO  [23:52:45.071] [bbotk]    -0.36018420         24               19        0.6731223        TRUE
INFO  [23:52:45.071] [bbotk]     0.00000000         14               38        0.6740470        TRUE
INFO  [23:52:45.071] [bbotk]    -0.32112380         13               23        0.6497166        TRUE
INFO  [23:52:45.071] [bbotk]    -0.42977462        104               20        0.6348536        TRUE
INFO  [23:52:45.071] [bbotk]    -0.48632880        119               21        0.6113491        TRUE
INFO  [23:52:45.071] [bbotk]     0.00000000         10               93        0.6983309        TRUE
INFO  [23:52:45.071] [bbotk]    -1.11928215         10               21        0.6766014        TRUE
INFO  [23:52:45.071] [bbotk]     0.00000000        245               98        0.3271841        TRUE
INFO  [23:52:45.071] [bbotk]    -0.45500210        117               23        0.5723242        TRUE
INFO  [23:52:45.071] [bbotk]     0.00000000        199              100        0.6752530        TRUE
INFO  [23:52:45.071] [bbotk]     0.00000000         80               98        0.6534785        TRUE
INFO  [23:52:45.071] [bbotk]    -0.67536009         10               24        0.6477988        TRUE
INFO  [23:52:45.071] [bbotk]     0.00000000        205               99        0.6723220        TRUE
INFO  [23:52:45.071] [bbotk]    -0.22992463         15               71        0.6399779        TRUE
INFO  [23:52:45.071] [bbotk]    -0.36364384        118               13        0.8728545        TRUE
INFO  [23:52:45.071] [bbotk]     0.00000000        163               98        0.6603387        TRUE
INFO  [23:52:45.071] [bbotk]    -0.50902766         43               23        0.4718656        TRUE
INFO  [23:52:45.071] [bbotk]    -1.31801811         15               98        0.6793568        TRUE
INFO  [23:52:45.071] [bbotk]    -2.74051445        165               19        0.6195351        TRUE
INFO  [23:52:45.071] [bbotk]     0.00000000        169               91        0.9290020        TRUE
INFO  [23:52:45.071] [bbotk]     0.00000000        188               99        0.6894402        TRUE
INFO  [23:52:45.071] [bbotk]     0.00000000        191               98        0.6686835        TRUE
INFO  [23:52:45.071] [bbotk]    -0.51006924        121               19        0.5816821        TRUE
INFO  [23:52:45.071] [bbotk]     0.00000000         10               99        0.7035793        TRUE
INFO  [23:52:45.071] [bbotk]     0.00000000         14              100        0.6715237        TRUE
INFO  [23:52:45.071] [bbotk]    -0.70513859         10               99        0.6754894        TRUE
INFO  [23:52:45.071] [bbotk]    -0.60329762        117               19        0.6378617        TRUE
INFO  [23:52:45.071] [bbotk]    -0.50414657         15               96        0.6367473        TRUE
INFO  [23:52:45.071] [bbotk]    -0.47881600        117                6        0.4731920        TRUE
INFO  [23:52:45.071] [bbotk]     0.00000000        138               26        0.6865361        TRUE
INFO  [23:52:45.071] [bbotk]    -0.51744593        111               20        0.4802075        TRUE
INFO  [23:52:45.071] [bbotk]    -0.56088776        128               17        0.2966241        TRUE
INFO  [23:52:45.071] [bbotk]    -0.46762952        185               23        0.6527683        TRUE
INFO  [23:52:45.071] [bbotk]     0.00000000        175               98        0.6741018        TRUE
INFO  [23:52:45.071] [bbotk]    -0.22392606        179               96        0.7015376        TRUE
INFO  [23:52:45.071] [bbotk]     0.00000000         10               98        0.6746718        TRUE
INFO  [23:52:45.071] [bbotk]     0.00000000        177               98        0.6751133        TRUE
INFO  [23:52:45.071] [bbotk]    -0.47293422        117               20        0.4480404        TRUE
INFO  [23:52:45.071] [bbotk]  learning_rate num_leaves min_data_in_leaf feature_fraction extra_trees
INFO  [23:52:45.071] [bbotk]  lambda_l1  lambda_l2 min_gain_to_split    acq_cb timestamp_surrogate
INFO  [23:52:45.071] [bbotk]  -2.717502 -3.8461522         -6.880601 -2.421605 2026-09-09 23:51:37
INFO  [23:52:45.071] [bbotk]  -1.407706 -6.6086013         -6.851872 -2.831553 2026-09-09 23:51:38
INFO  [23:52:45.071] [bbotk]  -6.288679 -1.9846316         -6.907338 -2.758299 2026-09-09 23:51:40
INFO  [23:52:45.071] [bbotk]  -6.907755 -6.5841885         -6.907755 -2.822631 2026-09-09 23:51:41
INFO  [23:52:45.071] [bbotk]  -6.907755 -4.9224642         -6.907755 -3.420441 2026-09-09 23:51:43
INFO  [23:52:45.071] [bbotk]  -6.907755 -6.6077709         -6.907755 -2.315239 2026-09-09 23:51:44
INFO  [23:52:45.071] [bbotk]  -6.340504 -6.3193997         -6.347170 -2.772244 2026-09-09 23:51:46
INFO  [23:52:45.071] [bbotk]  -6.907755 -0.5508355         -6.907755 -2.504063 2026-09-09 23:51:47
INFO  [23:52:45.071] [bbotk]  -1.446379 -4.6340775         -6.180938 -2.285334 2026-09-09 23:51:49
INFO  [23:52:45.071] [bbotk]  -5.931480 -4.4525288         -6.300901 -2.223395 2026-09-09 23:51:50
INFO  [23:52:45.071] [bbotk]  -1.382535 -0.9001060         -6.247616 -2.434335 2026-09-09 23:51:52
INFO  [23:52:45.071] [bbotk]  -6.338539 -6.4177923         -6.907755 -2.450810 2026-09-09 23:51:53
INFO  [23:52:45.071] [bbotk]  -1.907437 -1.1043009         -6.907755 -2.296252 2026-09-09 23:51:55
INFO  [23:52:45.071] [bbotk]  -3.376416 -6.9077553         -6.907755 -2.491614 2026-09-09 23:51:56
INFO  [23:52:45.071] [bbotk]  -2.070242 -5.7272654         -5.908533 -2.228316 2026-09-09 23:51:58
INFO  [23:52:45.071] [bbotk]  -6.350918 -6.9077553         -6.907755 -3.030777 2026-09-09 23:51:59
INFO  [23:52:45.071] [bbotk]  -6.907755 -5.4676491         -6.516495 -3.119856 2026-09-09 23:52:01
INFO  [23:52:45.071] [bbotk]  -6.292787 -0.1553936         -6.901609 -2.349389 2026-09-09 23:52:02
INFO  [23:52:45.071] [bbotk]  -6.862762 -0.5564743         -6.907755 -2.635182 2026-09-09 23:52:03
INFO  [23:52:45.071] [bbotk]  -6.907755 -5.7666474         -6.907755 -2.376586 2026-09-09 23:52:05
INFO  [23:52:45.071] [bbotk]  -1.601648  0.5167584         -6.245895 -2.280118 2026-09-09 23:52:06
INFO  [23:52:45.071] [bbotk]  -1.609585 -6.1249779         -6.907755 -2.694327 2026-09-09 23:52:08
INFO  [23:52:45.071] [bbotk]  -1.512498 -4.0664205         -6.205198 -2.301704 2026-09-09 23:52:09
INFO  [23:52:45.071] [bbotk]  -3.866524 -6.4732674         -6.907755 -2.843833 2026-09-09 23:52:11
INFO  [23:52:45.071] [bbotk]  -6.907755 -6.5953306         -6.295582 -2.404788 2026-09-09 23:52:12
INFO  [23:52:45.071] [bbotk]  -6.907755 -6.4107484         -6.907755 -2.156254 2026-09-09 23:52:14
INFO  [23:52:45.071] [bbotk]  -6.865182 -5.8065635         -6.907755 -2.454836 2026-09-09 23:52:15
INFO  [23:52:45.071] [bbotk]  -6.890139 -6.5856085         -6.907755 -3.175497 2026-09-09 23:52:16
INFO  [23:52:45.071] [bbotk]  -2.277753 -2.9999605         -6.204003 -2.543044 2026-09-09 23:52:18
INFO  [23:52:45.071] [bbotk]  -6.008901 -3.9601670         -6.907755 -2.430836 2026-09-09 23:52:19
INFO  [23:52:45.071] [bbotk]  -6.275328 -2.9384222         -6.907755 -2.417990 2026-09-09 23:52:21
INFO  [23:52:45.071] [bbotk]  -5.487757 -3.1545514         -6.888743 -2.779324 2026-09-09 23:52:22
INFO  [23:52:45.071] [bbotk]  -2.326651 -4.0061925         -6.216079 -2.537994 2026-09-09 23:52:24
INFO  [23:52:45.071] [bbotk]  -6.445597 -2.7370365         -6.882775 -2.177489 2026-09-09 23:52:25
INFO  [23:52:45.071] [bbotk]  -1.742774 -3.9376306         -6.247194 -2.304154 2026-09-09 23:52:27
INFO  [23:52:45.071] [bbotk]  -6.002556 -6.4907433         -6.751542 -2.229245 2026-09-09 23:52:28
INFO  [23:52:45.071] [bbotk]  -2.295937 -4.0227370         -6.210944 -2.432482 2026-09-09 23:52:30
INFO  [23:52:45.071] [bbotk]  -6.347298 -6.9077553         -6.907755 -2.504006 2026-09-09 23:52:31
INFO  [23:52:45.071] [bbotk]  -6.907755 -0.3058464         -6.341468 -2.286899 2026-09-09 23:52:33
INFO  [23:52:45.071] [bbotk]  -6.907755 -6.4904974         -6.907755 -3.017971 2026-09-09 23:52:34
INFO  [23:52:45.071] [bbotk]  -3.410585 -6.5824302         -6.907755 -2.278222 2026-09-09 23:52:36
INFO  [23:52:45.071] [bbotk]  -4.576151 -1.4747191         -6.215970 -2.524155 2026-09-09 23:52:37
INFO  [23:52:45.071] [bbotk]  -3.596462 -3.4655952         -6.907755 -2.440137 2026-09-09 23:52:39
INFO  [23:52:45.071] [bbotk]  -2.364661 -0.9850590         -6.255667 -2.280802 2026-09-09 23:52:40
INFO  [23:52:45.071] [bbotk]  lambda_l1  lambda_l2 min_gain_to_split    acq_cb timestamp_surrogate
INFO  [23:52:45.071] [bbotk]  timestamp_acq_function timestamp_acq_optimizer      timestamp_loop classif.ce
INFO  [23:52:45.071] [bbotk]     2026-09-09 23:51:37     2026-09-09 23:51:37 2026-09-09 23:51:38      0.206
INFO  [23:52:45.071] [bbotk]     2026-09-09 23:51:39     2026-09-09 23:51:39 2026-09-09 23:51:40      0.214
INFO  [23:52:45.071] [bbotk]     2026-09-09 23:51:40     2026-09-09 23:51:40 2026-09-09 23:51:41      0.213
INFO  [23:52:45.071] [bbotk]     2026-09-09 23:51:42     2026-09-09 23:51:42 2026-09-09 23:51:43      0.206
INFO  [23:52:45.071] [bbotk]     2026-09-09 23:51:44     2026-09-09 23:51:44 2026-09-09 23:51:44      0.198
INFO  [23:52:45.071] [bbotk]     2026-09-09 23:51:45     2026-09-09 23:51:45 2026-09-09 23:51:46      0.210
INFO  [23:52:45.071] [bbotk]     2026-09-09 23:51:46     2026-09-09 23:51:46 2026-09-09 23:51:47      0.206
INFO  [23:52:45.071] [bbotk]     2026-09-09 23:51:48     2026-09-09 23:51:48 2026-09-09 23:51:49      0.211
INFO  [23:52:45.071] [bbotk]     2026-09-09 23:51:49     2026-09-09 23:51:49 2026-09-09 23:51:50      0.203
INFO  [23:52:45.071] [bbotk]     2026-09-09 23:51:51     2026-09-09 23:51:51 2026-09-09 23:51:52      0.206
INFO  [23:52:45.071] [bbotk]     2026-09-09 23:51:52     2026-09-09 23:51:52 2026-09-09 23:51:53      0.205
INFO  [23:52:45.071] [bbotk]     2026-09-09 23:51:54     2026-09-09 23:51:54 2026-09-09 23:51:55      0.217
INFO  [23:52:45.071] [bbotk]     2026-09-09 23:51:56     2026-09-09 23:51:56 2026-09-09 23:51:56      0.205
INFO  [23:52:45.071] [bbotk]     2026-09-09 23:51:57     2026-09-09 23:51:57 2026-09-09 23:51:58      0.220
INFO  [23:52:45.071] [bbotk]     2026-09-09 23:51:58     2026-09-09 23:51:58 2026-09-09 23:51:59      0.200
INFO  [23:52:45.071] [bbotk]     2026-09-09 23:52:00     2026-09-09 23:52:00 2026-09-09 23:52:01      0.204
INFO  [23:52:45.071] [bbotk]     2026-09-09 23:52:01     2026-09-09 23:52:01 2026-09-09 23:52:02      0.208
INFO  [23:52:45.071] [bbotk]     2026-09-09 23:52:03     2026-09-09 23:52:03 2026-09-09 23:52:03      0.208
INFO  [23:52:45.071] [bbotk]     2026-09-09 23:52:04     2026-09-09 23:52:04 2026-09-09 23:52:05      0.217
INFO  [23:52:45.071] [bbotk]     2026-09-09 23:52:06     2026-09-09 23:52:06 2026-09-09 23:52:06      0.212
INFO  [23:52:45.071] [bbotk]     2026-09-09 23:52:07     2026-09-09 23:52:07 2026-09-09 23:52:08      0.214
INFO  [23:52:45.071] [bbotk]     2026-09-09 23:52:08     2026-09-09 23:52:08 2026-09-09 23:52:09      0.214
INFO  [23:52:45.071] [bbotk]     2026-09-09 23:52:10     2026-09-09 23:52:10 2026-09-09 23:52:11      0.211
INFO  [23:52:45.071] [bbotk]     2026-09-09 23:52:11     2026-09-09 23:52:11 2026-09-09 23:52:12      0.223
INFO  [23:52:45.071] [bbotk]     2026-09-09 23:52:13     2026-09-09 23:52:13 2026-09-09 23:52:14      0.215
INFO  [23:52:45.071] [bbotk]     2026-09-09 23:52:14     2026-09-09 23:52:14 2026-09-09 23:52:15      0.217
INFO  [23:52:45.071] [bbotk]     2026-09-09 23:52:16     2026-09-09 23:52:16 2026-09-09 23:52:16      0.209
INFO  [23:52:45.071] [bbotk]     2026-09-09 23:52:17     2026-09-09 23:52:17 2026-09-09 23:52:18      0.194
INFO  [23:52:45.071] [bbotk]     2026-09-09 23:52:19     2026-09-09 23:52:19 2026-09-09 23:52:19      0.201
INFO  [23:52:45.071] [bbotk]     2026-09-09 23:52:20     2026-09-09 23:52:20 2026-09-09 23:52:21      0.206
INFO  [23:52:45.071] [bbotk]     2026-09-09 23:52:22     2026-09-09 23:52:22 2026-09-09 23:52:22      0.209
INFO  [23:52:45.071] [bbotk]     2026-09-09 23:52:23     2026-09-09 23:52:23 2026-09-09 23:52:24      0.213
INFO  [23:52:45.071] [bbotk]     2026-09-09 23:52:25     2026-09-09 23:52:25 2026-09-09 23:52:25      0.207
INFO  [23:52:45.071] [bbotk]     2026-09-09 23:52:26     2026-09-09 23:52:26 2026-09-09 23:52:27      0.207
INFO  [23:52:45.071] [bbotk]     2026-09-09 23:52:27     2026-09-09 23:52:27 2026-09-09 23:52:28      0.206
INFO  [23:52:45.071] [bbotk]     2026-09-09 23:52:29     2026-09-09 23:52:29 2026-09-09 23:52:30      0.216
INFO  [23:52:45.071] [bbotk]     2026-09-09 23:52:30     2026-09-09 23:52:30 2026-09-09 23:52:31      0.204
INFO  [23:52:45.071] [bbotk]     2026-09-09 23:52:32     2026-09-09 23:52:32 2026-09-09 23:52:33      0.212
INFO  [23:52:45.071] [bbotk]     2026-09-09 23:52:34     2026-09-09 23:52:34 2026-09-09 23:52:34      0.211
INFO  [23:52:45.071] [bbotk]     2026-09-09 23:52:35     2026-09-09 23:52:35 2026-09-09 23:52:36      0.194
INFO  [23:52:45.071] [bbotk]     2026-09-09 23:52:37     2026-09-09 23:52:37 2026-09-09 23:52:37      0.203
INFO  [23:52:45.071] [bbotk]     2026-09-09 23:52:38     2026-09-09 23:52:38 2026-09-09 23:52:39      0.207
INFO  [23:52:45.071] [bbotk]     2026-09-09 23:52:40     2026-09-09 23:52:40 2026-09-09 23:52:40      0.206
INFO  [23:52:45.071] [bbotk]     2026-09-09 23:52:41     2026-09-09 23:52:41 2026-09-09 23:52:42      0.211
INFO  [23:52:45.071] [bbotk]  timestamp_acq_function timestamp_acq_optimizer      timestamp_loop classif.ce
INFO  [23:52:45.071] [bbotk]  warnings errors runtime_learners internal_tuned_values
INFO  [23:52:45.071] [bbotk]         0      0            0.623     num_iterations=49
INFO  [23:52:45.071] [bbotk]         0      0            0.558     num_iterations=49
INFO  [23:52:45.071] [bbotk]         0      0            0.561     num_iterations=44
INFO  [23:52:45.071] [bbotk]         0      0            0.608     num_iterations=42
INFO  [23:52:45.071] [bbotk]         0      0            0.603     num_iterations=52
INFO  [23:52:45.071] [bbotk]         0      0            0.579     num_iterations=33
INFO  [23:52:45.071] [bbotk]         0      0            0.581     num_iterations=22
INFO  [23:52:45.071] [bbotk]         0      0            0.605     num_iterations=34
INFO  [23:52:45.071] [bbotk]         0      0            0.633     num_iterations=51
INFO  [23:52:45.071] [bbotk]         0      0            0.674     num_iterations=34
INFO  [23:52:45.071] [bbotk]         0      0            0.636     num_iterations=51
INFO  [23:52:45.071] [bbotk]         0      0            0.580     num_iterations=45
INFO  [23:52:45.071] [bbotk]         0      0            0.640     num_iterations=58
INFO  [23:52:45.071] [bbotk]         0      0            0.562     num_iterations=37
INFO  [23:52:45.071] [bbotk]         0      0            0.657     num_iterations=51
INFO  [23:52:45.071] [bbotk]         0      0            0.586     num_iterations=41
INFO  [23:52:45.071] [bbotk]         0      0            0.521     num_iterations=41
INFO  [23:52:45.071] [bbotk]         0      0            0.537     num_iterations=46
INFO  [23:52:45.071] [bbotk]         0      0            0.597     num_iterations=64
INFO  [23:52:45.071] [bbotk]         0      0            0.610     num_iterations=45
INFO  [23:52:45.071] [bbotk]         0      0            0.535     num_iterations=16
INFO  [23:52:45.071] [bbotk]         0      0            0.621     num_iterations=54
INFO  [23:52:45.071] [bbotk]         0      0            0.523     num_iterations=45
INFO  [23:52:45.071] [bbotk]         0      0            0.537     num_iterations=51
INFO  [23:52:45.071] [bbotk]         0      0            0.812    num_iterations=107
INFO  [23:52:45.071] [bbotk]         0      0            0.673     num_iterations=47
INFO  [23:52:45.071] [bbotk]         0      0            0.578     num_iterations=34
INFO  [23:52:45.071] [bbotk]         0      0            0.617     num_iterations=68
INFO  [23:52:45.071] [bbotk]         0      0            0.597     num_iterations=49
INFO  [23:52:45.071] [bbotk]         0      0            0.511     num_iterations=39
INFO  [23:52:45.071] [bbotk]         0      0            0.541     num_iterations=46
INFO  [23:52:45.071] [bbotk]         0      0            0.541     num_iterations=46
INFO  [23:52:45.071] [bbotk]         0      0            0.667     num_iterations=40
INFO  [23:52:45.071] [bbotk]         0      0            0.586     num_iterations=59
INFO  [23:52:45.071] [bbotk]         0      0            0.592     num_iterations=39
INFO  [23:52:45.071] [bbotk]         0      0            0.622     num_iterations=18
INFO  [23:52:45.071] [bbotk]         0      0            0.621     num_iterations=49
INFO  [23:52:45.071] [bbotk]         0      0            0.632     num_iterations=46
INFO  [23:52:45.071] [bbotk]         0      0            0.617     num_iterations=24
INFO  [23:52:45.071] [bbotk]         0      0            0.610     num_iterations=68
INFO  [23:52:45.071] [bbotk]         0      0            0.675     num_iterations=73
INFO  [23:52:45.071] [bbotk]         0      0            0.560     num_iterations=39
INFO  [23:52:45.071] [bbotk]         0      0            0.555     num_iterations=30
INFO  [23:52:45.071] [bbotk]         0      0            0.578     num_iterations=30
INFO  [23:52:45.071] [bbotk]  warnings errors runtime_learners internal_tuned_values
INFO  [23:52:46.059] [mlr3] Calling train method of fallback 'regr.ranger' on task 'surrogate_task' with 628 observations {learner: <LearnerRegrRanger/LearnerRegr/Learner/R6>}
INFO  [23:52:46.113] [bbotk] Finished optimizing after 628 evaluation(s)
INFO  [23:52:46.115] [bbotk] Result:
INFO  [23:52:46.118] [bbotk]  learning_rate num_leaves min_data_in_leaf feature_fraction extra_trees
INFO  [23:52:46.118] [bbotk]          <num>      <int>            <int>            <num>      <lgcl>
INFO  [23:52:46.118] [bbotk]              0         14               98         0.675687        TRUE
INFO  [23:52:46.118] [bbotk]  lambda_l1 lambda_l2 min_gain_to_split internal_tuned_values learner_param_vals
INFO  [23:52:46.118] [bbotk]      <num>     <num>             <num>                <list>             <list>
INFO  [23:52:46.118] [bbotk]  -6.341245  -6.59455         -6.907755     num_iterations=74         <list[12]>
INFO  [23:52:46.118] [bbotk]   x_domain classif.ce
INFO  [23:52:46.118] [bbotk]     <list>      <num>
INFO  [23:52:46.118] [bbotk]  <list[8]>      0.189
