Waiting for workers to connect... 55/448
Waiting for workers to connect... 74/448
Waiting for workers to connect... 94/448
Waiting for workers to connect... 115/448
Waiting for workers to connect... 131/448
Waiting for workers to connect... 150/448
Waiting for workers to connect... 167/448
Waiting for workers to connect... 184/448
Waiting for workers to connect... 203/448
Waiting for workers to connect... 225/448
Waiting for workers to connect... 243/448
Waiting for workers to connect... 261/448
Waiting for workers to connect... 279/448
Waiting for workers to connect... 298/448
Waiting for workers to connect... 317/448
Waiting for workers to connect... 338/448
Waiting for workers to connect... 360/448
Waiting for workers to connect... 375/448
Waiting for workers to connect... 390/448
Waiting for workers to connect... 406/448
Waiting for workers to connect... 426/448
Waiting for workers to connect... 448/448
INFO  [01:09:31.093] [bbotk] Starting to optimize 8 parameter(s) with '<OptimizerMbo>' and '<TerminatorRunTime> [secs=600]'
INFO  [01:09:31.323] [mlr3] Calling train method of fallback 'regr.ranger' on task 'surrogate_task' with 100 observations {learner: <LearnerRegrRanger/LearnerRegr/Learner/R6>}
INFO  [01:09:32.136] [mlr3] Calling train method of fallback 'regr.ranger' on task 'surrogate_task' with 101 observations {learner: <LearnerRegrRanger/LearnerRegr/Learner/R6>}
INFO  [01:09:32.861] [mlr3] Calling train method of fallback 'regr.ranger' on task 'surrogate_task' with 102 observations {learner: <LearnerRegrRanger/LearnerRegr/Learner/R6>}
INFO  [01:09:33.678] [mlr3] Calling train method of fallback 'regr.ranger' on task 'surrogate_task' with 103 observations {learner: <LearnerRegrRanger/LearnerRegr/Learner/R6>}
INFO  [01:09:34.360] [mlr3] Calling train method of fallback 'regr.ranger' on task 'surrogate_task' with 104 observations {learner: <LearnerRegrRanger/LearnerRegr/Learner/R6>}
INFO  [01:09:35.062] [mlr3] Calling train method of fallback 'regr.ranger' on task 'surrogate_task' with 105 observations {learner: <LearnerRegrRanger/LearnerRegr/Learner/R6>}
INFO  [01:09:35.783] [mlr3] Calling train method of fallback 'regr.ranger' on task 'surrogate_task' with 106 observations {learner: <LearnerRegrRanger/LearnerRegr/Learner/R6>}
INFO  [01:09:36.480] [mlr3] Calling train method of fallback 'regr.ranger' on task 'surrogate_task' with 107 observations {learner: <LearnerRegrRanger/LearnerRegr/Learner/R6>}
INFO  [01:09:37.186] [mlr3] Calling train method of fallback 'regr.ranger' on task 'surrogate_task' with 108 observations {learner: <LearnerRegrRanger/LearnerRegr/Learner/R6>}
INFO  [01:09:37.935] [mlr3] Calling train method of fallback 'regr.ranger' on task 'surrogate_task' with 109 observations {learner: <LearnerRegrRanger/LearnerRegr/Learner/R6>}
INFO  [01:09:38.687] [mlr3] Calling train method of fallback 'regr.ranger' on task 'surrogate_task' with 110 observations {learner: <LearnerRegrRanger/LearnerRegr/Learner/R6>}
INFO  [01:09:39.416] [mlr3] Calling train method of fallback 'regr.ranger' on task 'surrogate_task' with 111 observations {learner: <LearnerRegrRanger/LearnerRegr/Learner/R6>}
INFO  [01:09:40.145] [mlr3] Calling train method of fallback 'regr.ranger' on task 'surrogate_task' with 112 observations {learner: <LearnerRegrRanger/LearnerRegr/Learner/R6>}
INFO  [01:09:40.814] [mlr3] Calling train method of fallback 'regr.ranger' on task 'surrogate_task' with 113 observations {learner: <LearnerRegrRanger/LearnerRegr/Learner/R6>}
INFO  [01:09:41.562] [mlr3] Calling train method of fallback 'regr.ranger' on task 'surrogate_task' with 114 observations {learner: <LearnerRegrRanger/LearnerRegr/Learner/R6>}
INFO  [01:09:42.306] [mlr3] Calling train method of fallback 'regr.ranger' on task 'surrogate_task' with 115 observations {learner: <LearnerRegrRanger/LearnerRegr/Learner/R6>}
INFO  [01:09:43.025] [mlr3] Calling train method of fallback 'regr.ranger' on task 'surrogate_task' with 116 observations {learner: <LearnerRegrRanger/LearnerRegr/Learner/R6>}
INFO  [01:09:44.140] [mlr3] Calling train method of fallback 'regr.ranger' on task 'surrogate_task' with 117 observations {learner: <LearnerRegrRanger/LearnerRegr/Learner/R6>}
INFO  [01:09:44.844] [mlr3] Calling train method of fallback 'regr.ranger' on task 'surrogate_task' with 118 observations {learner: <LearnerRegrRanger/LearnerRegr/Learner/R6>}
INFO  [01:09:45.571] [mlr3] Calling train method of fallback 'regr.ranger' on task 'surrogate_task' with 119 observations {learner: <LearnerRegrRanger/LearnerRegr/Learner/R6>}
INFO  [01:09:46.315] [mlr3] Calling train method of fallback 'regr.ranger' on task 'surrogate_task' with 120 observations {learner: <LearnerRegrRanger/LearnerRegr/Learner/R6>}
INFO  [01:09:47.017] [mlr3] Calling train method of fallback 'regr.ranger' on task 'surrogate_task' with 121 observations {learner: <LearnerRegrRanger/LearnerRegr/Learner/R6>}
INFO  [01:09:47.725] [mlr3] Calling train method of fallback 'regr.ranger' on task 'surrogate_task' with 122 observations {learner: <LearnerRegrRanger/LearnerRegr/Learner/R6>}
INFO  [01:09:48.404] [mlr3] Calling train method of fallback 'regr.ranger' on task 'surrogate_task' with 123 observations {learner: <LearnerRegrRanger/LearnerRegr/Learner/R6>}
INFO  [01:09:49.144] [mlr3] Calling train method of fallback 'regr.ranger' on task 'surrogate_task' with 124 observations {learner: <LearnerRegrRanger/LearnerRegr/Learner/R6>}
INFO  [01:09:49.873] [mlr3] Calling train method of fallback 'regr.ranger' on task 'surrogate_task' with 125 observations {learner: <LearnerRegrRanger/LearnerRegr/Learner/R6>}
INFO  [01:09:50.570] [mlr3] Calling train method of fallback 'regr.ranger' on task 'surrogate_task' with 126 observations {learner: <LearnerRegrRanger/LearnerRegr/Learner/R6>}
INFO  [01:09:51.274] [mlr3] Calling train method of fallback 'regr.ranger' on task 'surrogate_task' with 127 observations {learner: <LearnerRegrRanger/LearnerRegr/Learner/R6>}
INFO  [01:09:52.020] [mlr3] Calling train method of fallback 'regr.ranger' on task 'surrogate_task' with 128 observations {learner: <LearnerRegrRanger/LearnerRegr/Learner/R6>}
INFO  [01:09:52.711] [mlr3] Calling train method of fallback 'regr.ranger' on task 'surrogate_task' with 129 observations {learner: <LearnerRegrRanger/LearnerRegr/Learner/R6>}
INFO  [01:09:53.433] [mlr3] Calling train method of fallback 'regr.ranger' on task 'surrogate_task' with 130 observations {learner: <LearnerRegrRanger/LearnerRegr/Learner/R6>}
INFO  [01:09:54.220] [mlr3] Calling train method of fallback 'regr.ranger' on task 'surrogate_task' with 131 observations {learner: <LearnerRegrRanger/LearnerRegr/Learner/R6>}
INFO  [01:09:54.935] [mlr3] Calling train method of fallback 'regr.ranger' on task 'surrogate_task' with 132 observations {learner: <LearnerRegrRanger/LearnerRegr/Learner/R6>}
INFO  [01:09:55.677] [mlr3] Calling train method of fallback 'regr.ranger' on task 'surrogate_task' with 133 observations {learner: <LearnerRegrRanger/LearnerRegr/Learner/R6>}
INFO  [01:09:56.423] [mlr3] Calling train method of fallback 'regr.ranger' on task 'surrogate_task' with 134 observations {learner: <LearnerRegrRanger/LearnerRegr/Learner/R6>}
INFO  [01:09:57.177] [mlr3] Calling train method of fallback 'regr.ranger' on task 'surrogate_task' with 135 observations {learner: <LearnerRegrRanger/LearnerRegr/Learner/R6>}
INFO  [01:09:57.945] [mlr3] Calling train method of fallback 'regr.ranger' on task 'surrogate_task' with 136 observations {learner: <LearnerRegrRanger/LearnerRegr/Learner/R6>}
INFO  [01:09:58.668] [mlr3] Calling train method of fallback 'regr.ranger' on task 'surrogate_task' with 137 observations {learner: <LearnerRegrRanger/LearnerRegr/Learner/R6>}
INFO  [01:09:59.411] [mlr3] Calling train method of fallback 'regr.ranger' on task 'surrogate_task' with 138 observations {learner: <LearnerRegrRanger/LearnerRegr/Learner/R6>}
INFO  [01:10:00.114] [mlr3] Calling train method of fallback 'regr.ranger' on task 'surrogate_task' with 139 observations {learner: <LearnerRegrRanger/LearnerRegr/Learner/R6>}
INFO  [01:10:00.895] [mlr3] Calling train method of fallback 'regr.ranger' on task 'surrogate_task' with 140 observations {learner: <LearnerRegrRanger/LearnerRegr/Learner/R6>}
INFO  [01:10:01.654] [mlr3] Calling train method of fallback 'regr.ranger' on task 'surrogate_task' with 141 observations {learner: <LearnerRegrRanger/LearnerRegr/Learner/R6>}
INFO  [01:10:02.384] [mlr3] Calling train method of fallback 'regr.ranger' on task 'surrogate_task' with 142 observations {learner: <LearnerRegrRanger/LearnerRegr/Learner/R6>}
INFO  [01:10:03.125] [mlr3] Calling train method of fallback 'regr.ranger' on task 'surrogate_task' with 143 observations {learner: <LearnerRegrRanger/LearnerRegr/Learner/R6>}
INFO  [01:10:03.776] [bbotk] Evaluating 44 configuration(s)
INFO  [01:10:03.894] [mlr3] Running benchmark with 440 resampling iterations
INFO  [01:10:30.485] [mlr3] Finished benchmark
INFO  [01:10:32.042] [bbotk] Result of batch 2:
INFO  [01:10:32.050] [bbotk]  learning_rate num_leaves min_data_in_leaf feature_fraction extra_trees
INFO  [01:10:32.050] [bbotk]   -2.035806769         35                1        0.9350200       FALSE
INFO  [01:10:32.050] [bbotk]   -0.200771454         32                4        0.9149558       FALSE
INFO  [01:10:32.050] [bbotk]   -1.827584249         35               44        0.9322050       FALSE
INFO  [01:10:32.050] [bbotk]   -3.155110102         53               10        0.9327049       FALSE
INFO  [01:10:32.050] [bbotk]   -3.013990752         34               55        0.7582140       FALSE
INFO  [01:10:32.050] [bbotk]   -1.954101118         32               10        0.9676618       FALSE
INFO  [01:10:32.050] [bbotk]   -2.038798046         56               51        0.4388342       FALSE
INFO  [01:10:32.050] [bbotk]   -1.069549022         54               49        0.5843364       FALSE
INFO  [01:10:32.050] [bbotk]   -2.819586692         67                7        0.5317988       FALSE
INFO  [01:10:32.050] [bbotk]   -3.364686732         61               54        0.7777999       FALSE
INFO  [01:10:32.050] [bbotk]   -3.048314225         64              147        0.6141521       FALSE
INFO  [01:10:32.050] [bbotk]   -0.103979309        153                6        0.7394458       FALSE
INFO  [01:10:32.050] [bbotk]   -1.946611207         28                4        0.2535273       FALSE
INFO  [01:10:32.050] [bbotk]   -2.945663965         73               83        0.4409468       FALSE
INFO  [01:10:32.050] [bbotk]   -2.504229439         67              129        0.7476167       FALSE
INFO  [01:10:32.050] [bbotk]   -3.290554043         94               46        0.9389498       FALSE
INFO  [01:10:32.050] [bbotk]   -1.991330086         33                5        0.8418650       FALSE
INFO  [01:10:32.050] [bbotk]   -2.887261414        114               92        0.5936512       FALSE
INFO  [01:10:32.050] [bbotk]   -2.552436462         66              158        0.4241100       FALSE
INFO  [01:10:32.050] [bbotk]   -3.324230930        136               60        0.6136034       FALSE
INFO  [01:10:32.050] [bbotk]   -3.431763580         78               81        0.7508192       FALSE
INFO  [01:10:32.050] [bbotk]   -3.338328328        204               48        0.4183007       FALSE
INFO  [01:10:32.050] [bbotk]   -1.107059415         63               48        0.3963580       FALSE
INFO  [01:10:32.050] [bbotk]   -1.986665891         96              157        0.7883631       FALSE
INFO  [01:10:32.050] [bbotk]   -3.352126196        144              102        0.3911166       FALSE
INFO  [01:10:32.050] [bbotk]   -0.005246216         48              144        0.7484935       FALSE
INFO  [01:10:32.050] [bbotk]   -1.258489889         55               47        0.4155286       FALSE
INFO  [01:10:32.050] [bbotk]   -3.311002429        210               70        0.5204359       FALSE
INFO  [01:10:32.050] [bbotk]   -2.918804311        119              167        0.5022782       FALSE
INFO  [01:10:32.050] [bbotk]   -1.974729988        226               27        0.6000055       FALSE
INFO  [01:10:32.050] [bbotk]   -3.352590942         66              106        0.9398876       FALSE
INFO  [01:10:32.050] [bbotk]   -3.582441771        136               54        0.3666423       FALSE
INFO  [01:10:32.050] [bbotk]   -3.375471927         33                1        0.9444904       FALSE
INFO  [01:10:32.050] [bbotk]   -1.978635604         65              103        0.9343069       FALSE
INFO  [01:10:32.050] [bbotk]   -3.298195841        227              175        0.8146392       FALSE
INFO  [01:10:32.050] [bbotk]   -2.602531093        107              137        0.7480737       FALSE
INFO  [01:10:32.050] [bbotk]   -0.777933914        188              112        0.4220373       FALSE
INFO  [01:10:32.050] [bbotk]   -1.781441179         33                5        0.7913128        TRUE
INFO  [01:10:32.050] [bbotk]   -1.149394354        190              116        0.9329549       FALSE
INFO  [01:10:32.050] [bbotk]   -2.790180718        111              104        0.5753249       FALSE
INFO  [01:10:32.050] [bbotk]   -4.398706256        210               57        0.5893720       FALSE
INFO  [01:10:32.050] [bbotk]   -2.866841556        195              180        0.5626262       FALSE
INFO  [01:10:32.050] [bbotk]   -3.320559493         68              165        0.7699046       FALSE
INFO  [01:10:32.050] [bbotk]   -3.385354607         45               54        0.7530390       FALSE
INFO  [01:10:32.050] [bbotk]  learning_rate num_leaves min_data_in_leaf feature_fraction extra_trees
INFO  [01:10:32.050] [bbotk]    lambda_l1   lambda_l2 min_gain_to_split    acq_cb timestamp_surrogate
INFO  [01:10:32.050] [bbotk]   0.08622434 -4.39138660         -5.516636 -6.654090 2026-09-10 01:09:31
INFO  [01:10:32.050] [bbotk]  -0.22872893 -4.73888064         -5.691865 -6.411767 2026-09-10 01:09:32
INFO  [01:10:32.050] [bbotk]   0.19025034 -0.37970736         -5.586388 -5.947939 2026-09-10 01:09:32
INFO  [01:10:32.050] [bbotk]   0.32900137 -0.99315452         -3.552185 -5.713486 2026-09-10 01:09:33
INFO  [01:10:32.050] [bbotk]  -0.23151294 -3.81585213         -4.738291 -5.516110 2026-09-10 01:09:34
INFO  [01:10:32.050] [bbotk]   0.23031547 -5.78116039         -5.555118 -5.447141 2026-09-10 01:09:34
INFO  [01:10:32.050] [bbotk]  -3.13355989  0.07934027         -5.013024 -5.281170 2026-09-10 01:09:35
INFO  [01:10:32.050] [bbotk]  -1.52992977  1.54070323         -5.250469 -4.940400 2026-09-10 01:09:36
INFO  [01:10:32.050] [bbotk]  -2.02035557  1.21696132         -6.345228 -5.110892 2026-09-10 01:09:37
INFO  [01:10:32.050] [bbotk]   1.14471147 -4.44925027         -5.737693 -4.895084 2026-09-10 01:09:37
INFO  [01:10:32.050] [bbotk]  -0.16284247  1.02604055         -4.744942 -4.887066 2026-09-10 01:09:38
INFO  [01:10:32.050] [bbotk]   1.58765727  5.99440039         -4.963018 -4.832527 2026-09-10 01:09:39
INFO  [01:10:32.050] [bbotk]   0.48783237 -4.43360223         -2.302585 -4.756876 2026-09-10 01:09:40
INFO  [01:10:32.050] [bbotk]   1.36074378  1.73128896         -5.540836 -4.627621 2026-09-10 01:09:40
INFO  [01:10:32.050] [bbotk]  -3.69916804  1.61364961         -4.830089 -4.695094 2026-09-10 01:09:41
INFO  [01:10:32.050] [bbotk]   0.36602064 -3.31854472         -6.133294 -4.674522 2026-09-10 01:09:42
INFO  [01:10:32.050] [bbotk]  -6.90775528 -2.23694592         -2.763597 -4.637723 2026-09-10 01:09:42
INFO  [01:10:32.050] [bbotk]   1.65606224 -3.57271257         -5.207077 -4.484810 2026-09-10 01:09:44
INFO  [01:10:32.050] [bbotk]   0.26342206  0.53741168         -6.387304 -4.495252 2026-09-10 01:09:44
INFO  [01:10:32.050] [bbotk]   1.75995182  1.77926110         -5.526836 -4.508535 2026-09-10 01:09:45
INFO  [01:10:32.050] [bbotk]  -0.06142385  3.86390214         -2.302585 -4.454212 2026-09-10 01:09:46
INFO  [01:10:32.050] [bbotk]  -0.74653188  0.96759909         -5.614197 -4.457203 2026-09-10 01:09:46
INFO  [01:10:32.050] [bbotk]  -2.15598505  1.70079887         -4.888487 -4.484999 2026-09-10 01:09:47
INFO  [01:10:32.050] [bbotk]   1.92226158 -3.40220926         -3.717948 -4.389284 2026-09-10 01:09:48
INFO  [01:10:32.050] [bbotk]  -2.63479154 -2.21042056         -6.466307 -4.312315 2026-09-10 01:09:49
INFO  [01:10:32.050] [bbotk]  -4.33801006 -1.90000848         -3.488003 -4.252263 2026-09-10 01:09:49
INFO  [01:10:32.050] [bbotk]  -2.47071631  2.29798953         -4.931878 -4.333480 2026-09-10 01:09:50
INFO  [01:10:32.050] [bbotk]   2.51973699  3.66848382         -5.456698 -4.207152 2026-09-10 01:09:51
INFO  [01:10:32.050] [bbotk]  -0.59278638 -1.14013568         -6.362989 -4.220715 2026-09-10 01:09:51
INFO  [01:10:32.050] [bbotk]   1.80405049  3.83165170         -6.246446 -4.177797 2026-09-10 01:09:52
INFO  [01:10:32.050] [bbotk]   1.72925295 -1.51855224         -2.496466 -4.250576 2026-09-10 01:09:53
INFO  [01:10:32.050] [bbotk]  -4.27539939  0.52794268         -4.938578 -4.147024 2026-09-10 01:09:54
INFO  [01:10:32.050] [bbotk]   2.21861601 -1.50418577         -6.898092 -4.124050 2026-09-10 01:09:54
INFO  [01:10:32.050] [bbotk]  -5.48850578  1.14929026         -4.997370 -4.198105 2026-09-10 01:09:55
INFO  [01:10:32.050] [bbotk]   0.50154012 -3.02673434         -5.331013 -4.094906 2026-09-10 01:09:56
INFO  [01:10:32.050] [bbotk]  -4.34288973 -4.46324506         -4.555282 -4.062562 2026-09-10 01:09:57
INFO  [01:10:32.050] [bbotk]   1.77625728  2.09422911         -5.514662 -4.026306 2026-09-10 01:09:57
INFO  [01:10:32.050] [bbotk]   0.31033283 -4.52287253         -2.442103 -4.003989 2026-09-10 01:09:58
INFO  [01:10:32.050] [bbotk]   0.23454558 -5.10157396         -4.960426 -4.081717 2026-09-10 01:09:59
INFO  [01:10:32.050] [bbotk]   0.25302852 -1.30129097         -3.032698 -4.102820 2026-09-10 01:09:59
INFO  [01:10:32.050] [bbotk]   1.83466755  1.52282516         -3.692795 -4.004918 2026-09-10 01:10:00
INFO  [01:10:32.050] [bbotk]  -0.51155181  0.46853001         -6.867701 -3.916650 2026-09-10 01:10:01
INFO  [01:10:32.050] [bbotk]  -4.64260453  0.84477928         -4.167072 -3.937206 2026-09-10 01:10:02
INFO  [01:10:32.050] [bbotk]  -0.18447856 -0.94444231         -2.441417 -4.151449 2026-09-10 01:10:02
INFO  [01:10:32.050] [bbotk]    lambda_l1   lambda_l2 min_gain_to_split    acq_cb timestamp_surrogate
INFO  [01:10:32.050] [bbotk]  timestamp_acq_function timestamp_acq_optimizer      timestamp_loop classif.ce
INFO  [01:10:32.050] [bbotk]     2026-09-10 01:09:31     2026-09-10 01:09:31 2026-09-10 01:09:31  0.1237050
INFO  [01:10:32.050] [bbotk]     2026-09-10 01:09:32     2026-09-10 01:09:32 2026-09-10 01:09:32  0.1277591
INFO  [01:10:32.050] [bbotk]     2026-09-10 01:09:32     2026-09-10 01:09:32 2026-09-10 01:09:33  0.1245855
INFO  [01:10:32.050] [bbotk]     2026-09-10 01:09:33     2026-09-10 01:09:33 2026-09-10 01:09:34  0.1245446
INFO  [01:10:32.050] [bbotk]     2026-09-10 01:09:34     2026-09-10 01:09:34 2026-09-10 01:09:34  0.1237460
INFO  [01:10:32.050] [bbotk]     2026-09-10 01:09:35     2026-09-10 01:09:35 2026-09-10 01:09:35  0.1240941
INFO  [01:10:32.050] [bbotk]     2026-09-10 01:09:35     2026-09-10 01:09:35 2026-09-10 01:09:36  0.1247288
INFO  [01:10:32.050] [bbotk]     2026-09-10 01:09:36     2026-09-10 01:09:36 2026-09-10 01:09:37  0.1251997
INFO  [01:10:32.050] [bbotk]     2026-09-10 01:09:37     2026-09-10 01:09:37 2026-09-10 01:09:37  0.1233980
INFO  [01:10:32.050] [bbotk]     2026-09-10 01:09:37     2026-09-10 01:09:37 2026-09-10 01:09:38  0.1251178
INFO  [01:10:32.050] [bbotk]     2026-09-10 01:09:38     2026-09-10 01:09:38 2026-09-10 01:09:39  0.1252406
INFO  [01:10:32.050] [bbotk]     2026-09-10 01:09:39     2026-09-10 01:09:39 2026-09-10 01:09:40  0.1272062
INFO  [01:10:32.050] [bbotk]     2026-09-10 01:09:40     2026-09-10 01:09:40 2026-09-10 01:09:40  0.1243193
INFO  [01:10:32.050] [bbotk]     2026-09-10 01:09:40     2026-09-10 01:09:40 2026-09-10 01:09:41  0.1260391
INFO  [01:10:32.050] [bbotk]     2026-09-10 01:09:41     2026-09-10 01:09:41 2026-09-10 01:09:42  0.1245445
INFO  [01:10:32.050] [bbotk]     2026-09-10 01:09:42     2026-09-10 01:09:42 2026-09-10 01:09:42  0.1251792
INFO  [01:10:32.050] [bbotk]     2026-09-10 01:09:43     2026-09-10 01:09:43 2026-09-10 01:09:44  0.1238075
INFO  [01:10:32.050] [bbotk]     2026-09-10 01:09:44     2026-09-10 01:09:44 2026-09-10 01:09:44  0.1258958
INFO  [01:10:32.050] [bbotk]     2026-09-10 01:09:44     2026-09-10 01:09:44 2026-09-10 01:09:45  0.1252201
INFO  [01:10:32.050] [bbotk]     2026-09-10 01:09:45     2026-09-10 01:09:45 2026-09-10 01:09:46  0.1259982
INFO  [01:10:32.050] [bbotk]     2026-09-10 01:09:46     2026-09-10 01:09:46 2026-09-10 01:09:46  0.1261825
INFO  [01:10:32.050] [bbotk]     2026-09-10 01:09:47     2026-09-10 01:09:47 2026-09-10 01:09:47  0.1258139
INFO  [01:10:32.050] [bbotk]     2026-09-10 01:09:47     2026-09-10 01:09:47 2026-09-10 01:09:48  0.1250563
INFO  [01:10:32.050] [bbotk]     2026-09-10 01:09:48     2026-09-10 01:09:48 2026-09-10 01:09:49  0.1264896
INFO  [01:10:32.050] [bbotk]     2026-09-10 01:09:49     2026-09-10 01:09:49 2026-09-10 01:09:49  0.1253840
INFO  [01:10:32.050] [bbotk]     2026-09-10 01:09:49     2026-09-10 01:09:49 2026-09-10 01:09:50  0.1314648
INFO  [01:10:32.050] [bbotk]     2026-09-10 01:09:50     2026-09-10 01:09:50 2026-09-10 01:09:51  0.1246468
INFO  [01:10:32.050] [bbotk]     2026-09-10 01:09:51     2026-09-10 01:09:51 2026-09-10 01:09:51  0.1275338
INFO  [01:10:32.050] [bbotk]     2026-09-10 01:09:52     2026-09-10 01:09:52 2026-09-10 01:09:52  0.1263462
INFO  [01:10:32.050] [bbotk]     2026-09-10 01:09:52     2026-09-10 01:09:52 2026-09-10 01:09:53  0.1260186
INFO  [01:10:32.050] [bbotk]     2026-09-10 01:09:53     2026-09-10 01:09:53 2026-09-10 01:09:54  0.1259778
INFO  [01:10:32.050] [bbotk]     2026-09-10 01:09:54     2026-09-10 01:09:54 2026-09-10 01:09:54  0.1253021
INFO  [01:10:32.050] [bbotk]     2026-09-10 01:09:54     2026-09-10 01:09:54 2026-09-10 01:09:55  0.1255068
INFO  [01:10:32.050] [bbotk]     2026-09-10 01:09:55     2026-09-10 01:09:55 2026-09-10 01:09:56  0.1256910
INFO  [01:10:32.050] [bbotk]     2026-09-10 01:09:56     2026-09-10 01:09:56 2026-09-10 01:09:57  0.1262439
INFO  [01:10:32.050] [bbotk]     2026-09-10 01:09:57     2026-09-10 01:09:57 2026-09-10 01:09:57  0.1251792
INFO  [01:10:32.050] [bbotk]     2026-09-10 01:09:57     2026-09-10 01:09:57 2026-09-10 01:09:58  0.1268785
INFO  [01:10:32.050] [bbotk]     2026-09-10 01:09:58     2026-09-10 01:09:58 2026-09-10 01:09:59  0.1301340
INFO  [01:10:32.050] [bbotk]     2026-09-10 01:09:59     2026-09-10 01:09:59 2026-09-10 01:09:59  0.1280661
INFO  [01:10:32.050] [bbotk]     2026-09-10 01:10:00     2026-09-10 01:10:00 2026-09-10 01:10:00  0.1261415
INFO  [01:10:32.050] [bbotk]     2026-09-10 01:10:00     2026-09-10 01:10:00 2026-09-10 01:10:01  0.1266125
INFO  [01:10:32.050] [bbotk]     2026-09-10 01:10:01     2026-09-10 01:10:01 2026-09-10 01:10:02  0.1267762
INFO  [01:10:32.050] [bbotk]     2026-09-10 01:10:02     2026-09-10 01:10:02 2026-09-10 01:10:02  0.1259572
INFO  [01:10:32.050] [bbotk]     2026-09-10 01:10:03     2026-09-10 01:10:03 2026-09-10 01:10:03  0.1245650
INFO  [01:10:32.050] [bbotk]  timestamp_acq_function timestamp_acq_optimizer      timestamp_loop classif.ce
INFO  [01:10:32.050] [bbotk]  warnings errors runtime_learners internal_tuned_values
INFO  [01:10:32.050] [bbotk]         0      0            8.812    num_iterations=123
INFO  [01:10:32.050] [bbotk]         0      0            4.738      num_iterations=9
INFO  [01:10:32.050] [bbotk]         0      0            7.856     num_iterations=85
INFO  [01:10:32.050] [bbotk]         0      0           14.403    num_iterations=185
INFO  [01:10:32.050] [bbotk]         0      0           14.958    num_iterations=251
INFO  [01:10:32.050] [bbotk]         0      0            7.717     num_iterations=90
INFO  [01:10:32.050] [bbotk]         0      0           10.264     num_iterations=84
INFO  [01:10:32.050] [bbotk]         0      0            7.292     num_iterations=28
INFO  [01:10:32.050] [bbotk]         0      0           17.730    num_iterations=194
INFO  [01:10:32.050] [bbotk]         0      0           19.006    num_iterations=240
INFO  [01:10:32.050] [bbotk]         0      0           16.745    num_iterations=182
INFO  [01:10:32.050] [bbotk]         0      0            9.525     num_iterations=67
INFO  [01:10:32.050] [bbotk]         0      0            9.295    num_iterations=130
INFO  [01:10:32.050] [bbotk]         0      0           16.324    num_iterations=169
INFO  [01:10:32.050] [bbotk]         0      0           13.607    num_iterations=131
INFO  [01:10:32.050] [bbotk]         0      0           17.362    num_iterations=174
INFO  [01:10:32.050] [bbotk]         0      0            7.859    num_iterations=107
INFO  [01:10:32.050] [bbotk]         0      0           17.182    num_iterations=162
INFO  [01:10:32.050] [bbotk]         0      0           15.892    num_iterations=158
INFO  [01:10:32.050] [bbotk]         0      0           20.111    num_iterations=209
INFO  [01:10:32.050] [bbotk]         0      0           25.076    num_iterations=305
INFO  [01:10:32.050] [bbotk]         0      0           20.215    num_iterations=170
INFO  [01:10:32.050] [bbotk]         0      0            9.087     num_iterations=55
INFO  [01:10:32.050] [bbotk]         0      0            7.613     num_iterations=58
INFO  [01:10:32.050] [bbotk]         0      0           22.379    num_iterations=226
INFO  [01:10:32.050] [bbotk]         0      0            5.923     num_iterations=12
INFO  [01:10:32.050] [bbotk]         0      0            8.820     num_iterations=48
INFO  [01:10:32.050] [bbotk]         0      0           23.252    num_iterations=317
INFO  [01:10:32.050] [bbotk]         0      0           17.217    num_iterations=136
INFO  [01:10:32.050] [bbotk]         0      0           12.556     num_iterations=90
INFO  [01:10:32.050] [bbotk]         0      0           17.199    num_iterations=207
INFO  [01:10:32.050] [bbotk]         0      0           26.602    num_iterations=294
INFO  [01:10:32.050] [bbotk]         0      0           16.308    num_iterations=242
INFO  [01:10:32.050] [bbotk]         0      0            9.343     num_iterations=64
INFO  [01:10:32.050] [bbotk]         0      0           21.151    num_iterations=191
INFO  [01:10:32.050] [bbotk]         0      0           14.926    num_iterations=116
INFO  [01:10:32.050] [bbotk]         0      0            6.548     num_iterations=32
INFO  [01:10:32.050] [bbotk]         0      0           10.435    num_iterations=286
INFO  [01:10:32.050] [bbotk]         0      0            9.698     num_iterations=18
INFO  [01:10:32.050] [bbotk]         0      0           15.024    num_iterations=118
INFO  [01:10:32.050] [bbotk]         0      0           36.515    num_iterations=467
INFO  [01:10:32.050] [bbotk]         0      0           16.838    num_iterations=122
INFO  [01:10:32.050] [bbotk]         0      0           20.242    num_iterations=236
INFO  [01:10:32.050] [bbotk]         0      0           17.668    num_iterations=265
INFO  [01:10:32.050] [bbotk]  warnings errors runtime_learners internal_tuned_values
INFO  [01:10:32.232] [mlr3] Calling train method of fallback 'regr.ranger' on task 'surrogate_task' with 144 observations {learner: <LearnerRegrRanger/LearnerRegr/Learner/R6>}
INFO  [01:10:33.039] [mlr3] Calling train method of fallback 'regr.ranger' on task 'surrogate_task' with 145 observations {learner: <LearnerRegrRanger/LearnerRegr/Learner/R6>}
INFO  [01:10:33.825] [mlr3] Calling train method of fallback 'regr.ranger' on task 'surrogate_task' with 146 observations {learner: <LearnerRegrRanger/LearnerRegr/Learner/R6>}
INFO  [01:10:34.577] [mlr3] Calling train method of fallback 'regr.ranger' on task 'surrogate_task' with 147 observations {learner: <LearnerRegrRanger/LearnerRegr/Learner/R6>}
INFO  [01:10:35.371] [mlr3] Calling train method of fallback 'regr.ranger' on task 'surrogate_task' with 148 observations {learner: <LearnerRegrRanger/LearnerRegr/Learner/R6>}
INFO  [01:10:36.166] [mlr3] Calling train method of fallback 'regr.ranger' on task 'surrogate_task' with 149 observations {learner: <LearnerRegrRanger/LearnerRegr/Learner/R6>}
INFO  [01:10:36.940] [mlr3] Calling train method of fallback 'regr.ranger' on task 'surrogate_task' with 150 observations {learner: <LearnerRegrRanger/LearnerRegr/Learner/R6>}
INFO  [01:10:37.756] [mlr3] Calling train method of fallback 'regr.ranger' on task 'surrogate_task' with 151 observations {learner: <LearnerRegrRanger/LearnerRegr/Learner/R6>}
INFO  [01:10:38.578] [mlr3] Calling train method of fallback 'regr.ranger' on task 'surrogate_task' with 152 observations {learner: <LearnerRegrRanger/LearnerRegr/Learner/R6>}
INFO  [01:10:39.437] [mlr3] Calling train method of fallback 'regr.ranger' on task 'surrogate_task' with 153 observations {learner: <LearnerRegrRanger/LearnerRegr/Learner/R6>}
INFO  [01:10:40.256] [mlr3] Calling train method of fallback 'regr.ranger' on task 'surrogate_task' with 154 observations {learner: <LearnerRegrRanger/LearnerRegr/Learner/R6>}
INFO  [01:10:41.008] [mlr3] Calling train method of fallback 'regr.ranger' on task 'surrogate_task' with 155 observations {learner: <LearnerRegrRanger/LearnerRegr/Learner/R6>}
INFO  [01:10:41.812] [mlr3] Calling train method of fallback 'regr.ranger' on task 'surrogate_task' with 156 observations {learner: <LearnerRegrRanger/LearnerRegr/Learner/R6>}
INFO  [01:10:42.611] [mlr3] Calling train method of fallback 'regr.ranger' on task 'surrogate_task' with 157 observations {learner: <LearnerRegrRanger/LearnerRegr/Learner/R6>}
INFO  [01:10:43.418] [mlr3] Calling train method of fallback 'regr.ranger' on task 'surrogate_task' with 158 observations {learner: <LearnerRegrRanger/LearnerRegr/Learner/R6>}
INFO  [01:10:44.197] [mlr3] Calling train method of fallback 'regr.ranger' on task 'surrogate_task' with 159 observations {learner: <LearnerRegrRanger/LearnerRegr/Learner/R6>}
INFO  [01:10:45.010] [mlr3] Calling train method of fallback 'regr.ranger' on task 'surrogate_task' with 160 observations {learner: <LearnerRegrRanger/LearnerRegr/Learner/R6>}
INFO  [01:10:45.798] [mlr3] Calling train method of fallback 'regr.ranger' on task 'surrogate_task' with 161 observations {learner: <LearnerRegrRanger/LearnerRegr/Learner/R6>}
INFO  [01:10:46.610] [mlr3] Calling train method of fallback 'regr.ranger' on task 'surrogate_task' with 162 observations {learner: <LearnerRegrRanger/LearnerRegr/Learner/R6>}
INFO  [01:10:47.402] [mlr3] Calling train method of fallback 'regr.ranger' on task 'surrogate_task' with 163 observations {learner: <LearnerRegrRanger/LearnerRegr/Learner/R6>}
INFO  [01:10:48.210] [mlr3] Calling train method of fallback 'regr.ranger' on task 'surrogate_task' with 164 observations {learner: <LearnerRegrRanger/LearnerRegr/Learner/R6>}
INFO  [01:10:49.035] [mlr3] Calling train method of fallback 'regr.ranger' on task 'surrogate_task' with 165 observations {learner: <LearnerRegrRanger/LearnerRegr/Learner/R6>}
INFO  [01:10:49.904] [mlr3] Calling train method of fallback 'regr.ranger' on task 'surrogate_task' with 166 observations {learner: <LearnerRegrRanger/LearnerRegr/Learner/R6>}
INFO  [01:10:50.708] [mlr3] Calling train method of fallback 'regr.ranger' on task 'surrogate_task' with 167 observations {learner: <LearnerRegrRanger/LearnerRegr/Learner/R6>}
INFO  [01:10:51.536] [mlr3] Calling train method of fallback 'regr.ranger' on task 'surrogate_task' with 168 observations {learner: <LearnerRegrRanger/LearnerRegr/Learner/R6>}
INFO  [01:10:52.331] [mlr3] Calling train method of fallback 'regr.ranger' on task 'surrogate_task' with 169 observations {learner: <LearnerRegrRanger/LearnerRegr/Learner/R6>}
INFO  [01:10:53.129] [mlr3] Calling train method of fallback 'regr.ranger' on task 'surrogate_task' with 170 observations {learner: <LearnerRegrRanger/LearnerRegr/Learner/R6>}
INFO  [01:10:53.977] [mlr3] Calling train method of fallback 'regr.ranger' on task 'surrogate_task' with 171 observations {learner: <LearnerRegrRanger/LearnerRegr/Learner/R6>}
INFO  [01:10:54.864] [mlr3] Calling train method of fallback 'regr.ranger' on task 'surrogate_task' with 172 observations {learner: <LearnerRegrRanger/LearnerRegr/Learner/R6>}
INFO  [01:10:55.685] [mlr3] Calling train method of fallback 'regr.ranger' on task 'surrogate_task' with 173 observations {learner: <LearnerRegrRanger/LearnerRegr/Learner/R6>}
INFO  [01:10:56.499] [mlr3] Calling train method of fallback 'regr.ranger' on task 'surrogate_task' with 174 observations {learner: <LearnerRegrRanger/LearnerRegr/Learner/R6>}
INFO  [01:10:57.311] [mlr3] Calling train method of fallback 'regr.ranger' on task 'surrogate_task' with 175 observations {learner: <LearnerRegrRanger/LearnerRegr/Learner/R6>}
INFO  [01:10:58.129] [mlr3] Calling train method of fallback 'regr.ranger' on task 'surrogate_task' with 176 observations {learner: <LearnerRegrRanger/LearnerRegr/Learner/R6>}
INFO  [01:10:58.900] [mlr3] Calling train method of fallback 'regr.ranger' on task 'surrogate_task' with 177 observations {learner: <LearnerRegrRanger/LearnerRegr/Learner/R6>}
INFO  [01:10:59.738] [mlr3] Calling train method of fallback 'regr.ranger' on task 'surrogate_task' with 178 observations {learner: <LearnerRegrRanger/LearnerRegr/Learner/R6>}
INFO  [01:11:00.532] [mlr3] Calling train method of fallback 'regr.ranger' on task 'surrogate_task' with 179 observations {learner: <LearnerRegrRanger/LearnerRegr/Learner/R6>}
INFO  [01:11:01.344] [mlr3] Calling train method of fallback 'regr.ranger' on task 'surrogate_task' with 180 observations {learner: <LearnerRegrRanger/LearnerRegr/Learner/R6>}
INFO  [01:11:02.139] [mlr3] Calling train method of fallback 'regr.ranger' on task 'surrogate_task' with 181 observations {learner: <LearnerRegrRanger/LearnerRegr/Learner/R6>}
INFO  [01:11:02.978] [mlr3] Calling train method of fallback 'regr.ranger' on task 'surrogate_task' with 182 observations {learner: <LearnerRegrRanger/LearnerRegr/Learner/R6>}
INFO  [01:11:03.768] [mlr3] Calling train method of fallback 'regr.ranger' on task 'surrogate_task' with 183 observations {learner: <LearnerRegrRanger/LearnerRegr/Learner/R6>}
INFO  [01:11:04.601] [mlr3] Calling train method of fallback 'regr.ranger' on task 'surrogate_task' with 184 observations {learner: <LearnerRegrRanger/LearnerRegr/Learner/R6>}
INFO  [01:11:05.444] [mlr3] Calling train method of fallback 'regr.ranger' on task 'surrogate_task' with 185 observations {learner: <LearnerRegrRanger/LearnerRegr/Learner/R6>}
INFO  [01:11:06.272] [mlr3] Calling train method of fallback 'regr.ranger' on task 'surrogate_task' with 186 observations {learner: <LearnerRegrRanger/LearnerRegr/Learner/R6>}
INFO  [01:11:07.113] [mlr3] Calling train method of fallback 'regr.ranger' on task 'surrogate_task' with 187 observations {learner: <LearnerRegrRanger/LearnerRegr/Learner/R6>}
INFO  [01:11:07.822] [bbotk] Evaluating 44 configuration(s)
INFO  [01:11:07.960] [mlr3] Running benchmark with 440 resampling iterations
INFO  [01:11:31.240] [mlr3] Finished benchmark
INFO  [01:11:33.075] [bbotk] Result of batch 3:
INFO  [01:11:33.083] [bbotk]  learning_rate num_leaves min_data_in_leaf feature_fraction extra_trees
INFO  [01:11:33.083] [bbotk]      -2.784798         53                5        0.6327252       FALSE
INFO  [01:11:33.083] [bbotk]      -2.589632         67                1        0.5455720       FALSE
INFO  [01:11:33.083] [bbotk]      -2.764273         23                1        0.5339689       FALSE
INFO  [01:11:33.083] [bbotk]      -2.863815         33                7        0.7936799       FALSE
INFO  [01:11:33.083] [bbotk]      -2.129610         37                1        0.9933518       FALSE
INFO  [01:11:33.083] [bbotk]      -2.679879         63                8        0.5033095       FALSE
INFO  [01:11:33.083] [bbotk]      -2.914564         36                6        0.9490948       FALSE
INFO  [01:11:33.083] [bbotk]      -2.007464         58                4        0.4974877       FALSE
INFO  [01:11:33.083] [bbotk]      -2.268446         35               17        0.8773080       FALSE
INFO  [01:11:33.083] [bbotk]      -2.815643         34               53        0.8551766       FALSE
INFO  [01:11:33.083] [bbotk]      -1.864094         55               12        0.5264517       FALSE
INFO  [01:11:33.083] [bbotk]      -2.826108         15               49        0.9317402       FALSE
INFO  [01:11:33.083] [bbotk]      -1.678820         34                5        0.9345229       FALSE
INFO  [01:11:33.083] [bbotk]      -3.129726         67                7        0.9342606       FALSE
INFO  [01:11:33.083] [bbotk]      -3.011746         33               44        0.4259493       FALSE
INFO  [01:11:33.083] [bbotk]      -3.076402         34              158        0.7546759       FALSE
INFO  [01:11:33.083] [bbotk]      -2.437409         56               10        0.5455083       FALSE
INFO  [01:11:33.083] [bbotk]      -1.773932         33               49        0.3884525       FALSE
INFO  [01:11:33.083] [bbotk]      -1.977891         31                7        0.9859103       FALSE
INFO  [01:11:33.083] [bbotk]      -2.822789         67                7        0.7607985       FALSE
INFO  [01:11:33.083] [bbotk]      -2.896731        192                7        0.5368493       FALSE
INFO  [01:11:33.083] [bbotk]      -2.326844        195               33        0.3948621       FALSE
INFO  [01:11:33.083] [bbotk]      -1.959980         32                2        0.9364759       FALSE
INFO  [01:11:33.083] [bbotk]      -3.281673         44               55        0.8110947       FALSE
INFO  [01:11:33.083] [bbotk]      -3.334795         48               49        0.5517436       FALSE
INFO  [01:11:33.083] [bbotk]      -3.559609         49               54        0.7575135       FALSE
INFO  [01:11:33.083] [bbotk]      -2.779072         67              132        0.5385004       FALSE
INFO  [01:11:33.083] [bbotk]      -2.036740         42               42        0.8691579       FALSE
INFO  [01:11:33.083] [bbotk]      -2.011377         56               54        0.7520128       FALSE
INFO  [01:11:33.083] [bbotk]      -2.758881         67               48        0.7464630       FALSE
INFO  [01:11:33.083] [bbotk]      -3.443321         68                1        0.5196274       FALSE
INFO  [01:11:33.083] [bbotk]      -2.803220         55               65        0.4254874       FALSE
INFO  [01:11:33.083] [bbotk]      -1.940230         30                1        0.1569342       FALSE
INFO  [01:11:33.083] [bbotk]      -2.812985         65              100        0.7426323       FALSE
INFO  [01:11:33.083] [bbotk]      -2.492661         66               51        0.4444738       FALSE
INFO  [01:11:33.083] [bbotk]      -3.332738         52               21        0.9818641       FALSE
INFO  [01:11:33.083] [bbotk]      -3.221574         53               12        0.9446994       FALSE
INFO  [01:11:33.083] [bbotk]      -1.957029         23                5        0.9291649       FALSE
INFO  [01:11:33.083] [bbotk]      -3.039563         64               86        0.9351151       FALSE
INFO  [01:11:33.083] [bbotk]      -1.374848         59               46        0.4049444       FALSE
INFO  [01:11:33.083] [bbotk]      -1.990293         44                1        0.9285584       FALSE
INFO  [01:11:33.083] [bbotk]      -2.835226         66               55        0.5973003       FALSE
INFO  [01:11:33.083] [bbotk]      -2.817934         75              130        0.7653618       FALSE
INFO  [01:11:33.083] [bbotk]      -2.967922         97               52        0.5019918       FALSE
INFO  [01:11:33.083] [bbotk]  learning_rate num_leaves min_data_in_leaf feature_fraction extra_trees
INFO  [01:11:33.083] [bbotk]    lambda_l1   lambda_l2 min_gain_to_split    acq_cb timestamp_surrogate
INFO  [01:11:33.083] [bbotk]  -2.42269126  5.58849465         -6.467070 -6.115545 2026-09-10 01:10:32
INFO  [01:11:33.083] [bbotk]  -2.11891186  0.79912926         -2.938755 -6.352207 2026-09-10 01:10:32
INFO  [01:11:33.083] [bbotk]  -2.04895994 -3.25859332         -4.142257 -6.055963 2026-09-10 01:10:33
INFO  [01:11:33.083] [bbotk]  -1.59953589 -3.76841557         -4.808099 -6.225628 2026-09-10 01:10:34
INFO  [01:11:33.083] [bbotk]  -0.45522329 -4.08378673         -5.493434 -6.028835 2026-09-10 01:10:35
INFO  [01:11:33.083] [bbotk]  -1.86028129 -0.48882255         -6.907755 -5.974327 2026-09-10 01:10:36
INFO  [01:11:33.083] [bbotk]   0.10552012 -4.64513114         -5.517487 -5.886082 2026-09-10 01:10:36
INFO  [01:11:33.083] [bbotk]  -2.31744116  1.86753752         -6.317620 -5.709044 2026-09-10 01:10:37
INFO  [01:11:33.083] [bbotk]  -1.95724498 -4.30216746         -5.549492 -5.865778 2026-09-10 01:10:38
INFO  [01:11:33.083] [bbotk]  -0.30188663 -3.85074449         -4.719745 -5.797837 2026-09-10 01:10:39
INFO  [01:11:33.083] [bbotk]  -3.60057357  1.54971059         -5.007970 -5.473559 2026-09-10 01:10:40
INFO  [01:11:33.083] [bbotk]  -0.16322228 -3.14055310         -3.009299 -5.370839 2026-09-10 01:10:40
INFO  [01:11:33.083] [bbotk]   0.67480908 -4.25114743         -3.320900 -5.491546 2026-09-10 01:10:41
INFO  [01:11:33.083] [bbotk]  -3.45483388 -4.36447477         -6.260244 -5.362579 2026-09-10 01:10:42
INFO  [01:11:33.083] [bbotk]  -2.57149799  0.80692308         -4.812127 -5.290420 2026-09-10 01:10:43
INFO  [01:11:33.083] [bbotk]  -0.18343576 -3.42624231         -4.927739 -5.294608 2026-09-10 01:10:44
INFO  [01:11:33.083] [bbotk]   0.36307899  1.41388569         -6.343673 -5.362066 2026-09-10 01:10:44
INFO  [01:11:33.083] [bbotk]   0.19857391 -4.44142799         -2.302585 -5.108613 2026-09-10 01:10:45
INFO  [01:11:33.083] [bbotk]   0.78891007 -4.48670194         -5.557344 -5.430297 2026-09-10 01:10:46
INFO  [01:11:33.083] [bbotk]   0.21640905  1.23254207         -2.452731 -5.230964 2026-09-10 01:10:47
INFO  [01:11:33.083] [bbotk]  -1.82614882  1.01718255         -6.466846 -5.298957 2026-09-10 01:10:48
INFO  [01:11:33.083] [bbotk]  -6.90775528  1.14240245         -6.355678 -5.065693 2026-09-10 01:10:48
INFO  [01:11:33.083] [bbotk]  -6.90775528 -6.90775528         -2.302585 -5.270664 2026-09-10 01:10:49
INFO  [01:11:33.083] [bbotk]   0.08844992 -3.05540158         -4.739478 -5.139644 2026-09-10 01:10:50
INFO  [01:11:33.083] [bbotk]  -1.83339324  0.09956347         -6.358664 -4.980583 2026-09-10 01:10:51
INFO  [01:11:33.083] [bbotk]  -0.31520033 -0.94085600         -2.302585 -5.027618 2026-09-10 01:10:52
INFO  [01:11:33.083] [bbotk]  -2.85707221  1.46735562         -6.411804 -5.052585 2026-09-10 01:10:52
INFO  [01:11:33.083] [bbotk]  -0.22653419 -1.32892340         -5.569443 -5.013450 2026-09-10 01:10:53
INFO  [01:11:33.083] [bbotk]  -1.94909889 -1.07614702         -4.748625 -4.923518 2026-09-10 01:10:54
INFO  [01:11:33.083] [bbotk]  -2.03779305 -2.92758537         -4.922649 -4.885356 2026-09-10 01:10:55
INFO  [01:11:33.083] [bbotk]  -0.09492967  1.95592953         -6.357844 -4.838728 2026-09-10 01:10:56
INFO  [01:11:33.083] [bbotk]  -0.07483711  0.07245404         -4.941477 -4.766794 2026-09-10 01:10:57
INFO  [01:11:33.083] [bbotk]   0.53715407 -6.90775528         -5.620026 -4.931105 2026-09-10 01:10:57
INFO  [01:11:33.083] [bbotk]  -3.86698402  0.72152062         -6.340387 -4.843347 2026-09-10 01:10:58
INFO  [01:11:33.083] [bbotk]  -2.97941310  1.71788662         -4.852192 -4.846920 2026-09-10 01:10:59
INFO  [01:11:33.083] [bbotk]   1.56865721 -1.14292821         -2.522302 -4.689433 2026-09-10 01:11:00
INFO  [01:11:33.083] [bbotk]   0.37287564 -4.41955978         -4.517387 -4.710349 2026-09-10 01:11:01
INFO  [01:11:33.083] [bbotk]  -0.09750650  0.05169466         -5.464971 -4.926523 2026-09-10 01:11:01
INFO  [01:11:33.083] [bbotk]  -0.13103561 -1.51460907         -4.684809 -4.639119 2026-09-10 01:11:02
INFO  [01:11:33.083] [bbotk]  -2.18834098 -3.80962046         -5.069747 -4.716942 2026-09-10 01:11:03
INFO  [01:11:33.083] [bbotk]   0.36238653 -4.81675555         -5.584536 -4.935115 2026-09-10 01:11:04
INFO  [01:11:33.083] [bbotk]   0.24549528  1.63366772         -6.220510 -4.713351 2026-09-10 01:11:05
INFO  [01:11:33.083] [bbotk]  -4.20843386  1.21233925         -4.874181 -4.677931 2026-09-10 01:11:06
INFO  [01:11:33.083] [bbotk]   0.34178984 -4.47860466         -6.344741 -4.718254 2026-09-10 01:11:06
INFO  [01:11:33.083] [bbotk]    lambda_l1   lambda_l2 min_gain_to_split    acq_cb timestamp_surrogate
INFO  [01:11:33.083] [bbotk]  timestamp_acq_function timestamp_acq_optimizer      timestamp_loop classif.ce
INFO  [01:11:33.083] [bbotk]     2026-09-10 01:10:32     2026-09-10 01:10:32 2026-09-10 01:10:32  0.1264281
INFO  [01:11:33.083] [bbotk]     2026-09-10 01:10:33     2026-09-10 01:10:33 2026-09-10 01:10:33  0.1241555
INFO  [01:11:33.083] [bbotk]     2026-09-10 01:10:33     2026-09-10 01:10:33 2026-09-10 01:10:34  0.1240532
INFO  [01:11:33.083] [bbotk]     2026-09-10 01:10:34     2026-09-10 01:10:34 2026-09-10 01:10:35  0.1241555
INFO  [01:11:33.083] [bbotk]     2026-09-10 01:10:35     2026-09-10 01:10:35 2026-09-10 01:10:36  0.1237050
INFO  [01:11:33.083] [bbotk]     2026-09-10 01:10:36     2026-09-10 01:10:36 2026-09-10 01:10:36  0.1233160
INFO  [01:11:33.083] [bbotk]     2026-09-10 01:10:36     2026-09-10 01:10:36 2026-09-10 01:10:37  0.1241965
INFO  [01:11:33.083] [bbotk]     2026-09-10 01:10:37     2026-09-10 01:10:37 2026-09-10 01:10:38  0.1244831
INFO  [01:11:33.083] [bbotk]     2026-09-10 01:10:38     2026-09-10 01:10:38 2026-09-10 01:10:39  0.1241555
INFO  [01:11:33.083] [bbotk]     2026-09-10 01:10:39     2026-09-10 01:10:39 2026-09-10 01:10:40  0.1242579
INFO  [01:11:33.083] [bbotk]     2026-09-10 01:10:40     2026-09-10 01:10:40 2026-09-10 01:10:40  0.1246878
INFO  [01:11:33.083] [bbotk]     2026-09-10 01:10:41     2026-09-10 01:10:41 2026-09-10 01:10:41  0.1244217
INFO  [01:11:33.083] [bbotk]     2026-09-10 01:10:41     2026-09-10 01:10:41 2026-09-10 01:10:42  0.1242783
INFO  [01:11:33.083] [bbotk]     2026-09-10 01:10:42     2026-09-10 01:10:42 2026-09-10 01:10:43  0.1246674
INFO  [01:11:33.083] [bbotk]     2026-09-10 01:10:43     2026-09-10 01:10:43 2026-09-10 01:10:44  0.1240122
INFO  [01:11:33.083] [bbotk]     2026-09-10 01:10:44     2026-09-10 01:10:44 2026-09-10 01:10:44  0.1246878
INFO  [01:11:33.083] [bbotk]     2026-09-10 01:10:45     2026-09-10 01:10:45 2026-09-10 01:10:45  0.1240122
INFO  [01:11:33.083] [bbotk]     2026-09-10 01:10:45     2026-09-10 01:10:45 2026-09-10 01:10:46  0.1239712
INFO  [01:11:33.083] [bbotk]     2026-09-10 01:10:46     2026-09-10 01:10:46 2026-09-10 01:10:47  0.1246469
INFO  [01:11:33.083] [bbotk]     2026-09-10 01:10:47     2026-09-10 01:10:47 2026-09-10 01:10:48  0.1249131
INFO  [01:11:33.083] [bbotk]     2026-09-10 01:10:48     2026-09-10 01:10:48 2026-09-10 01:10:48  0.1251587
INFO  [01:11:33.083] [bbotk]     2026-09-10 01:10:49     2026-09-10 01:10:49 2026-09-10 01:10:49  0.1253430
INFO  [01:11:33.083] [bbotk]     2026-09-10 01:10:49     2026-09-10 01:10:49 2026-09-10 01:10:50  0.1247493
INFO  [01:11:33.083] [bbotk]     2026-09-10 01:10:50     2026-09-10 01:10:50 2026-09-10 01:10:51  0.1247288
INFO  [01:11:33.083] [bbotk]     2026-09-10 01:10:51     2026-09-10 01:10:51 2026-09-10 01:10:52  0.1242784
INFO  [01:11:33.083] [bbotk]     2026-09-10 01:10:52     2026-09-10 01:10:52 2026-09-10 01:10:52  0.1244012
INFO  [01:11:33.083] [bbotk]     2026-09-10 01:10:53     2026-09-10 01:10:53 2026-09-10 01:10:53  0.1251382
INFO  [01:11:33.083] [bbotk]     2026-09-10 01:10:53     2026-09-10 01:10:53 2026-09-10 01:10:54  0.1240122
INFO  [01:11:33.083] [bbotk]     2026-09-10 01:10:54     2026-09-10 01:10:54 2026-09-10 01:10:55  0.1249335
INFO  [01:11:33.083] [bbotk]     2026-09-10 01:10:55     2026-09-10 01:10:55 2026-09-10 01:10:56  0.1246674
INFO  [01:11:33.083] [bbotk]     2026-09-10 01:10:56     2026-09-10 01:10:56 2026-09-10 01:10:57  0.1246878
INFO  [01:11:33.083] [bbotk]     2026-09-10 01:10:57     2026-09-10 01:10:57 2026-09-10 01:10:57  0.1245035
INFO  [01:11:33.083] [bbotk]     2026-09-10 01:10:58     2026-09-10 01:10:58 2026-09-10 01:10:58  0.1253635
INFO  [01:11:33.083] [bbotk]     2026-09-10 01:10:58     2026-09-10 01:10:58 2026-09-10 01:10:59  0.1245444
INFO  [01:11:33.083] [bbotk]     2026-09-10 01:10:59     2026-09-10 01:10:59 2026-09-10 01:11:00  0.1252201
INFO  [01:11:33.083] [bbotk]     2026-09-10 01:11:00     2026-09-10 01:11:00 2026-09-10 01:11:01  0.1249131
INFO  [01:11:33.083] [bbotk]     2026-09-10 01:11:01     2026-09-10 01:11:01 2026-09-10 01:11:01  0.1245241
INFO  [01:11:33.083] [bbotk]     2026-09-10 01:11:02     2026-09-10 01:11:02 2026-09-10 01:11:02  0.1229680
INFO  [01:11:33.083] [bbotk]     2026-09-10 01:11:02     2026-09-10 01:11:02 2026-09-10 01:11:03  0.1251177
INFO  [01:11:33.083] [bbotk]     2026-09-10 01:11:03     2026-09-10 01:11:03 2026-09-10 01:11:04  0.1244422
INFO  [01:11:33.083] [bbotk]     2026-09-10 01:11:04     2026-09-10 01:11:04 2026-09-10 01:11:05  0.1241760
INFO  [01:11:33.083] [bbotk]     2026-09-10 01:11:05     2026-09-10 01:11:05 2026-09-10 01:11:06  0.1259162
INFO  [01:11:33.083] [bbotk]     2026-09-10 01:11:06     2026-09-10 01:11:06 2026-09-10 01:11:06  0.1256092
INFO  [01:11:33.083] [bbotk]     2026-09-10 01:11:07     2026-09-10 01:11:07 2026-09-10 01:11:07  0.1250768
INFO  [01:11:33.083] [bbotk]  timestamp_acq_function timestamp_acq_optimizer      timestamp_loop classif.ce
INFO  [01:11:33.083] [bbotk]  warnings errors runtime_learners internal_tuned_values
INFO  [01:11:33.083] [bbotk]         0      0           25.019    num_iterations=356
INFO  [01:11:33.083] [bbotk]         0      0           12.177    num_iterations=120
INFO  [01:11:33.083] [bbotk]         0      0           12.688    num_iterations=212
INFO  [01:11:33.083] [bbotk]         0      0           11.332    num_iterations=199
INFO  [01:11:33.083] [bbotk]         0      0            7.800    num_iterations=106
INFO  [01:11:33.083] [bbotk]         0      0           13.223    num_iterations=146
INFO  [01:11:33.083] [bbotk]         0      0           11.341    num_iterations=172
INFO  [01:11:33.083] [bbotk]         0      0           10.548     num_iterations=82
INFO  [01:11:33.083] [bbotk]         0      0            8.714    num_iterations=128
INFO  [01:11:33.083] [bbotk]         0      0           12.449    num_iterations=195
INFO  [01:11:33.083] [bbotk]         0      0            9.945     num_iterations=65
INFO  [01:11:33.083] [bbotk]         0      0           11.516    num_iterations=260
INFO  [01:11:33.083] [bbotk]         0      0            6.415     num_iterations=65
INFO  [01:11:33.083] [bbotk]         0      0           12.494    num_iterations=149
INFO  [01:11:33.083] [bbotk]         0      0           15.402    num_iterations=223
INFO  [01:11:33.083] [bbotk]         0      0           15.678    num_iterations=240
INFO  [01:11:33.083] [bbotk]         0      0           12.701    num_iterations=124
INFO  [01:11:33.083] [bbotk]         0      0            7.642     num_iterations=80
INFO  [01:11:33.083] [bbotk]         0      0            8.819    num_iterations=111
INFO  [01:11:33.083] [bbotk]         0      0           13.134    num_iterations=130
INFO  [01:11:33.083] [bbotk]         0      0           17.886    num_iterations=112
INFO  [01:11:33.083] [bbotk]         0      0           13.236     num_iterations=73
INFO  [01:11:33.083] [bbotk]         0      0            7.117     num_iterations=78
INFO  [01:11:33.083] [bbotk]         0      0           16.261    num_iterations=225
INFO  [01:11:33.083] [bbotk]         0      0           18.696    num_iterations=249
INFO  [01:11:33.083] [bbotk]         0      0           19.476    num_iterations=280
INFO  [01:11:33.083] [bbotk]         0      0           17.663    num_iterations=175
INFO  [01:11:33.083] [bbotk]         0      0            9.350    num_iterations=111
INFO  [01:11:33.083] [bbotk]         0      0            9.465     num_iterations=77
INFO  [01:11:33.083] [bbotk]         0      0           12.475    num_iterations=127
INFO  [01:11:33.083] [bbotk]         0      0           20.594    num_iterations=226
INFO  [01:11:33.083] [bbotk]         0      0           17.861    num_iterations=208
INFO  [01:11:33.083] [bbotk]         0      0           11.052    num_iterations=165
INFO  [01:11:33.083] [bbotk]         0      0           14.144    num_iterations=151
INFO  [01:11:33.083] [bbotk]         0      0           13.585    num_iterations=118
INFO  [01:11:33.083] [bbotk]         0      0           16.162    num_iterations=201
INFO  [01:11:33.083] [bbotk]         0      0           16.867    num_iterations=217
INFO  [01:11:33.083] [bbotk]         0      0            8.628    num_iterations=128
INFO  [01:11:33.083] [bbotk]         0      0           15.555    num_iterations=171
INFO  [01:11:33.083] [bbotk]         0      0            7.390     num_iterations=43
INFO  [01:11:33.083] [bbotk]         0      0            7.768     num_iterations=73
INFO  [01:11:33.083] [bbotk]         0      0           15.417    num_iterations=137
INFO  [01:11:33.083] [bbotk]         0      0           15.574    num_iterations=153
INFO  [01:11:33.083] [bbotk]         0      0           18.806    num_iterations=174
INFO  [01:11:33.083] [bbotk]  warnings errors runtime_learners internal_tuned_values
INFO  [01:11:33.284] [mlr3] Calling train method of fallback 'regr.ranger' on task 'surrogate_task' with 188 observations {learner: <LearnerRegrRanger/LearnerRegr/Learner/R6>}
INFO  [01:11:34.195] [mlr3] Calling train method of fallback 'regr.ranger' on task 'surrogate_task' with 189 observations {learner: <LearnerRegrRanger/LearnerRegr/Learner/R6>}
INFO  [01:11:35.013] [mlr3] Calling train method of fallback 'regr.ranger' on task 'surrogate_task' with 190 observations {learner: <LearnerRegrRanger/LearnerRegr/Learner/R6>}
INFO  [01:11:35.814] [mlr3] Calling train method of fallback 'regr.ranger' on task 'surrogate_task' with 191 observations {learner: <LearnerRegrRanger/LearnerRegr/Learner/R6>}
INFO  [01:11:36.582] [mlr3] Calling train method of fallback 'regr.ranger' on task 'surrogate_task' with 192 observations {learner: <LearnerRegrRanger/LearnerRegr/Learner/R6>}
INFO  [01:11:37.403] [mlr3] Calling train method of fallback 'regr.ranger' on task 'surrogate_task' with 193 observations {learner: <LearnerRegrRanger/LearnerRegr/Learner/R6>}
INFO  [01:11:38.212] [mlr3] Calling train method of fallback 'regr.ranger' on task 'surrogate_task' with 194 observations {learner: <LearnerRegrRanger/LearnerRegr/Learner/R6>}
INFO  [01:11:39.042] [mlr3] Calling train method of fallback 'regr.ranger' on task 'surrogate_task' with 195 observations {learner: <LearnerRegrRanger/LearnerRegr/Learner/R6>}
INFO  [01:11:39.876] [mlr3] Calling train method of fallback 'regr.ranger' on task 'surrogate_task' with 196 observations {learner: <LearnerRegrRanger/LearnerRegr/Learner/R6>}
INFO  [01:11:40.712] [mlr3] Calling train method of fallback 'regr.ranger' on task 'surrogate_task' with 197 observations {learner: <LearnerRegrRanger/LearnerRegr/Learner/R6>}
INFO  [01:11:41.553] [mlr3] Calling train method of fallback 'regr.ranger' on task 'surrogate_task' with 198 observations {learner: <LearnerRegrRanger/LearnerRegr/Learner/R6>}
INFO  [01:11:42.395] [mlr3] Calling train method of fallback 'regr.ranger' on task 'surrogate_task' with 199 observations {learner: <LearnerRegrRanger/LearnerRegr/Learner/R6>}
INFO  [01:11:43.249] [mlr3] Calling train method of fallback 'regr.ranger' on task 'surrogate_task' with 200 observations {learner: <LearnerRegrRanger/LearnerRegr/Learner/R6>}
INFO  [01:11:44.175] [mlr3] Calling train method of fallback 'regr.ranger' on task 'surrogate_task' with 201 observations {learner: <LearnerRegrRanger/LearnerRegr/Learner/R6>}
INFO  [01:11:45.030] [mlr3] Calling train method of fallback 'regr.ranger' on task 'surrogate_task' with 202 observations {learner: <LearnerRegrRanger/LearnerRegr/Learner/R6>}
INFO  [01:11:45.869] [mlr3] Calling train method of fallback 'regr.ranger' on task 'surrogate_task' with 203 observations {learner: <LearnerRegrRanger/LearnerRegr/Learner/R6>}
INFO  [01:11:46.772] [mlr3] Calling train method of fallback 'regr.ranger' on task 'surrogate_task' with 204 observations {learner: <LearnerRegrRanger/LearnerRegr/Learner/R6>}
INFO  [01:11:47.653] [mlr3] Calling train method of fallback 'regr.ranger' on task 'surrogate_task' with 205 observations {learner: <LearnerRegrRanger/LearnerRegr/Learner/R6>}
INFO  [01:11:48.507] [mlr3] Calling train method of fallback 'regr.ranger' on task 'surrogate_task' with 206 observations {learner: <LearnerRegrRanger/LearnerRegr/Learner/R6>}
INFO  [01:11:49.438] [mlr3] Calling train method of fallback 'regr.ranger' on task 'surrogate_task' with 207 observations {learner: <LearnerRegrRanger/LearnerRegr/Learner/R6>}
INFO  [01:11:50.348] [mlr3] Calling train method of fallback 'regr.ranger' on task 'surrogate_task' with 208 observations {learner: <LearnerRegrRanger/LearnerRegr/Learner/R6>}
INFO  [01:11:51.314] [mlr3] Calling train method of fallback 'regr.ranger' on task 'surrogate_task' with 209 observations {learner: <LearnerRegrRanger/LearnerRegr/Learner/R6>}
INFO  [01:11:52.239] [mlr3] Calling train method of fallback 'regr.ranger' on task 'surrogate_task' with 210 observations {learner: <LearnerRegrRanger/LearnerRegr/Learner/R6>}
INFO  [01:11:53.117] [mlr3] Calling train method of fallback 'regr.ranger' on task 'surrogate_task' with 211 observations {learner: <LearnerRegrRanger/LearnerRegr/Learner/R6>}
INFO  [01:11:54.002] [mlr3] Calling train method of fallback 'regr.ranger' on task 'surrogate_task' with 212 observations {learner: <LearnerRegrRanger/LearnerRegr/Learner/R6>}
INFO  [01:11:54.909] [mlr3] Calling train method of fallback 'regr.ranger' on task 'surrogate_task' with 213 observations {learner: <LearnerRegrRanger/LearnerRegr/Learner/R6>}
INFO  [01:11:55.820] [mlr3] Calling train method of fallback 'regr.ranger' on task 'surrogate_task' with 214 observations {learner: <LearnerRegrRanger/LearnerRegr/Learner/R6>}
INFO  [01:11:56.694] [mlr3] Calling train method of fallback 'regr.ranger' on task 'surrogate_task' with 215 observations {learner: <LearnerRegrRanger/LearnerRegr/Learner/R6>}
INFO  [01:11:57.590] [mlr3] Calling train method of fallback 'regr.ranger' on task 'surrogate_task' with 216 observations {learner: <LearnerRegrRanger/LearnerRegr/Learner/R6>}
INFO  [01:11:58.491] [mlr3] Calling train method of fallback 'regr.ranger' on task 'surrogate_task' with 217 observations {learner: <LearnerRegrRanger/LearnerRegr/Learner/R6>}
INFO  [01:11:59.375] [mlr3] Calling train method of fallback 'regr.ranger' on task 'surrogate_task' with 218 observations {learner: <LearnerRegrRanger/LearnerRegr/Learner/R6>}
INFO  [01:12:00.237] [mlr3] Calling train method of fallback 'regr.ranger' on task 'surrogate_task' with 219 observations {learner: <LearnerRegrRanger/LearnerRegr/Learner/R6>}
INFO  [01:12:01.171] [mlr3] Calling train method of fallback 'regr.ranger' on task 'surrogate_task' with 220 observations {learner: <LearnerRegrRanger/LearnerRegr/Learner/R6>}
INFO  [01:12:02.078] [mlr3] Calling train method of fallback 'regr.ranger' on task 'surrogate_task' with 221 observations {learner: <LearnerRegrRanger/LearnerRegr/Learner/R6>}
INFO  [01:12:03.022] [mlr3] Calling train method of fallback 'regr.ranger' on task 'surrogate_task' with 222 observations {learner: <LearnerRegrRanger/LearnerRegr/Learner/R6>}
INFO  [01:12:03.867] [mlr3] Calling train method of fallback 'regr.ranger' on task 'surrogate_task' with 223 observations {learner: <LearnerRegrRanger/LearnerRegr/Learner/R6>}
INFO  [01:12:04.767] [mlr3] Calling train method of fallback 'regr.ranger' on task 'surrogate_task' with 224 observations {learner: <LearnerRegrRanger/LearnerRegr/Learner/R6>}
INFO  [01:12:05.692] [mlr3] Calling train method of fallback 'regr.ranger' on task 'surrogate_task' with 225 observations {learner: <LearnerRegrRanger/LearnerRegr/Learner/R6>}
INFO  [01:12:06.569] [mlr3] Calling train method of fallback 'regr.ranger' on task 'surrogate_task' with 226 observations {learner: <LearnerRegrRanger/LearnerRegr/Learner/R6>}
INFO  [01:12:07.476] [mlr3] Calling train method of fallback 'regr.ranger' on task 'surrogate_task' with 227 observations {learner: <LearnerRegrRanger/LearnerRegr/Learner/R6>}
INFO  [01:12:08.712] [mlr3] Calling train method of fallback 'regr.ranger' on task 'surrogate_task' with 228 observations {learner: <LearnerRegrRanger/LearnerRegr/Learner/R6>}
INFO  [01:12:09.624] [mlr3] Calling train method of fallback 'regr.ranger' on task 'surrogate_task' with 229 observations {learner: <LearnerRegrRanger/LearnerRegr/Learner/R6>}
INFO  [01:12:10.564] [mlr3] Calling train method of fallback 'regr.ranger' on task 'surrogate_task' with 230 observations {learner: <LearnerRegrRanger/LearnerRegr/Learner/R6>}
INFO  [01:12:11.458] [mlr3] Calling train method of fallback 'regr.ranger' on task 'surrogate_task' with 231 observations {learner: <LearnerRegrRanger/LearnerRegr/Learner/R6>}
INFO  [01:12:12.189] [bbotk] Evaluating 44 configuration(s)
INFO  [01:12:12.319] [mlr3] Running benchmark with 440 resampling iterations
INFO  [01:12:34.940] [mlr3] Finished benchmark
INFO  [01:12:36.584] [bbotk] Result of batch 4:
INFO  [01:12:36.592] [bbotk]  learning_rate num_leaves min_data_in_leaf feature_fraction extra_trees
INFO  [01:12:36.592] [bbotk]    -1.76312736         23                7        0.8612045       FALSE
INFO  [01:12:36.592] [bbotk]    -1.95703956         10                1        0.8936697       FALSE
INFO  [01:12:36.592] [bbotk]    -2.67005014         21                1        0.7650006       FALSE
INFO  [01:12:36.592] [bbotk]    -2.11399992         25                8        0.5300207       FALSE
INFO  [01:12:36.592] [bbotk]    -2.21473091         23                1        0.5528768       FALSE
INFO  [01:12:36.592] [bbotk]    -1.97957321         24                5        1.0000000       FALSE
INFO  [01:12:36.592] [bbotk]    -1.91627485         23               94        0.9239933       FALSE
INFO  [01:12:36.592] [bbotk]    -2.13595588         40                1        0.7041909       FALSE
INFO  [01:12:36.592] [bbotk]    -2.15528705         46                1        0.9280363       FALSE
INFO  [01:12:36.592] [bbotk]    -0.00781285         18                4        0.9302128       FALSE
INFO  [01:12:36.592] [bbotk]    -2.71388934         62                9        0.5032214       FALSE
INFO  [01:12:36.592] [bbotk]    -1.90130157         37                1        1.0000000       FALSE
INFO  [01:12:36.592] [bbotk]    -2.67487867         39               34        0.8470155       FALSE
INFO  [01:12:36.592] [bbotk]    -2.12149745         38                1        0.5378131       FALSE
INFO  [01:12:36.592] [bbotk]    -2.81003177         23                6        0.9299560       FALSE
INFO  [01:12:36.592] [bbotk]    -4.53498078         32               26        0.3313390       FALSE
INFO  [01:12:36.592] [bbotk]    -1.96283252         33               13        0.5130397       FALSE
INFO  [01:12:36.592] [bbotk]    -2.65937105         56                7        0.5295508       FALSE
INFO  [01:12:36.592] [bbotk]    -2.78248801         66                8        0.4322289       FALSE
INFO  [01:12:36.592] [bbotk]    -2.13998990         35                5        0.5610488       FALSE
INFO  [01:12:36.592] [bbotk]    -2.97082743         33               40        0.9923445       FALSE
INFO  [01:12:36.592] [bbotk]    -1.94680508         32                1        0.9545060       FALSE
INFO  [01:12:36.592] [bbotk]    -2.86280314         35               22        0.7793422       FALSE
INFO  [01:12:36.592] [bbotk]    -3.06297839         33                4        0.4686042       FALSE
INFO  [01:12:36.592] [bbotk]    -2.05328251         52                1        0.9783590       FALSE
INFO  [01:12:36.592] [bbotk]    -2.40983743         33               42        0.8685191       FALSE
INFO  [01:12:36.592] [bbotk]    -2.77998606         34               49        0.7593347       FALSE
INFO  [01:12:36.592] [bbotk]    -2.63561100         63                1        0.5390451       FALSE
INFO  [01:12:36.592] [bbotk]    -2.68029020         41               16        0.9434049       FALSE
INFO  [01:12:36.592] [bbotk]    -2.93489464         39               45        0.9260762       FALSE
INFO  [01:12:36.592] [bbotk]    -1.83920586         29               48        0.4065687       FALSE
INFO  [01:12:36.592] [bbotk]    -2.97552170         35               54        0.5342375       FALSE
INFO  [01:12:36.592] [bbotk]    -3.00190584         55                6        0.5132362       FALSE
INFO  [01:12:36.592] [bbotk]    -2.43945985         58               10        0.5458091       FALSE
INFO  [01:12:36.592] [bbotk]    -2.05151889         64               13        0.4393072       FALSE
INFO  [01:12:36.592] [bbotk]    -0.67058093         24               44        0.9287784       FALSE
INFO  [01:12:36.592] [bbotk]    -3.10577322         32               60        0.8305086       FALSE
INFO  [01:12:36.592] [bbotk]    -3.49633052         43               44        0.8441336       FALSE
INFO  [01:12:36.592] [bbotk]    -1.97118685         34              134        0.8546265       FALSE
INFO  [01:12:36.592] [bbotk]    -2.91969428         63                8        0.5481742       FALSE
INFO  [01:12:36.592] [bbotk]    -2.01331363         37                1        0.3800709       FALSE
INFO  [01:12:36.592] [bbotk]    -2.16507746         38                4        0.9318912       FALSE
INFO  [01:12:36.592] [bbotk]    -2.81977573         51               55        0.5280565       FALSE
INFO  [01:12:36.592] [bbotk]    -2.73125136         67                5        0.5291751       FALSE
INFO  [01:12:36.592] [bbotk]  learning_rate num_leaves min_data_in_leaf feature_fraction extra_trees
INFO  [01:12:36.592] [bbotk]    lambda_l1   lambda_l2 min_gain_to_split    acq_cb timestamp_surrogate
INFO  [01:12:36.592] [bbotk]  -0.17874853  0.31243383         -5.198119 -6.265262 2026-09-10 01:11:33
INFO  [01:12:36.592] [bbotk]  -5.75278788  0.16125564         -5.432588 -6.314103 2026-09-10 01:11:34
INFO  [01:12:36.592] [bbotk]   0.08590420  0.02018826         -2.902033 -6.113183 2026-09-10 01:11:34
INFO  [01:12:36.592] [bbotk]  -1.47110121 -1.00964291         -6.907755 -5.979704 2026-09-10 01:11:35
INFO  [01:12:36.592] [bbotk]   1.96748612  0.06471947         -5.433020 -5.618140 2026-09-10 01:11:36
INFO  [01:12:36.592] [bbotk]  -0.68849986 -2.69563325         -5.420503 -5.834700 2026-09-10 01:11:37
INFO  [01:12:36.592] [bbotk]  -0.09749063 -3.06399646         -2.544787 -5.441921 2026-09-10 01:11:38
INFO  [01:12:36.592] [bbotk]  -3.54121592  0.49249096         -6.907755 -5.448267 2026-09-10 01:11:38
INFO  [01:12:36.592] [bbotk]  -6.66283568  0.04221144         -2.786765 -5.337475 2026-09-10 01:11:39
INFO  [01:12:36.592] [bbotk]   0.09704682 -0.32543109         -6.291832 -5.416883 2026-09-10 01:11:40
INFO  [01:12:36.592] [bbotk]  -1.35139665  0.58981189         -6.907755 -5.638466 2026-09-10 01:11:41
INFO  [01:12:36.592] [bbotk]  -0.66547721 -0.25391328         -5.487316 -5.379284 2026-09-10 01:11:42
INFO  [01:12:36.592] [bbotk]  -0.45339293 -4.18096595         -6.907755 -5.238784 2026-09-10 01:11:43
INFO  [01:12:36.592] [bbotk]  -0.68152103 -3.57665551         -2.968109 -5.267282 2026-09-10 01:11:43
INFO  [01:12:36.592] [bbotk]  -0.20785913 -4.28918700         -5.470263 -5.603766 2026-09-10 01:11:44
INFO  [01:12:36.592] [bbotk]  -2.10581940 -3.73809866         -4.131050 -5.203919 2026-09-10 01:11:45
INFO  [01:12:36.592] [bbotk]  -0.25482868  0.03220121         -5.508982 -5.278954 2026-09-10 01:11:46
INFO  [01:12:36.592] [bbotk]  -2.45793474 -1.51605839         -6.377428 -5.248154 2026-09-10 01:11:47
INFO  [01:12:36.592] [bbotk]  -1.84380097 -0.58441296         -6.907755 -5.231896 2026-09-10 01:11:48
INFO  [01:12:36.592] [bbotk]  -1.88660443 -4.15569187         -5.184433 -5.270900 2026-09-10 01:11:49
INFO  [01:12:36.592] [bbotk]  -2.06427578  0.80252918         -6.262707 -5.157721 2026-09-10 01:11:50
INFO  [01:12:36.592] [bbotk]  -0.07569765 -4.01056624         -5.404798 -5.358606 2026-09-10 01:11:51
INFO  [01:12:36.592] [bbotk]  -1.91999839 -3.84223002         -2.770720 -5.156114 2026-09-10 01:11:52
INFO  [01:12:36.592] [bbotk]  -2.34339333  1.21149159         -4.843949 -5.075006 2026-09-10 01:11:52
INFO  [01:12:36.592] [bbotk]  -0.18014793 -6.75157309         -5.501766 -5.197941 2026-09-10 01:11:53
INFO  [01:12:36.592] [bbotk]  -0.05664626 -2.37200059         -4.739467 -5.163071 2026-09-10 01:11:54
INFO  [01:12:36.592] [bbotk]  -0.26950872 -4.25133952         -4.675622 -5.113785 2026-09-10 01:11:55
INFO  [01:12:36.592] [bbotk]  -1.81219440  0.25960436         -5.587644 -5.047053 2026-09-10 01:11:56
INFO  [01:12:36.592] [bbotk]   0.09367827  6.27796086         -5.469061 -5.031095 2026-09-10 01:11:57
INFO  [01:12:36.592] [bbotk]  -0.81485526 -4.41883639         -4.870143 -5.033887 2026-09-10 01:11:58
INFO  [01:12:36.592] [bbotk]   0.38068837 -4.88098841         -2.302585 -4.992742 2026-09-10 01:11:59
INFO  [01:12:36.592] [bbotk]   0.80488924 -3.75886728         -4.744494 -4.979868 2026-09-10 01:12:00
INFO  [01:12:36.592] [bbotk]  -1.88018422  1.15589130         -6.175737 -5.072877 2026-09-10 01:12:00
INFO  [01:12:36.592] [bbotk]   0.16723029  1.25412484         -6.348855 -5.126618 2026-09-10 01:12:01
INFO  [01:12:36.592] [bbotk]  -2.27718209  0.04696939         -6.305939 -4.988727 2026-09-10 01:12:02
INFO  [01:12:36.592] [bbotk]  -0.10337212  1.57627467         -5.460703 -5.063400 2026-09-10 01:12:03
INFO  [01:12:36.592] [bbotk]  -6.90775528 -2.07909353         -4.401046 -4.885118 2026-09-10 01:12:04
INFO  [01:12:36.592] [bbotk]  -0.23366044 -1.18568559         -5.397062 -4.916889 2026-09-10 01:12:05
INFO  [01:12:36.592] [bbotk]  -2.95588985 -4.38895328         -2.330390 -4.758444 2026-09-10 01:12:06
INFO  [01:12:36.592] [bbotk]  -2.04568805  1.61656141         -5.560802 -4.959879 2026-09-10 01:12:07
INFO  [01:12:36.592] [bbotk]   0.11988455 -4.56444327         -5.627080 -4.908514 2026-09-10 01:12:08
INFO  [01:12:36.592] [bbotk]   0.67855782 -4.15025734         -5.537804 -5.155655 2026-09-10 01:12:09
INFO  [01:12:36.592] [bbotk]  -0.68282479 -0.52633097         -6.345754 -4.890753 2026-09-10 01:12:10
INFO  [01:12:36.592] [bbotk]  -1.93535244  1.37481998         -6.332389 -5.198770 2026-09-10 01:12:11
INFO  [01:12:36.592] [bbotk]    lambda_l1   lambda_l2 min_gain_to_split    acq_cb timestamp_surrogate
INFO  [01:12:36.592] [bbotk]  timestamp_acq_function timestamp_acq_optimizer      timestamp_loop classif.ce
INFO  [01:12:36.592] [bbotk]     2026-09-10 01:11:33     2026-09-10 01:11:33 2026-09-10 01:11:33  0.1239712
INFO  [01:12:36.592] [bbotk]     2026-09-10 01:11:34     2026-09-10 01:11:34 2026-09-10 01:11:34  0.1239508
INFO  [01:12:36.592] [bbotk]     2026-09-10 01:11:35     2026-09-10 01:11:35 2026-09-10 01:11:35  0.1236641
INFO  [01:12:36.592] [bbotk]     2026-09-10 01:11:35     2026-09-10 01:11:35 2026-09-10 01:11:36  0.1234184
INFO  [01:12:36.592] [bbotk]     2026-09-10 01:11:36     2026-09-10 01:11:36 2026-09-10 01:11:37  0.1251588
INFO  [01:12:36.592] [bbotk]     2026-09-10 01:11:37     2026-09-10 01:11:37 2026-09-10 01:11:38  0.1234389
INFO  [01:12:36.592] [bbotk]     2026-09-10 01:11:38     2026-09-10 01:11:38 2026-09-10 01:11:38  0.1243397
INFO  [01:12:36.592] [bbotk]     2026-09-10 01:11:39     2026-09-10 01:11:39 2026-09-10 01:11:39  0.1240736
INFO  [01:12:36.592] [bbotk]     2026-09-10 01:11:39     2026-09-10 01:11:39 2026-09-10 01:11:40  0.1237869
INFO  [01:12:36.592] [bbotk]     2026-09-10 01:11:40     2026-09-10 01:11:40 2026-09-10 01:11:41  0.1280251
INFO  [01:12:36.592] [bbotk]     2026-09-10 01:11:41     2026-09-10 01:11:41 2026-09-10 01:11:42  0.1241760
INFO  [01:12:36.592] [bbotk]     2026-09-10 01:11:42     2026-09-10 01:11:42 2026-09-10 01:11:43  0.1233775
INFO  [01:12:36.592] [bbotk]     2026-09-10 01:11:43     2026-09-10 01:11:43 2026-09-10 01:11:43  0.1242579
INFO  [01:12:36.592] [bbotk]     2026-09-10 01:11:44     2026-09-10 01:11:44 2026-09-10 01:11:44  0.1240122
INFO  [01:12:36.592] [bbotk]     2026-09-10 01:11:45     2026-09-10 01:11:45 2026-09-10 01:11:45  0.1236027
INFO  [01:12:36.592] [bbotk]     2026-09-10 01:11:45     2026-09-10 01:11:45 2026-09-10 01:11:46  0.1255887
INFO  [01:12:36.592] [bbotk]     2026-09-10 01:11:46     2026-09-10 01:11:46 2026-09-10 01:11:47  0.1242169
INFO  [01:12:36.592] [bbotk]     2026-09-10 01:11:47     2026-09-10 01:11:47 2026-09-10 01:11:48  0.1238075
INFO  [01:12:36.592] [bbotk]     2026-09-10 01:11:48     2026-09-10 01:11:48 2026-09-10 01:11:49  0.1231727
INFO  [01:12:36.592] [bbotk]     2026-09-10 01:11:49     2026-09-10 01:11:49 2026-09-10 01:11:50  0.1236232
INFO  [01:12:36.592] [bbotk]     2026-09-10 01:11:50     2026-09-10 01:11:50 2026-09-10 01:11:51  0.1245035
INFO  [01:12:36.592] [bbotk]     2026-09-10 01:11:51     2026-09-10 01:11:51 2026-09-10 01:11:52  0.1244012
INFO  [01:12:36.592] [bbotk]     2026-09-10 01:11:52     2026-09-10 01:11:52 2026-09-10 01:11:52  0.1239098
INFO  [01:12:36.592] [bbotk]     2026-09-10 01:11:53     2026-09-10 01:11:53 2026-09-10 01:11:53  0.1241351
INFO  [01:12:36.592] [bbotk]     2026-09-10 01:11:54     2026-09-10 01:11:54 2026-09-10 01:11:54  0.1242374
INFO  [01:12:36.592] [bbotk]     2026-09-10 01:11:54     2026-09-10 01:11:54 2026-09-10 01:11:55  0.1238074
INFO  [01:12:36.592] [bbotk]     2026-09-10 01:11:55     2026-09-10 01:11:55 2026-09-10 01:11:56  0.1241965
INFO  [01:12:36.592] [bbotk]     2026-09-10 01:11:56     2026-09-10 01:11:56 2026-09-10 01:11:57  0.1241146
INFO  [01:12:36.592] [bbotk]     2026-09-10 01:11:57     2026-09-10 01:11:57 2026-09-10 01:11:58  0.1288851
INFO  [01:12:36.592] [bbotk]     2026-09-10 01:11:58     2026-09-10 01:11:58 2026-09-10 01:11:59  0.1241146
INFO  [01:12:36.592] [bbotk]     2026-09-10 01:11:59     2026-09-10 01:11:59 2026-09-10 01:12:00  0.1238483
INFO  [01:12:36.592] [bbotk]     2026-09-10 01:12:00     2026-09-10 01:12:00 2026-09-10 01:12:00  0.1245650
INFO  [01:12:36.592] [bbotk]     2026-09-10 01:12:01     2026-09-10 01:12:01 2026-09-10 01:12:01  0.1237255
INFO  [01:12:36.592] [bbotk]     2026-09-10 01:12:02     2026-09-10 01:12:02 2026-09-10 01:12:02  0.1240327
INFO  [01:12:36.592] [bbotk]     2026-09-10 01:12:03     2026-09-10 01:12:03 2026-09-10 01:12:03  0.1238688
INFO  [01:12:36.592] [bbotk]     2026-09-10 01:12:03     2026-09-10 01:12:03 2026-09-10 01:12:04  0.1244626
INFO  [01:12:36.592] [bbotk]     2026-09-10 01:12:04     2026-09-10 01:12:04 2026-09-10 01:12:05  0.1241965
INFO  [01:12:36.592] [bbotk]     2026-09-10 01:12:05     2026-09-10 01:12:05 2026-09-10 01:12:06  0.1246878
INFO  [01:12:36.592] [bbotk]     2026-09-10 01:12:06     2026-09-10 01:12:06 2026-09-10 01:12:07  0.1245035
INFO  [01:12:36.592] [bbotk]     2026-09-10 01:12:07     2026-09-10 01:12:07 2026-09-10 01:12:08  0.1243602
INFO  [01:12:36.592] [bbotk]     2026-09-10 01:12:08     2026-09-10 01:12:08 2026-09-10 01:12:09  0.1230908
INFO  [01:12:36.592] [bbotk]     2026-09-10 01:12:09     2026-09-10 01:12:09 2026-09-10 01:12:10  0.1244012
INFO  [01:12:36.592] [bbotk]     2026-09-10 01:12:10     2026-09-10 01:12:10 2026-09-10 01:12:11  0.1243193
INFO  [01:12:36.592] [bbotk]     2026-09-10 01:12:11     2026-09-10 01:12:11 2026-09-10 01:12:12  0.1241964
INFO  [01:12:36.592] [bbotk]  timestamp_acq_function timestamp_acq_optimizer      timestamp_loop classif.ce
INFO  [01:12:36.592] [bbotk]  warnings errors runtime_learners internal_tuned_values
INFO  [01:12:36.592] [bbotk]         0      0            8.436    num_iterations=101
INFO  [01:12:36.592] [bbotk]         0      0            9.965    num_iterations=254
INFO  [01:12:36.592] [bbotk]         0      0           12.769    num_iterations=265
INFO  [01:12:36.592] [bbotk]         0      0            9.546    num_iterations=118
INFO  [01:12:36.592] [bbotk]         0      0            9.780    num_iterations=111
INFO  [01:12:36.592] [bbotk]         0      0            7.664    num_iterations=131
INFO  [01:12:36.592] [bbotk]         0      0            8.390    num_iterations=125
INFO  [01:12:36.592] [bbotk]         0      0            9.324     num_iterations=92
INFO  [01:12:36.592] [bbotk]         0      0            9.206    num_iterations=102
INFO  [01:12:36.592] [bbotk]         0      0            4.318     num_iterations=10
INFO  [01:12:36.592] [bbotk]         0      0           12.241    num_iterations=108
INFO  [01:12:36.592] [bbotk]         0      0            7.920     num_iterations=96
INFO  [01:12:36.592] [bbotk]         0      0           11.478    num_iterations=176
INFO  [01:12:36.592] [bbotk]         0      0            9.146     num_iterations=89
INFO  [01:12:36.592] [bbotk]         0      0           12.750    num_iterations=248
INFO  [01:12:36.592] [bbotk]         0      0           29.139    num_iterations=487
INFO  [01:12:36.592] [bbotk]         0      0           10.043     num_iterations=88
INFO  [01:12:36.592] [bbotk]         0      0           12.985    num_iterations=123
INFO  [01:12:36.592] [bbotk]         0      0           15.099    num_iterations=169
INFO  [01:12:36.592] [bbotk]         0      0            8.899    num_iterations=102
INFO  [01:12:36.592] [bbotk]         0      0           13.994    num_iterations=242
INFO  [01:12:36.592] [bbotk]         0      0            7.800     num_iterations=85
INFO  [01:12:36.592] [bbotk]         0      0           13.100    num_iterations=217
INFO  [01:12:36.592] [bbotk]         0      0           15.376    num_iterations=196
INFO  [01:12:36.592] [bbotk]         0      0            7.776     num_iterations=68
INFO  [01:12:36.592] [bbotk]         0      0           11.220    num_iterations=160
INFO  [01:12:36.592] [bbotk]         0      0           13.262    num_iterations=212
INFO  [01:12:36.592] [bbotk]         0      0           13.318    num_iterations=128
INFO  [01:12:36.592] [bbotk]         0      0           21.484    num_iterations=324
INFO  [01:12:36.592] [bbotk]         0      0           13.123    num_iterations=218
INFO  [01:12:36.592] [bbotk]         0      0            7.781     num_iterations=75
INFO  [01:12:36.592] [bbotk]         0      0           13.640    num_iterations=171
INFO  [01:12:36.592] [bbotk]         0      0           16.376    num_iterations=185
INFO  [01:12:36.592] [bbotk]         0      0           14.542    num_iterations=141
INFO  [01:12:36.592] [bbotk]         0      0            9.973     num_iterations=79
INFO  [01:12:36.592] [bbotk]         0      0            4.677     num_iterations=29
INFO  [01:12:36.592] [bbotk]         0      0           13.628    num_iterations=222
INFO  [01:12:36.592] [bbotk]         0      0           19.047    num_iterations=308
INFO  [01:12:36.592] [bbotk]         0      0            9.494     num_iterations=96
INFO  [01:12:36.592] [bbotk]         0      0           17.769    num_iterations=174
INFO  [01:12:36.592] [bbotk]         0      0           10.839    num_iterations=119
INFO  [01:12:36.592] [bbotk]         0      0            8.541    num_iterations=114
INFO  [01:12:36.592] [bbotk]         0      0           14.913    num_iterations=179
INFO  [01:12:36.592] [bbotk]         0      0           14.684    num_iterations=147
INFO  [01:12:36.592] [bbotk]  warnings errors runtime_learners internal_tuned_values
INFO  [01:12:36.842] [mlr3] Calling train method of fallback 'regr.ranger' on task 'surrogate_task' with 232 observations {learner: <LearnerRegrRanger/LearnerRegr/Learner/R6>}
INFO  [01:12:37.800] [mlr3] Calling train method of fallback 'regr.ranger' on task 'surrogate_task' with 233 observations {learner: <LearnerRegrRanger/LearnerRegr/Learner/R6>}
INFO  [01:12:38.668] [mlr3] Calling train method of fallback 'regr.ranger' on task 'surrogate_task' with 234 observations {learner: <LearnerRegrRanger/LearnerRegr/Learner/R6>}
INFO  [01:12:39.538] [mlr3] Calling train method of fallback 'regr.ranger' on task 'surrogate_task' with 235 observations {learner: <LearnerRegrRanger/LearnerRegr/Learner/R6>}
INFO  [01:12:40.425] [mlr3] Calling train method of fallback 'regr.ranger' on task 'surrogate_task' with 236 observations {learner: <LearnerRegrRanger/LearnerRegr/Learner/R6>}
INFO  [01:12:41.342] [mlr3] Calling train method of fallback 'regr.ranger' on task 'surrogate_task' with 237 observations {learner: <LearnerRegrRanger/LearnerRegr/Learner/R6>}
INFO  [01:12:42.222] [mlr3] Calling train method of fallback 'regr.ranger' on task 'surrogate_task' with 238 observations {learner: <LearnerRegrRanger/LearnerRegr/Learner/R6>}
INFO  [01:12:43.154] [mlr3] Calling train method of fallback 'regr.ranger' on task 'surrogate_task' with 239 observations {learner: <LearnerRegrRanger/LearnerRegr/Learner/R6>}
INFO  [01:12:44.066] [mlr3] Calling train method of fallback 'regr.ranger' on task 'surrogate_task' with 240 observations {learner: <LearnerRegrRanger/LearnerRegr/Learner/R6>}
INFO  [01:12:44.962] [mlr3] Calling train method of fallback 'regr.ranger' on task 'surrogate_task' with 241 observations {learner: <LearnerRegrRanger/LearnerRegr/Learner/R6>}
INFO  [01:12:45.844] [mlr3] Calling train method of fallback 'regr.ranger' on task 'surrogate_task' with 242 observations {learner: <LearnerRegrRanger/LearnerRegr/Learner/R6>}
INFO  [01:12:46.764] [mlr3] Calling train method of fallback 'regr.ranger' on task 'surrogate_task' with 243 observations {learner: <LearnerRegrRanger/LearnerRegr/Learner/R6>}
INFO  [01:12:47.678] [mlr3] Calling train method of fallback 'regr.ranger' on task 'surrogate_task' with 244 observations {learner: <LearnerRegrRanger/LearnerRegr/Learner/R6>}
INFO  [01:12:48.594] [mlr3] Calling train method of fallback 'regr.ranger' on task 'surrogate_task' with 245 observations {learner: <LearnerRegrRanger/LearnerRegr/Learner/R6>}
INFO  [01:12:49.500] [mlr3] Calling train method of fallback 'regr.ranger' on task 'surrogate_task' with 246 observations {learner: <LearnerRegrRanger/LearnerRegr/Learner/R6>}
INFO  [01:12:50.466] [mlr3] Calling train method of fallback 'regr.ranger' on task 'surrogate_task' with 247 observations {learner: <LearnerRegrRanger/LearnerRegr/Learner/R6>}
INFO  [01:12:51.387] [mlr3] Calling train method of fallback 'regr.ranger' on task 'surrogate_task' with 248 observations {learner: <LearnerRegrRanger/LearnerRegr/Learner/R6>}
INFO  [01:12:52.339] [mlr3] Calling train method of fallback 'regr.ranger' on task 'surrogate_task' with 249 observations {learner: <LearnerRegrRanger/LearnerRegr/Learner/R6>}
INFO  [01:12:53.282] [mlr3] Calling train method of fallback 'regr.ranger' on task 'surrogate_task' with 250 observations {learner: <LearnerRegrRanger/LearnerRegr/Learner/R6>}
INFO  [01:12:54.213] [mlr3] Calling train method of fallback 'regr.ranger' on task 'surrogate_task' with 251 observations {learner: <LearnerRegrRanger/LearnerRegr/Learner/R6>}
INFO  [01:12:55.165] [mlr3] Calling train method of fallback 'regr.ranger' on task 'surrogate_task' with 252 observations {learner: <LearnerRegrRanger/LearnerRegr/Learner/R6>}
INFO  [01:12:56.088] [mlr3] Calling train method of fallback 'regr.ranger' on task 'surrogate_task' with 253 observations {learner: <LearnerRegrRanger/LearnerRegr/Learner/R6>}
INFO  [01:12:57.033] [mlr3] Calling train method of fallback 'regr.ranger' on task 'surrogate_task' with 254 observations {learner: <LearnerRegrRanger/LearnerRegr/Learner/R6>}
INFO  [01:12:57.965] [mlr3] Calling train method of fallback 'regr.ranger' on task 'surrogate_task' with 255 observations {learner: <LearnerRegrRanger/LearnerRegr/Learner/R6>}
INFO  [01:12:58.921] [mlr3] Calling train method of fallback 'regr.ranger' on task 'surrogate_task' with 256 observations {learner: <LearnerRegrRanger/LearnerRegr/Learner/R6>}
INFO  [01:13:00.194] [mlr3] Calling train method of fallback 'regr.ranger' on task 'surrogate_task' with 257 observations {learner: <LearnerRegrRanger/LearnerRegr/Learner/R6>}
INFO  [01:13:01.149] [mlr3] Calling train method of fallback 'regr.ranger' on task 'surrogate_task' with 258 observations {learner: <LearnerRegrRanger/LearnerRegr/Learner/R6>}
INFO  [01:13:02.112] [mlr3] Calling train method of fallback 'regr.ranger' on task 'surrogate_task' with 259 observations {learner: <LearnerRegrRanger/LearnerRegr/Learner/R6>}
INFO  [01:13:03.061] [mlr3] Calling train method of fallback 'regr.ranger' on task 'surrogate_task' with 260 observations {learner: <LearnerRegrRanger/LearnerRegr/Learner/R6>}
INFO  [01:13:04.000] [mlr3] Calling train method of fallback 'regr.ranger' on task 'surrogate_task' with 261 observations {learner: <LearnerRegrRanger/LearnerRegr/Learner/R6>}
INFO  [01:13:04.928] [mlr3] Calling train method of fallback 'regr.ranger' on task 'surrogate_task' with 262 observations {learner: <LearnerRegrRanger/LearnerRegr/Learner/R6>}
INFO  [01:13:05.847] [mlr3] Calling train method of fallback 'regr.ranger' on task 'surrogate_task' with 263 observations {learner: <LearnerRegrRanger/LearnerRegr/Learner/R6>}
INFO  [01:13:06.806] [mlr3] Calling train method of fallback 'regr.ranger' on task 'surrogate_task' with 264 observations {learner: <LearnerRegrRanger/LearnerRegr/Learner/R6>}
INFO  [01:13:07.745] [mlr3] Calling train method of fallback 'regr.ranger' on task 'surrogate_task' with 265 observations {learner: <LearnerRegrRanger/LearnerRegr/Learner/R6>}
INFO  [01:13:08.682] [mlr3] Calling train method of fallback 'regr.ranger' on task 'surrogate_task' with 266 observations {learner: <LearnerRegrRanger/LearnerRegr/Learner/R6>}
INFO  [01:13:09.647] [mlr3] Calling train method of fallback 'regr.ranger' on task 'surrogate_task' with 267 observations {learner: <LearnerRegrRanger/LearnerRegr/Learner/R6>}
INFO  [01:13:10.618] [mlr3] Calling train method of fallback 'regr.ranger' on task 'surrogate_task' with 268 observations {learner: <LearnerRegrRanger/LearnerRegr/Learner/R6>}
INFO  [01:13:11.558] [mlr3] Calling train method of fallback 'regr.ranger' on task 'surrogate_task' with 269 observations {learner: <LearnerRegrRanger/LearnerRegr/Learner/R6>}
INFO  [01:13:12.529] [mlr3] Calling train method of fallback 'regr.ranger' on task 'surrogate_task' with 270 observations {learner: <LearnerRegrRanger/LearnerRegr/Learner/R6>}
INFO  [01:13:13.457] [mlr3] Calling train method of fallback 'regr.ranger' on task 'surrogate_task' with 271 observations {learner: <LearnerRegrRanger/LearnerRegr/Learner/R6>}
INFO  [01:13:14.404] [mlr3] Calling train method of fallback 'regr.ranger' on task 'surrogate_task' with 272 observations {learner: <LearnerRegrRanger/LearnerRegr/Learner/R6>}
INFO  [01:13:15.319] [mlr3] Calling train method of fallback 'regr.ranger' on task 'surrogate_task' with 273 observations {learner: <LearnerRegrRanger/LearnerRegr/Learner/R6>}
INFO  [01:13:16.277] [mlr3] Calling train method of fallback 'regr.ranger' on task 'surrogate_task' with 274 observations {learner: <LearnerRegrRanger/LearnerRegr/Learner/R6>}
INFO  [01:13:17.268] [mlr3] Calling train method of fallback 'regr.ranger' on task 'surrogate_task' with 275 observations {learner: <LearnerRegrRanger/LearnerRegr/Learner/R6>}
INFO  [01:13:17.996] [bbotk] Evaluating 44 configuration(s)
INFO  [01:13:18.113] [mlr3] Running benchmark with 440 resampling iterations
INFO  [01:13:40.991] [mlr3] Finished benchmark
INFO  [01:13:42.793] [bbotk] Result of batch 5:
INFO  [01:13:42.800] [bbotk]  learning_rate num_leaves min_data_in_leaf feature_fraction extra_trees
INFO  [01:13:42.800] [bbotk]      -1.949288         21                1        0.3860312       FALSE
INFO  [01:13:42.800] [bbotk]      -2.106784         35                1        0.3806306       FALSE
INFO  [01:13:42.800] [bbotk]      -1.962780         45                1        0.3328379       FALSE
INFO  [01:13:42.800] [bbotk]      -2.082752         17                1        0.4354713       FALSE
INFO  [01:13:42.800] [bbotk]      -1.970143         54                1        0.3671241       FALSE
INFO  [01:13:42.800] [bbotk]      -2.275163         65                1        0.4065963       FALSE
INFO  [01:13:42.800] [bbotk]      -1.833381         25                5        1.0000000       FALSE
INFO  [01:13:42.800] [bbotk]      -4.472087         52                1        1.0000000       FALSE
INFO  [01:13:42.800] [bbotk]      -1.964170         24                1        1.0000000       FALSE
INFO  [01:13:42.800] [bbotk]      -2.062335         27                7        0.5298936       FALSE
INFO  [01:13:42.800] [bbotk]      -2.133400         21                5        1.0000000       FALSE
INFO  [01:13:42.800] [bbotk]      -3.396146         65                9        0.4220373       FALSE
INFO  [01:13:42.800] [bbotk]      -1.904019         22                6        0.5959149       FALSE
INFO  [01:13:42.800] [bbotk]      -2.377216         23                5        0.4422926       FALSE
INFO  [01:13:42.800] [bbotk]      -2.520193         35                1        1.0000000       FALSE
INFO  [01:13:42.800] [bbotk]      -2.517826         23                5        0.9340530       FALSE
INFO  [01:13:42.800] [bbotk]      -1.954116         27                1        0.9177353       FALSE
INFO  [01:13:42.800] [bbotk]      -2.428813         64                8        0.6337856       FALSE
INFO  [01:13:42.800] [bbotk]      -2.179727         29                1        0.5058051       FALSE
INFO  [01:13:42.800] [bbotk]      -2.672475         62                1        0.5186667       FALSE
INFO  [01:13:42.800] [bbotk]      -2.359188         27                6        0.7623046       FALSE
INFO  [01:13:42.800] [bbotk]      -2.092124         22                1        0.9419492       FALSE
INFO  [01:13:42.800] [bbotk]      -1.960887         25               12        0.9218955       FALSE
INFO  [01:13:42.800] [bbotk]      -1.931244         38                1        1.0000000       FALSE
INFO  [01:13:42.800] [bbotk]      -2.670936         38                1        0.4300439       FALSE
INFO  [01:13:42.800] [bbotk]      -1.991693         37                1        0.5291240       FALSE
INFO  [01:13:42.800] [bbotk]      -2.814495         39               95        0.3791207       FALSE
INFO  [01:13:42.800] [bbotk]      -2.723627         62               11        0.4518950       FALSE
INFO  [01:13:42.800] [bbotk]      -1.995599         24                5        0.9265138       FALSE
INFO  [01:13:42.800] [bbotk]      -3.008401         67                8        0.4920178       FALSE
INFO  [01:13:42.800] [bbotk]      -2.799882         15               15        0.8020915       FALSE
INFO  [01:13:42.800] [bbotk]      -2.116644         37                1        0.6771074       FALSE
INFO  [01:13:42.800] [bbotk]      -2.774235         23               42        0.9404734       FALSE
INFO  [01:13:42.800] [bbotk]      -1.927269         23                9        0.9464663       FALSE
INFO  [01:13:42.800] [bbotk]      -2.086608         36                4        0.5476426       FALSE
INFO  [01:13:42.800] [bbotk]      -2.091312         44                7        0.3968170       FALSE
INFO  [01:13:42.800] [bbotk]      -2.172578         37                1        0.5544998       FALSE
INFO  [01:13:42.800] [bbotk]      -2.156192         39                6        0.9318415       FALSE
INFO  [01:13:42.800] [bbotk]      -2.050350         30               39        0.5499931       FALSE
INFO  [01:13:42.800] [bbotk]      -2.826038         36                6        0.5282945       FALSE
INFO  [01:13:42.800] [bbotk]      -2.128801         26               44        0.5383340       FALSE
INFO  [01:13:42.800] [bbotk]      -1.865731         23               20        0.8610738       FALSE
INFO  [01:13:42.800] [bbotk]      -2.271952         34                5        0.8320404       FALSE
INFO  [01:13:42.800] [bbotk]      -1.626345         10                1        0.9289616       FALSE
INFO  [01:13:42.800] [bbotk]  learning_rate num_leaves min_data_in_leaf feature_fraction extra_trees
INFO  [01:13:42.800] [bbotk]    lambda_l1   lambda_l2 min_gain_to_split    acq_cb timestamp_surrogate
INFO  [01:13:42.800] [bbotk]  -0.13789134 -0.24213534         -5.659034 -6.178693 2026-09-10 01:12:36
INFO  [01:13:42.800] [bbotk]  -0.63082221 -4.57111737         -5.482128 -5.914354 2026-09-10 01:12:37
INFO  [01:13:42.800] [bbotk]   0.03587914 -4.53714227         -3.741963 -5.725911 2026-09-10 01:12:38
INFO  [01:13:42.800] [bbotk]  -1.66904266 -0.54709383         -6.907755 -5.992010 2026-09-10 01:12:39
INFO  [01:13:42.800] [bbotk]   0.35698742 -4.42739902         -6.577827 -5.655995 2026-09-10 01:12:40
INFO  [01:13:42.800] [bbotk]  -1.42921226 -0.91996063         -6.907755 -5.918583 2026-09-10 01:12:41
INFO  [01:13:42.800] [bbotk]  -1.17050849 -0.14990991         -6.907755 -6.076508 2026-09-10 01:12:41
INFO  [01:13:42.800] [bbotk]  -1.82996017 -0.17959452         -2.784793 -5.265720 2026-09-10 01:12:42
INFO  [01:13:42.800] [bbotk]  -3.24673536 -4.11867438         -5.619190 -5.883548 2026-09-10 01:12:43
INFO  [01:13:42.800] [bbotk]  -1.50725524 -0.60692088         -6.907755 -5.929531 2026-09-10 01:12:44
INFO  [01:13:42.800] [bbotk]  -0.09654701 -0.06332944         -4.574009 -5.869969 2026-09-10 01:12:45
INFO  [01:13:42.800] [bbotk]  -1.89444589 -0.58016305         -6.907755 -5.762556 2026-09-10 01:12:46
INFO  [01:13:42.800] [bbotk]  -0.83112980  0.29559808         -3.348882 -5.629070 2026-09-10 01:12:47
INFO  [01:13:42.800] [bbotk]   0.28846741 -1.00719437         -5.504966 -5.768994 2026-09-10 01:12:48
INFO  [01:13:42.800] [bbotk]  -0.58101511 -0.31616900         -3.976730 -5.610862 2026-09-10 01:12:49
INFO  [01:13:42.800] [bbotk]  -1.75019023 -0.10352898         -6.907755 -5.736050 2026-09-10 01:12:50
INFO  [01:13:42.800] [bbotk]   0.04796924 -0.03661754         -4.564875 -5.780473 2026-09-10 01:12:51
INFO  [01:13:42.800] [bbotk]  -2.08001698 -2.04861130         -6.907755 -5.597982 2026-09-10 01:12:52
INFO  [01:13:42.800] [bbotk]  -0.04139229  0.02491998         -4.348982 -5.388192 2026-09-10 01:12:53
INFO  [01:13:42.800] [bbotk]  -4.30816631 -0.60874714         -6.907755 -5.523636 2026-09-10 01:12:53
INFO  [01:13:42.800] [bbotk]  -0.31758957 -4.55140909         -5.354738 -5.533562 2026-09-10 01:12:54
INFO  [01:13:42.800] [bbotk]  -0.64841384 -2.68106001         -5.400290 -5.449932 2026-09-10 01:12:55
INFO  [01:13:42.800] [bbotk]  -0.19778240  0.45010904         -5.480288 -5.749873 2026-09-10 01:12:56
INFO  [01:13:42.800] [bbotk]  -0.85946731 -2.77774481         -5.542073 -5.640564 2026-09-10 01:12:57
INFO  [01:13:42.800] [bbotk]  -1.94410353 -3.03440548         -6.198328 -5.443023 2026-09-10 01:12:58
INFO  [01:13:42.800] [bbotk]  -0.63576759 -4.40380954         -5.485959 -5.503165 2026-09-10 01:12:59
INFO  [01:13:42.800] [bbotk]  -1.85287807 -5.09635186         -6.907755 -5.327907 2026-09-10 01:13:00
INFO  [01:13:42.800] [bbotk]   0.18781068 -0.56047252         -6.907755 -5.478552 2026-09-10 01:13:01
INFO  [01:13:42.800] [bbotk]  -0.33515177  0.08536252         -5.438966 -5.730309 2026-09-10 01:13:02
INFO  [01:13:42.800] [bbotk]  -1.36188746 -0.37787453         -6.907755 -5.602304 2026-09-10 01:13:03
INFO  [01:13:42.800] [bbotk]  -0.21037778 -2.95556658         -2.886402 -5.306265 2026-09-10 01:13:04
INFO  [01:13:42.800] [bbotk]  -2.26233199 -1.72798989         -2.816197 -5.355815 2026-09-10 01:13:05
INFO  [01:13:42.800] [bbotk]  -0.10198509  0.02737637         -3.057428 -5.440396 2026-09-10 01:13:06
INFO  [01:13:42.800] [bbotk]   0.36268314 -4.14510867         -5.092507 -5.331395 2026-09-10 01:13:07
INFO  [01:13:42.800] [bbotk]  -2.49098885 -2.67881092         -5.466834 -5.348607 2026-09-10 01:13:08
INFO  [01:13:42.800] [bbotk]   0.21210117  0.03648662         -6.399296 -5.332202 2026-09-10 01:13:09
INFO  [01:13:42.800] [bbotk]   0.10483322 -4.55653592         -2.715236 -5.328934 2026-09-10 01:13:10
INFO  [01:13:42.800] [bbotk]  -1.96653898  0.03668637         -2.914554 -5.280567 2026-09-10 01:13:11
INFO  [01:13:42.800] [bbotk]   0.28502437 -4.80721059         -5.114296 -5.174347 2026-09-10 01:13:12
INFO  [01:13:42.800] [bbotk]  -1.92148649 -4.26538517         -3.280292 -5.231036 2026-09-10 01:13:13
INFO  [01:13:42.800] [bbotk]  -1.44920833 -3.39845140         -6.907755 -5.193963 2026-09-10 01:13:14
INFO  [01:13:42.800] [bbotk]  -2.19027333  0.04668332         -5.205650 -5.298778 2026-09-10 01:13:15
INFO  [01:13:42.800] [bbotk]  -0.16114492 -2.39226311         -4.742337 -5.281807 2026-09-10 01:13:15
INFO  [01:13:42.800] [bbotk]  -0.05314558  0.40991489         -5.434794 -5.325510 2026-09-10 01:13:16
INFO  [01:13:42.800] [bbotk]    lambda_l1   lambda_l2 min_gain_to_split    acq_cb timestamp_surrogate
INFO  [01:13:42.800] [bbotk]  timestamp_acq_function timestamp_acq_optimizer      timestamp_loop classif.ce
INFO  [01:13:42.800] [bbotk]     2026-09-10 01:12:36     2026-09-10 01:12:36 2026-09-10 01:12:37  0.1236231
INFO  [01:13:42.800] [bbotk]     2026-09-10 01:12:37     2026-09-10 01:12:37 2026-09-10 01:12:38  0.1236027
INFO  [01:13:42.800] [bbotk]     2026-09-10 01:12:38     2026-09-10 01:12:38 2026-09-10 01:12:39  0.1235003
INFO  [01:13:42.800] [bbotk]     2026-09-10 01:12:39     2026-09-10 01:12:39 2026-09-10 01:12:40  0.1231728
INFO  [01:13:42.800] [bbotk]     2026-09-10 01:12:40     2026-09-10 01:12:40 2026-09-10 01:12:41  0.1235822
INFO  [01:13:42.800] [bbotk]     2026-09-10 01:12:41     2026-09-10 01:12:41 2026-09-10 01:12:41  0.1239507
INFO  [01:13:42.800] [bbotk]     2026-09-10 01:12:42     2026-09-10 01:12:42 2026-09-10 01:12:42  0.1237665
INFO  [01:13:42.800] [bbotk]     2026-09-10 01:12:43     2026-09-10 01:12:43 2026-09-10 01:12:43  0.1260801
INFO  [01:13:42.800] [bbotk]     2026-09-10 01:12:44     2026-09-10 01:12:44 2026-09-10 01:12:44  0.1242578
INFO  [01:13:42.800] [bbotk]     2026-09-10 01:12:44     2026-09-10 01:12:44 2026-09-10 01:12:45  0.1233774
INFO  [01:13:42.800] [bbotk]     2026-09-10 01:12:45     2026-09-10 01:12:45 2026-09-10 01:12:46  0.1240736
INFO  [01:13:42.800] [bbotk]     2026-09-10 01:12:46     2026-09-10 01:12:46 2026-09-10 01:12:47  0.1242579
INFO  [01:13:42.800] [bbotk]     2026-09-10 01:12:47     2026-09-10 01:12:47 2026-09-10 01:12:48  0.1230908
INFO  [01:13:42.800] [bbotk]     2026-09-10 01:12:48     2026-09-10 01:12:48 2026-09-10 01:12:49  0.1232137
INFO  [01:13:42.800] [bbotk]     2026-09-10 01:12:49     2026-09-10 01:12:49 2026-09-10 01:12:50  0.1237051
INFO  [01:13:42.800] [bbotk]     2026-09-10 01:12:50     2026-09-10 01:12:50 2026-09-10 01:12:51  0.1241145
INFO  [01:13:42.800] [bbotk]     2026-09-10 01:12:51     2026-09-10 01:12:51 2026-09-10 01:12:52  0.1241760
INFO  [01:13:42.800] [bbotk]     2026-09-10 01:12:52     2026-09-10 01:12:52 2026-09-10 01:12:52  0.1244012
INFO  [01:13:42.800] [bbotk]     2026-09-10 01:12:53     2026-09-10 01:12:53 2026-09-10 01:12:53  0.1237256
INFO  [01:13:42.800] [bbotk]     2026-09-10 01:12:54     2026-09-10 01:12:54 2026-09-10 01:12:54  0.1237870
INFO  [01:13:42.800] [bbotk]     2026-09-10 01:12:55     2026-09-10 01:12:55 2026-09-10 01:12:55  0.1238279
INFO  [01:13:42.800] [bbotk]     2026-09-10 01:12:56     2026-09-10 01:12:56 2026-09-10 01:12:56  0.1233570
INFO  [01:13:42.800] [bbotk]     2026-09-10 01:12:57     2026-09-10 01:12:57 2026-09-10 01:12:57  0.1236845
INFO  [01:13:42.800] [bbotk]     2026-09-10 01:12:57     2026-09-10 01:12:57 2026-09-10 01:12:58  0.1245036
INFO  [01:13:42.800] [bbotk]     2026-09-10 01:12:58     2026-09-10 01:12:58 2026-09-10 01:12:59  0.1231727
INFO  [01:13:42.800] [bbotk]     2026-09-10 01:13:00     2026-09-10 01:13:00 2026-09-10 01:13:00  0.1235209
INFO  [01:13:42.800] [bbotk]     2026-09-10 01:13:01     2026-09-10 01:13:01 2026-09-10 01:13:01  0.1244831
INFO  [01:13:42.800] [bbotk]     2026-09-10 01:13:02     2026-09-10 01:13:02 2026-09-10 01:13:02  0.1240940
INFO  [01:13:42.800] [bbotk]     2026-09-10 01:13:03     2026-09-10 01:13:03 2026-09-10 01:13:03  0.1239303
INFO  [01:13:42.800] [bbotk]     2026-09-10 01:13:04     2026-09-10 01:13:04 2026-09-10 01:13:04  0.1238689
INFO  [01:13:42.800] [bbotk]     2026-09-10 01:13:04     2026-09-10 01:13:04 2026-09-10 01:13:05  0.1241351
INFO  [01:13:42.800] [bbotk]     2026-09-10 01:13:05     2026-09-10 01:13:05 2026-09-10 01:13:06  0.1233980
INFO  [01:13:42.800] [bbotk]     2026-09-10 01:13:06     2026-09-10 01:13:06 2026-09-10 01:13:07  0.1244831
INFO  [01:13:42.800] [bbotk]     2026-09-10 01:13:07     2026-09-10 01:13:07 2026-09-10 01:13:08  0.1240122
INFO  [01:13:42.800] [bbotk]     2026-09-10 01:13:08     2026-09-10 01:13:08 2026-09-10 01:13:09  0.1240531
INFO  [01:13:42.800] [bbotk]     2026-09-10 01:13:09     2026-09-10 01:13:09 2026-09-10 01:13:10  0.1234594
INFO  [01:13:42.800] [bbotk]     2026-09-10 01:13:10     2026-09-10 01:13:10 2026-09-10 01:13:11  0.1237870
INFO  [01:13:42.800] [bbotk]     2026-09-10 01:13:11     2026-09-10 01:13:11 2026-09-10 01:13:12  0.1242988
INFO  [01:13:42.800] [bbotk]     2026-09-10 01:13:12     2026-09-10 01:13:12 2026-09-10 01:13:13  0.1238075
INFO  [01:13:42.800] [bbotk]     2026-09-10 01:13:13     2026-09-10 01:13:13 2026-09-10 01:13:14  0.1235822
INFO  [01:13:42.800] [bbotk]     2026-09-10 01:13:14     2026-09-10 01:13:14 2026-09-10 01:13:15  0.1234798
INFO  [01:13:42.800] [bbotk]     2026-09-10 01:13:15     2026-09-10 01:13:15 2026-09-10 01:13:15  0.1237255
INFO  [01:13:42.800] [bbotk]     2026-09-10 01:13:16     2026-09-10 01:13:16 2026-09-10 01:13:16  0.1241350
INFO  [01:13:42.800] [bbotk]     2026-09-10 01:13:17     2026-09-10 01:13:17 2026-09-10 01:13:17  0.1242170
INFO  [01:13:42.800] [bbotk]  timestamp_acq_function timestamp_acq_optimizer      timestamp_loop classif.ce
INFO  [01:13:42.800] [bbotk]  warnings errors runtime_learners internal_tuned_values
INFO  [01:13:42.800] [bbotk]         0      0           10.463    num_iterations=145
INFO  [01:13:42.800] [bbotk]         0      0           10.116    num_iterations=105
INFO  [01:13:42.800] [bbotk]         0      0           11.317    num_iterations=124
INFO  [01:13:42.800] [bbotk]         0      0           11.657    num_iterations=184
INFO  [01:13:42.800] [bbotk]         0      0           10.645     num_iterations=91
INFO  [01:13:42.800] [bbotk]         0      0           11.221     num_iterations=87
INFO  [01:13:42.800] [bbotk]         0      0            8.278    num_iterations=124
INFO  [01:13:42.800] [bbotk]         0      0           24.397    num_iterations=357
INFO  [01:13:42.800] [bbotk]         0      0            7.264    num_iterations=118
INFO  [01:13:42.800] [bbotk]         0      0            9.407    num_iterations=122
INFO  [01:13:42.800] [bbotk]         0      0            7.767    num_iterations=127
INFO  [01:13:42.800] [bbotk]         0      0           18.800    num_iterations=218
INFO  [01:13:42.800] [bbotk]         0      0           10.366    num_iterations=153
INFO  [01:13:42.800] [bbotk]         0      0           13.366    num_iterations=204
INFO  [01:13:42.800] [bbotk]         0      0           10.497    num_iterations=159
INFO  [01:13:42.800] [bbotk]         0      0            9.750    num_iterations=180
INFO  [01:13:42.800] [bbotk]         0      0            7.454    num_iterations=111
INFO  [01:13:42.800] [bbotk]         0      0            8.159     num_iterations=70
INFO  [01:13:42.800] [bbotk]         0      0           11.812    num_iterations=174
INFO  [01:13:42.800] [bbotk]         0      0           12.330    num_iterations=134
INFO  [01:13:42.800] [bbotk]         0      0            8.289    num_iterations=132
INFO  [01:13:42.800] [bbotk]         0      0            8.840    num_iterations=181
INFO  [01:13:42.800] [bbotk]         0      0            7.829    num_iterations=128
INFO  [01:13:42.800] [bbotk]         0      0            6.753     num_iterations=81
INFO  [01:13:42.800] [bbotk]         0      0           12.731    num_iterations=181
INFO  [01:13:42.800] [bbotk]         0      0            8.899     num_iterations=99
INFO  [01:13:42.800] [bbotk]         0      0           15.835    num_iterations=220
INFO  [01:13:42.800] [bbotk]         0      0           12.833    num_iterations=128
INFO  [01:13:42.800] [bbotk]         0      0            7.714    num_iterations=118
INFO  [01:13:42.800] [bbotk]         0      0           15.425    num_iterations=171
INFO  [01:13:42.800] [bbotk]         0      0           11.091    num_iterations=260
INFO  [01:13:42.800] [bbotk]         0      0            7.397     num_iterations=91
INFO  [01:13:42.800] [bbotk]         0      0           10.978    num_iterations=203
INFO  [01:13:42.800] [bbotk]         0      0            6.810     num_iterations=97
INFO  [01:13:42.800] [bbotk]         0      0            8.367     num_iterations=93
INFO  [01:13:42.800] [bbotk]         0      0           10.687    num_iterations=115
INFO  [01:13:42.800] [bbotk]         0      0            9.544    num_iterations=119
INFO  [01:13:42.800] [bbotk]         0      0            7.742     num_iterations=99
INFO  [01:13:42.800] [bbotk]         0      0            8.870    num_iterations=100
INFO  [01:13:42.800] [bbotk]         0      0           12.793    num_iterations=171
INFO  [01:13:42.800] [bbotk]         0      0            8.852    num_iterations=120
INFO  [01:13:42.800] [bbotk]         0      0            7.057    num_iterations=114
INFO  [01:13:42.800] [bbotk]         0      0            8.243    num_iterations=115
INFO  [01:13:42.800] [bbotk]         0      0            7.237    num_iterations=151
INFO  [01:13:42.800] [bbotk]  warnings errors runtime_learners internal_tuned_values
INFO  [01:13:43.090] [mlr3] Calling train method of fallback 'regr.ranger' on task 'surrogate_task' with 276 observations {learner: <LearnerRegrRanger/LearnerRegr/Learner/R6>}
INFO  [01:13:44.070] [mlr3] Calling train method of fallback 'regr.ranger' on task 'surrogate_task' with 277 observations {learner: <LearnerRegrRanger/LearnerRegr/Learner/R6>}
INFO  [01:13:45.011] [mlr3] Calling train method of fallback 'regr.ranger' on task 'surrogate_task' with 278 observations {learner: <LearnerRegrRanger/LearnerRegr/Learner/R6>}
INFO  [01:13:45.934] [mlr3] Calling train method of fallback 'regr.ranger' on task 'surrogate_task' with 279 observations {learner: <LearnerRegrRanger/LearnerRegr/Learner/R6>}
INFO  [01:13:46.866] [mlr3] Calling train method of fallback 'regr.ranger' on task 'surrogate_task' with 280 observations {learner: <LearnerRegrRanger/LearnerRegr/Learner/R6>}
INFO  [01:13:47.788] [mlr3] Calling train method of fallback 'regr.ranger' on task 'surrogate_task' with 281 observations {learner: <LearnerRegrRanger/LearnerRegr/Learner/R6>}
INFO  [01:13:48.736] [mlr3] Calling train method of fallback 'regr.ranger' on task 'surrogate_task' with 282 observations {learner: <LearnerRegrRanger/LearnerRegr/Learner/R6>}
INFO  [01:13:49.680] [mlr3] Calling train method of fallback 'regr.ranger' on task 'surrogate_task' with 283 observations {learner: <LearnerRegrRanger/LearnerRegr/Learner/R6>}
INFO  [01:13:50.637] [mlr3] Calling train method of fallback 'regr.ranger' on task 'surrogate_task' with 284 observations {learner: <LearnerRegrRanger/LearnerRegr/Learner/R6>}
INFO  [01:13:51.579] [mlr3] Calling train method of fallback 'regr.ranger' on task 'surrogate_task' with 285 observations {learner: <LearnerRegrRanger/LearnerRegr/Learner/R6>}
INFO  [01:13:52.550] [mlr3] Calling train method of fallback 'regr.ranger' on task 'surrogate_task' with 286 observations {learner: <LearnerRegrRanger/LearnerRegr/Learner/R6>}
INFO  [01:13:53.507] [mlr3] Calling train method of fallback 'regr.ranger' on task 'surrogate_task' with 287 observations {learner: <LearnerRegrRanger/LearnerRegr/Learner/R6>}
INFO  [01:13:54.462] [mlr3] Calling train method of fallback 'regr.ranger' on task 'surrogate_task' with 288 observations {learner: <LearnerRegrRanger/LearnerRegr/Learner/R6>}
INFO  [01:13:55.390] [mlr3] Calling train method of fallback 'regr.ranger' on task 'surrogate_task' with 289 observations {learner: <LearnerRegrRanger/LearnerRegr/Learner/R6>}
INFO  [01:13:56.355] [mlr3] Calling train method of fallback 'regr.ranger' on task 'surrogate_task' with 290 observations {learner: <LearnerRegrRanger/LearnerRegr/Learner/R6>}
INFO  [01:13:57.294] [mlr3] Calling train method of fallback 'regr.ranger' on task 'surrogate_task' with 291 observations {learner: <LearnerRegrRanger/LearnerRegr/Learner/R6>}
INFO  [01:13:58.287] [mlr3] Calling train method of fallback 'regr.ranger' on task 'surrogate_task' with 292 observations {learner: <LearnerRegrRanger/LearnerRegr/Learner/R6>}
INFO  [01:13:59.261] [mlr3] Calling train method of fallback 'regr.ranger' on task 'surrogate_task' with 293 observations {learner: <LearnerRegrRanger/LearnerRegr/Learner/R6>}
INFO  [01:14:00.262] [mlr3] Calling train method of fallback 'regr.ranger' on task 'surrogate_task' with 294 observations {learner: <LearnerRegrRanger/LearnerRegr/Learner/R6>}
INFO  [01:14:01.207] [mlr3] Calling train method of fallback 'regr.ranger' on task 'surrogate_task' with 295 observations {learner: <LearnerRegrRanger/LearnerRegr/Learner/R6>}
INFO  [01:14:02.148] [mlr3] Calling train method of fallback 'regr.ranger' on task 'surrogate_task' with 296 observations {learner: <LearnerRegrRanger/LearnerRegr/Learner/R6>}
INFO  [01:14:03.096] [mlr3] Calling train method of fallback 'regr.ranger' on task 'surrogate_task' with 297 observations {learner: <LearnerRegrRanger/LearnerRegr/Learner/R6>}
INFO  [01:14:04.064] [mlr3] Calling train method of fallback 'regr.ranger' on task 'surrogate_task' with 298 observations {learner: <LearnerRegrRanger/LearnerRegr/Learner/R6>}
INFO  [01:14:05.087] [mlr3] Calling train method of fallback 'regr.ranger' on task 'surrogate_task' with 299 observations {learner: <LearnerRegrRanger/LearnerRegr/Learner/R6>}
INFO  [01:14:06.066] [mlr3] Calling train method of fallback 'regr.ranger' on task 'surrogate_task' with 300 observations {learner: <LearnerRegrRanger/LearnerRegr/Learner/R6>}
INFO  [01:14:07.086] [mlr3] Calling train method of fallback 'regr.ranger' on task 'surrogate_task' with 301 observations {learner: <LearnerRegrRanger/LearnerRegr/Learner/R6>}
INFO  [01:14:08.099] [mlr3] Calling train method of fallback 'regr.ranger' on task 'surrogate_task' with 302 observations {learner: <LearnerRegrRanger/LearnerRegr/Learner/R6>}
INFO  [01:14:09.063] [mlr3] Calling train method of fallback 'regr.ranger' on task 'surrogate_task' with 303 observations {learner: <LearnerRegrRanger/LearnerRegr/Learner/R6>}
INFO  [01:14:10.066] [mlr3] Calling train method of fallback 'regr.ranger' on task 'surrogate_task' with 304 observations {learner: <LearnerRegrRanger/LearnerRegr/Learner/R6>}
INFO  [01:14:11.094] [mlr3] Calling train method of fallback 'regr.ranger' on task 'surrogate_task' with 305 observations {learner: <LearnerRegrRanger/LearnerRegr/Learner/R6>}
INFO  [01:14:12.390] [mlr3] Calling train method of fallback 'regr.ranger' on task 'surrogate_task' with 306 observations {learner: <LearnerRegrRanger/LearnerRegr/Learner/R6>}
INFO  [01:14:13.398] [mlr3] Calling train method of fallback 'regr.ranger' on task 'surrogate_task' with 307 observations {learner: <LearnerRegrRanger/LearnerRegr/Learner/R6>}
INFO  [01:14:15.587] [mlr3] Calling train method of fallback 'regr.ranger' on task 'surrogate_task' with 308 observations {learner: <LearnerRegrRanger/LearnerRegr/Learner/R6>}
INFO  [01:14:16.595] [mlr3] Calling train method of fallback 'regr.ranger' on task 'surrogate_task' with 309 observations {learner: <LearnerRegrRanger/LearnerRegr/Learner/R6>}
INFO  [01:14:17.614] [mlr3] Calling train method of fallback 'regr.ranger' on task 'surrogate_task' with 310 observations {learner: <LearnerRegrRanger/LearnerRegr/Learner/R6>}
INFO  [01:14:18.616] [mlr3] Calling train method of fallback 'regr.ranger' on task 'surrogate_task' with 311 observations {learner: <LearnerRegrRanger/LearnerRegr/Learner/R6>}
INFO  [01:14:19.582] [mlr3] Calling train method of fallback 'regr.ranger' on task 'surrogate_task' with 312 observations {learner: <LearnerRegrRanger/LearnerRegr/Learner/R6>}
INFO  [01:14:20.580] [mlr3] Calling train method of fallback 'regr.ranger' on task 'surrogate_task' with 313 observations {learner: <LearnerRegrRanger/LearnerRegr/Learner/R6>}
INFO  [01:14:21.582] [mlr3] Calling train method of fallback 'regr.ranger' on task 'surrogate_task' with 314 observations {learner: <LearnerRegrRanger/LearnerRegr/Learner/R6>}
INFO  [01:14:22.578] [mlr3] Calling train method of fallback 'regr.ranger' on task 'surrogate_task' with 315 observations {learner: <LearnerRegrRanger/LearnerRegr/Learner/R6>}
INFO  [01:14:23.577] [mlr3] Calling train method of fallback 'regr.ranger' on task 'surrogate_task' with 316 observations {learner: <LearnerRegrRanger/LearnerRegr/Learner/R6>}
INFO  [01:14:24.627] [mlr3] Calling train method of fallback 'regr.ranger' on task 'surrogate_task' with 317 observations {learner: <LearnerRegrRanger/LearnerRegr/Learner/R6>}
INFO  [01:14:25.595] [mlr3] Calling train method of fallback 'regr.ranger' on task 'surrogate_task' with 318 observations {learner: <LearnerRegrRanger/LearnerRegr/Learner/R6>}
INFO  [01:14:26.607] [mlr3] Calling train method of fallback 'regr.ranger' on task 'surrogate_task' with 319 observations {learner: <LearnerRegrRanger/LearnerRegr/Learner/R6>}
INFO  [01:14:27.355] [bbotk] Evaluating 44 configuration(s)
INFO  [01:14:27.473] [mlr3] Running benchmark with 440 resampling iterations
INFO  [01:14:50.050] [mlr3] Finished benchmark
INFO  [01:14:51.875] [bbotk] Result of batch 6:
INFO  [01:14:51.883] [bbotk]  learning_rate num_leaves min_data_in_leaf feature_fraction extra_trees
INFO  [01:14:51.883] [bbotk]     -2.7870579         10                2        0.4300986       FALSE
INFO  [01:14:51.883] [bbotk]     -2.3765029         10                5        0.3323883       FALSE
INFO  [01:14:51.883] [bbotk]     -2.0804835         14                5        0.3814385       FALSE
INFO  [01:14:51.883] [bbotk]     -2.3620194         18                1        0.4350876       FALSE
INFO  [01:14:51.883] [bbotk]     -1.8843231         21                4        0.4365563       FALSE
INFO  [01:14:51.883] [bbotk]     -2.0329773         23                1        0.1113083       FALSE
INFO  [01:14:51.883] [bbotk]     -1.9718075         22                6        0.4275111       FALSE
INFO  [01:14:51.883] [bbotk]     -2.0837321         16                1        0.4465141       FALSE
INFO  [01:14:51.883] [bbotk]     -1.9943283         39                1        0.3741716       FALSE
INFO  [01:14:51.883] [bbotk]     -1.8913371         22                6        0.5610132       FALSE
INFO  [01:14:51.883] [bbotk]     -4.5710620         41                7        0.3997670       FALSE
INFO  [01:14:51.883] [bbotk]     -2.3690915         29                7        0.4278169       FALSE
INFO  [01:14:51.883] [bbotk]     -1.9167330         23                1        0.6774429       FALSE
INFO  [01:14:51.883] [bbotk]     -2.6625598         28               32        0.4324558       FALSE
INFO  [01:14:51.883] [bbotk]     -2.6681879         48                1        0.4146293       FALSE
INFO  [01:14:51.883] [bbotk]     -2.3461895         21                1        0.4651030       FALSE
INFO  [01:14:51.883] [bbotk]     -2.1411915         32                1        0.4601220       FALSE
INFO  [01:14:51.883] [bbotk]     -2.0198752         32                1        0.4374714       FALSE
INFO  [01:14:51.883] [bbotk]     -2.0263665         38                1        0.3813950       FALSE
INFO  [01:14:51.883] [bbotk]     -3.7729120         17                1        0.7570985       FALSE
INFO  [01:14:51.883] [bbotk]     -2.8959070         36                1        0.4396583       FALSE
INFO  [01:14:51.883] [bbotk]     -2.6295396         48                1        0.3866710       FALSE
INFO  [01:14:51.883] [bbotk]     -2.0031362         20                7        0.5306610       FALSE
INFO  [01:14:51.883] [bbotk]     -2.7781774         58                1        0.3913166       FALSE
INFO  [01:14:51.883] [bbotk]     -2.0519892         42                1        0.3944535       FALSE
INFO  [01:14:51.883] [bbotk]     -1.9877628         32                1        0.5104871       FALSE
INFO  [01:14:51.883] [bbotk]     -2.0788998         31                9        0.5078732       FALSE
INFO  [01:14:51.883] [bbotk]     -1.6434331         38                1        0.4292267       FALSE
INFO  [01:14:51.883] [bbotk]     -2.1985124         23                6        0.8889432       FALSE
INFO  [01:14:51.883] [bbotk]     -3.2167738         62                3        0.4341700       FALSE
INFO  [01:14:51.883] [bbotk]     -1.9108105         44                1        0.3551322       FALSE
INFO  [01:14:51.883] [bbotk]     -2.0846457         21                1        0.6325018       FALSE
INFO  [01:14:51.883] [bbotk]     -2.6344758         22                1        0.7613951       FALSE
INFO  [01:14:51.883] [bbotk]     -2.6356049         65                8        0.4309265       FALSE
INFO  [01:14:51.883] [bbotk]     -2.0358373         64                5        0.4033988       FALSE
INFO  [01:14:51.883] [bbotk]     -2.1089887         22               69        0.9960838       FALSE
INFO  [01:14:51.883] [bbotk]     -2.0656933         24                3        0.5299368       FALSE
INFO  [01:14:51.883] [bbotk]     -2.7270058         35                1        0.4842993       FALSE
INFO  [01:14:51.883] [bbotk]     -1.9424414         29                7        0.5897890       FALSE
INFO  [01:14:51.883] [bbotk]     -0.9049898         22                8        0.8279424       FALSE
INFO  [01:14:51.883] [bbotk]     -2.3833414         66                4        0.5033438       FALSE
INFO  [01:14:51.883] [bbotk]     -2.1724436         23                1        1.0000000       FALSE
INFO  [01:14:51.883] [bbotk]     -1.9960294         14                1        0.7636527       FALSE
INFO  [01:14:51.883] [bbotk]     -2.3099863         26                7        0.5449558       FALSE
INFO  [01:14:51.883] [bbotk]  learning_rate num_leaves min_data_in_leaf feature_fraction extra_trees
INFO  [01:14:51.883] [bbotk]    lambda_l1   lambda_l2 min_gain_to_split    acq_cb timestamp_surrogate
INFO  [01:14:51.883] [bbotk]  -5.82665997 -0.89438540         -5.171648 -5.864217 2026-09-10 01:13:42
INFO  [01:14:51.883] [bbotk]   0.01481822 -4.49396937         -5.988233 -6.079056 2026-09-10 01:13:43
INFO  [01:14:51.883] [bbotk]   6.90775528 -2.66840351         -6.907755 -5.849573 2026-09-10 01:13:44
INFO  [01:14:51.883] [bbotk]  -3.48056218 -1.09140720         -6.900855 -6.196834 2026-09-10 01:13:45
INFO  [01:14:51.883] [bbotk]  -0.84343426  0.13592811         -6.140022 -6.120513 2026-09-10 01:13:46
INFO  [01:14:51.883] [bbotk]  -1.71779748 -0.54113425         -6.002299 -6.002675 2026-09-10 01:13:47
INFO  [01:14:51.883] [bbotk]   0.10708400 -1.99168941         -5.594350 -6.334558 2026-09-10 01:13:48
INFO  [01:14:51.883] [bbotk]  -1.49619750 -0.53600376         -3.316511 -6.041050 2026-09-10 01:13:49
INFO  [01:14:51.883] [bbotk]  -1.85350907 -4.62871172         -4.551422 -5.952278 2026-09-10 01:13:50
INFO  [01:14:51.883] [bbotk]  -1.29524085  0.27554451         -3.378633 -6.190394 2026-09-10 01:13:51
INFO  [01:14:51.883] [bbotk]   1.53394274 -4.58316810         -6.907755 -5.474376 2026-09-10 01:13:52
INFO  [01:14:51.883] [bbotk]  -1.83010084 -3.46192573         -6.907755 -6.146945 2026-09-10 01:13:53
INFO  [01:14:51.883] [bbotk]  -0.97400473  0.23397296         -2.767552 -6.080785 2026-09-10 01:13:54
INFO  [01:14:51.883] [bbotk]  -2.43032093 -1.35525336         -6.907755 -5.734759 2026-09-10 01:13:55
INFO  [01:14:51.883] [bbotk]  -5.53159942 -2.15369703         -3.360429 -5.692007 2026-09-10 01:13:56
INFO  [01:14:51.883] [bbotk]  -0.78754799 -0.66589074         -5.456455 -5.945714 2026-09-10 01:13:56
INFO  [01:14:51.883] [bbotk]  -6.69650339 -0.85406987         -5.841384 -5.549106 2026-09-10 01:13:57
INFO  [01:14:51.883] [bbotk]   0.02940901 -1.00400976         -5.659670 -5.962234 2026-09-10 01:13:58
INFO  [01:14:51.883] [bbotk]   0.61821868 -4.86835436         -6.215213 -5.949658 2026-09-10 01:13:59
INFO  [01:14:51.883] [bbotk]  -1.73212881 -5.84220595         -4.207533 -5.264130 2026-09-10 01:14:00
INFO  [01:14:51.883] [bbotk]  -1.80711327 -1.71468989         -5.646797 -5.872245 2026-09-10 01:14:01
INFO  [01:14:51.883] [bbotk]  -2.91641414  0.19654484         -5.502599 -5.428607 2026-09-10 01:14:02
INFO  [01:14:51.883] [bbotk]  -1.83932618 -0.51486364         -6.856037 -5.910768 2026-09-10 01:14:03
INFO  [01:14:51.883] [bbotk]   0.22012078 -4.43773858         -6.579701 -5.812399 2026-09-10 01:14:04
INFO  [01:14:51.883] [bbotk]   0.12065930 -4.50622431         -5.792464 -5.778739 2026-09-10 01:14:05
INFO  [01:14:51.883] [bbotk]  -4.10221074 -0.90120749         -4.604988 -5.435729 2026-09-10 01:14:06
INFO  [01:14:51.883] [bbotk]  -0.56192994 -0.58339488         -5.317015 -5.597721 2026-09-10 01:14:07
INFO  [01:14:51.883] [bbotk]  -0.64470525 -4.39668899         -6.534699 -5.703184 2026-09-10 01:14:08
INFO  [01:14:51.883] [bbotk]  -0.05863068  0.24712976         -5.508864 -5.753631 2026-09-10 01:14:09
INFO  [01:14:51.883] [bbotk]  -2.11850493 -0.08110087         -6.907755 -5.693750 2026-09-10 01:14:10
INFO  [01:14:51.883] [bbotk]   0.14683500 -4.55730924         -3.723271 -5.661286 2026-09-10 01:14:12
INFO  [01:14:51.883] [bbotk]  -0.71583764 -2.17918814         -2.994673 -5.826176 2026-09-10 01:14:13
INFO  [01:14:51.883] [bbotk]  -0.74668027 -0.28081720         -5.304980 -5.708443 2026-09-10 01:14:15
INFO  [01:14:51.883] [bbotk]  -2.01561550 -1.03862681         -6.907755 -5.844952 2026-09-10 01:14:16
INFO  [01:14:51.883] [bbotk]  -0.60373870 -0.59168767         -5.604371 -5.420520 2026-09-10 01:14:17
INFO  [01:14:51.883] [bbotk]  -5.95994900 -3.63249056         -6.907755 -5.235699 2026-09-10 01:14:18
INFO  [01:14:51.883] [bbotk]  -6.22929008 -1.43918513         -6.907755 -5.662502 2026-09-10 01:14:19
INFO  [01:14:51.883] [bbotk]  -1.87016119 -0.47023057         -4.653760 -5.505559 2026-09-10 01:14:20
INFO  [01:14:51.883] [bbotk]  -0.73452164 -0.30404443         -3.955302 -5.603159 2026-09-10 01:14:21
INFO  [01:14:51.883] [bbotk]  -6.90775528  0.43171523         -3.054909 -5.389457 2026-09-10 01:14:22
INFO  [01:14:51.883] [bbotk]  -1.90412909 -0.57811530         -6.907755 -5.674925 2026-09-10 01:14:23
INFO  [01:14:51.883] [bbotk]  -2.18552609 -1.47807078         -5.168392 -5.549319 2026-09-10 01:14:24
INFO  [01:14:51.883] [bbotk]  -0.32274219 -2.68584626         -6.907755 -5.418408 2026-09-10 01:14:25
INFO  [01:14:51.883] [bbotk]  -1.52703248 -0.76250166         -5.911399 -5.593148 2026-09-10 01:14:26
INFO  [01:14:51.883] [bbotk]    lambda_l1   lambda_l2 min_gain_to_split    acq_cb timestamp_surrogate
INFO  [01:14:51.883] [bbotk]  timestamp_acq_function timestamp_acq_optimizer      timestamp_loop classif.ce
INFO  [01:14:51.883] [bbotk]     2026-09-10 01:13:43     2026-09-10 01:13:43 2026-09-10 01:13:43  0.1243602
INFO  [01:14:51.883] [bbotk]     2026-09-10 01:13:44     2026-09-10 01:13:44 2026-09-10 01:13:44  0.1246264
INFO  [01:14:51.883] [bbotk]     2026-09-10 01:13:45     2026-09-10 01:13:45 2026-09-10 01:13:45  0.1657181
INFO  [01:14:51.883] [bbotk]     2026-09-10 01:13:45     2026-09-10 01:13:45 2026-09-10 01:13:46  0.1238894
INFO  [01:14:51.883] [bbotk]     2026-09-10 01:13:46     2026-09-10 01:13:46 2026-09-10 01:13:47  0.1233979
INFO  [01:14:51.883] [bbotk]     2026-09-10 01:13:47     2026-09-10 01:13:47 2026-09-10 01:13:48  0.1240122
INFO  [01:14:51.883] [bbotk]     2026-09-10 01:13:48     2026-09-10 01:13:48 2026-09-10 01:13:49  0.1235413
INFO  [01:14:51.883] [bbotk]     2026-09-10 01:13:49     2026-09-10 01:13:49 2026-09-10 01:13:50  0.1230090
INFO  [01:14:51.883] [bbotk]     2026-09-10 01:13:50     2026-09-10 01:13:50 2026-09-10 01:13:51  0.1233979
INFO  [01:14:51.883] [bbotk]     2026-09-10 01:13:51     2026-09-10 01:13:51 2026-09-10 01:13:52  0.1237665
INFO  [01:14:51.883] [bbotk]     2026-09-10 01:13:52     2026-09-10 01:13:52 2026-09-10 01:13:53  0.1263462
INFO  [01:14:51.883] [bbotk]     2026-09-10 01:13:53     2026-09-10 01:13:53 2026-09-10 01:13:54  0.1230294
INFO  [01:14:51.883] [bbotk]     2026-09-10 01:13:54     2026-09-10 01:13:54 2026-09-10 01:13:55  0.1239303
INFO  [01:14:51.883] [bbotk]     2026-09-10 01:13:55     2026-09-10 01:13:55 2026-09-10 01:13:56  0.1234185
INFO  [01:14:51.883] [bbotk]     2026-09-10 01:13:56     2026-09-10 01:13:56 2026-09-10 01:13:56  0.1237665
INFO  [01:14:51.883] [bbotk]     2026-09-10 01:13:57     2026-09-10 01:13:57 2026-09-10 01:13:57  0.1234185
INFO  [01:14:51.883] [bbotk]     2026-09-10 01:13:58     2026-09-10 01:13:58 2026-09-10 01:13:58  0.1235002
INFO  [01:14:51.883] [bbotk]     2026-09-10 01:13:59     2026-09-10 01:13:59 2026-09-10 01:13:59  0.1231318
INFO  [01:14:51.883] [bbotk]     2026-09-10 01:14:00     2026-09-10 01:14:00 2026-09-10 01:14:00  0.1237255
INFO  [01:14:51.883] [bbotk]     2026-09-10 01:14:01     2026-09-10 01:14:01 2026-09-10 01:14:01  0.1251996
INFO  [01:14:51.883] [bbotk]     2026-09-10 01:14:02     2026-09-10 01:14:02 2026-09-10 01:14:02  0.1235412
INFO  [01:14:51.883] [bbotk]     2026-09-10 01:14:03     2026-09-10 01:14:03 2026-09-10 01:14:03  0.1238893
INFO  [01:14:51.883] [bbotk]     2026-09-10 01:14:04     2026-09-10 01:14:04 2026-09-10 01:14:04  0.1233161
INFO  [01:14:51.883] [bbotk]     2026-09-10 01:14:05     2026-09-10 01:14:05 2026-09-10 01:14:05  0.1235413
INFO  [01:14:51.883] [bbotk]     2026-09-10 01:14:06     2026-09-10 01:14:06 2026-09-10 01:14:06  0.1237870
INFO  [01:14:51.883] [bbotk]     2026-09-10 01:14:07     2026-09-10 01:14:07 2026-09-10 01:14:07  0.1232546
INFO  [01:14:51.883] [bbotk]     2026-09-10 01:14:08     2026-09-10 01:14:08 2026-09-10 01:14:08  0.1234389
INFO  [01:14:51.883] [bbotk]     2026-09-10 01:14:09     2026-09-10 01:14:09 2026-09-10 01:14:09  0.1236846
INFO  [01:14:51.883] [bbotk]     2026-09-10 01:14:10     2026-09-10 01:14:10 2026-09-10 01:14:10  0.1238074
INFO  [01:14:51.883] [bbotk]     2026-09-10 01:14:11     2026-09-10 01:14:11 2026-09-10 01:14:12  0.1238484
INFO  [01:14:51.883] [bbotk]     2026-09-10 01:14:12     2026-09-10 01:14:12 2026-09-10 01:14:13  0.1234184
INFO  [01:14:51.883] [bbotk]     2026-09-10 01:14:14     2026-09-10 01:14:14 2026-09-10 01:14:15  0.1235413
INFO  [01:14:51.883] [bbotk]     2026-09-10 01:14:15     2026-09-10 01:14:15 2026-09-10 01:14:16  0.1233775
INFO  [01:14:51.883] [bbotk]     2026-09-10 01:14:16     2026-09-10 01:14:16 2026-09-10 01:14:17  0.1235412
INFO  [01:14:51.883] [bbotk]     2026-09-10 01:14:17     2026-09-10 01:14:17 2026-09-10 01:14:18  0.1239712
INFO  [01:14:51.883] [bbotk]     2026-09-10 01:14:18     2026-09-10 01:14:18 2026-09-10 01:14:19  0.1241760
INFO  [01:14:51.883] [bbotk]     2026-09-10 01:14:19     2026-09-10 01:14:19 2026-09-10 01:14:20  0.1236437
INFO  [01:14:51.883] [bbotk]     2026-09-10 01:14:20     2026-09-10 01:14:20 2026-09-10 01:14:21  0.1231523
INFO  [01:14:51.883] [bbotk]     2026-09-10 01:14:21     2026-09-10 01:14:21 2026-09-10 01:14:22  0.1237051
INFO  [01:14:51.883] [bbotk]     2026-09-10 01:14:22     2026-09-10 01:14:22 2026-09-10 01:14:23  0.1243397
INFO  [01:14:51.883] [bbotk]     2026-09-10 01:14:23     2026-09-10 01:14:23 2026-09-10 01:14:24  0.1238075
INFO  [01:14:51.883] [bbotk]     2026-09-10 01:14:24     2026-09-10 01:14:24 2026-09-10 01:14:25  0.1241145
INFO  [01:14:51.883] [bbotk]     2026-09-10 01:14:25     2026-09-10 01:14:25 2026-09-10 01:14:26  0.1233775
INFO  [01:14:51.883] [bbotk]     2026-09-10 01:14:26     2026-09-10 01:14:26 2026-09-10 01:14:27  0.1233161
INFO  [01:14:51.883] [bbotk]  timestamp_acq_function timestamp_acq_optimizer      timestamp_loop classif.ce
INFO  [01:14:51.883] [bbotk]  warnings errors runtime_learners internal_tuned_values
INFO  [01:14:51.883] [bbotk]         0      0           13.637    num_iterations=296
INFO  [01:14:51.883] [bbotk]         0      0           11.681    num_iterations=227
INFO  [01:14:51.883] [bbotk]         0      0            4.804     num_iterations=75
INFO  [01:14:51.883] [bbotk]         0      0            9.431    num_iterations=144
INFO  [01:14:51.883] [bbotk]         0      0            8.259    num_iterations=106
INFO  [01:14:51.883] [bbotk]         0      0           10.469    num_iterations=194
INFO  [01:14:51.883] [bbotk]         0      0            8.824    num_iterations=118
INFO  [01:14:51.883] [bbotk]         0      0            9.658    num_iterations=162
INFO  [01:14:51.883] [bbotk]         0      0           10.257    num_iterations=111
INFO  [01:14:51.883] [bbotk]         0      0            9.859    num_iterations=123
INFO  [01:14:51.883] [bbotk]         0      0           27.497    num_iterations=428
INFO  [01:14:51.883] [bbotk]         0      0           11.675    num_iterations=183
INFO  [01:14:51.883] [bbotk]         0      0            7.646    num_iterations=107
INFO  [01:14:51.883] [bbotk]         0      0           12.648    num_iterations=197
INFO  [01:14:51.883] [bbotk]         0      0           10.875    num_iterations=124
INFO  [01:14:51.883] [bbotk]         0      0           12.540    num_iterations=217
INFO  [01:14:51.883] [bbotk]         0      0            9.234    num_iterations=114
INFO  [01:14:51.883] [bbotk]         0      0           10.633    num_iterations=104
INFO  [01:14:51.883] [bbotk]         0      0           12.433    num_iterations=133
INFO  [01:14:51.883] [bbotk]         0      0           17.078    num_iterations=345
INFO  [01:14:51.883] [bbotk]         0      0           14.922    num_iterations=202
INFO  [01:14:51.883] [bbotk]         0      0           12.770    num_iterations=151
INFO  [01:14:51.883] [bbotk]         0      0            9.562    num_iterations=127
INFO  [01:14:51.883] [bbotk]         0      0           16.095    num_iterations=174
INFO  [01:14:51.883] [bbotk]         0      0           10.323     num_iterations=80
INFO  [01:14:51.883] [bbotk]         0      0           10.581    num_iterations=115
INFO  [01:14:51.883] [bbotk]         0      0           11.099    num_iterations=107
INFO  [01:14:51.883] [bbotk]         0      0            8.665     num_iterations=65
INFO  [01:14:51.883] [bbotk]         0      0           10.143    num_iterations=145
INFO  [01:14:51.883] [bbotk]         0      0           17.177    num_iterations=186
INFO  [01:14:51.883] [bbotk]         0      0            9.621    num_iterations=103
INFO  [01:14:51.883] [bbotk]         0      0            8.125    num_iterations=126
INFO  [01:14:51.883] [bbotk]         0      0           10.694    num_iterations=216
INFO  [01:14:51.883] [bbotk]         0      0           11.411    num_iterations=112
INFO  [01:14:51.883] [bbotk]         0      0            8.495     num_iterations=58
INFO  [01:14:51.883] [bbotk]         0      0            8.590    num_iterations=138
INFO  [01:14:51.883] [bbotk]         0      0            9.517    num_iterations=136
INFO  [01:14:51.883] [bbotk]         0      0           13.987    num_iterations=207
INFO  [01:14:51.883] [bbotk]         0      0            8.174     num_iterations=97
INFO  [01:14:51.883] [bbotk]         0      0            4.630     num_iterations=40
INFO  [01:14:51.883] [bbotk]         0      0           10.334     num_iterations=90
INFO  [01:14:51.883] [bbotk]         0      0            7.814    num_iterations=140
INFO  [01:14:51.883] [bbotk]         0      0            7.685    num_iterations=155
INFO  [01:14:51.883] [bbotk]         0      0           11.477    num_iterations=167
INFO  [01:14:51.883] [bbotk]  warnings errors runtime_learners internal_tuned_values
INFO  [01:14:52.247] [mlr3] Calling train method of fallback 'regr.ranger' on task 'surrogate_task' with 320 observations {learner: <LearnerRegrRanger/LearnerRegr/Learner/R6>}
INFO  [01:14:53.325] [mlr3] Calling train method of fallback 'regr.ranger' on task 'surrogate_task' with 321 observations {learner: <LearnerRegrRanger/LearnerRegr/Learner/R6>}
INFO  [01:14:54.313] [mlr3] Calling train method of fallback 'regr.ranger' on task 'surrogate_task' with 322 observations {learner: <LearnerRegrRanger/LearnerRegr/Learner/R6>}
INFO  [01:14:55.340] [mlr3] Calling train method of fallback 'regr.ranger' on task 'surrogate_task' with 323 observations {learner: <LearnerRegrRanger/LearnerRegr/Learner/R6>}
INFO  [01:14:56.328] [mlr3] Calling train method of fallback 'regr.ranger' on task 'surrogate_task' with 324 observations {learner: <LearnerRegrRanger/LearnerRegr/Learner/R6>}
INFO  [01:14:57.346] [mlr3] Calling train method of fallback 'regr.ranger' on task 'surrogate_task' with 325 observations {learner: <LearnerRegrRanger/LearnerRegr/Learner/R6>}
INFO  [01:14:58.370] [mlr3] Calling train method of fallback 'regr.ranger' on task 'surrogate_task' with 326 observations {learner: <LearnerRegrRanger/LearnerRegr/Learner/R6>}
INFO  [01:14:59.383] [mlr3] Calling train method of fallback 'regr.ranger' on task 'surrogate_task' with 327 observations {learner: <LearnerRegrRanger/LearnerRegr/Learner/R6>}
INFO  [01:15:00.387] [mlr3] Calling train method of fallback 'regr.ranger' on task 'surrogate_task' with 328 observations {learner: <LearnerRegrRanger/LearnerRegr/Learner/R6>}
INFO  [01:15:01.373] [mlr3] Calling train method of fallback 'regr.ranger' on task 'surrogate_task' with 329 observations {learner: <LearnerRegrRanger/LearnerRegr/Learner/R6>}
INFO  [01:15:02.367] [mlr3] Calling train method of fallback 'regr.ranger' on task 'surrogate_task' with 330 observations {learner: <LearnerRegrRanger/LearnerRegr/Learner/R6>}
INFO  [01:15:03.403] [mlr3] Calling train method of fallback 'regr.ranger' on task 'surrogate_task' with 331 observations {learner: <LearnerRegrRanger/LearnerRegr/Learner/R6>}
INFO  [01:15:04.418] [mlr3] Calling train method of fallback 'regr.ranger' on task 'surrogate_task' with 332 observations {learner: <LearnerRegrRanger/LearnerRegr/Learner/R6>}
INFO  [01:15:05.429] [mlr3] Calling train method of fallback 'regr.ranger' on task 'surrogate_task' with 333 observations {learner: <LearnerRegrRanger/LearnerRegr/Learner/R6>}
INFO  [01:15:06.444] [mlr3] Calling train method of fallback 'regr.ranger' on task 'surrogate_task' with 334 observations {learner: <LearnerRegrRanger/LearnerRegr/Learner/R6>}
INFO  [01:15:07.520] [mlr3] Calling train method of fallback 'regr.ranger' on task 'surrogate_task' with 335 observations {learner: <LearnerRegrRanger/LearnerRegr/Learner/R6>}
INFO  [01:15:08.564] [mlr3] Calling train method of fallback 'regr.ranger' on task 'surrogate_task' with 336 observations {learner: <LearnerRegrRanger/LearnerRegr/Learner/R6>}
INFO  [01:15:09.653] [mlr3] Calling train method of fallback 'regr.ranger' on task 'surrogate_task' with 337 observations {learner: <LearnerRegrRanger/LearnerRegr/Learner/R6>}
INFO  [01:15:10.679] [mlr3] Calling train method of fallback 'regr.ranger' on task 'surrogate_task' with 338 observations {learner: <LearnerRegrRanger/LearnerRegr/Learner/R6>}
INFO  [01:15:11.720] [mlr3] Calling train method of fallback 'regr.ranger' on task 'surrogate_task' with 339 observations {learner: <LearnerRegrRanger/LearnerRegr/Learner/R6>}
INFO  [01:15:12.759] [mlr3] Calling train method of fallback 'regr.ranger' on task 'surrogate_task' with 340 observations {learner: <LearnerRegrRanger/LearnerRegr/Learner/R6>}
INFO  [01:15:13.822] [mlr3] Calling train method of fallback 'regr.ranger' on task 'surrogate_task' with 341 observations {learner: <LearnerRegrRanger/LearnerRegr/Learner/R6>}
INFO  [01:15:14.869] [mlr3] Calling train method of fallback 'regr.ranger' on task 'surrogate_task' with 342 observations {learner: <LearnerRegrRanger/LearnerRegr/Learner/R6>}
INFO  [01:15:15.936] [mlr3] Calling train method of fallback 'regr.ranger' on task 'surrogate_task' with 343 observations {learner: <LearnerRegrRanger/LearnerRegr/Learner/R6>}
INFO  [01:15:16.976] [mlr3] Calling train method of fallback 'regr.ranger' on task 'surrogate_task' with 344 observations {learner: <LearnerRegrRanger/LearnerRegr/Learner/R6>}
INFO  [01:15:18.002] [mlr3] Calling train method of fallback 'regr.ranger' on task 'surrogate_task' with 345 observations {learner: <LearnerRegrRanger/LearnerRegr/Learner/R6>}
INFO  [01:15:19.051] [mlr3] Calling train method of fallback 'regr.ranger' on task 'surrogate_task' with 346 observations {learner: <LearnerRegrRanger/LearnerRegr/Learner/R6>}
INFO  [01:15:20.098] [mlr3] Calling train method of fallback 'regr.ranger' on task 'surrogate_task' with 347 observations {learner: <LearnerRegrRanger/LearnerRegr/Learner/R6>}
INFO  [01:15:21.139] [mlr3] Calling train method of fallback 'regr.ranger' on task 'surrogate_task' with 348 observations {learner: <LearnerRegrRanger/LearnerRegr/Learner/R6>}
INFO  [01:15:22.156] [mlr3] Calling train method of fallback 'regr.ranger' on task 'surrogate_task' with 349 observations {learner: <LearnerRegrRanger/LearnerRegr/Learner/R6>}
INFO  [01:15:23.212] [mlr3] Calling train method of fallback 'regr.ranger' on task 'surrogate_task' with 350 observations {learner: <LearnerRegrRanger/LearnerRegr/Learner/R6>}
INFO  [01:15:24.252] [mlr3] Calling train method of fallback 'regr.ranger' on task 'surrogate_task' with 351 observations {learner: <LearnerRegrRanger/LearnerRegr/Learner/R6>}
INFO  [01:15:25.295] [mlr3] Calling train method of fallback 'regr.ranger' on task 'surrogate_task' with 352 observations {learner: <LearnerRegrRanger/LearnerRegr/Learner/R6>}
INFO  [01:15:26.357] [mlr3] Calling train method of fallback 'regr.ranger' on task 'surrogate_task' with 353 observations {learner: <LearnerRegrRanger/LearnerRegr/Learner/R6>}
INFO  [01:15:27.424] [mlr3] Calling train method of fallback 'regr.ranger' on task 'surrogate_task' with 354 observations {learner: <LearnerRegrRanger/LearnerRegr/Learner/R6>}
INFO  [01:15:28.509] [mlr3] Calling train method of fallback 'regr.ranger' on task 'surrogate_task' with 355 observations {learner: <LearnerRegrRanger/LearnerRegr/Learner/R6>}
INFO  [01:15:29.593] [mlr3] Calling train method of fallback 'regr.ranger' on task 'surrogate_task' with 356 observations {learner: <LearnerRegrRanger/LearnerRegr/Learner/R6>}
INFO  [01:15:30.680] [mlr3] Calling train method of fallback 'regr.ranger' on task 'surrogate_task' with 357 observations {learner: <LearnerRegrRanger/LearnerRegr/Learner/R6>}
INFO  [01:15:31.734] [mlr3] Calling train method of fallback 'regr.ranger' on task 'surrogate_task' with 358 observations {learner: <LearnerRegrRanger/LearnerRegr/Learner/R6>}
INFO  [01:15:32.833] [mlr3] Calling train method of fallback 'regr.ranger' on task 'surrogate_task' with 359 observations {learner: <LearnerRegrRanger/LearnerRegr/Learner/R6>}
INFO  [01:15:33.906] [mlr3] Calling train method of fallback 'regr.ranger' on task 'surrogate_task' with 360 observations {learner: <LearnerRegrRanger/LearnerRegr/Learner/R6>}
INFO  [01:15:35.256] [mlr3] Calling train method of fallback 'regr.ranger' on task 'surrogate_task' with 361 observations {learner: <LearnerRegrRanger/LearnerRegr/Learner/R6>}
INFO  [01:15:36.332] [mlr3] Calling train method of fallback 'regr.ranger' on task 'surrogate_task' with 362 observations {learner: <LearnerRegrRanger/LearnerRegr/Learner/R6>}
INFO  [01:15:37.459] [mlr3] Calling train method of fallback 'regr.ranger' on task 'surrogate_task' with 363 observations {learner: <LearnerRegrRanger/LearnerRegr/Learner/R6>}
INFO  [01:15:38.183] [bbotk] Evaluating 44 configuration(s)
INFO  [01:15:38.300] [mlr3] Running benchmark with 440 resampling iterations
INFO  [01:16:02.130] [mlr3] Finished benchmark
INFO  [01:16:03.749] [bbotk] Result of batch 7:
INFO  [01:16:03.757] [bbotk]  learning_rate num_leaves min_data_in_leaf feature_fraction extra_trees
INFO  [01:16:03.757] [bbotk]      -2.056996         17                1        0.4285821       FALSE
INFO  [01:16:03.757] [bbotk]      -1.675858         10                1        0.4434383       FALSE
INFO  [01:16:03.757] [bbotk]      -2.028977         17                1        0.4849951       FALSE
INFO  [01:16:03.757] [bbotk]      -2.379385         35                1        0.1992660       FALSE
INFO  [01:16:03.757] [bbotk]      -2.090342         17                1        0.4437746       FALSE
INFO  [01:16:03.757] [bbotk]      -2.284782         32                1        0.4273052       FALSE
INFO  [01:16:03.757] [bbotk]      -2.683139         25                7        0.4343436       FALSE
INFO  [01:16:03.757] [bbotk]      -2.042843         21                7        0.4533225       FALSE
INFO  [01:16:03.757] [bbotk]      -2.067641         28                1        0.3499323       FALSE
INFO  [01:16:03.757] [bbotk]      -2.409822         30                8        0.3789498       FALSE
INFO  [01:16:03.757] [bbotk]      -2.076851         10                1        0.4803864       FALSE
INFO  [01:16:03.757] [bbotk]      -2.022155         32                1        0.4349793       FALSE
INFO  [01:16:03.757] [bbotk]      -2.131355         31                1        0.4547105       FALSE
INFO  [01:16:03.757] [bbotk]      -1.989331         49                1        0.3620111       FALSE
INFO  [01:16:03.757] [bbotk]      -2.471248         22                1        0.4484943       FALSE
INFO  [01:16:03.757] [bbotk]      -2.496092         35                1        0.3829179       FALSE
INFO  [01:16:03.757] [bbotk]      -2.665526         34                1        0.4628415       FALSE
INFO  [01:16:03.757] [bbotk]      -2.140054         16                1        0.5070274       FALSE
INFO  [01:16:03.757] [bbotk]      -1.947895         20               10        0.5090773       FALSE
INFO  [01:16:03.757] [bbotk]      -2.402869         29                5        0.4418240       FALSE
INFO  [01:16:03.757] [bbotk]      -2.014018         40                1        0.4311384       FALSE
INFO  [01:16:03.757] [bbotk]      -1.994122         29               34        0.4291565       FALSE
INFO  [01:16:03.757] [bbotk]      -1.962537         22                1        0.9132473       FALSE
INFO  [01:16:03.757] [bbotk]      -2.026203         21                1        0.4927193       FALSE
INFO  [01:16:03.757] [bbotk]      -2.284009         26               24        0.4330655       FALSE
INFO  [01:16:03.757] [bbotk]      -2.087098         19                1        0.5333545       FALSE
INFO  [01:16:03.757] [bbotk]      -2.388849         22                5        0.4981543       FALSE
INFO  [01:16:03.757] [bbotk]      -2.046529         43                1        0.3744274       FALSE
INFO  [01:16:03.757] [bbotk]      -2.036942         48                1        0.3669075       FALSE
INFO  [01:16:03.757] [bbotk]      -1.951407         22                7        0.6000224       FALSE
INFO  [01:16:03.757] [bbotk]      -2.003397         13                1        0.7680465       FALSE
INFO  [01:16:03.757] [bbotk]      -2.374178         30               42        0.5093124       FALSE
INFO  [01:16:03.757] [bbotk]      -1.928137         21                1        0.5789297       FALSE
INFO  [01:16:03.757] [bbotk]      -2.752295         61                7        0.4061774       FALSE
INFO  [01:16:03.757] [bbotk]      -3.617794         38                1        0.4276434       FALSE
INFO  [01:16:03.757] [bbotk]      -2.334720         30                8        0.4384010       FALSE
INFO  [01:16:03.757] [bbotk]      -2.093674         22                1        0.6167925       FALSE
INFO  [01:16:03.757] [bbotk]      -1.863773         43                1        0.3780689       FALSE
INFO  [01:16:03.757] [bbotk]      -2.001152         22                2        0.9547516       FALSE
INFO  [01:16:03.757] [bbotk]      -2.076976         21               26        0.4382163       FALSE
INFO  [01:16:03.757] [bbotk]      -1.990313         25                1        0.3873316       FALSE
INFO  [01:16:03.757] [bbotk]      -2.734969         39                1        0.4702309       FALSE
INFO  [01:16:03.757] [bbotk]      -2.100586         37                1        0.4309806       FALSE
INFO  [01:16:03.757] [bbotk]      -1.904043         22                5        0.6135918       FALSE
INFO  [01:16:03.757] [bbotk]  learning_rate num_leaves min_data_in_leaf feature_fraction extra_trees
INFO  [01:16:03.757] [bbotk]    lambda_l1  lambda_l2 min_gain_to_split    acq_cb timestamp_surrogate
INFO  [01:16:03.757] [bbotk]  -1.62916220 -0.4893708         -3.197094 -6.487883 2026-09-10 01:14:51
INFO  [01:16:03.757] [bbotk]   0.18907758 -2.8310881         -3.326524 -6.196962 2026-09-10 01:14:52
INFO  [01:16:03.757] [bbotk]  -1.24976632 -1.5370412         -3.307076 -6.478536 2026-09-10 01:14:53
INFO  [01:16:03.757] [bbotk]  -1.49608904 -1.1947011         -3.264651 -5.848536 2026-09-10 01:14:54
INFO  [01:16:03.757] [bbotk]  -1.58917001 -0.8267598         -6.907755 -6.473770 2026-09-10 01:14:55
INFO  [01:16:03.757] [bbotk]  -1.98808891 -2.2391341         -5.672987 -6.076985 2026-09-10 01:14:56
INFO  [01:16:03.757] [bbotk]  -1.36690488 -2.9396481         -4.919116 -6.092868 2026-09-10 01:14:58
INFO  [01:16:03.757] [bbotk]  -1.88341086 -2.8008217         -6.191557 -6.117839 2026-09-10 01:14:59
INFO  [01:16:03.757] [bbotk]   0.03966332 -3.4352049         -4.060753 -5.923744 2026-09-10 01:15:00
INFO  [01:16:03.757] [bbotk]  -1.86844632 -3.7626645         -6.907755 -6.400070 2026-09-10 01:15:01
INFO  [01:16:03.757] [bbotk]  -1.34272106  0.5601698         -4.031827 -6.034912 2026-09-10 01:15:02
INFO  [01:16:03.757] [bbotk]  -1.81775707 -0.6525469         -5.797577 -6.277743 2026-09-10 01:15:03
INFO  [01:16:03.757] [bbotk]  -4.70273920 -0.8204921         -4.655684 -5.982317 2026-09-10 01:15:04
INFO  [01:16:03.757] [bbotk]  -1.45420174 -2.7247998         -5.663426 -5.871014 2026-09-10 01:15:05
INFO  [01:16:03.757] [bbotk]  -0.24199426 -6.5676121         -4.603100 -5.927567 2026-09-10 01:15:06
INFO  [01:16:03.757] [bbotk]  -1.83245381 -0.5049446         -4.617866 -5.952438 2026-09-10 01:15:07
INFO  [01:16:03.757] [bbotk]  -1.97516042 -0.9570133         -4.594472 -5.942120 2026-09-10 01:15:08
INFO  [01:16:03.757] [bbotk]  -3.09085523 -0.1934223         -4.656205 -5.911300 2026-09-10 01:15:09
INFO  [01:16:03.757] [bbotk]  -3.33896117 -0.6563950         -6.907755 -5.819982 2026-09-10 01:15:10
INFO  [01:16:03.757] [bbotk]   0.13654804 -2.3169980         -6.004078 -6.186095 2026-09-10 01:15:11
INFO  [01:16:03.757] [bbotk]  -0.95016620 -1.9717039         -3.649291 -5.882891 2026-09-10 01:15:12
INFO  [01:16:03.757] [bbotk]  -1.68922339 -5.6323022         -6.907755 -6.024131 2026-09-10 01:15:13
INFO  [01:16:03.757] [bbotk]  -0.01473770 -0.7254264         -5.488065 -5.996712 2026-09-10 01:15:14
INFO  [01:16:03.757] [bbotk]  -0.47626777 -0.8506070         -5.627212 -6.017220 2026-09-10 01:15:15
INFO  [01:16:03.757] [bbotk]  -1.17416858 -0.6095918         -6.907755 -5.990335 2026-09-10 01:15:16
INFO  [01:16:03.757] [bbotk]  -0.69314471 -0.5979534         -3.415396 -5.926982 2026-09-10 01:15:17
INFO  [01:16:03.757] [bbotk]  -0.93727697 -0.8990069         -5.420561 -5.999141 2026-09-10 01:15:18
INFO  [01:16:03.757] [bbotk]  -0.10502455 -4.1925321         -5.623220 -5.905166 2026-09-10 01:15:19
INFO  [01:16:03.757] [bbotk]  -0.46848015 -5.4877171         -3.326847 -5.629063 2026-09-10 01:15:20
INFO  [01:16:03.757] [bbotk]  -0.88373722  0.3142321         -3.210680 -6.070677 2026-09-10 01:15:21
INFO  [01:16:03.757] [bbotk]  -0.10021593 -3.5077599         -6.907755 -5.762930 2026-09-10 01:15:22
INFO  [01:16:03.757] [bbotk]  -2.51044656 -3.5793817         -4.602730 -5.581245 2026-09-10 01:15:23
INFO  [01:16:03.757] [bbotk]  -0.40634925 -0.2067590         -5.466545 -5.999517 2026-09-10 01:15:24
INFO  [01:16:03.757] [bbotk]  -1.77748642 -6.5240450         -6.518243 -5.689525 2026-09-10 01:15:25
INFO  [01:16:03.757] [bbotk]  -1.85016346 -2.6893832         -6.491996 -5.966330 2026-09-10 01:15:27
INFO  [01:16:03.757] [bbotk]  -1.85351719 -3.3625727         -6.907755 -6.125335 2026-09-10 01:15:28
INFO  [01:16:03.757] [bbotk]  -0.81198675 -0.4527891         -3.266761 -5.989795 2026-09-10 01:15:29
INFO  [01:16:03.757] [bbotk]   0.23917239 -4.6072785         -3.994984 -5.859700 2026-09-10 01:15:30
INFO  [01:16:03.757] [bbotk]  -0.79170574 -2.0904359         -5.394116 -5.873228 2026-09-10 01:15:31
INFO  [01:16:03.757] [bbotk]  -1.48927507  0.2357076         -3.362284 -5.701617 2026-09-10 01:15:32
INFO  [01:16:03.757] [bbotk]   0.21362019 -3.5935592         -6.907755 -5.948249 2026-09-10 01:15:33
INFO  [01:16:03.757] [bbotk]  -1.82111881 -3.9190082         -3.445536 -5.649526 2026-09-10 01:15:34
INFO  [01:16:03.757] [bbotk]  -3.83513074 -0.9501528         -6.012550 -5.878793 2026-09-10 01:15:35
INFO  [01:16:03.757] [bbotk]   0.89066359  0.3044628         -3.795849 -5.754541 2026-09-10 01:15:37
INFO  [01:16:03.757] [bbotk]    lambda_l1  lambda_l2 min_gain_to_split    acq_cb timestamp_surrogate
INFO  [01:16:03.757] [bbotk]  timestamp_acq_function timestamp_acq_optimizer      timestamp_loop classif.ce
INFO  [01:16:03.757] [bbotk]     2026-09-10 01:14:52     2026-09-10 01:14:52 2026-09-10 01:14:52  0.1234184
INFO  [01:16:03.757] [bbotk]     2026-09-10 01:14:53     2026-09-10 01:14:53 2026-09-10 01:14:53  0.1233775
INFO  [01:16:03.757] [bbotk]     2026-09-10 01:14:54     2026-09-10 01:14:54 2026-09-10 01:14:54  0.1234799
INFO  [01:16:03.757] [bbotk]     2026-09-10 01:14:55     2026-09-10 01:14:55 2026-09-10 01:14:55  0.1237665
INFO  [01:16:03.757] [bbotk]     2026-09-10 01:14:56     2026-09-10 01:14:56 2026-09-10 01:14:56  0.1227223
INFO  [01:16:03.757] [bbotk]     2026-09-10 01:14:57     2026-09-10 01:14:57 2026-09-10 01:14:58  0.1230499
INFO  [01:16:03.757] [bbotk]     2026-09-10 01:14:58     2026-09-10 01:14:58 2026-09-10 01:14:59  0.1235618
INFO  [01:16:03.757] [bbotk]     2026-09-10 01:14:59     2026-09-10 01:14:59 2026-09-10 01:15:00  0.1232752
INFO  [01:16:03.757] [bbotk]     2026-09-10 01:15:00     2026-09-10 01:15:00 2026-09-10 01:15:01  0.1232956
INFO  [01:16:03.757] [bbotk]     2026-09-10 01:15:01     2026-09-10 01:15:01 2026-09-10 01:15:02  0.1234594
INFO  [01:16:03.757] [bbotk]     2026-09-10 01:15:02     2026-09-10 01:15:02 2026-09-10 01:15:03  0.1238894
INFO  [01:16:03.757] [bbotk]     2026-09-10 01:15:03     2026-09-10 01:15:03 2026-09-10 01:15:04  0.1228452
INFO  [01:16:03.757] [bbotk]     2026-09-10 01:15:04     2026-09-10 01:15:04 2026-09-10 01:15:05  0.1238074
INFO  [01:16:03.757] [bbotk]     2026-09-10 01:15:05     2026-09-10 01:15:05 2026-09-10 01:15:06  0.1239712
INFO  [01:16:03.757] [bbotk]     2026-09-10 01:15:06     2026-09-10 01:15:06 2026-09-10 01:15:07  0.1234184
INFO  [01:16:03.757] [bbotk]     2026-09-10 01:15:07     2026-09-10 01:15:07 2026-09-10 01:15:08  0.1238279
INFO  [01:16:03.757] [bbotk]     2026-09-10 01:15:08     2026-09-10 01:15:08 2026-09-10 01:15:09  0.1229680
INFO  [01:16:03.757] [bbotk]     2026-09-10 01:15:09     2026-09-10 01:15:09 2026-09-10 01:15:10  0.1233161
INFO  [01:16:03.757] [bbotk]     2026-09-10 01:15:10     2026-09-10 01:15:10 2026-09-10 01:15:11  0.1241965
INFO  [01:16:03.757] [bbotk]     2026-09-10 01:15:11     2026-09-10 01:15:11 2026-09-10 01:15:12  0.1237665
INFO  [01:16:03.757] [bbotk]     2026-09-10 01:15:12     2026-09-10 01:15:12 2026-09-10 01:15:13  0.1234594
INFO  [01:16:03.757] [bbotk]     2026-09-10 01:15:13     2026-09-10 01:15:13 2026-09-10 01:15:14  0.1239303
INFO  [01:16:03.757] [bbotk]     2026-09-10 01:15:14     2026-09-10 01:15:14 2026-09-10 01:15:15  0.1238074
INFO  [01:16:03.757] [bbotk]     2026-09-10 01:15:15     2026-09-10 01:15:15 2026-09-10 01:15:16  0.1232547
INFO  [01:16:03.757] [bbotk]     2026-09-10 01:15:16     2026-09-10 01:15:16 2026-09-10 01:15:17  0.1233775
INFO  [01:16:03.757] [bbotk]     2026-09-10 01:15:18     2026-09-10 01:15:18 2026-09-10 01:15:18  0.1230909
INFO  [01:16:03.757] [bbotk]     2026-09-10 01:15:19     2026-09-10 01:15:19 2026-09-10 01:15:19  0.1231113
INFO  [01:16:03.757] [bbotk]     2026-09-10 01:15:20     2026-09-10 01:15:20 2026-09-10 01:15:20  0.1229475
INFO  [01:16:03.757] [bbotk]     2026-09-10 01:15:21     2026-09-10 01:15:21 2026-09-10 01:15:21  0.1235412
INFO  [01:16:03.757] [bbotk]     2026-09-10 01:15:22     2026-09-10 01:15:22 2026-09-10 01:15:22  0.1233981
INFO  [01:16:03.757] [bbotk]     2026-09-10 01:15:23     2026-09-10 01:15:23 2026-09-10 01:15:23  0.1238894
INFO  [01:16:03.757] [bbotk]     2026-09-10 01:15:24     2026-09-10 01:15:24 2026-09-10 01:15:24  0.1238893
INFO  [01:16:03.757] [bbotk]     2026-09-10 01:15:25     2026-09-10 01:15:25 2026-09-10 01:15:25  0.1240327
INFO  [01:16:03.757] [bbotk]     2026-09-10 01:15:26     2026-09-10 01:15:26 2026-09-10 01:15:27  0.1235003
INFO  [01:16:03.757] [bbotk]     2026-09-10 01:15:27     2026-09-10 01:15:27 2026-09-10 01:15:28  0.1242989
INFO  [01:16:03.757] [bbotk]     2026-09-10 01:15:28     2026-09-10 01:15:28 2026-09-10 01:15:29  0.1236232
INFO  [01:16:03.757] [bbotk]     2026-09-10 01:15:29     2026-09-10 01:15:29 2026-09-10 01:15:30  0.1236846
INFO  [01:16:03.757] [bbotk]     2026-09-10 01:15:30     2026-09-10 01:15:30 2026-09-10 01:15:31  0.1237461
INFO  [01:16:03.757] [bbotk]     2026-09-10 01:15:31     2026-09-10 01:15:31 2026-09-10 01:15:32  0.1234798
INFO  [01:16:03.757] [bbotk]     2026-09-10 01:15:32     2026-09-10 01:15:32 2026-09-10 01:15:33  0.1235003
INFO  [01:16:03.757] [bbotk]     2026-09-10 01:15:33     2026-09-10 01:15:33 2026-09-10 01:15:34  0.1236641
INFO  [01:16:03.757] [bbotk]     2026-09-10 01:15:35     2026-09-10 01:15:35 2026-09-10 01:15:35  0.1234594
INFO  [01:16:03.757] [bbotk]     2026-09-10 01:15:36     2026-09-10 01:15:36 2026-09-10 01:15:37  0.1231523
INFO  [01:16:03.757] [bbotk]     2026-09-10 01:15:37     2026-09-10 01:15:37 2026-09-10 01:15:38  0.1243807
INFO  [01:16:03.757] [bbotk]  timestamp_acq_function timestamp_acq_optimizer      timestamp_loop classif.ce
INFO  [01:16:03.757] [bbotk]  warnings errors runtime_learners internal_tuned_values
INFO  [01:16:03.757] [bbotk]         0      0            8.376    num_iterations=114
INFO  [01:16:03.757] [bbotk]         0      0            8.967    num_iterations=159
INFO  [01:16:03.757] [bbotk]         0      0            9.800    num_iterations=151
INFO  [01:16:03.757] [bbotk]         0      0           12.079    num_iterations=166
INFO  [01:16:03.757] [bbotk]         0      0           12.394    num_iterations=214
INFO  [01:16:03.757] [bbotk]         0      0           10.265    num_iterations=125
INFO  [01:16:03.757] [bbotk]         0      0           14.016    num_iterations=202
INFO  [01:16:03.757] [bbotk]         0      0            9.823    num_iterations=115
INFO  [01:16:03.757] [bbotk]         0      0           11.095    num_iterations=140
INFO  [01:16:03.757] [bbotk]         0      0           11.109    num_iterations=155
INFO  [01:16:03.757] [bbotk]         0      0           10.433    num_iterations=193
INFO  [01:16:03.757] [bbotk]         0      0           10.227    num_iterations=122
INFO  [01:16:03.757] [bbotk]         0      0            9.509    num_iterations=107
INFO  [01:16:03.757] [bbotk]         0      0           10.153     num_iterations=96
INFO  [01:16:03.757] [bbotk]         0      0           13.154    num_iterations=186
INFO  [01:16:03.757] [bbotk]         0      0           12.866    num_iterations=148
INFO  [01:16:03.757] [bbotk]         0      0           15.537    num_iterations=210
INFO  [01:16:03.757] [bbotk]         0      0           11.425    num_iterations=221
INFO  [01:16:03.757] [bbotk]         0      0            8.342    num_iterations=108
INFO  [01:16:03.757] [bbotk]         0      0           11.508    num_iterations=159
INFO  [01:16:03.757] [bbotk]         0      0            8.806     num_iterations=81
INFO  [01:16:03.757] [bbotk]         0      0           10.044    num_iterations=111
INFO  [01:16:03.757] [bbotk]         0      0            8.213    num_iterations=131
INFO  [01:16:03.757] [bbotk]         0      0            9.810    num_iterations=149
INFO  [01:16:03.757] [bbotk]         0      0           11.035    num_iterations=150
INFO  [01:16:03.757] [bbotk]         0      0            9.413    num_iterations=139
INFO  [01:16:03.757] [bbotk]         0      0           12.487    num_iterations=213
INFO  [01:16:03.757] [bbotk]         0      0           10.326    num_iterations=111
INFO  [01:16:03.757] [bbotk]         0      0            9.164     num_iterations=85
INFO  [01:16:03.757] [bbotk]         0      0            8.647    num_iterations=123
INFO  [01:16:03.757] [bbotk]         0      0            7.709    num_iterations=150
INFO  [01:16:03.757] [bbotk]         0      0           13.029    num_iterations=169
INFO  [01:16:03.757] [bbotk]         0      0            8.491     num_iterations=83
INFO  [01:16:03.757] [bbotk]         0      0           13.414    num_iterations=138
INFO  [01:16:03.757] [bbotk]         0      0           18.826    num_iterations=248
INFO  [01:16:03.757] [bbotk]         0      0           10.892    num_iterations=129
INFO  [01:16:03.757] [bbotk]         0      0            8.293    num_iterations=120
INFO  [01:16:03.757] [bbotk]         0      0           10.609    num_iterations=108
INFO  [01:16:03.757] [bbotk]         0      0            7.642    num_iterations=119
INFO  [01:16:03.757] [bbotk]         0      0            9.916    num_iterations=119
INFO  [01:16:03.757] [bbotk]         0      0           10.953    num_iterations=131
INFO  [01:16:03.757] [bbotk]         0      0           14.457    num_iterations=170
INFO  [01:16:03.757] [bbotk]         0      0           10.460    num_iterations=113
INFO  [01:16:03.757] [bbotk]         0      0            7.843    num_iterations=102
INFO  [01:16:03.757] [bbotk]  warnings errors runtime_learners internal_tuned_values
INFO  [01:16:04.162] [mlr3] Calling train method of fallback 'regr.ranger' on task 'surrogate_task' with 364 observations {learner: <LearnerRegrRanger/LearnerRegr/Learner/R6>}
INFO  [01:16:05.299] [mlr3] Calling train method of fallback 'regr.ranger' on task 'surrogate_task' with 365 observations {learner: <LearnerRegrRanger/LearnerRegr/Learner/R6>}
INFO  [01:16:06.341] [mlr3] Calling train method of fallback 'regr.ranger' on task 'surrogate_task' with 366 observations {learner: <LearnerRegrRanger/LearnerRegr/Learner/R6>}
INFO  [01:16:07.417] [mlr3] Calling train method of fallback 'regr.ranger' on task 'surrogate_task' with 367 observations {learner: <LearnerRegrRanger/LearnerRegr/Learner/R6>}
INFO  [01:16:08.479] [mlr3] Calling train method of fallback 'regr.ranger' on task 'surrogate_task' with 368 observations {learner: <LearnerRegrRanger/LearnerRegr/Learner/R6>}
INFO  [01:16:09.575] [mlr3] Calling train method of fallback 'regr.ranger' on task 'surrogate_task' with 369 observations {learner: <LearnerRegrRanger/LearnerRegr/Learner/R6>}
INFO  [01:16:10.651] [mlr3] Calling train method of fallback 'regr.ranger' on task 'surrogate_task' with 370 observations {learner: <LearnerRegrRanger/LearnerRegr/Learner/R6>}
INFO  [01:16:11.680] [mlr3] Calling train method of fallback 'regr.ranger' on task 'surrogate_task' with 371 observations {learner: <LearnerRegrRanger/LearnerRegr/Learner/R6>}
INFO  [01:16:12.768] [mlr3] Calling train method of fallback 'regr.ranger' on task 'surrogate_task' with 372 observations {learner: <LearnerRegrRanger/LearnerRegr/Learner/R6>}
INFO  [01:16:13.866] [mlr3] Calling train method of fallback 'regr.ranger' on task 'surrogate_task' with 373 observations {learner: <LearnerRegrRanger/LearnerRegr/Learner/R6>}
INFO  [01:16:14.986] [mlr3] Calling train method of fallback 'regr.ranger' on task 'surrogate_task' with 374 observations {learner: <LearnerRegrRanger/LearnerRegr/Learner/R6>}
INFO  [01:16:16.091] [mlr3] Calling train method of fallback 'regr.ranger' on task 'surrogate_task' with 375 observations {learner: <LearnerRegrRanger/LearnerRegr/Learner/R6>}
INFO  [01:16:17.167] [mlr3] Calling train method of fallback 'regr.ranger' on task 'surrogate_task' with 376 observations {learner: <LearnerRegrRanger/LearnerRegr/Learner/R6>}
INFO  [01:16:18.276] [mlr3] Calling train method of fallback 'regr.ranger' on task 'surrogate_task' with 377 observations {learner: <LearnerRegrRanger/LearnerRegr/Learner/R6>}
INFO  [01:16:19.399] [mlr3] Calling train method of fallback 'regr.ranger' on task 'surrogate_task' with 378 observations {learner: <LearnerRegrRanger/LearnerRegr/Learner/R6>}
INFO  [01:16:20.512] [mlr3] Calling train method of fallback 'regr.ranger' on task 'surrogate_task' with 379 observations {learner: <LearnerRegrRanger/LearnerRegr/Learner/R6>}
INFO  [01:16:21.605] [mlr3] Calling train method of fallback 'regr.ranger' on task 'surrogate_task' with 380 observations {learner: <LearnerRegrRanger/LearnerRegr/Learner/R6>}
INFO  [01:16:22.752] [mlr3] Calling train method of fallback 'regr.ranger' on task 'surrogate_task' with 381 observations {learner: <LearnerRegrRanger/LearnerRegr/Learner/R6>}
INFO  [01:16:24.167] [mlr3] Calling train method of fallback 'regr.ranger' on task 'surrogate_task' with 382 observations {learner: <LearnerRegrRanger/LearnerRegr/Learner/R6>}
INFO  [01:16:25.264] [mlr3] Calling train method of fallback 'regr.ranger' on task 'surrogate_task' with 383 observations {learner: <LearnerRegrRanger/LearnerRegr/Learner/R6>}
INFO  [01:16:26.365] [mlr3] Calling train method of fallback 'regr.ranger' on task 'surrogate_task' with 384 observations {learner: <LearnerRegrRanger/LearnerRegr/Learner/R6>}
INFO  [01:16:27.476] [mlr3] Calling train method of fallback 'regr.ranger' on task 'surrogate_task' with 385 observations {learner: <LearnerRegrRanger/LearnerRegr/Learner/R6>}
INFO  [01:16:28.557] [mlr3] Calling train method of fallback 'regr.ranger' on task 'surrogate_task' with 386 observations {learner: <LearnerRegrRanger/LearnerRegr/Learner/R6>}
INFO  [01:16:29.659] [mlr3] Calling train method of fallback 'regr.ranger' on task 'surrogate_task' with 387 observations {learner: <LearnerRegrRanger/LearnerRegr/Learner/R6>}
INFO  [01:16:30.762] [mlr3] Calling train method of fallback 'regr.ranger' on task 'surrogate_task' with 388 observations {learner: <LearnerRegrRanger/LearnerRegr/Learner/R6>}
INFO  [01:16:31.873] [mlr3] Calling train method of fallback 'regr.ranger' on task 'surrogate_task' with 389 observations {learner: <LearnerRegrRanger/LearnerRegr/Learner/R6>}
INFO  [01:16:32.983] [mlr3] Calling train method of fallback 'regr.ranger' on task 'surrogate_task' with 390 observations {learner: <LearnerRegrRanger/LearnerRegr/Learner/R6>}
INFO  [01:16:34.125] [mlr3] Calling train method of fallback 'regr.ranger' on task 'surrogate_task' with 391 observations {learner: <LearnerRegrRanger/LearnerRegr/Learner/R6>}
INFO  [01:16:35.242] [mlr3] Calling train method of fallback 'regr.ranger' on task 'surrogate_task' with 392 observations {learner: <LearnerRegrRanger/LearnerRegr/Learner/R6>}
INFO  [01:16:36.342] [mlr3] Calling train method of fallback 'regr.ranger' on task 'surrogate_task' with 393 observations {learner: <LearnerRegrRanger/LearnerRegr/Learner/R6>}
INFO  [01:16:37.456] [mlr3] Calling train method of fallback 'regr.ranger' on task 'surrogate_task' with 394 observations {learner: <LearnerRegrRanger/LearnerRegr/Learner/R6>}
INFO  [01:16:38.579] [mlr3] Calling train method of fallback 'regr.ranger' on task 'surrogate_task' with 395 observations {learner: <LearnerRegrRanger/LearnerRegr/Learner/R6>}
INFO  [01:16:39.724] [mlr3] Calling train method of fallback 'regr.ranger' on task 'surrogate_task' with 396 observations {learner: <LearnerRegrRanger/LearnerRegr/Learner/R6>}
INFO  [01:16:40.870] [mlr3] Calling train method of fallback 'regr.ranger' on task 'surrogate_task' with 397 observations {learner: <LearnerRegrRanger/LearnerRegr/Learner/R6>}
INFO  [01:16:41.982] [mlr3] Calling train method of fallback 'regr.ranger' on task 'surrogate_task' with 398 observations {learner: <LearnerRegrRanger/LearnerRegr/Learner/R6>}
INFO  [01:16:43.180] [mlr3] Calling train method of fallback 'regr.ranger' on task 'surrogate_task' with 399 observations {learner: <LearnerRegrRanger/LearnerRegr/Learner/R6>}
INFO  [01:16:44.284] [mlr3] Calling train method of fallback 'regr.ranger' on task 'surrogate_task' with 400 observations {learner: <LearnerRegrRanger/LearnerRegr/Learner/R6>}
INFO  [01:16:45.413] [mlr3] Calling train method of fallback 'regr.ranger' on task 'surrogate_task' with 401 observations {learner: <LearnerRegrRanger/LearnerRegr/Learner/R6>}
INFO  [01:16:46.565] [mlr3] Calling train method of fallback 'regr.ranger' on task 'surrogate_task' with 402 observations {learner: <LearnerRegrRanger/LearnerRegr/Learner/R6>}
INFO  [01:16:47.695] [mlr3] Calling train method of fallback 'regr.ranger' on task 'surrogate_task' with 403 observations {learner: <LearnerRegrRanger/LearnerRegr/Learner/R6>}
INFO  [01:16:48.815] [mlr3] Calling train method of fallback 'regr.ranger' on task 'surrogate_task' with 404 observations {learner: <LearnerRegrRanger/LearnerRegr/Learner/R6>}
INFO  [01:16:49.936] [mlr3] Calling train method of fallback 'regr.ranger' on task 'surrogate_task' with 405 observations {learner: <LearnerRegrRanger/LearnerRegr/Learner/R6>}
INFO  [01:16:51.083] [mlr3] Calling train method of fallback 'regr.ranger' on task 'surrogate_task' with 406 observations {learner: <LearnerRegrRanger/LearnerRegr/Learner/R6>}
INFO  [01:16:52.228] [mlr3] Calling train method of fallback 'regr.ranger' on task 'surrogate_task' with 407 observations {learner: <LearnerRegrRanger/LearnerRegr/Learner/R6>}
INFO  [01:16:52.950] [bbotk] Evaluating 44 configuration(s)
INFO  [01:16:53.067] [mlr3] Running benchmark with 440 resampling iterations
INFO  [01:17:14.846] [mlr3] Finished benchmark
INFO  [01:17:16.761] [bbotk] Result of batch 8:
INFO  [01:17:16.768] [bbotk]  learning_rate num_leaves min_data_in_leaf feature_fraction extra_trees
INFO  [01:17:16.768] [bbotk]      -2.104507         10                1        0.4416448       FALSE
INFO  [01:17:16.768] [bbotk]      -2.054114         32                1        0.3447437       FALSE
INFO  [01:17:16.768] [bbotk]      -2.084175         17                1        0.4466181       FALSE
INFO  [01:17:16.768] [bbotk]      -2.129826         27                1        0.4446224       FALSE
INFO  [01:17:16.768] [bbotk]      -2.182605         16                1        0.3758317       FALSE
INFO  [01:17:16.768] [bbotk]      -2.722855         18                7        0.4803498       FALSE
INFO  [01:17:16.768] [bbotk]      -2.219200         17               28        0.4520548       FALSE
INFO  [01:17:16.768] [bbotk]      -2.078660         64                1        0.4323799       FALSE
INFO  [01:17:16.768] [bbotk]      -1.926287         10                1        0.4439371       FALSE
INFO  [01:17:16.768] [bbotk]      -2.033248         19                1        0.4459998       FALSE
INFO  [01:17:16.768] [bbotk]      -2.085026         17                1        0.4113245       FALSE
INFO  [01:17:16.768] [bbotk]      -2.107757         21                1        0.2667638       FALSE
INFO  [01:17:16.768] [bbotk]      -2.185226         34                1        0.4436691       FALSE
INFO  [01:17:16.768] [bbotk]      -2.654634         34                1        0.4769592       FALSE
INFO  [01:17:16.768] [bbotk]      -2.297982         33                1        0.4258131       FALSE
INFO  [01:17:16.768] [bbotk]      -2.314203         10                1        0.7615695       FALSE
INFO  [01:17:16.768] [bbotk]      -2.484269         22                2        0.4397091       FALSE
INFO  [01:17:16.768] [bbotk]      -2.004816         34                1        0.4346765       FALSE
INFO  [01:17:16.768] [bbotk]      -2.296676         21                6        0.4831387       FALSE
INFO  [01:17:16.768] [bbotk]      -2.027625         41                1        0.2659021       FALSE
INFO  [01:17:16.768] [bbotk]      -2.099494         25                1        0.4231860       FALSE
INFO  [01:17:16.768] [bbotk]      -1.960342         14                8        0.4364575       FALSE
INFO  [01:17:16.768] [bbotk]      -2.157766         30                1        0.4268771       FALSE
INFO  [01:17:16.768] [bbotk]      -2.041774         35                1        0.4317222       FALSE
INFO  [01:17:16.768] [bbotk]      -2.284756         31                1        0.4331415       FALSE
INFO  [01:17:16.768] [bbotk]      -2.001371         16                1        0.5901642       FALSE
INFO  [01:17:16.768] [bbotk]      -2.098683         23                1        0.3728620       FALSE
INFO  [01:17:16.768] [bbotk]      -1.373706         18                2        0.4276832       FALSE
INFO  [01:17:16.768] [bbotk]      -2.086250         10               94        0.4568243       FALSE
INFO  [01:17:16.768] [bbotk]      -1.997642         17                1        0.4630388       FALSE
INFO  [01:17:16.768] [bbotk]      -2.657365         30                1        0.3882811       FALSE
INFO  [01:17:16.768] [bbotk]      -2.384098         37                1        0.4565868       FALSE
INFO  [01:17:16.768] [bbotk]      -1.863726         12                1        0.4421257       FALSE
INFO  [01:17:16.768] [bbotk]      -2.349016         40                1        0.3579105       FALSE
INFO  [01:17:16.768] [bbotk]      -2.616069         20                1        0.4768722       FALSE
INFO  [01:17:16.768] [bbotk]      -2.097199         16                1        0.5613328       FALSE
INFO  [01:17:16.768] [bbotk]      -2.081469         32                1        0.4695417       FALSE
INFO  [01:17:16.768] [bbotk]      -2.014945         29               28        0.4395442       FALSE
INFO  [01:17:16.768] [bbotk]      -2.046231         32                1        0.4327785       FALSE
INFO  [01:17:16.768] [bbotk]      -3.169391         21                1        0.4979818       FALSE
INFO  [01:17:16.768] [bbotk]      -2.055248         23               10        0.4405775       FALSE
INFO  [01:17:16.768] [bbotk]      -2.015650         20                1        0.5108028       FALSE
INFO  [01:17:16.768] [bbotk]      -2.012252         31                1        0.4927340       FALSE
INFO  [01:17:16.768] [bbotk]      -2.056867         19                1        0.6198021       FALSE
INFO  [01:17:16.768] [bbotk]  learning_rate num_leaves min_data_in_leaf feature_fraction extra_trees
INFO  [01:17:16.768] [bbotk]    lambda_l1  lambda_l2 min_gain_to_split    acq_cb timestamp_surrogate
INFO  [01:17:16.768] [bbotk]  -1.74327379 -0.7983200         -4.018104 -6.084159 2026-09-10 01:16:03
INFO  [01:17:16.768] [bbotk]  -4.60974662 -0.7944781         -5.624720 -5.672149 2026-09-10 01:16:04
INFO  [01:17:16.768] [bbotk]  -1.70970041 -0.8641387         -6.907755 -6.597931 2026-09-10 01:16:05
INFO  [01:17:16.768] [bbotk]  -1.98976870 -0.8184931         -5.808045 -6.147979 2026-09-10 01:16:07
INFO  [01:17:16.768] [bbotk]  -1.56238771 -1.2315606         -6.907755 -6.175550 2026-09-10 01:16:08
INFO  [01:17:16.768] [bbotk]  -1.49939231 -0.7717350         -3.794667 -5.938293 2026-09-10 01:16:09
INFO  [01:17:16.768] [bbotk]  -1.49125697 -0.3934207         -3.195166 -5.638595 2026-09-10 01:16:10
INFO  [01:17:16.768] [bbotk]  -3.99595594 -6.3805594         -5.707855 -5.430083 2026-09-10 01:16:11
INFO  [01:17:16.768] [bbotk]  -1.57803891 -0.7281046         -3.434490 -5.924355 2026-09-10 01:16:12
INFO  [01:17:16.768] [bbotk]  -1.67710527 -2.8104190         -6.088315 -5.924527 2026-09-10 01:16:13
INFO  [01:17:16.768] [bbotk]  -0.80271705 -0.7854084         -6.907755 -6.054996 2026-09-10 01:16:14
INFO  [01:17:16.768] [bbotk]   0.06243252 -0.6310939         -5.640879 -5.455397 2026-09-10 01:16:15
INFO  [01:17:16.768] [bbotk]  -0.36978830 -1.1973573         -4.334176 -5.800208 2026-09-10 01:16:16
INFO  [01:17:16.768] [bbotk]  -1.81894180 -1.0559298         -4.537871 -5.856397 2026-09-10 01:16:17
INFO  [01:17:16.768] [bbotk]  -1.85617209 -0.8524345         -5.575124 -5.826709 2026-09-10 01:16:18
INFO  [01:17:16.768] [bbotk]  -1.64327295 -0.5381606         -6.907755 -5.527308 2026-09-10 01:16:20
INFO  [01:17:16.768] [bbotk]  -1.58048219 -0.8599285         -5.772015 -5.843233 2026-09-10 01:16:21
INFO  [01:17:16.768] [bbotk]  -2.69859367 -0.7053756         -4.592245 -5.790834 2026-09-10 01:16:22
INFO  [01:17:16.768] [bbotk]  -0.89385605 -0.8255389         -3.339148 -5.736844 2026-09-10 01:16:23
INFO  [01:17:16.768] [bbotk]  -0.48965349 -3.9231553         -6.681811 -5.315895 2026-09-10 01:16:24
INFO  [01:17:16.768] [bbotk]  -1.26694064 -0.8479130         -6.907755 -5.709993 2026-09-10 01:16:25
INFO  [01:17:16.768] [bbotk]  -0.92494853 -1.5783778         -3.343099 -5.600464 2026-09-10 01:16:27
INFO  [01:17:16.768] [bbotk]  -2.03832088 -1.7033219         -2.600630 -5.621058 2026-09-10 01:16:28
INFO  [01:17:16.768] [bbotk]  -1.86529392 -1.2798159         -5.802589 -5.890641 2026-09-10 01:16:29
INFO  [01:17:16.768] [bbotk]  -4.87411041 -0.9869716         -6.093691 -5.679786 2026-09-10 01:16:30
INFO  [01:17:16.768] [bbotk]  -1.48884456 -0.9296797         -6.019857 -5.667588 2026-09-10 01:16:31
INFO  [01:17:16.768] [bbotk]  -0.38692008 -3.4162942         -5.706016 -5.688480 2026-09-10 01:16:32
INFO  [01:17:16.768] [bbotk]  -1.97432889  0.7462978         -6.907755 -5.532472 2026-09-10 01:16:33
INFO  [01:17:16.768] [bbotk]  -0.05765932 -5.2959528         -3.089295 -5.032952 2026-09-10 01:16:34
INFO  [01:17:16.768] [bbotk]  -1.62737110  0.6292170         -6.836445 -5.586646 2026-09-10 01:16:35
INFO  [01:17:16.768] [bbotk]  -1.97851963 -5.8183692         -5.633648 -5.647851 2026-09-10 01:16:37
INFO  [01:17:16.768] [bbotk]  -1.86060362 -0.5508193         -4.638814 -5.658513 2026-09-10 01:16:38
INFO  [01:17:16.768] [bbotk]  -0.06534276 -0.5140780         -3.208612 -5.535523 2026-09-10 01:16:39
INFO  [01:17:16.768] [bbotk]   0.06369489 -4.0244908         -3.954157 -5.552718 2026-09-10 01:16:40
INFO  [01:17:16.768] [bbotk]  -0.60023622 -0.8270173         -5.418958 -5.644791 2026-09-10 01:16:41
INFO  [01:17:16.768] [bbotk]  -1.56437150 -0.5162672         -3.292835 -5.676995 2026-09-10 01:16:42
INFO  [01:17:16.768] [bbotk]  -1.87780443 -0.9694082         -4.645391 -5.723776 2026-09-10 01:16:43
INFO  [01:17:16.768] [bbotk]  -1.46378013 -0.6911815         -6.767592 -5.672785 2026-09-10 01:16:44
INFO  [01:17:16.768] [bbotk]  -0.37237851 -2.1980017         -5.618938 -5.747031 2026-09-10 01:16:46
INFO  [01:17:16.768] [bbotk]  -0.84336562 -0.4753998         -2.934794 -5.427828 2026-09-10 01:16:47
INFO  [01:17:16.768] [bbotk]  -1.78641313 -0.5996197         -5.642555 -5.692523 2026-09-10 01:16:48
INFO  [01:17:16.768] [bbotk]  -0.79080292 -6.5138461         -4.109065 -5.510132 2026-09-10 01:16:49
INFO  [01:17:16.768] [bbotk]  -1.39639784 -0.8610397         -5.676361 -5.716067 2026-09-10 01:16:50
INFO  [01:17:16.768] [bbotk]  -0.56763771 -0.7700825         -3.315597 -5.559295 2026-09-10 01:16:51
INFO  [01:17:16.768] [bbotk]    lambda_l1  lambda_l2 min_gain_to_split    acq_cb timestamp_surrogate
INFO  [01:17:16.768] [bbotk]  timestamp_acq_function timestamp_acq_optimizer      timestamp_loop classif.ce
INFO  [01:17:16.768] [bbotk]     2026-09-10 01:16:04     2026-09-10 01:16:04 2026-09-10 01:16:04  0.1236232
INFO  [01:17:16.768] [bbotk]     2026-09-10 01:16:05     2026-09-10 01:16:05 2026-09-10 01:16:05  0.1239098
INFO  [01:17:16.768] [bbotk]     2026-09-10 01:16:06     2026-09-10 01:16:06 2026-09-10 01:16:07  0.1229067
INFO  [01:17:16.768] [bbotk]     2026-09-10 01:16:07     2026-09-10 01:16:07 2026-09-10 01:16:08  0.1236027
INFO  [01:17:16.768] [bbotk]     2026-09-10 01:16:08     2026-09-10 01:16:08 2026-09-10 01:16:09  0.1234594
INFO  [01:17:16.768] [bbotk]     2026-09-10 01:16:09     2026-09-10 01:16:09 2026-09-10 01:16:10  0.1235208
INFO  [01:17:16.768] [bbotk]     2026-09-10 01:16:10     2026-09-10 01:16:10 2026-09-10 01:16:11  0.1238894
INFO  [01:17:16.768] [bbotk]     2026-09-10 01:16:11     2026-09-10 01:16:11 2026-09-10 01:16:12  0.1240326
INFO  [01:17:16.768] [bbotk]     2026-09-10 01:16:12     2026-09-10 01:16:12 2026-09-10 01:16:13  0.1233570
INFO  [01:17:16.768] [bbotk]     2026-09-10 01:16:13     2026-09-10 01:16:13 2026-09-10 01:16:14  0.1232138
INFO  [01:17:16.768] [bbotk]     2026-09-10 01:16:15     2026-09-10 01:16:15 2026-09-10 01:16:15  0.1230295
INFO  [01:17:16.768] [bbotk]     2026-09-10 01:16:16     2026-09-10 01:16:16 2026-09-10 01:16:16  0.1235618
INFO  [01:17:16.768] [bbotk]     2026-09-10 01:16:17     2026-09-10 01:16:17 2026-09-10 01:16:17  0.1229475
INFO  [01:17:16.768] [bbotk]     2026-09-10 01:16:18     2026-09-10 01:16:18 2026-09-10 01:16:18  0.1230295
INFO  [01:17:16.768] [bbotk]     2026-09-10 01:16:19     2026-09-10 01:16:19 2026-09-10 01:16:20  0.1236641
INFO  [01:17:16.768] [bbotk]     2026-09-10 01:16:20     2026-09-10 01:16:20 2026-09-10 01:16:21  0.1240941
INFO  [01:17:16.768] [bbotk]     2026-09-10 01:16:21     2026-09-10 01:16:21 2026-09-10 01:16:22  0.1241145
INFO  [01:17:16.768] [bbotk]     2026-09-10 01:16:22     2026-09-10 01:16:22 2026-09-10 01:16:23  0.1231113
INFO  [01:17:16.768] [bbotk]     2026-09-10 01:16:24     2026-09-10 01:16:24 2026-09-10 01:16:24  0.1240941
INFO  [01:17:16.768] [bbotk]     2026-09-10 01:16:25     2026-09-10 01:16:25 2026-09-10 01:16:25  0.1235618
INFO  [01:17:16.768] [bbotk]     2026-09-10 01:16:26     2026-09-10 01:16:26 2026-09-10 01:16:27  0.1239303
INFO  [01:17:16.768] [bbotk]     2026-09-10 01:16:27     2026-09-10 01:16:27 2026-09-10 01:16:28  0.1233571
INFO  [01:17:16.768] [bbotk]     2026-09-10 01:16:28     2026-09-10 01:16:28 2026-09-10 01:16:29  0.1231318
INFO  [01:17:16.768] [bbotk]     2026-09-10 01:16:29     2026-09-10 01:16:29 2026-09-10 01:16:30  0.1232751
INFO  [01:17:16.768] [bbotk]     2026-09-10 01:16:30     2026-09-10 01:16:30 2026-09-10 01:16:31  0.1234594
INFO  [01:17:16.768] [bbotk]     2026-09-10 01:16:31     2026-09-10 01:16:31 2026-09-10 01:16:32  0.1229066
INFO  [01:17:16.768] [bbotk]     2026-09-10 01:16:33     2026-09-10 01:16:33 2026-09-10 01:16:33  0.1230908
INFO  [01:17:16.768] [bbotk]     2026-09-10 01:16:34     2026-09-10 01:16:34 2026-09-10 01:16:34  0.1242169
INFO  [01:17:16.768] [bbotk]     2026-09-10 01:16:35     2026-09-10 01:16:35 2026-09-10 01:16:35  0.1238075
INFO  [01:17:16.768] [bbotk]     2026-09-10 01:16:36     2026-09-10 01:16:36 2026-09-10 01:16:37  0.1234389
INFO  [01:17:16.768] [bbotk]     2026-09-10 01:16:37     2026-09-10 01:16:37 2026-09-10 01:16:38  0.1234593
INFO  [01:17:16.768] [bbotk]     2026-09-10 01:16:38     2026-09-10 01:16:38 2026-09-10 01:16:39  0.1239098
INFO  [01:17:16.768] [bbotk]     2026-09-10 01:16:39     2026-09-10 01:16:39 2026-09-10 01:16:40  0.1238279
INFO  [01:17:16.768] [bbotk]     2026-09-10 01:16:40     2026-09-10 01:16:40 2026-09-10 01:16:41  0.1237255
INFO  [01:17:16.768] [bbotk]     2026-09-10 01:16:42     2026-09-10 01:16:42 2026-09-10 01:16:42  0.1237870
INFO  [01:17:16.768] [bbotk]     2026-09-10 01:16:43     2026-09-10 01:16:43 2026-09-10 01:16:43  0.1237460
INFO  [01:17:16.768] [bbotk]     2026-09-10 01:16:44     2026-09-10 01:16:44 2026-09-10 01:16:44  0.1237255
INFO  [01:17:16.768] [bbotk]     2026-09-10 01:16:45     2026-09-10 01:16:45 2026-09-10 01:16:46  0.1239713
INFO  [01:17:16.768] [bbotk]     2026-09-10 01:16:46     2026-09-10 01:16:46 2026-09-10 01:16:47  0.1236436
INFO  [01:17:16.768] [bbotk]     2026-09-10 01:16:47     2026-09-10 01:16:47 2026-09-10 01:16:48  0.1241965
INFO  [01:17:16.768] [bbotk]     2026-09-10 01:16:48     2026-09-10 01:16:48 2026-09-10 01:16:49  0.1228861
INFO  [01:17:16.768] [bbotk]     2026-09-10 01:16:49     2026-09-10 01:16:49 2026-09-10 01:16:50  0.1235823
INFO  [01:17:16.768] [bbotk]     2026-09-10 01:16:51     2026-09-10 01:16:51 2026-09-10 01:16:51  0.1237256
INFO  [01:17:16.768] [bbotk]     2026-09-10 01:16:52     2026-09-10 01:16:52 2026-09-10 01:16:52  0.1239303
INFO  [01:17:16.768] [bbotk]  timestamp_acq_function timestamp_acq_optimizer      timestamp_loop classif.ce
INFO  [01:17:16.768] [bbotk]  warnings errors runtime_learners internal_tuned_values
INFO  [01:17:16.768] [bbotk]         0      0           11.399    num_iterations=244
INFO  [01:17:16.768] [bbotk]         0      0            9.584    num_iterations=105
INFO  [01:17:16.768] [bbotk]         0      0            9.875    num_iterations=157
INFO  [01:17:16.768] [bbotk]         0      0           10.672    num_iterations=142
INFO  [01:17:16.768] [bbotk]         0      0            9.974    num_iterations=158
INFO  [01:17:16.768] [bbotk]         0      0           14.761    num_iterations=259
INFO  [01:17:16.768] [bbotk]         0      0            9.242    num_iterations=142
INFO  [01:17:16.768] [bbotk]         0      0            7.915     num_iterations=56
INFO  [01:17:16.768] [bbotk]         0      0            9.730    num_iterations=194
INFO  [01:17:16.768] [bbotk]         0      0            8.858    num_iterations=135
INFO  [01:17:16.768] [bbotk]         0      0            9.424    num_iterations=152
INFO  [01:17:16.768] [bbotk]         0      0           11.449    num_iterations=189
INFO  [01:17:16.768] [bbotk]         0      0           11.356    num_iterations=143
INFO  [01:17:16.768] [bbotk]         0      0           11.532    num_iterations=146
INFO  [01:17:16.768] [bbotk]         0      0            9.367    num_iterations=111
INFO  [01:17:16.768] [bbotk]         0      0            9.090    num_iterations=255
INFO  [01:17:16.768] [bbotk]         0      0           10.523    num_iterations=160
INFO  [01:17:16.768] [bbotk]         0      0            9.547    num_iterations=122
INFO  [01:17:16.768] [bbotk]         0      0            9.503    num_iterations=132
INFO  [01:17:16.768] [bbotk]         0      0           10.574    num_iterations=147
INFO  [01:17:16.768] [bbotk]         0      0            9.024    num_iterations=121
INFO  [01:17:16.768] [bbotk]         0      0           10.029    num_iterations=181
INFO  [01:17:16.768] [bbotk]         0      0           10.272    num_iterations=141
INFO  [01:17:16.768] [bbotk]         0      0            8.506     num_iterations=93
INFO  [01:17:16.768] [bbotk]         0      0            9.981    num_iterations=133
INFO  [01:17:16.768] [bbotk]         0      0            8.370    num_iterations=138
INFO  [01:17:16.768] [bbotk]         0      0           10.076    num_iterations=150
INFO  [01:17:16.768] [bbotk]         0      0            7.127     num_iterations=88
INFO  [01:17:16.768] [bbotk]         0      0           11.098    num_iterations=233
INFO  [01:17:16.768] [bbotk]         0      0            8.809    num_iterations=131
INFO  [01:17:16.768] [bbotk]         0      0           11.610    num_iterations=166
INFO  [01:17:16.768] [bbotk]         0      0           11.336    num_iterations=153
INFO  [01:17:16.768] [bbotk]         0      0            9.619    num_iterations=181
INFO  [01:17:16.768] [bbotk]         0      0           12.078    num_iterations=150
INFO  [01:17:16.768] [bbotk]         0      0           12.356    num_iterations=210
INFO  [01:17:16.768] [bbotk]         0      0            9.027    num_iterations=152
INFO  [01:17:16.768] [bbotk]         0      0            9.009    num_iterations=104
INFO  [01:17:16.768] [bbotk]         0      0            8.608    num_iterations=101
INFO  [01:17:16.768] [bbotk]         0      0            8.616     num_iterations=85
INFO  [01:17:16.768] [bbotk]         0      0           14.726    num_iterations=241
INFO  [01:17:16.768] [bbotk]         0      0            8.926    num_iterations=120
INFO  [01:17:16.768] [bbotk]         0      0            9.651    num_iterations=153
INFO  [01:17:16.768] [bbotk]         0      0            8.636     num_iterations=99
INFO  [01:17:16.768] [bbotk]         0      0            7.907    num_iterations=143
INFO  [01:17:16.768] [bbotk]  warnings errors runtime_learners internal_tuned_values
INFO  [01:17:17.229] [mlr3] Calling train method of fallback 'regr.ranger' on task 'surrogate_task' with 408 observations {learner: <LearnerRegrRanger/LearnerRegr/Learner/R6>}
INFO  [01:17:18.404] [mlr3] Calling train method of fallback 'regr.ranger' on task 'surrogate_task' with 409 observations {learner: <LearnerRegrRanger/LearnerRegr/Learner/R6>}
INFO  [01:17:19.547] [mlr3] Calling train method of fallback 'regr.ranger' on task 'surrogate_task' with 410 observations {learner: <LearnerRegrRanger/LearnerRegr/Learner/R6>}
INFO  [01:17:20.645] [mlr3] Calling train method of fallback 'regr.ranger' on task 'surrogate_task' with 411 observations {learner: <LearnerRegrRanger/LearnerRegr/Learner/R6>}
INFO  [01:17:21.777] [mlr3] Calling train method of fallback 'regr.ranger' on task 'surrogate_task' with 412 observations {learner: <LearnerRegrRanger/LearnerRegr/Learner/R6>}
INFO  [01:17:22.899] [mlr3] Calling train method of fallback 'regr.ranger' on task 'surrogate_task' with 413 observations {learner: <LearnerRegrRanger/LearnerRegr/Learner/R6>}
INFO  [01:17:24.021] [mlr3] Calling train method of fallback 'regr.ranger' on task 'surrogate_task' with 414 observations {learner: <LearnerRegrRanger/LearnerRegr/Learner/R6>}
INFO  [01:17:25.147] [mlr3] Calling train method of fallback 'regr.ranger' on task 'surrogate_task' with 415 observations {learner: <LearnerRegrRanger/LearnerRegr/Learner/R6>}
INFO  [01:17:26.292] [mlr3] Calling train method of fallback 'regr.ranger' on task 'surrogate_task' with 416 observations {learner: <LearnerRegrRanger/LearnerRegr/Learner/R6>}
INFO  [01:17:27.431] [mlr3] Calling train method of fallback 'regr.ranger' on task 'surrogate_task' with 417 observations {learner: <LearnerRegrRanger/LearnerRegr/Learner/R6>}
INFO  [01:17:28.567] [mlr3] Calling train method of fallback 'regr.ranger' on task 'surrogate_task' with 418 observations {learner: <LearnerRegrRanger/LearnerRegr/Learner/R6>}
INFO  [01:17:29.708] [mlr3] Calling train method of fallback 'regr.ranger' on task 'surrogate_task' with 419 observations {learner: <LearnerRegrRanger/LearnerRegr/Learner/R6>}
INFO  [01:17:30.834] [mlr3] Calling train method of fallback 'regr.ranger' on task 'surrogate_task' with 420 observations {learner: <LearnerRegrRanger/LearnerRegr/Learner/R6>}
INFO  [01:17:31.988] [mlr3] Calling train method of fallback 'regr.ranger' on task 'surrogate_task' with 421 observations {learner: <LearnerRegrRanger/LearnerRegr/Learner/R6>}
INFO  [01:17:33.136] [mlr3] Calling train method of fallback 'regr.ranger' on task 'surrogate_task' with 422 observations {learner: <LearnerRegrRanger/LearnerRegr/Learner/R6>}
INFO  [01:17:34.278] [mlr3] Calling train method of fallback 'regr.ranger' on task 'surrogate_task' with 423 observations {learner: <LearnerRegrRanger/LearnerRegr/Learner/R6>}
INFO  [01:17:35.420] [mlr3] Calling train method of fallback 'regr.ranger' on task 'surrogate_task' with 424 observations {learner: <LearnerRegrRanger/LearnerRegr/Learner/R6>}
INFO  [01:17:36.583] [mlr3] Calling train method of fallback 'regr.ranger' on task 'surrogate_task' with 425 observations {learner: <LearnerRegrRanger/LearnerRegr/Learner/R6>}
INFO  [01:17:37.763] [mlr3] Calling train method of fallback 'regr.ranger' on task 'surrogate_task' with 426 observations {learner: <LearnerRegrRanger/LearnerRegr/Learner/R6>}
INFO  [01:17:38.910] [mlr3] Calling train method of fallback 'regr.ranger' on task 'surrogate_task' with 427 observations {learner: <LearnerRegrRanger/LearnerRegr/Learner/R6>}
INFO  [01:17:40.366] [mlr3] Calling train method of fallback 'regr.ranger' on task 'surrogate_task' with 428 observations {learner: <LearnerRegrRanger/LearnerRegr/Learner/R6>}
INFO  [01:17:41.536] [mlr3] Calling train method of fallback 'regr.ranger' on task 'surrogate_task' with 429 observations {learner: <LearnerRegrRanger/LearnerRegr/Learner/R6>}
INFO  [01:17:42.698] [mlr3] Calling train method of fallback 'regr.ranger' on task 'surrogate_task' with 430 observations {learner: <LearnerRegrRanger/LearnerRegr/Learner/R6>}
INFO  [01:17:43.880] [mlr3] Calling train method of fallback 'regr.ranger' on task 'surrogate_task' with 431 observations {learner: <LearnerRegrRanger/LearnerRegr/Learner/R6>}
INFO  [01:17:45.067] [mlr3] Calling train method of fallback 'regr.ranger' on task 'surrogate_task' with 432 observations {learner: <LearnerRegrRanger/LearnerRegr/Learner/R6>}
INFO  [01:17:46.257] [mlr3] Calling train method of fallback 'regr.ranger' on task 'surrogate_task' with 433 observations {learner: <LearnerRegrRanger/LearnerRegr/Learner/R6>}
INFO  [01:17:47.426] [mlr3] Calling train method of fallback 'regr.ranger' on task 'surrogate_task' with 434 observations {learner: <LearnerRegrRanger/LearnerRegr/Learner/R6>}
INFO  [01:17:48.590] [mlr3] Calling train method of fallback 'regr.ranger' on task 'surrogate_task' with 435 observations {learner: <LearnerRegrRanger/LearnerRegr/Learner/R6>}
INFO  [01:17:49.749] [mlr3] Calling train method of fallback 'regr.ranger' on task 'surrogate_task' with 436 observations {learner: <LearnerRegrRanger/LearnerRegr/Learner/R6>}
INFO  [01:17:50.958] [mlr3] Calling train method of fallback 'regr.ranger' on task 'surrogate_task' with 437 observations {learner: <LearnerRegrRanger/LearnerRegr/Learner/R6>}
INFO  [01:17:52.146] [mlr3] Calling train method of fallback 'regr.ranger' on task 'surrogate_task' with 438 observations {learner: <LearnerRegrRanger/LearnerRegr/Learner/R6>}
INFO  [01:17:53.325] [mlr3] Calling train method of fallback 'regr.ranger' on task 'surrogate_task' with 439 observations {learner: <LearnerRegrRanger/LearnerRegr/Learner/R6>}
INFO  [01:17:54.530] [mlr3] Calling train method of fallback 'regr.ranger' on task 'surrogate_task' with 440 observations {learner: <LearnerRegrRanger/LearnerRegr/Learner/R6>}
INFO  [01:17:59.472] [mlr3] Calling train method of fallback 'regr.ranger' on task 'surrogate_task' with 441 observations {learner: <LearnerRegrRanger/LearnerRegr/Learner/R6>}
INFO  [01:18:00.647] [mlr3] Calling train method of fallback 'regr.ranger' on task 'surrogate_task' with 442 observations {learner: <LearnerRegrRanger/LearnerRegr/Learner/R6>}
INFO  [01:18:01.863] [mlr3] Calling train method of fallback 'regr.ranger' on task 'surrogate_task' with 443 observations {learner: <LearnerRegrRanger/LearnerRegr/Learner/R6>}
INFO  [01:18:03.030] [mlr3] Calling train method of fallback 'regr.ranger' on task 'surrogate_task' with 444 observations {learner: <LearnerRegrRanger/LearnerRegr/Learner/R6>}
INFO  [01:18:04.218] [mlr3] Calling train method of fallback 'regr.ranger' on task 'surrogate_task' with 445 observations {learner: <LearnerRegrRanger/LearnerRegr/Learner/R6>}
INFO  [01:18:05.417] [mlr3] Calling train method of fallback 'regr.ranger' on task 'surrogate_task' with 446 observations {learner: <LearnerRegrRanger/LearnerRegr/Learner/R6>}
INFO  [01:18:06.560] [mlr3] Calling train method of fallback 'regr.ranger' on task 'surrogate_task' with 447 observations {learner: <LearnerRegrRanger/LearnerRegr/Learner/R6>}
INFO  [01:18:07.765] [mlr3] Calling train method of fallback 'regr.ranger' on task 'surrogate_task' with 448 observations {learner: <LearnerRegrRanger/LearnerRegr/Learner/R6>}
INFO  [01:18:09.013] [mlr3] Calling train method of fallback 'regr.ranger' on task 'surrogate_task' with 449 observations {learner: <LearnerRegrRanger/LearnerRegr/Learner/R6>}
INFO  [01:18:10.200] [mlr3] Calling train method of fallback 'regr.ranger' on task 'surrogate_task' with 450 observations {learner: <LearnerRegrRanger/LearnerRegr/Learner/R6>}
INFO  [01:18:11.375] [mlr3] Calling train method of fallback 'regr.ranger' on task 'surrogate_task' with 451 observations {learner: <LearnerRegrRanger/LearnerRegr/Learner/R6>}
INFO  [01:18:12.116] [bbotk] Evaluating 44 configuration(s)
INFO  [01:18:12.250] [mlr3] Running benchmark with 440 resampling iterations
INFO  [01:18:34.818] [mlr3] Finished benchmark
INFO  [01:18:36.349] [bbotk] Result of batch 9:
INFO  [01:18:36.357] [bbotk]  learning_rate num_leaves min_data_in_leaf feature_fraction extra_trees
INFO  [01:18:36.357] [bbotk]     -1.9422843         32                1        0.4340269        TRUE
INFO  [01:18:36.357] [bbotk]     -2.0430617         35                1        0.4387178       FALSE
INFO  [01:18:36.357] [bbotk]     -2.1129040         26                1        0.4317493       FALSE
INFO  [01:18:36.357] [bbotk]     -0.5922062         16                1        0.5097597       FALSE
INFO  [01:18:36.357] [bbotk]     -1.9651201         17                1        0.4568756       FALSE
INFO  [01:18:36.357] [bbotk]     -2.0971358         14                9        0.4270825       FALSE
INFO  [01:18:36.357] [bbotk]     -1.9850468         10                1        0.1310484       FALSE
INFO  [01:18:36.357] [bbotk]     -2.0264614         17                1        0.4162164       FALSE
INFO  [01:18:36.357] [bbotk]     -1.9973560         17                1        0.4526001       FALSE
INFO  [01:18:36.357] [bbotk]     -1.5592888         10               50        0.4418932       FALSE
INFO  [01:18:36.357] [bbotk]     -2.6698857         33                2        0.4776764       FALSE
INFO  [01:18:36.357] [bbotk]     -2.2794135         10                1        0.4382219       FALSE
INFO  [01:18:36.357] [bbotk]     -2.1931988         20                1        0.4534028       FALSE
INFO  [01:18:36.357] [bbotk]     -2.1770747         16                1        0.4477285       FALSE
INFO  [01:18:36.357] [bbotk]     -2.0802502         15                1        0.4456107       FALSE
INFO  [01:18:36.357] [bbotk]     -1.9965230         28                1        0.4617102       FALSE
INFO  [01:18:36.357] [bbotk]     -2.1689523         27                7        0.4457444       FALSE
INFO  [01:18:36.357] [bbotk]     -2.1657628         16                1        0.4446592       FALSE
INFO  [01:18:36.357] [bbotk]     -2.1302813         25                7        0.3768527       FALSE
INFO  [01:18:36.357] [bbotk]     -2.0873987         37                1        0.4193272       FALSE
INFO  [01:18:36.357] [bbotk]     -2.2988314         32                1        0.4332954       FALSE
INFO  [01:18:36.357] [bbotk]     -2.0457327         10                1        0.4465763       FALSE
INFO  [01:18:36.357] [bbotk]     -2.0842456         26               17        0.4412156       FALSE
INFO  [01:18:36.357] [bbotk]     -2.1784777         20               24        0.4440651       FALSE
INFO  [01:18:36.357] [bbotk]     -2.1201650         25                1        0.4776139       FALSE
INFO  [01:18:36.357] [bbotk]     -2.0989837         15                1        0.4420551       FALSE
INFO  [01:18:36.357] [bbotk]     -2.7221745         36                1        0.4460810       FALSE
INFO  [01:18:36.357] [bbotk]     -2.2185770         26               45        0.4561880       FALSE
INFO  [01:18:36.357] [bbotk]     -2.0893017         17                1        0.4433870       FALSE
INFO  [01:18:36.357] [bbotk]     -1.9765130         10                1        0.6190043       FALSE
INFO  [01:18:36.357] [bbotk]     -2.2169912         29                1        0.4441093       FALSE
INFO  [01:18:36.357] [bbotk]     -2.0786428         19                1        0.3549118       FALSE
INFO  [01:18:36.357] [bbotk]     -2.1012580         31                1        0.3729515       FALSE
INFO  [01:18:36.357] [bbotk]     -2.0051904         25                1        0.2818865       FALSE
INFO  [01:18:36.357] [bbotk]     -2.0862607         14                1        0.4005885       FALSE
INFO  [01:18:36.357] [bbotk]     -2.2543092         37                1        0.4429849       FALSE
INFO  [01:18:36.357] [bbotk]     -2.3020652         10                2        0.5114494       FALSE
INFO  [01:18:36.357] [bbotk]     -2.0943825         18                1        0.6592380       FALSE
INFO  [01:18:36.357] [bbotk]     -2.0884465         48                1        0.4681130       FALSE
INFO  [01:18:36.357] [bbotk]     -2.0773598         17                1        0.4310179       FALSE
INFO  [01:18:36.357] [bbotk]     -2.6325594         33                1        0.4884342       FALSE
INFO  [01:18:36.357] [bbotk]     -2.1101351         39                1        0.1841932       FALSE
INFO  [01:18:36.357] [bbotk]     -1.7547648         10                1        0.5922796       FALSE
INFO  [01:18:36.357] [bbotk]     -2.0722985         16               31        0.5435794       FALSE
INFO  [01:18:36.357] [bbotk]  learning_rate num_leaves min_data_in_leaf feature_fraction extra_trees
INFO  [01:18:36.357] [bbotk]    lambda_l1   lambda_l2 min_gain_to_split    acq_cb timestamp_surrogate
INFO  [01:18:36.357] [bbotk]  -2.40493621 -0.70612694         -4.372516 -5.700535 2026-09-10 01:17:16
INFO  [01:18:36.357] [bbotk]  -2.65366002 -0.66378383         -4.407870 -5.830624 2026-09-10 01:17:17
INFO  [01:18:36.357] [bbotk]  -2.97779796 -0.91378676         -4.291722 -5.619919 2026-09-10 01:17:19
INFO  [01:18:36.357] [bbotk]  -1.68167475 -1.67611701         -3.603983 -5.582507 2026-09-10 01:17:20
INFO  [01:18:36.357] [bbotk]  -1.78470160 -0.91525106         -3.841222 -5.857881 2026-09-10 01:17:21
INFO  [01:18:36.357] [bbotk]  -6.61788389 -1.03160367         -6.907755 -5.570558 2026-09-10 01:17:22
INFO  [01:18:36.357] [bbotk]  -0.15095091 -1.10690486         -5.652480 -5.437023 2026-09-10 01:17:23
INFO  [01:18:36.357] [bbotk]  -0.44710476 -0.82923227         -5.710248 -5.965116 2026-09-10 01:17:24
INFO  [01:18:36.357] [bbotk]  -1.74189207 -1.26875333         -5.823428 -6.028339 2026-09-10 01:17:25
INFO  [01:18:36.357] [bbotk]  -1.55906557 -1.79688993         -6.907755 -5.211681 2026-09-10 01:17:26
INFO  [01:18:36.357] [bbotk]  -1.94160515 -1.14507614         -4.014797 -5.740775 2026-09-10 01:17:28
INFO  [01:18:36.357] [bbotk]  -1.68564802 -2.94019481         -6.907755 -5.755956 2026-09-10 01:17:29
INFO  [01:18:36.357] [bbotk]  -1.80843595 -1.10107705         -3.506084 -5.744515 2026-09-10 01:17:30
INFO  [01:18:36.357] [bbotk]  -1.79606892 -0.83504149         -6.907755 -6.342747 2026-09-10 01:17:31
INFO  [01:18:36.357] [bbotk]  -3.49321065  0.18334268         -6.907755 -5.764007 2026-09-10 01:17:32
INFO  [01:18:36.357] [bbotk]  -4.26387882 -1.25162718         -3.433496 -5.373045 2026-09-10 01:17:33
INFO  [01:18:36.357] [bbotk]  -1.59596941 -4.32886215         -4.449162 -5.875219 2026-09-10 01:17:34
INFO  [01:18:36.357] [bbotk]  -1.48621939 -1.23022452         -2.664859 -5.914765 2026-09-10 01:17:36
INFO  [01:18:36.357] [bbotk]  -1.76152722 -3.47407712         -5.669934 -5.732738 2026-09-10 01:17:37
INFO  [01:18:36.357] [bbotk]  -6.60479210 -1.19579676         -6.018455 -5.498820 2026-09-10 01:17:38
INFO  [01:18:36.357] [bbotk]  -1.69121061 -1.86101439         -4.581303 -5.695726 2026-09-10 01:17:39
INFO  [01:18:36.357] [bbotk]  -1.13227466 -0.89389740         -6.597930 -5.874164 2026-09-10 01:17:41
INFO  [01:18:36.357] [bbotk]  -0.88188831 -0.67033634         -6.684323 -5.719495 2026-09-10 01:17:42
INFO  [01:18:36.357] [bbotk]  -0.99528694 -1.19926778         -5.678204 -5.621980 2026-09-10 01:17:43
INFO  [01:18:36.357] [bbotk]  -0.96318429 -1.21658789         -4.586469 -5.604538 2026-09-10 01:17:44
INFO  [01:18:36.357] [bbotk]  -0.85760358 -1.72474959         -5.407700 -5.723050 2026-09-10 01:17:45
INFO  [01:18:36.357] [bbotk]  -1.75240463 -1.03328607         -4.598661 -5.801383 2026-09-10 01:17:46
INFO  [01:18:36.357] [bbotk]   1.51658467 -5.90678979         -6.842538 -5.162149 2026-09-10 01:17:48
INFO  [01:18:36.357] [bbotk]  -0.40782886 -0.60723164         -5.243255 -6.116182 2026-09-10 01:17:49
INFO  [01:18:36.357] [bbotk]  -1.56219025 -0.72018302         -6.101342 -5.572366 2026-09-10 01:17:50
INFO  [01:18:36.357] [bbotk]  -0.26764222 -4.03477542         -3.893214 -5.652000 2026-09-10 01:17:51
INFO  [01:18:36.357] [bbotk]  -0.26648465 -3.40387247         -6.907755 -5.790805 2026-09-10 01:17:52
INFO  [01:18:36.357] [bbotk]   0.40667954 -5.52697944         -5.629838 -5.547184 2026-09-10 01:17:54
INFO  [01:18:36.357] [bbotk]  -0.09885121 -3.41158862         -4.330897 -5.559264 2026-09-10 01:17:58
INFO  [01:18:36.357] [bbotk]  -1.29038948 -0.24820452         -3.355622 -5.638716 2026-09-10 01:18:00
INFO  [01:18:36.357] [bbotk]  -0.78584091 -1.08478264         -4.377343 -5.703051 2026-09-10 01:18:01
INFO  [01:18:36.357] [bbotk]  -1.68325904  0.08734882         -3.360730 -5.247380 2026-09-10 01:18:02
INFO  [01:18:36.357] [bbotk]  -1.60923864 -0.67383867         -6.907755 -5.910963 2026-09-10 01:18:03
INFO  [01:18:36.357] [bbotk]  -1.58568202 -1.83486234         -3.348019 -5.599828 2026-09-10 01:18:04
INFO  [01:18:36.357] [bbotk]  -1.59522181  6.06482577         -6.907755 -5.590466 2026-09-10 01:18:06
INFO  [01:18:36.357] [bbotk]  -2.17827524 -0.89330406         -4.536491 -5.613068 2026-09-10 01:18:07
INFO  [01:18:36.357] [bbotk]  -0.76248188 -2.14587183         -5.935704 -5.440627 2026-09-10 01:18:08
INFO  [01:18:36.357] [bbotk]  -0.87694755 -2.48380079         -3.450195 -5.437847 2026-09-10 01:18:09
INFO  [01:18:36.357] [bbotk]  -1.13270948 -0.75952417         -6.907755 -5.700295 2026-09-10 01:18:10
INFO  [01:18:36.357] [bbotk]    lambda_l1   lambda_l2 min_gain_to_split    acq_cb timestamp_surrogate
INFO  [01:18:36.357] [bbotk]  timestamp_acq_function timestamp_acq_optimizer      timestamp_loop classif.ce
INFO  [01:18:36.357] [bbotk]     2026-09-10 01:17:17     2026-09-10 01:17:17 2026-09-10 01:17:17  0.1298473
INFO  [01:18:36.357] [bbotk]     2026-09-10 01:17:18     2026-09-10 01:17:18 2026-09-10 01:17:19  0.1228451
INFO  [01:18:36.357] [bbotk]     2026-09-10 01:17:19     2026-09-10 01:17:19 2026-09-10 01:17:20  0.1237665
INFO  [01:18:36.357] [bbotk]     2026-09-10 01:17:20     2026-09-10 01:17:20 2026-09-10 01:17:21  0.1250359
INFO  [01:18:36.357] [bbotk]     2026-09-10 01:17:21     2026-09-10 01:17:21 2026-09-10 01:17:22  0.1234184
INFO  [01:18:36.357] [bbotk]     2026-09-10 01:17:22     2026-09-10 01:17:22 2026-09-10 01:17:23  0.1234799
INFO  [01:18:36.357] [bbotk]     2026-09-10 01:17:24     2026-09-10 01:17:24 2026-09-10 01:17:24  0.1240122
INFO  [01:18:36.357] [bbotk]     2026-09-10 01:17:25     2026-09-10 01:17:25 2026-09-10 01:17:25  0.1234594
INFO  [01:18:36.357] [bbotk]     2026-09-10 01:17:26     2026-09-10 01:17:26 2026-09-10 01:17:26  0.1230499
INFO  [01:18:36.357] [bbotk]     2026-09-10 01:17:27     2026-09-10 01:17:27 2026-09-10 01:17:28  0.1235003
INFO  [01:18:36.357] [bbotk]     2026-09-10 01:17:28     2026-09-10 01:17:28 2026-09-10 01:17:29  0.1236027
INFO  [01:18:36.357] [bbotk]     2026-09-10 01:17:29     2026-09-10 01:17:29 2026-09-10 01:17:30  0.1239508
INFO  [01:18:36.357] [bbotk]     2026-09-10 01:17:30     2026-09-10 01:17:30 2026-09-10 01:17:31  0.1239098
INFO  [01:18:36.357] [bbotk]     2026-09-10 01:17:32     2026-09-10 01:17:32 2026-09-10 01:17:32  0.1240326
INFO  [01:18:36.357] [bbotk]     2026-09-10 01:17:33     2026-09-10 01:17:33 2026-09-10 01:17:33  0.1233571
INFO  [01:18:36.357] [bbotk]     2026-09-10 01:17:34     2026-09-10 01:17:34 2026-09-10 01:17:34  0.1237665
INFO  [01:18:36.357] [bbotk]     2026-09-10 01:17:35     2026-09-10 01:17:35 2026-09-10 01:17:36  0.1232751
INFO  [01:18:36.357] [bbotk]     2026-09-10 01:17:36     2026-09-10 01:17:36 2026-09-10 01:17:37  0.1237460
INFO  [01:18:36.357] [bbotk]     2026-09-10 01:17:37     2026-09-10 01:17:37 2026-09-10 01:17:38  0.1237050
INFO  [01:18:36.357] [bbotk]     2026-09-10 01:17:38     2026-09-10 01:17:38 2026-09-10 01:17:39  0.1233160
INFO  [01:18:36.357] [bbotk]     2026-09-10 01:17:40     2026-09-10 01:17:40 2026-09-10 01:17:41  0.1234594
INFO  [01:18:36.357] [bbotk]     2026-09-10 01:17:41     2026-09-10 01:17:41 2026-09-10 01:17:42  0.1231523
INFO  [01:18:36.357] [bbotk]     2026-09-10 01:17:42     2026-09-10 01:17:42 2026-09-10 01:17:43  0.1231932
INFO  [01:18:36.357] [bbotk]     2026-09-10 01:17:43     2026-09-10 01:17:43 2026-09-10 01:17:44  0.1233775
INFO  [01:18:36.357] [bbotk]     2026-09-10 01:17:45     2026-09-10 01:17:45 2026-09-10 01:17:45  0.1233161
INFO  [01:18:36.357] [bbotk]     2026-09-10 01:17:46     2026-09-10 01:17:46 2026-09-10 01:17:46  0.1231318
INFO  [01:18:36.357] [bbotk]     2026-09-10 01:17:47     2026-09-10 01:17:47 2026-09-10 01:17:48  0.1231113
INFO  [01:18:36.357] [bbotk]     2026-09-10 01:17:48     2026-09-10 01:17:48 2026-09-10 01:17:49  0.1246264
INFO  [01:18:36.357] [bbotk]     2026-09-10 01:17:49     2026-09-10 01:17:49 2026-09-10 01:17:50  0.1235003
INFO  [01:18:36.357] [bbotk]     2026-09-10 01:17:50     2026-09-10 01:17:50 2026-09-10 01:17:51  0.1232956
INFO  [01:18:36.357] [bbotk]     2026-09-10 01:17:52     2026-09-10 01:17:52 2026-09-10 01:17:52  0.1228451
INFO  [01:18:36.357] [bbotk]     2026-09-10 01:17:53     2026-09-10 01:17:53 2026-09-10 01:17:54  0.1235208
INFO  [01:18:36.357] [bbotk]     2026-09-10 01:17:58     2026-09-10 01:17:58 2026-09-10 01:17:58  0.1233160
INFO  [01:18:36.357] [bbotk]     2026-09-10 01:17:59     2026-09-10 01:17:59 2026-09-10 01:18:00  0.1229885
INFO  [01:18:36.357] [bbotk]     2026-09-10 01:18:00     2026-09-10 01:18:00 2026-09-10 01:18:01  0.1235004
INFO  [01:18:36.357] [bbotk]     2026-09-10 01:18:01     2026-09-10 01:18:01 2026-09-10 01:18:02  0.1237051
INFO  [01:18:36.357] [bbotk]     2026-09-10 01:18:03     2026-09-10 01:18:03 2026-09-10 01:18:03  0.1242578
INFO  [01:18:36.357] [bbotk]     2026-09-10 01:18:04     2026-09-10 01:18:04 2026-09-10 01:18:04  0.1236642
INFO  [01:18:36.357] [bbotk]     2026-09-10 01:18:05     2026-09-10 01:18:05 2026-09-10 01:18:06  0.1237255
INFO  [01:18:36.357] [bbotk]     2026-09-10 01:18:06     2026-09-10 01:18:06 2026-09-10 01:18:07  0.1283937
INFO  [01:18:36.357] [bbotk]     2026-09-10 01:18:07     2026-09-10 01:18:07 2026-09-10 01:18:08  0.1234799
INFO  [01:18:36.357] [bbotk]     2026-09-10 01:18:09     2026-09-10 01:18:09 2026-09-10 01:18:09  0.1233571
INFO  [01:18:36.357] [bbotk]     2026-09-10 01:18:10     2026-09-10 01:18:10 2026-09-10 01:18:10  0.1232342
INFO  [01:18:36.357] [bbotk]     2026-09-10 01:18:11     2026-09-10 01:18:11 2026-09-10 01:18:12  0.1239303
INFO  [01:18:36.357] [bbotk]  timestamp_acq_function timestamp_acq_optimizer      timestamp_loop classif.ce
INFO  [01:18:36.357] [bbotk]  warnings errors runtime_learners internal_tuned_values
INFO  [01:18:36.357] [bbotk]         0      0           13.956    num_iterations=211
INFO  [01:18:36.357] [bbotk]         0      0            9.584    num_iterations=120
INFO  [01:18:36.357] [bbotk]         0      0            8.532    num_iterations=100
INFO  [01:18:36.357] [bbotk]         0      0            5.050     num_iterations=34
INFO  [01:18:36.357] [bbotk]         0      0            8.238    num_iterations=117
INFO  [01:18:36.357] [bbotk]         0      0            8.530    num_iterations=135
INFO  [01:18:36.357] [bbotk]         0      0           11.166    num_iterations=259
INFO  [01:18:36.357] [bbotk]         0      0            9.669    num_iterations=143
INFO  [01:18:36.357] [bbotk]         0      0            8.835    num_iterations=139
INFO  [01:18:36.357] [bbotk]         0      0            8.243    num_iterations=151
INFO  [01:18:36.357] [bbotk]         0      0           12.620    num_iterations=172
INFO  [01:18:36.357] [bbotk]         0      0           10.310    num_iterations=212
INFO  [01:18:36.357] [bbotk]         0      0            9.056    num_iterations=132
INFO  [01:18:36.357] [bbotk]         0      0            8.934    num_iterations=126
INFO  [01:18:36.357] [bbotk]         0      0            9.293    num_iterations=146
INFO  [01:18:36.357] [bbotk]         0      0            8.029     num_iterations=90
INFO  [01:18:36.357] [bbotk]         0      0            9.681    num_iterations=135
INFO  [01:18:36.357] [bbotk]         0      0            9.785    num_iterations=159
INFO  [01:18:36.357] [bbotk]         0      0            9.502    num_iterations=119
INFO  [01:18:36.357] [bbotk]         0      0            8.521     num_iterations=93
INFO  [01:18:36.357] [bbotk]         0      0            9.640    num_iterations=123
INFO  [01:18:36.357] [bbotk]         0      0           10.897    num_iterations=236
INFO  [01:18:36.357] [bbotk]         0      0            9.372    num_iterations=125
INFO  [01:18:36.357] [bbotk]         0      0            9.231    num_iterations=135
INFO  [01:18:36.357] [bbotk]         0      0            9.175    num_iterations=121
INFO  [01:18:36.357] [bbotk]         0      0            9.279    num_iterations=155
INFO  [01:18:36.357] [bbotk]         0      0           13.844    num_iterations=207
INFO  [01:18:36.357] [bbotk]         0      0            9.965    num_iterations=117
INFO  [01:18:36.357] [bbotk]         0      0            9.331    num_iterations=145
INFO  [01:18:36.357] [bbotk]         0      0            8.606    num_iterations=220
INFO  [01:18:36.357] [bbotk]         0      0           11.109    num_iterations=161
INFO  [01:18:36.357] [bbotk]         0      0           10.093    num_iterations=154
INFO  [01:18:36.357] [bbotk]         0      0            8.910     num_iterations=91
INFO  [01:18:36.357] [bbotk]         0      0            9.695    num_iterations=145
INFO  [01:18:36.357] [bbotk]         0      0           10.690    num_iterations=197
INFO  [01:18:36.357] [bbotk]         0      0           10.515    num_iterations=131
INFO  [01:18:36.357] [bbotk]         0      0           12.167    num_iterations=271
INFO  [01:18:36.357] [bbotk]         0      0            7.855    num_iterations=132
INFO  [01:18:36.357] [bbotk]         0      0            9.218     num_iterations=93
INFO  [01:18:36.357] [bbotk]         0      0           17.156    num_iterations=294
INFO  [01:18:36.357] [bbotk]         0      0           12.316    num_iterations=178
INFO  [01:18:36.357] [bbotk]         0      0           11.595    num_iterations=164
INFO  [01:18:36.357] [bbotk]         0      0            8.888    num_iterations=192
INFO  [01:18:36.357] [bbotk]         0      0            9.058    num_iterations=146
INFO  [01:18:36.357] [bbotk]  warnings errors runtime_learners internal_tuned_values
INFO  [01:18:36.888] [mlr3] Calling train method of fallback 'regr.ranger' on task 'surrogate_task' with 452 observations {learner: <LearnerRegrRanger/LearnerRegr/Learner/R6>}
INFO  [01:18:38.157] [mlr3] Calling train method of fallback 'regr.ranger' on task 'surrogate_task' with 453 observations {learner: <LearnerRegrRanger/LearnerRegr/Learner/R6>}
INFO  [01:18:39.358] [mlr3] Calling train method of fallback 'regr.ranger' on task 'surrogate_task' with 454 observations {learner: <LearnerRegrRanger/LearnerRegr/Learner/R6>}
INFO  [01:18:40.553] [mlr3] Calling train method of fallback 'regr.ranger' on task 'surrogate_task' with 455 observations {learner: <LearnerRegrRanger/LearnerRegr/Learner/R6>}
INFO  [01:18:42.002] [mlr3] Calling train method of fallback 'regr.ranger' on task 'surrogate_task' with 456 observations {learner: <LearnerRegrRanger/LearnerRegr/Learner/R6>}
INFO  [01:18:43.150] [mlr3] Calling train method of fallback 'regr.ranger' on task 'surrogate_task' with 457 observations {learner: <LearnerRegrRanger/LearnerRegr/Learner/R6>}
INFO  [01:18:44.350] [mlr3] Calling train method of fallback 'regr.ranger' on task 'surrogate_task' with 458 observations {learner: <LearnerRegrRanger/LearnerRegr/Learner/R6>}
INFO  [01:18:45.581] [mlr3] Calling train method of fallback 'regr.ranger' on task 'surrogate_task' with 459 observations {learner: <LearnerRegrRanger/LearnerRegr/Learner/R6>}
INFO  [01:18:46.794] [mlr3] Calling train method of fallback 'regr.ranger' on task 'surrogate_task' with 460 observations {learner: <LearnerRegrRanger/LearnerRegr/Learner/R6>}
INFO  [01:18:47.992] [mlr3] Calling train method of fallback 'regr.ranger' on task 'surrogate_task' with 461 observations {learner: <LearnerRegrRanger/LearnerRegr/Learner/R6>}
INFO  [01:18:49.197] [mlr3] Calling train method of fallback 'regr.ranger' on task 'surrogate_task' with 462 observations {learner: <LearnerRegrRanger/LearnerRegr/Learner/R6>}
INFO  [01:18:50.371] [mlr3] Calling train method of fallback 'regr.ranger' on task 'surrogate_task' with 463 observations {learner: <LearnerRegrRanger/LearnerRegr/Learner/R6>}
INFO  [01:18:51.581] [mlr3] Calling train method of fallback 'regr.ranger' on task 'surrogate_task' with 464 observations {learner: <LearnerRegrRanger/LearnerRegr/Learner/R6>}
INFO  [01:18:52.784] [mlr3] Calling train method of fallback 'regr.ranger' on task 'surrogate_task' with 465 observations {learner: <LearnerRegrRanger/LearnerRegr/Learner/R6>}
INFO  [01:18:54.012] [mlr3] Calling train method of fallback 'regr.ranger' on task 'surrogate_task' with 466 observations {learner: <LearnerRegrRanger/LearnerRegr/Learner/R6>}
INFO  [01:18:55.305] [mlr3] Calling train method of fallback 'regr.ranger' on task 'surrogate_task' with 467 observations {learner: <LearnerRegrRanger/LearnerRegr/Learner/R6>}
INFO  [01:18:56.553] [mlr3] Calling train method of fallback 'regr.ranger' on task 'surrogate_task' with 468 observations {learner: <LearnerRegrRanger/LearnerRegr/Learner/R6>}
INFO  [01:18:57.829] [mlr3] Calling train method of fallback 'regr.ranger' on task 'surrogate_task' with 469 observations {learner: <LearnerRegrRanger/LearnerRegr/Learner/R6>}
INFO  [01:18:59.055] [mlr3] Calling train method of fallback 'regr.ranger' on task 'surrogate_task' with 470 observations {learner: <LearnerRegrRanger/LearnerRegr/Learner/R6>}
INFO  [01:19:00.318] [mlr3] Calling train method of fallback 'regr.ranger' on task 'surrogate_task' with 471 observations {learner: <LearnerRegrRanger/LearnerRegr/Learner/R6>}
INFO  [01:19:01.589] [mlr3] Calling train method of fallback 'regr.ranger' on task 'surrogate_task' with 472 observations {learner: <LearnerRegrRanger/LearnerRegr/Learner/R6>}
INFO  [01:19:02.822] [mlr3] Calling train method of fallback 'regr.ranger' on task 'surrogate_task' with 473 observations {learner: <LearnerRegrRanger/LearnerRegr/Learner/R6>}
INFO  [01:19:04.105] [mlr3] Calling train method of fallback 'regr.ranger' on task 'surrogate_task' with 474 observations {learner: <LearnerRegrRanger/LearnerRegr/Learner/R6>}
INFO  [01:19:05.333] [mlr3] Calling train method of fallback 'regr.ranger' on task 'surrogate_task' with 475 observations {learner: <LearnerRegrRanger/LearnerRegr/Learner/R6>}
INFO  [01:19:06.602] [mlr3] Calling train method of fallback 'regr.ranger' on task 'surrogate_task' with 476 observations {learner: <LearnerRegrRanger/LearnerRegr/Learner/R6>}
INFO  [01:19:07.821] [mlr3] Calling train method of fallback 'regr.ranger' on task 'surrogate_task' with 477 observations {learner: <LearnerRegrRanger/LearnerRegr/Learner/R6>}
INFO  [01:19:09.022] [mlr3] Calling train method of fallback 'regr.ranger' on task 'surrogate_task' with 478 observations {learner: <LearnerRegrRanger/LearnerRegr/Learner/R6>}
INFO  [01:19:10.209] [mlr3] Calling train method of fallback 'regr.ranger' on task 'surrogate_task' with 479 observations {learner: <LearnerRegrRanger/LearnerRegr/Learner/R6>}
INFO  [01:19:11.432] [mlr3] Calling train method of fallback 'regr.ranger' on task 'surrogate_task' with 480 observations {learner: <LearnerRegrRanger/LearnerRegr/Learner/R6>}
INFO  [01:19:12.725] [mlr3] Calling train method of fallback 'regr.ranger' on task 'surrogate_task' with 481 observations {learner: <LearnerRegrRanger/LearnerRegr/Learner/R6>}
INFO  [01:19:14.001] [mlr3] Calling train method of fallback 'regr.ranger' on task 'surrogate_task' with 482 observations {learner: <LearnerRegrRanger/LearnerRegr/Learner/R6>}
INFO  [01:19:15.246] [mlr3] Calling train method of fallback 'regr.ranger' on task 'surrogate_task' with 483 observations {learner: <LearnerRegrRanger/LearnerRegr/Learner/R6>}
INFO  [01:19:16.550] [mlr3] Calling train method of fallback 'regr.ranger' on task 'surrogate_task' with 484 observations {learner: <LearnerRegrRanger/LearnerRegr/Learner/R6>}
INFO  [01:19:17.812] [mlr3] Calling train method of fallback 'regr.ranger' on task 'surrogate_task' with 485 observations {learner: <LearnerRegrRanger/LearnerRegr/Learner/R6>}
INFO  [01:19:19.081] [mlr3] Calling train method of fallback 'regr.ranger' on task 'surrogate_task' with 486 observations {learner: <LearnerRegrRanger/LearnerRegr/Learner/R6>}
INFO  [01:19:20.346] [mlr3] Calling train method of fallback 'regr.ranger' on task 'surrogate_task' with 487 observations {learner: <LearnerRegrRanger/LearnerRegr/Learner/R6>}
INFO  [01:19:21.636] [mlr3] Calling train method of fallback 'regr.ranger' on task 'surrogate_task' with 488 observations {learner: <LearnerRegrRanger/LearnerRegr/Learner/R6>}
INFO  [01:19:22.906] [mlr3] Calling train method of fallback 'regr.ranger' on task 'surrogate_task' with 489 observations {learner: <LearnerRegrRanger/LearnerRegr/Learner/R6>}
INFO  [01:19:24.176] [mlr3] Calling train method of fallback 'regr.ranger' on task 'surrogate_task' with 490 observations {learner: <LearnerRegrRanger/LearnerRegr/Learner/R6>}
INFO  [01:19:25.426] [mlr3] Calling train method of fallback 'regr.ranger' on task 'surrogate_task' with 491 observations {learner: <LearnerRegrRanger/LearnerRegr/Learner/R6>}
INFO  [01:19:26.714] [mlr3] Calling train method of fallback 'regr.ranger' on task 'surrogate_task' with 492 observations {learner: <LearnerRegrRanger/LearnerRegr/Learner/R6>}
INFO  [01:19:27.980] [mlr3] Calling train method of fallback 'regr.ranger' on task 'surrogate_task' with 493 observations {learner: <LearnerRegrRanger/LearnerRegr/Learner/R6>}
INFO  [01:19:29.306] [mlr3] Calling train method of fallback 'regr.ranger' on task 'surrogate_task' with 494 observations {learner: <LearnerRegrRanger/LearnerRegr/Learner/R6>}
INFO  [01:19:30.606] [mlr3] Calling train method of fallback 'regr.ranger' on task 'surrogate_task' with 495 observations {learner: <LearnerRegrRanger/LearnerRegr/Learner/R6>}
INFO  [01:19:31.882] [mlr3] Calling train method of fallback 'regr.ranger' on task 'surrogate_task' with 452 observations {learner: <LearnerRegrRanger/LearnerRegr/Learner/R6>}
INFO  [01:19:31.934] [bbotk] Finished optimizing after 452 evaluation(s)
INFO  [01:19:31.936] [bbotk] Result:
INFO  [01:19:31.939] [bbotk]  learning_rate num_leaves min_data_in_leaf feature_fraction extra_trees
INFO  [01:19:31.939] [bbotk]          <num>      <int>            <int>            <num>      <lgcl>
INFO  [01:19:31.939] [bbotk]      -2.090342         17                1        0.4437746       FALSE
INFO  [01:19:31.939] [bbotk]  lambda_l1  lambda_l2 min_gain_to_split internal_tuned_values
INFO  [01:19:31.939] [bbotk]      <num>      <num>             <num>                <list>
INFO  [01:19:31.939] [bbotk]   -1.58917 -0.8267598         -6.907755    num_iterations=214
INFO  [01:19:31.939] [bbotk]  learner_param_vals  x_domain classif.ce
INFO  [01:19:31.939] [bbotk]              <list>    <list>      <num>
INFO  [01:19:31.939] [bbotk]          <list[12]> <list[8]>  0.1227223
