Waiting for workers to connect... 110/448
Waiting for workers to connect... 127/448
Waiting for workers to connect... 144/448
Waiting for workers to connect... 163/448
Waiting for workers to connect... 182/448
Waiting for workers to connect... 202/448
Waiting for workers to connect... 213/448
Waiting for workers to connect... 232/448
Waiting for workers to connect... 250/448
Waiting for workers to connect... 267/448
Waiting for workers to connect... 284/448
Waiting for workers to connect... 301/448
Waiting for workers to connect... 325/448
Waiting for workers to connect... 344/448
Waiting for workers to connect... 360/448
Waiting for workers to connect... 375/448
Waiting for workers to connect... 390/448
Waiting for workers to connect... 407/448
Waiting for workers to connect... 433/448
Waiting for workers to connect... 448/448
INFO  [02:34:53.569] [bbotk] Starting to optimize 8 parameter(s) with '<OptimizerMbo>' and '<TerminatorRunTime> [secs=600]'
INFO  [02:34:53.733] [mlr3] Calling train method of fallback 'regr.ranger' on task 'surrogate_task' with 100 observations {learner: <LearnerRegrRanger/LearnerRegr/Learner/R6>}
INFO  [02:34:54.447] [mlr3] Calling train method of fallback 'regr.ranger' on task 'surrogate_task' with 101 observations {learner: <LearnerRegrRanger/LearnerRegr/Learner/R6>}
INFO  [02:34:55.064] [mlr3] Calling train method of fallback 'regr.ranger' on task 'surrogate_task' with 102 observations {learner: <LearnerRegrRanger/LearnerRegr/Learner/R6>}
INFO  [02:34:55.808] [mlr3] Calling train method of fallback 'regr.ranger' on task 'surrogate_task' with 103 observations {learner: <LearnerRegrRanger/LearnerRegr/Learner/R6>}
INFO  [02:34:56.619] [mlr3] Calling train method of fallback 'regr.ranger' on task 'surrogate_task' with 104 observations {learner: <LearnerRegrRanger/LearnerRegr/Learner/R6>}
INFO  [02:34:57.247] [mlr3] Calling train method of fallback 'regr.ranger' on task 'surrogate_task' with 105 observations {learner: <LearnerRegrRanger/LearnerRegr/Learner/R6>}
INFO  [02:34:57.885] [mlr3] Calling train method of fallback 'regr.ranger' on task 'surrogate_task' with 106 observations {learner: <LearnerRegrRanger/LearnerRegr/Learner/R6>}
INFO  [02:34:58.558] [mlr3] Calling train method of fallback 'regr.ranger' on task 'surrogate_task' with 107 observations {learner: <LearnerRegrRanger/LearnerRegr/Learner/R6>}
INFO  [02:34:59.178] [mlr3] Calling train method of fallback 'regr.ranger' on task 'surrogate_task' with 108 observations {learner: <LearnerRegrRanger/LearnerRegr/Learner/R6>}
INFO  [02:34:59.830] [mlr3] Calling train method of fallback 'regr.ranger' on task 'surrogate_task' with 109 observations {learner: <LearnerRegrRanger/LearnerRegr/Learner/R6>}
INFO  [02:35:00.481] [mlr3] Calling train method of fallback 'regr.ranger' on task 'surrogate_task' with 110 observations {learner: <LearnerRegrRanger/LearnerRegr/Learner/R6>}
INFO  [02:35:01.214] [mlr3] Calling train method of fallback 'regr.ranger' on task 'surrogate_task' with 111 observations {learner: <LearnerRegrRanger/LearnerRegr/Learner/R6>}
INFO  [02:35:01.879] [mlr3] Calling train method of fallback 'regr.ranger' on task 'surrogate_task' with 112 observations {learner: <LearnerRegrRanger/LearnerRegr/Learner/R6>}
INFO  [02:35:02.515] [mlr3] Calling train method of fallback 'regr.ranger' on task 'surrogate_task' with 113 observations {learner: <LearnerRegrRanger/LearnerRegr/Learner/R6>}
INFO  [02:35:03.187] [mlr3] Calling train method of fallback 'regr.ranger' on task 'surrogate_task' with 114 observations {learner: <LearnerRegrRanger/LearnerRegr/Learner/R6>}
INFO  [02:35:03.845] [mlr3] Calling train method of fallback 'regr.ranger' on task 'surrogate_task' with 115 observations {learner: <LearnerRegrRanger/LearnerRegr/Learner/R6>}
INFO  [02:35:04.504] [mlr3] Calling train method of fallback 'regr.ranger' on task 'surrogate_task' with 116 observations {learner: <LearnerRegrRanger/LearnerRegr/Learner/R6>}
INFO  [02:35:05.241] [mlr3] Calling train method of fallback 'regr.ranger' on task 'surrogate_task' with 117 observations {learner: <LearnerRegrRanger/LearnerRegr/Learner/R6>}
INFO  [02:35:05.939] [mlr3] Calling train method of fallback 'regr.ranger' on task 'surrogate_task' with 118 observations {learner: <LearnerRegrRanger/LearnerRegr/Learner/R6>}
INFO  [02:35:06.597] [mlr3] Calling train method of fallback 'regr.ranger' on task 'surrogate_task' with 119 observations {learner: <LearnerRegrRanger/LearnerRegr/Learner/R6>}
INFO  [02:35:07.259] [mlr3] Calling train method of fallback 'regr.ranger' on task 'surrogate_task' with 120 observations {learner: <LearnerRegrRanger/LearnerRegr/Learner/R6>}
INFO  [02:35:07.924] [mlr3] Calling train method of fallback 'regr.ranger' on task 'surrogate_task' with 121 observations {learner: <LearnerRegrRanger/LearnerRegr/Learner/R6>}
INFO  [02:35:08.580] [mlr3] Calling train method of fallback 'regr.ranger' on task 'surrogate_task' with 122 observations {learner: <LearnerRegrRanger/LearnerRegr/Learner/R6>}
INFO  [02:35:09.240] [mlr3] Calling train method of fallback 'regr.ranger' on task 'surrogate_task' with 123 observations {learner: <LearnerRegrRanger/LearnerRegr/Learner/R6>}
INFO  [02:35:09.880] [mlr3] Calling train method of fallback 'regr.ranger' on task 'surrogate_task' with 124 observations {learner: <LearnerRegrRanger/LearnerRegr/Learner/R6>}
INFO  [02:35:10.556] [mlr3] Calling train method of fallback 'regr.ranger' on task 'surrogate_task' with 125 observations {learner: <LearnerRegrRanger/LearnerRegr/Learner/R6>}
INFO  [02:35:11.253] [mlr3] Calling train method of fallback 'regr.ranger' on task 'surrogate_task' with 126 observations {learner: <LearnerRegrRanger/LearnerRegr/Learner/R6>}
INFO  [02:35:11.906] [mlr3] Calling train method of fallback 'regr.ranger' on task 'surrogate_task' with 127 observations {learner: <LearnerRegrRanger/LearnerRegr/Learner/R6>}
INFO  [02:35:12.662] [mlr3] Calling train method of fallback 'regr.ranger' on task 'surrogate_task' with 128 observations {learner: <LearnerRegrRanger/LearnerRegr/Learner/R6>}
INFO  [02:35:13.381] [mlr3] Calling train method of fallback 'regr.ranger' on task 'surrogate_task' with 129 observations {learner: <LearnerRegrRanger/LearnerRegr/Learner/R6>}
INFO  [02:35:14.061] [mlr3] Calling train method of fallback 'regr.ranger' on task 'surrogate_task' with 130 observations {learner: <LearnerRegrRanger/LearnerRegr/Learner/R6>}
INFO  [02:35:14.785] [mlr3] Calling train method of fallback 'regr.ranger' on task 'surrogate_task' with 131 observations {learner: <LearnerRegrRanger/LearnerRegr/Learner/R6>}
INFO  [02:35:15.508] [mlr3] Calling train method of fallback 'regr.ranger' on task 'surrogate_task' with 132 observations {learner: <LearnerRegrRanger/LearnerRegr/Learner/R6>}
INFO  [02:35:16.155] [mlr3] Calling train method of fallback 'regr.ranger' on task 'surrogate_task' with 133 observations {learner: <LearnerRegrRanger/LearnerRegr/Learner/R6>}
INFO  [02:35:16.868] [mlr3] Calling train method of fallback 'regr.ranger' on task 'surrogate_task' with 134 observations {learner: <LearnerRegrRanger/LearnerRegr/Learner/R6>}
INFO  [02:35:17.556] [mlr3] Calling train method of fallback 'regr.ranger' on task 'surrogate_task' with 135 observations {learner: <LearnerRegrRanger/LearnerRegr/Learner/R6>}
INFO  [02:35:18.294] [mlr3] Calling train method of fallback 'regr.ranger' on task 'surrogate_task' with 136 observations {learner: <LearnerRegrRanger/LearnerRegr/Learner/R6>}
INFO  [02:35:18.956] [mlr3] Calling train method of fallback 'regr.ranger' on task 'surrogate_task' with 137 observations {learner: <LearnerRegrRanger/LearnerRegr/Learner/R6>}
INFO  [02:35:19.702] [mlr3] Calling train method of fallback 'regr.ranger' on task 'surrogate_task' with 138 observations {learner: <LearnerRegrRanger/LearnerRegr/Learner/R6>}
INFO  [02:35:20.464] [mlr3] Calling train method of fallback 'regr.ranger' on task 'surrogate_task' with 139 observations {learner: <LearnerRegrRanger/LearnerRegr/Learner/R6>}
INFO  [02:35:21.139] [mlr3] Calling train method of fallback 'regr.ranger' on task 'surrogate_task' with 140 observations {learner: <LearnerRegrRanger/LearnerRegr/Learner/R6>}
INFO  [02:35:21.843] [mlr3] Calling train method of fallback 'regr.ranger' on task 'surrogate_task' with 141 observations {learner: <LearnerRegrRanger/LearnerRegr/Learner/R6>}
INFO  [02:35:22.486] [mlr3] Calling train method of fallback 'regr.ranger' on task 'surrogate_task' with 142 observations {learner: <LearnerRegrRanger/LearnerRegr/Learner/R6>}
INFO  [02:35:23.169] [mlr3] Calling train method of fallback 'regr.ranger' on task 'surrogate_task' with 143 observations {learner: <LearnerRegrRanger/LearnerRegr/Learner/R6>}
INFO  [02:35:23.842] [bbotk] Evaluating 44 configuration(s)
INFO  [02:35:23.965] [mlr3] Running benchmark with 440 resampling iterations
INFO  [02:35:29.557] [mlr3] Finished benchmark
INFO  [02:35:31.040] [bbotk] Result of batch 2:
INFO  [02:35:31.048] [bbotk]  learning_rate num_leaves min_data_in_leaf feature_fraction extra_trees
INFO  [02:35:31.048] [bbotk]    -0.17656098        246               22        0.8708249        TRUE
INFO  [02:35:31.048] [bbotk]    -0.04565901         50                9        0.3833002        TRUE
INFO  [02:35:31.048] [bbotk]    -0.01644796         51               25        0.7141919        TRUE
INFO  [02:35:31.048] [bbotk]     0.00000000         43               23        0.7631661        TRUE
INFO  [02:35:31.048] [bbotk]    -0.17370434         80               21        0.7164473        TRUE
INFO  [02:35:31.048] [bbotk]    -0.12128219         47              139        0.7293544        TRUE
INFO  [02:35:31.048] [bbotk]    -0.35393948         41               20        0.7344104        TRUE
INFO  [02:35:31.048] [bbotk]    -0.20672835         47               29        0.7212244        TRUE
INFO  [02:35:31.048] [bbotk]    -0.17100036         50               21        0.7208979        TRUE
INFO  [02:35:31.048] [bbotk]    -0.17159738        193               26        0.4886969        TRUE
INFO  [02:35:31.048] [bbotk]    -0.23840022        129              136        0.8959826       FALSE
INFO  [02:35:31.048] [bbotk]    -0.93112718        251              123        0.7177802       FALSE
INFO  [02:35:31.048] [bbotk]    -0.17180553         49               23        0.7181524        TRUE
INFO  [02:35:31.048] [bbotk]    -0.86983186        115               23        0.2662856        TRUE
INFO  [02:35:31.048] [bbotk]    -0.83024278         34               35        0.7017403        TRUE
INFO  [02:35:31.048] [bbotk]    -0.35155750         51               24        0.7243495       FALSE
INFO  [02:35:31.048] [bbotk]    -1.11988217         60              199        0.6947641       FALSE
INFO  [02:35:31.048] [bbotk]    -0.20252233         10               17        0.4923213        TRUE
INFO  [02:35:31.048] [bbotk]     0.00000000         61              185        0.1185154        TRUE
INFO  [02:35:31.048] [bbotk]    -0.96043526         71               49        0.5645900        TRUE
INFO  [02:35:31.048] [bbotk]    -1.07204907        163               15        0.1975225       FALSE
INFO  [02:35:31.048] [bbotk]    -0.20779050        177              136        0.7224868       FALSE
INFO  [02:35:31.048] [bbotk]    -1.57717620         49              186        0.7195867       FALSE
INFO  [02:35:31.048] [bbotk]    -1.12423370         66               22        0.8118773       FALSE
INFO  [02:35:31.048] [bbotk]     0.00000000         10              133        0.4172342       FALSE
INFO  [02:35:31.048] [bbotk]    -1.46216140         52              105        0.5368682        TRUE
INFO  [02:35:31.048] [bbotk]    -0.07279271        207               86        0.8504115       FALSE
INFO  [02:35:31.048] [bbotk]    -0.18342659         50               55        0.4173980       FALSE
INFO  [02:35:31.048] [bbotk]    -0.17694985        113               22        0.7830009        TRUE
INFO  [02:35:31.048] [bbotk]    -0.79300789         10               23        1.0000000        TRUE
INFO  [02:35:31.048] [bbotk]    -0.56056951        149              126        0.7144626       FALSE
INFO  [02:35:31.048] [bbotk]    -0.17799510        201              200        0.3133772       FALSE
INFO  [02:35:31.048] [bbotk]    -0.17340735        228               94        0.8172682        TRUE
INFO  [02:35:31.048] [bbotk]    -1.42515603        202              106        0.4035421       FALSE
INFO  [02:35:31.048] [bbotk]    -1.09283160        181               41        0.7179029       FALSE
INFO  [02:35:31.048] [bbotk]    -2.05011325         42               24        0.3660655       FALSE
INFO  [02:35:31.048] [bbotk]    -1.56069877        205                5        0.7215858        TRUE
INFO  [02:35:31.048] [bbotk]    -0.16013462         10              190        0.9732600       FALSE
INFO  [02:35:31.048] [bbotk]    -0.48916202         34              184        0.7945735       FALSE
INFO  [02:35:31.048] [bbotk]    -1.38552347        196               57        0.5309137        TRUE
INFO  [02:35:31.048] [bbotk]    -1.02078128        137               97        0.9148308        TRUE
INFO  [02:35:31.048] [bbotk]    -0.30037134        126               23        0.4142193       FALSE
INFO  [02:35:31.048] [bbotk]     0.00000000         18              144        0.6487170        TRUE
INFO  [02:35:31.048] [bbotk]    -0.44955254        204              191        0.7181048        TRUE
INFO  [02:35:31.048] [bbotk]  learning_rate num_leaves min_data_in_leaf feature_fraction extra_trees
INFO  [02:35:31.048] [bbotk]   lambda_l1  lambda_l2 min_gain_to_split    acq_cb timestamp_surrogate
INFO  [02:35:31.048] [bbotk]  -6.9077553 -6.7847438         -6.867966 -5.549381 2026-09-10 02:34:53
INFO  [02:35:31.048] [bbotk]  -6.0034991 -6.0259721         -6.193743 -5.560130 2026-09-10 02:34:54
INFO  [02:35:31.048] [bbotk]  -6.2225099 -5.9512985         -6.104791 -5.375385 2026-09-10 02:34:54
INFO  [02:35:31.048] [bbotk]  -6.1049841 -2.2105335         -6.379014 -4.401768 2026-09-10 02:34:55
INFO  [02:35:31.048] [bbotk]  -6.0842794  2.5052996         -4.689341 -3.755162 2026-09-10 02:34:56
INFO  [02:35:31.048] [bbotk]  -6.0308192 -6.3484456         -4.509066 -4.559969 2026-09-10 02:34:57
INFO  [02:35:31.048] [bbotk]  -6.0549115 -6.0564381         -3.665435 -4.030196 2026-09-10 02:34:57
INFO  [02:35:31.048] [bbotk]  -5.6150783 -5.2391350         -4.837192 -3.675639 2026-09-10 02:34:58
INFO  [02:35:31.048] [bbotk]  -2.4267869 -5.8944602         -6.218307 -3.703876 2026-09-10 02:34:59
INFO  [02:35:31.048] [bbotk]  -2.8421779 -6.1744836         -6.152942 -3.370584 2026-09-10 02:34:59
INFO  [02:35:31.048] [bbotk]  -5.9479484 -0.2338888         -6.184670 -3.073030 2026-09-10 02:35:00
INFO  [02:35:31.048] [bbotk]  -4.2933868 -5.9735952         -6.140633 -3.120776 2026-09-10 02:35:01
INFO  [02:35:31.048] [bbotk]  -1.3275870  0.7888178         -6.149902 -2.969765 2026-09-10 02:35:01
INFO  [02:35:31.048] [bbotk]  -0.2953375 -5.9382046         -6.342332 -2.981107 2026-09-10 02:35:02
INFO  [02:35:31.048] [bbotk]  -6.9077553 -5.4758918         -6.143098 -3.121074 2026-09-10 02:35:03
INFO  [02:35:31.048] [bbotk]  -6.9077553 -3.9604670         -6.152183 -2.820003 2026-09-10 02:35:03
INFO  [02:35:31.048] [bbotk]  -6.0371105 -0.9779848         -5.527352 -3.046445 2026-09-10 02:35:04
INFO  [02:35:31.048] [bbotk]  -6.6094019 -6.0139806         -6.346294 -2.779650 2026-09-10 02:35:05
INFO  [02:35:31.048] [bbotk]  -6.4876171 -6.0186579         -6.692434 -2.352733 2026-09-10 02:35:05
INFO  [02:35:31.048] [bbotk]  -6.0263112 -0.9073824         -4.372571 -2.541983 2026-09-10 02:35:06
INFO  [02:35:31.048] [bbotk]  -5.9873326 -5.7624139         -5.823701 -2.529944 2026-09-10 02:35:07
INFO  [02:35:31.048] [bbotk]  -0.9251173  3.0578408         -4.264757 -2.242117 2026-09-10 02:35:07
INFO  [02:35:31.048] [bbotk]  -6.0484206 -6.9077553         -6.734953 -2.461477 2026-09-10 02:35:08
INFO  [02:35:31.048] [bbotk]  -1.4203404 -5.9595862         -4.000566 -2.833442 2026-09-10 02:35:09
INFO  [02:35:31.048] [bbotk]   0.3846415  5.3881134         -6.165361 -2.492025 2026-09-10 02:35:09
INFO  [02:35:31.048] [bbotk]  -6.0490341  3.8499133         -4.767233 -2.343860 2026-09-10 02:35:10
INFO  [02:35:31.048] [bbotk]  -6.0249600 -4.2948167         -6.907755 -2.336989 2026-09-10 02:35:11
INFO  [02:35:31.048] [bbotk]   0.6710826 -5.3910927         -5.220615 -2.477889 2026-09-10 02:35:11
INFO  [02:35:31.048] [bbotk]   0.8083688 -6.9077553         -5.176856 -2.341580 2026-09-10 02:35:12
INFO  [02:35:31.048] [bbotk]  -4.2166506  3.7541138         -6.206014 -2.317361 2026-09-10 02:35:13
INFO  [02:35:31.048] [bbotk]  -2.2006272  3.7495531         -6.204597 -2.124608 2026-09-10 02:35:13
INFO  [02:35:31.048] [bbotk]   1.1314713  0.1364644         -6.140073 -2.121027 2026-09-10 02:35:14
INFO  [02:35:31.048] [bbotk]   0.2268323  2.6232324         -4.724818 -2.312265 2026-09-10 02:35:15
INFO  [02:35:31.048] [bbotk]  -4.4386314 -5.9469277         -4.173711 -2.354291 2026-09-10 02:35:16
INFO  [02:35:31.048] [bbotk]  -0.5602382 -0.2852961         -3.468742 -2.119684 2026-09-10 02:35:16
INFO  [02:35:31.048] [bbotk]  -6.9077553 -5.9550145         -4.785634 -2.615787 2026-09-10 02:35:17
INFO  [02:35:31.048] [bbotk]  -6.0380014  3.3882668         -6.158199 -2.585725 2026-09-10 02:35:18
INFO  [02:35:31.048] [bbotk]  -6.0440742  3.8197357         -6.158318 -2.657526 2026-09-10 02:35:18
INFO  [02:35:31.048] [bbotk]  -5.6327244 -4.3245672         -3.143728 -1.931834 2026-09-10 02:35:19
INFO  [02:35:31.048] [bbotk]  -1.2754535  0.1841468         -6.160627 -2.328941 2026-09-10 02:35:20
INFO  [02:35:31.048] [bbotk]  -3.4309495  4.0382139         -3.077616 -1.926098 2026-09-10 02:35:21
INFO  [02:35:31.048] [bbotk]  -1.7730116 -2.2806395         -5.087180 -1.977374 2026-09-10 02:35:21
INFO  [02:35:31.048] [bbotk]   0.8632677 -6.5927952         -6.907755 -1.908869 2026-09-10 02:35:22
INFO  [02:35:31.048] [bbotk]  -0.1457547  3.7679196         -2.915838 -1.953331 2026-09-10 02:35:23
INFO  [02:35:31.048] [bbotk]   lambda_l1  lambda_l2 min_gain_to_split    acq_cb timestamp_surrogate
INFO  [02:35:31.048] [bbotk]  timestamp_acq_function timestamp_acq_optimizer      timestamp_loop classif.ce
INFO  [02:35:31.048] [bbotk]     2026-09-10 02:34:53     2026-09-10 02:34:53 2026-09-10 02:34:54      0.206
INFO  [02:35:31.048] [bbotk]     2026-09-10 02:34:54     2026-09-10 02:34:54 2026-09-10 02:34:54      0.226
INFO  [02:35:31.048] [bbotk]     2026-09-10 02:34:55     2026-09-10 02:34:55 2026-09-10 02:34:55      0.208
INFO  [02:35:31.048] [bbotk]     2026-09-10 02:34:55     2026-09-10 02:34:55 2026-09-10 02:34:56      0.192
INFO  [02:35:31.048] [bbotk]     2026-09-10 02:34:56     2026-09-10 02:34:56 2026-09-10 02:34:57      0.206
INFO  [02:35:31.048] [bbotk]     2026-09-10 02:34:57     2026-09-10 02:34:57 2026-09-10 02:34:57      0.212
INFO  [02:35:31.048] [bbotk]     2026-09-10 02:34:57     2026-09-10 02:34:57 2026-09-10 02:34:58      0.211
INFO  [02:35:31.048] [bbotk]     2026-09-10 02:34:58     2026-09-10 02:34:58 2026-09-10 02:34:59      0.208
INFO  [02:35:31.048] [bbotk]     2026-09-10 02:34:59     2026-09-10 02:34:59 2026-09-10 02:34:59      0.214
INFO  [02:35:31.048] [bbotk]     2026-09-10 02:34:59     2026-09-10 02:34:59 2026-09-10 02:35:00      0.216
INFO  [02:35:31.048] [bbotk]     2026-09-10 02:35:00     2026-09-10 02:35:00 2026-09-10 02:35:01      0.216
INFO  [02:35:31.048] [bbotk]     2026-09-10 02:35:01     2026-09-10 02:35:01 2026-09-10 02:35:01      0.214
INFO  [02:35:31.048] [bbotk]     2026-09-10 02:35:01     2026-09-10 02:35:01 2026-09-10 02:35:02      0.202
INFO  [02:35:31.048] [bbotk]     2026-09-10 02:35:02     2026-09-10 02:35:02 2026-09-10 02:35:03      0.209
INFO  [02:35:31.048] [bbotk]     2026-09-10 02:35:03     2026-09-10 02:35:03 2026-09-10 02:35:03      0.199
INFO  [02:35:31.048] [bbotk]     2026-09-10 02:35:03     2026-09-10 02:35:03 2026-09-10 02:35:04      0.225
INFO  [02:35:31.048] [bbotk]     2026-09-10 02:35:04     2026-09-10 02:35:04 2026-09-10 02:35:05      0.211
INFO  [02:35:31.048] [bbotk]     2026-09-10 02:35:05     2026-09-10 02:35:05 2026-09-10 02:35:05      0.207
INFO  [02:35:31.048] [bbotk]     2026-09-10 02:35:05     2026-09-10 02:35:05 2026-09-10 02:35:06      0.240
INFO  [02:35:31.048] [bbotk]     2026-09-10 02:35:06     2026-09-10 02:35:06 2026-09-10 02:35:07      0.209
INFO  [02:35:31.048] [bbotk]     2026-09-10 02:35:07     2026-09-10 02:35:07 2026-09-10 02:35:07      0.241
INFO  [02:35:31.048] [bbotk]     2026-09-10 02:35:07     2026-09-10 02:35:07 2026-09-10 02:35:08      0.222
INFO  [02:35:31.048] [bbotk]     2026-09-10 02:35:08     2026-09-10 02:35:08 2026-09-10 02:35:09      0.223
INFO  [02:35:31.048] [bbotk]     2026-09-10 02:35:09     2026-09-10 02:35:09 2026-09-10 02:35:09      0.216
INFO  [02:35:31.048] [bbotk]     2026-09-10 02:35:09     2026-09-10 02:35:09 2026-09-10 02:35:10      0.225
INFO  [02:35:31.048] [bbotk]     2026-09-10 02:35:10     2026-09-10 02:35:10 2026-09-10 02:35:11      0.221
INFO  [02:35:31.048] [bbotk]     2026-09-10 02:35:11     2026-09-10 02:35:11 2026-09-10 02:35:11      0.216
INFO  [02:35:31.048] [bbotk]     2026-09-10 02:35:11     2026-09-10 02:35:11 2026-09-10 02:35:12      0.214
INFO  [02:35:31.048] [bbotk]     2026-09-10 02:35:12     2026-09-10 02:35:12 2026-09-10 02:35:13      0.239
INFO  [02:35:31.048] [bbotk]     2026-09-10 02:35:13     2026-09-10 02:35:13 2026-09-10 02:35:13      0.207
INFO  [02:35:31.048] [bbotk]     2026-09-10 02:35:14     2026-09-10 02:35:14 2026-09-10 02:35:14      0.223
INFO  [02:35:31.048] [bbotk]     2026-09-10 02:35:14     2026-09-10 02:35:14 2026-09-10 02:35:15      0.217
INFO  [02:35:31.048] [bbotk]     2026-09-10 02:35:15     2026-09-10 02:35:15 2026-09-10 02:35:16      0.224
INFO  [02:35:31.048] [bbotk]     2026-09-10 02:35:16     2026-09-10 02:35:16 2026-09-10 02:35:16      0.219
INFO  [02:35:31.048] [bbotk]     2026-09-10 02:35:16     2026-09-10 02:35:16 2026-09-10 02:35:17      0.209
INFO  [02:35:31.048] [bbotk]     2026-09-10 02:35:17     2026-09-10 02:35:17 2026-09-10 02:35:18      0.222
INFO  [02:35:31.048] [bbotk]     2026-09-10 02:35:18     2026-09-10 02:35:18 2026-09-10 02:35:18      0.214
INFO  [02:35:31.048] [bbotk]     2026-09-10 02:35:18     2026-09-10 02:35:18 2026-09-10 02:35:19      0.223
INFO  [02:35:31.048] [bbotk]     2026-09-10 02:35:19     2026-09-10 02:35:19 2026-09-10 02:35:20      0.214
INFO  [02:35:31.048] [bbotk]     2026-09-10 02:35:20     2026-09-10 02:35:20 2026-09-10 02:35:21      0.214
INFO  [02:35:31.048] [bbotk]     2026-09-10 02:35:21     2026-09-10 02:35:21 2026-09-10 02:35:21      0.224
INFO  [02:35:31.048] [bbotk]     2026-09-10 02:35:21     2026-09-10 02:35:21 2026-09-10 02:35:22      0.232
INFO  [02:35:31.048] [bbotk]     2026-09-10 02:35:22     2026-09-10 02:35:22 2026-09-10 02:35:23      0.219
INFO  [02:35:31.048] [bbotk]     2026-09-10 02:35:23     2026-09-10 02:35:23 2026-09-10 02:35:23      0.226
INFO  [02:35:31.048] [bbotk]  timestamp_acq_function timestamp_acq_optimizer      timestamp_loop classif.ce
INFO  [02:35:31.048] [bbotk]  warnings errors runtime_learners internal_tuned_values
INFO  [02:35:31.048] [bbotk]         0      0            1.292     num_iterations=29
INFO  [02:35:31.048] [bbotk]         0      0            1.124     num_iterations=36
INFO  [02:35:31.048] [bbotk]         0      0            1.132     num_iterations=30
INFO  [02:35:31.048] [bbotk]         0      0            1.159     num_iterations=61
INFO  [02:35:31.048] [bbotk]         0      0            1.110     num_iterations=55
INFO  [02:35:31.048] [bbotk]         0      0            1.048     num_iterations=43
INFO  [02:35:31.048] [bbotk]         0      0            1.076     num_iterations=26
INFO  [02:35:31.048] [bbotk]         0      0            1.106     num_iterations=34
INFO  [02:35:31.048] [bbotk]         0      0            1.105     num_iterations=25
INFO  [02:35:31.048] [bbotk]         0      0            1.302     num_iterations=39
INFO  [02:35:31.048] [bbotk]         0      0            1.121     num_iterations=53
INFO  [02:35:31.048] [bbotk]         0      0            1.280     num_iterations=53
INFO  [02:35:31.048] [bbotk]         0      0            1.167     num_iterations=49
INFO  [02:35:31.048] [bbotk]         0      0            1.061     num_iterations=47
INFO  [02:35:31.048] [bbotk]         0      0            1.158     num_iterations=48
INFO  [02:35:31.048] [bbotk]         0      0            1.119     num_iterations=15
INFO  [02:35:31.048] [bbotk]         0      0            1.114     num_iterations=34
INFO  [02:35:31.048] [bbotk]         0      0            1.226     num_iterations=53
INFO  [02:35:31.048] [bbotk]         0      0            1.217     num_iterations=65
INFO  [02:35:31.048] [bbotk]         0      0            1.237     num_iterations=75
INFO  [02:35:31.048] [bbotk]         0      0            1.406     num_iterations=36
INFO  [02:35:31.048] [bbotk]         0      0            1.284     num_iterations=44
INFO  [02:35:31.048] [bbotk]         0      0            1.221     num_iterations=44
INFO  [02:35:31.048] [bbotk]         0      0            1.232     num_iterations=21
INFO  [02:35:31.048] [bbotk]         0      0            1.145     num_iterations=51
INFO  [02:35:31.048] [bbotk]         0      0            1.469    num_iterations=122
INFO  [02:35:31.048] [bbotk]         0      0            1.363     num_iterations=24
INFO  [02:35:31.048] [bbotk]         0      0            1.179     num_iterations=14
INFO  [02:35:31.048] [bbotk]         0      0            1.285     num_iterations=21
INFO  [02:35:31.048] [bbotk]         0      0            1.422     num_iterations=43
INFO  [02:35:31.048] [bbotk]         0      0            1.482     num_iterations=40
INFO  [02:35:31.048] [bbotk]         0      0            1.506     num_iterations=15
INFO  [02:35:31.048] [bbotk]         0      0            1.327     num_iterations=29
INFO  [02:35:31.048] [bbotk]         0      0            1.526     num_iterations=68
INFO  [02:35:31.048] [bbotk]         0      0            1.527     num_iterations=26
INFO  [02:35:31.048] [bbotk]         0      0            1.629     num_iterations=38
INFO  [02:35:31.048] [bbotk]         0      0            1.773     num_iterations=59
INFO  [02:35:31.048] [bbotk]         0      0            1.381     num_iterations=22
INFO  [02:35:31.048] [bbotk]         0      0            2.008     num_iterations=31
INFO  [02:35:31.048] [bbotk]         0      0            1.713     num_iterations=72
INFO  [02:35:31.048] [bbotk]         0      0            1.509     num_iterations=88
INFO  [02:35:31.048] [bbotk]         0      0            1.552     num_iterations=16
INFO  [02:35:31.048] [bbotk]         0      0            1.417     num_iterations=43
INFO  [02:35:31.048] [bbotk]         0      0            1.419     num_iterations=28
INFO  [02:35:31.048] [bbotk]  warnings errors runtime_learners internal_tuned_values
INFO  [02:35:31.192] [mlr3] Calling train method of fallback 'regr.ranger' on task 'surrogate_task' with 144 observations {learner: <LearnerRegrRanger/LearnerRegr/Learner/R6>}
INFO  [02:35:31.985] [mlr3] Calling train method of fallback 'regr.ranger' on task 'surrogate_task' with 145 observations {learner: <LearnerRegrRanger/LearnerRegr/Learner/R6>}
INFO  [02:35:32.722] [mlr3] Calling train method of fallback 'regr.ranger' on task 'surrogate_task' with 146 observations {learner: <LearnerRegrRanger/LearnerRegr/Learner/R6>}
INFO  [02:35:33.422] [mlr3] Calling train method of fallback 'regr.ranger' on task 'surrogate_task' with 147 observations {learner: <LearnerRegrRanger/LearnerRegr/Learner/R6>}
INFO  [02:35:34.144] [mlr3] Calling train method of fallback 'regr.ranger' on task 'surrogate_task' with 148 observations {learner: <LearnerRegrRanger/LearnerRegr/Learner/R6>}
INFO  [02:35:34.857] [mlr3] Calling train method of fallback 'regr.ranger' on task 'surrogate_task' with 149 observations {learner: <LearnerRegrRanger/LearnerRegr/Learner/R6>}
INFO  [02:35:35.580] [mlr3] Calling train method of fallback 'regr.ranger' on task 'surrogate_task' with 150 observations {learner: <LearnerRegrRanger/LearnerRegr/Learner/R6>}
INFO  [02:35:36.276] [mlr3] Calling train method of fallback 'regr.ranger' on task 'surrogate_task' with 151 observations {learner: <LearnerRegrRanger/LearnerRegr/Learner/R6>}
INFO  [02:35:36.946] [mlr3] Calling train method of fallback 'regr.ranger' on task 'surrogate_task' with 152 observations {learner: <LearnerRegrRanger/LearnerRegr/Learner/R6>}
INFO  [02:35:37.625] [mlr3] Calling train method of fallback 'regr.ranger' on task 'surrogate_task' with 153 observations {learner: <LearnerRegrRanger/LearnerRegr/Learner/R6>}
INFO  [02:35:38.355] [mlr3] Calling train method of fallback 'regr.ranger' on task 'surrogate_task' with 154 observations {learner: <LearnerRegrRanger/LearnerRegr/Learner/R6>}
INFO  [02:35:39.098] [mlr3] Calling train method of fallback 'regr.ranger' on task 'surrogate_task' with 155 observations {learner: <LearnerRegrRanger/LearnerRegr/Learner/R6>}
INFO  [02:35:39.779] [mlr3] Calling train method of fallback 'regr.ranger' on task 'surrogate_task' with 156 observations {learner: <LearnerRegrRanger/LearnerRegr/Learner/R6>}
INFO  [02:35:40.512] [mlr3] Calling train method of fallback 'regr.ranger' on task 'surrogate_task' with 157 observations {learner: <LearnerRegrRanger/LearnerRegr/Learner/R6>}
INFO  [02:35:41.219] [mlr3] Calling train method of fallback 'regr.ranger' on task 'surrogate_task' with 158 observations {learner: <LearnerRegrRanger/LearnerRegr/Learner/R6>}
INFO  [02:35:41.909] [mlr3] Calling train method of fallback 'regr.ranger' on task 'surrogate_task' with 159 observations {learner: <LearnerRegrRanger/LearnerRegr/Learner/R6>}
INFO  [02:35:42.617] [mlr3] Calling train method of fallback 'regr.ranger' on task 'surrogate_task' with 160 observations {learner: <LearnerRegrRanger/LearnerRegr/Learner/R6>}
INFO  [02:35:43.391] [mlr3] Calling train method of fallback 'regr.ranger' on task 'surrogate_task' with 161 observations {learner: <LearnerRegrRanger/LearnerRegr/Learner/R6>}
INFO  [02:35:44.568] [mlr3] Calling train method of fallback 'regr.ranger' on task 'surrogate_task' with 162 observations {learner: <LearnerRegrRanger/LearnerRegr/Learner/R6>}
INFO  [02:35:45.294] [mlr3] Calling train method of fallback 'regr.ranger' on task 'surrogate_task' with 163 observations {learner: <LearnerRegrRanger/LearnerRegr/Learner/R6>}
INFO  [02:35:46.040] [mlr3] Calling train method of fallback 'regr.ranger' on task 'surrogate_task' with 164 observations {learner: <LearnerRegrRanger/LearnerRegr/Learner/R6>}
INFO  [02:35:46.766] [mlr3] Calling train method of fallback 'regr.ranger' on task 'surrogate_task' with 165 observations {learner: <LearnerRegrRanger/LearnerRegr/Learner/R6>}
INFO  [02:35:47.486] [mlr3] Calling train method of fallback 'regr.ranger' on task 'surrogate_task' with 166 observations {learner: <LearnerRegrRanger/LearnerRegr/Learner/R6>}
INFO  [02:35:48.196] [mlr3] Calling train method of fallback 'regr.ranger' on task 'surrogate_task' with 167 observations {learner: <LearnerRegrRanger/LearnerRegr/Learner/R6>}
INFO  [02:35:48.928] [mlr3] Calling train method of fallback 'regr.ranger' on task 'surrogate_task' with 168 observations {learner: <LearnerRegrRanger/LearnerRegr/Learner/R6>}
INFO  [02:35:49.642] [mlr3] Calling train method of fallback 'regr.ranger' on task 'surrogate_task' with 169 observations {learner: <LearnerRegrRanger/LearnerRegr/Learner/R6>}
INFO  [02:35:50.421] [mlr3] Calling train method of fallback 'regr.ranger' on task 'surrogate_task' with 170 observations {learner: <LearnerRegrRanger/LearnerRegr/Learner/R6>}
INFO  [02:35:51.121] [mlr3] Calling train method of fallback 'regr.ranger' on task 'surrogate_task' with 171 observations {learner: <LearnerRegrRanger/LearnerRegr/Learner/R6>}
INFO  [02:35:51.827] [mlr3] Calling train method of fallback 'regr.ranger' on task 'surrogate_task' with 172 observations {learner: <LearnerRegrRanger/LearnerRegr/Learner/R6>}
INFO  [02:35:52.550] [mlr3] Calling train method of fallback 'regr.ranger' on task 'surrogate_task' with 173 observations {learner: <LearnerRegrRanger/LearnerRegr/Learner/R6>}
INFO  [02:35:53.270] [mlr3] Calling train method of fallback 'regr.ranger' on task 'surrogate_task' with 174 observations {learner: <LearnerRegrRanger/LearnerRegr/Learner/R6>}
INFO  [02:35:53.999] [mlr3] Calling train method of fallback 'regr.ranger' on task 'surrogate_task' with 175 observations {learner: <LearnerRegrRanger/LearnerRegr/Learner/R6>}
INFO  [02:35:54.698] [mlr3] Calling train method of fallback 'regr.ranger' on task 'surrogate_task' with 176 observations {learner: <LearnerRegrRanger/LearnerRegr/Learner/R6>}
INFO  [02:35:55.389] [mlr3] Calling train method of fallback 'regr.ranger' on task 'surrogate_task' with 177 observations {learner: <LearnerRegrRanger/LearnerRegr/Learner/R6>}
INFO  [02:35:56.174] [mlr3] Calling train method of fallback 'regr.ranger' on task 'surrogate_task' with 178 observations {learner: <LearnerRegrRanger/LearnerRegr/Learner/R6>}
INFO  [02:35:56.886] [mlr3] Calling train method of fallback 'regr.ranger' on task 'surrogate_task' with 179 observations {learner: <LearnerRegrRanger/LearnerRegr/Learner/R6>}
INFO  [02:35:57.627] [mlr3] Calling train method of fallback 'regr.ranger' on task 'surrogate_task' with 180 observations {learner: <LearnerRegrRanger/LearnerRegr/Learner/R6>}
INFO  [02:35:58.383] [mlr3] Calling train method of fallback 'regr.ranger' on task 'surrogate_task' with 181 observations {learner: <LearnerRegrRanger/LearnerRegr/Learner/R6>}
INFO  [02:35:59.135] [mlr3] Calling train method of fallback 'regr.ranger' on task 'surrogate_task' with 182 observations {learner: <LearnerRegrRanger/LearnerRegr/Learner/R6>}
INFO  [02:35:59.879] [mlr3] Calling train method of fallback 'regr.ranger' on task 'surrogate_task' with 183 observations {learner: <LearnerRegrRanger/LearnerRegr/Learner/R6>}
INFO  [02:36:00.598] [mlr3] Calling train method of fallback 'regr.ranger' on task 'surrogate_task' with 184 observations {learner: <LearnerRegrRanger/LearnerRegr/Learner/R6>}
INFO  [02:36:01.311] [mlr3] Calling train method of fallback 'regr.ranger' on task 'surrogate_task' with 185 observations {learner: <LearnerRegrRanger/LearnerRegr/Learner/R6>}
INFO  [02:36:02.042] [mlr3] Calling train method of fallback 'regr.ranger' on task 'surrogate_task' with 186 observations {learner: <LearnerRegrRanger/LearnerRegr/Learner/R6>}
INFO  [02:36:02.789] [mlr3] Calling train method of fallback 'regr.ranger' on task 'surrogate_task' with 187 observations {learner: <LearnerRegrRanger/LearnerRegr/Learner/R6>}
INFO  [02:36:03.414] [bbotk] Evaluating 44 configuration(s)
INFO  [02:36:03.548] [mlr3] Running benchmark with 440 resampling iterations
INFO  [02:36:04.903] [mlr3] Finished benchmark
INFO  [02:36:06.338] [bbotk] Result of batch 3:
INFO  [02:36:06.346] [bbotk]  learning_rate num_leaves min_data_in_leaf feature_fraction extra_trees
INFO  [02:36:06.346] [bbotk]    0.000000000         42               21        0.8017051        TRUE
INFO  [02:36:06.346] [bbotk]   -0.628722431         44               23        0.7537568        TRUE
INFO  [02:36:06.346] [bbotk]   -0.001117813         46               17        0.7691390        TRUE
INFO  [02:36:06.346] [bbotk]    0.000000000         37               37        0.7568849        TRUE
INFO  [02:36:06.346] [bbotk]    0.000000000         14               23        0.8015804        TRUE
INFO  [02:36:06.346] [bbotk]    0.000000000         54               28        0.7442535        TRUE
INFO  [02:36:06.346] [bbotk]    0.000000000         42               25        0.7440345        TRUE
INFO  [02:36:06.346] [bbotk]    0.000000000        186               22        0.8387488        TRUE
INFO  [02:36:06.346] [bbotk]    0.000000000        255                1        0.7650773        TRUE
INFO  [02:36:06.346] [bbotk]    0.000000000        220               20        0.8822799        TRUE
INFO  [02:36:06.346] [bbotk]    0.000000000         46               21        0.7592373        TRUE
INFO  [02:36:06.346] [bbotk]    0.000000000         40                2        1.0000000        TRUE
INFO  [02:36:06.346] [bbotk]   -1.255597128         29               21        0.9925830        TRUE
INFO  [02:36:06.346] [bbotk]    0.000000000         44               23        0.8385115        TRUE
INFO  [02:36:06.346] [bbotk]    0.000000000        154               22        0.7604428        TRUE
INFO  [02:36:06.346] [bbotk]   -0.844825636         34               26        0.7053308        TRUE
INFO  [02:36:06.346] [bbotk]   -0.011364873        172               22        0.4004062        TRUE
INFO  [02:36:06.346] [bbotk]   -0.755868608         42              200        0.7599208        TRUE
INFO  [02:36:06.346] [bbotk]   -0.095193414        245                1        0.4167479        TRUE
INFO  [02:36:06.346] [bbotk]   -0.757670169         10               16        0.7639113        TRUE
INFO  [02:36:06.346] [bbotk]    0.000000000         44              199        0.7630711        TRUE
INFO  [02:36:06.346] [bbotk]   -0.003560016         11               19        0.6488397        TRUE
INFO  [02:36:06.346] [bbotk]   -0.313785815         78                7        0.6958465        TRUE
INFO  [02:36:06.346] [bbotk]   -0.129833299         42               24        0.6976156        TRUE
INFO  [02:36:06.346] [bbotk]    0.000000000         42               23        0.7034569        TRUE
INFO  [02:36:06.346] [bbotk]    0.000000000         43              164        0.7941996        TRUE
INFO  [02:36:06.346] [bbotk]   -0.176871714         34               23        0.7175533        TRUE
INFO  [02:36:06.346] [bbotk]   -0.776436164         48               35        0.7180803        TRUE
INFO  [02:36:06.346] [bbotk]    0.000000000        214               23        0.8113727        TRUE
INFO  [02:36:06.346] [bbotk]   -0.175157707         10               40        0.9591194        TRUE
INFO  [02:36:06.346] [bbotk]   -0.387568838         33               32        0.6633143        TRUE
INFO  [02:36:06.346] [bbotk]   -0.169210375         43               23        0.4427348        TRUE
INFO  [02:36:06.346] [bbotk]   -0.188599273        181               21        0.6919326        TRUE
INFO  [02:36:06.346] [bbotk]   -0.259929283         50               23        0.7599381        TRUE
INFO  [02:36:06.346] [bbotk]   -0.060621930        133               27        0.7650384        TRUE
INFO  [02:36:06.346] [bbotk]   -0.146586096        182               18        0.7622677        TRUE
INFO  [02:36:06.346] [bbotk]   -0.860091761         10               36        0.7718307        TRUE
INFO  [02:36:06.346] [bbotk]   -0.202446461         43              180        0.8400120       FALSE
INFO  [02:36:06.346] [bbotk]   -0.899229439         44               22        0.2842100        TRUE
INFO  [02:36:06.346] [bbotk]   -1.013991126         43               73        0.7044895        TRUE
INFO  [02:36:06.346] [bbotk]   -0.837113942        204               41        0.6889367        TRUE
INFO  [02:36:06.346] [bbotk]   -0.852331270         72               23        0.7638341        TRUE
INFO  [02:36:06.346] [bbotk]   -1.085823315        184              190        0.8464124       FALSE
INFO  [02:36:06.346] [bbotk]   -1.083645519         43               40        1.0000000       FALSE
INFO  [02:36:06.346] [bbotk]  learning_rate num_leaves min_data_in_leaf feature_fraction extra_trees
INFO  [02:36:06.346] [bbotk]   lambda_l1    lambda_l2 min_gain_to_split    acq_cb timestamp_surrogate
INFO  [02:36:06.346] [bbotk]  -6.1413823 -2.216049468         -6.363222 -5.714769 2026-09-10 02:35:31
INFO  [02:36:06.346] [bbotk]  -6.1280672 -2.165762335         -6.372944 -4.529040 2026-09-10 02:35:31
INFO  [02:36:06.346] [bbotk]  -6.3008246 -0.507821171         -6.473815 -4.988241 2026-09-10 02:35:32
INFO  [02:36:06.346] [bbotk]  -6.0682309 -4.029024409         -6.380240 -4.661895 2026-09-10 02:35:33
INFO  [02:36:06.346] [bbotk]  -6.1043923 -2.165985886         -6.572804 -4.860643 2026-09-10 02:35:34
INFO  [02:36:06.346] [bbotk]  -6.5337015 -2.480385586         -6.520505 -3.904227 2026-09-10 02:35:34
INFO  [02:36:06.346] [bbotk]  -6.1587290 -1.875288276         -6.271641 -3.809824 2026-09-10 02:35:35
INFO  [02:36:06.346] [bbotk]  -6.2424270  1.190431522         -6.390504 -3.511842 2026-09-10 02:35:36
INFO  [02:36:06.346] [bbotk]  -4.1541716 -2.930709095         -6.376467 -3.636602 2026-09-10 02:35:36
INFO  [02:36:06.346] [bbotk]  -6.9077553 -5.695656235         -6.315651 -2.749814 2026-09-10 02:35:37
INFO  [02:36:06.346] [bbotk]  -6.0845722  3.272130480         -6.113068 -3.382429 2026-09-10 02:35:38
INFO  [02:36:06.346] [bbotk]  -6.1142703  1.117749270         -6.907755 -3.287927 2026-09-10 02:35:38
INFO  [02:36:06.346] [bbotk]  -6.9077553 -2.245872465         -6.381125 -3.024699 2026-09-10 02:35:39
INFO  [02:36:06.346] [bbotk]  -6.8741020 -2.361627705         -2.972110 -2.820744 2026-09-10 02:35:40
INFO  [02:36:06.346] [bbotk]  -6.1162251 -6.036996356         -6.341922 -3.060151 2026-09-10 02:35:41
INFO  [02:36:06.346] [bbotk]  -6.9077553 -5.537372236         -6.291557 -2.779140 2026-09-10 02:35:41
INFO  [02:36:06.346] [bbotk]  -6.1092964  0.322593807         -6.037104 -3.473240 2026-09-10 02:35:42
INFO  [02:36:06.346] [bbotk]  -6.9077553 -5.416826477         -5.993131 -2.688948 2026-09-10 02:35:43
INFO  [02:36:06.346] [bbotk]  -6.1017149 -5.533082648         -2.728494 -3.270941 2026-09-10 02:35:44
INFO  [02:36:06.346] [bbotk]  -1.3205947  1.138135678         -6.331841 -2.711437 2026-09-10 02:35:45
INFO  [02:36:06.346] [bbotk]  -6.0946541 -2.209279265         -6.391249 -3.351055 2026-09-10 02:35:45
INFO  [02:36:06.346] [bbotk]  -5.7867929  3.782615681         -6.380367 -2.412566 2026-09-10 02:35:46
INFO  [02:36:06.346] [bbotk]  -6.9077553 -6.476607641         -6.378247 -2.783064 2026-09-10 02:35:47
INFO  [02:36:06.346] [bbotk]  -4.3782165  1.398837763         -6.352361 -2.702968 2026-09-10 02:35:48
INFO  [02:36:06.346] [bbotk]  -2.9712447  0.009626702         -3.571405 -2.697220 2026-09-10 02:35:48
INFO  [02:36:06.346] [bbotk]  -5.7789785 -2.245071792         -4.728014 -2.718739 2026-09-10 02:35:49
INFO  [02:36:06.346] [bbotk]  -6.2169535 -2.233926380         -6.072450 -2.576930 2026-09-10 02:35:50
INFO  [02:36:06.346] [bbotk]  -6.0941830  0.411145520         -4.531427 -2.485163 2026-09-10 02:35:50
INFO  [02:36:06.346] [bbotk]  -3.5475023 -2.696419760         -6.907755 -2.474281 2026-09-10 02:35:51
INFO  [02:36:06.346] [bbotk]  -6.0969890 -1.570846345         -3.376886 -2.379651 2026-09-10 02:35:52
INFO  [02:36:06.346] [bbotk]  -6.9077553 -5.956658814         -5.811998 -2.240128 2026-09-10 02:35:53
INFO  [02:36:06.346] [bbotk]  -0.4451926 -5.285210022         -6.361757 -2.641853 2026-09-10 02:35:53
INFO  [02:36:06.346] [bbotk]  -6.0712674 -5.854744597         -4.687511 -2.117649 2026-09-10 02:35:54
INFO  [02:36:06.346] [bbotk]  -5.6416122  0.931282445         -6.333753 -2.290567 2026-09-10 02:35:55
INFO  [02:36:06.346] [bbotk]  -6.2961369 -6.430687466         -6.383601 -2.294928 2026-09-10 02:35:55
INFO  [02:36:06.346] [bbotk]  -5.5148666  0.800983008         -4.816244 -2.361314 2026-09-10 02:35:56
INFO  [02:36:06.346] [bbotk]  -1.5372014 -5.421176338         -6.133814 -2.233313 2026-09-10 02:35:57
INFO  [02:36:06.346] [bbotk]  -4.3109197 -5.461157755         -6.324233 -2.236514 2026-09-10 02:35:58
INFO  [02:36:06.346] [bbotk]  -0.5083401 -2.191893177         -6.149431 -2.186371 2026-09-10 02:35:58
INFO  [02:36:06.346] [bbotk]  -6.9077553 -5.472743655         -2.980272 -2.291480 2026-09-10 02:35:59
INFO  [02:36:06.346] [bbotk]  -6.1008323 -4.605551922         -6.115202 -2.670695 2026-09-10 02:36:00
INFO  [02:36:06.346] [bbotk]  -1.3597534 -0.176157622         -4.688459 -2.216215 2026-09-10 02:36:01
INFO  [02:36:06.346] [bbotk]  -6.1025304 -2.414975204         -6.907755 -2.534331 2026-09-10 02:36:01
INFO  [02:36:06.346] [bbotk]  -5.9000638 -5.976203579         -3.919731 -1.957367 2026-09-10 02:36:02
INFO  [02:36:06.346] [bbotk]   lambda_l1    lambda_l2 min_gain_to_split    acq_cb timestamp_surrogate
INFO  [02:36:06.346] [bbotk]  timestamp_acq_function timestamp_acq_optimizer      timestamp_loop classif.ce
INFO  [02:36:06.346] [bbotk]     2026-09-10 02:35:31     2026-09-10 02:35:31 2026-09-10 02:35:31      0.221
INFO  [02:36:06.346] [bbotk]     2026-09-10 02:35:32     2026-09-10 02:35:32 2026-09-10 02:35:32      0.192
INFO  [02:36:06.346] [bbotk]     2026-09-10 02:35:32     2026-09-10 02:35:32 2026-09-10 02:35:33      0.207
INFO  [02:36:06.346] [bbotk]     2026-09-10 02:35:33     2026-09-10 02:35:33 2026-09-10 02:35:34      0.209
INFO  [02:36:06.346] [bbotk]     2026-09-10 02:35:34     2026-09-10 02:35:34 2026-09-10 02:35:34      0.219
INFO  [02:36:06.346] [bbotk]     2026-09-10 02:35:34     2026-09-10 02:35:34 2026-09-10 02:35:35      0.208
INFO  [02:36:06.346] [bbotk]     2026-09-10 02:35:35     2026-09-10 02:35:35 2026-09-10 02:35:36      0.218
INFO  [02:36:06.346] [bbotk]     2026-09-10 02:35:36     2026-09-10 02:35:36 2026-09-10 02:35:36      0.219
INFO  [02:36:06.346] [bbotk]     2026-09-10 02:35:36     2026-09-10 02:35:36 2026-09-10 02:35:37      0.224
INFO  [02:36:06.346] [bbotk]     2026-09-10 02:35:37     2026-09-10 02:35:37 2026-09-10 02:35:38      0.220
INFO  [02:36:06.346] [bbotk]     2026-09-10 02:35:38     2026-09-10 02:35:38 2026-09-10 02:35:38      0.213
INFO  [02:36:06.346] [bbotk]     2026-09-10 02:35:39     2026-09-10 02:35:39 2026-09-10 02:35:39      0.212
INFO  [02:36:06.346] [bbotk]     2026-09-10 02:35:39     2026-09-10 02:35:39 2026-09-10 02:35:40      0.198
INFO  [02:36:06.346] [bbotk]     2026-09-10 02:35:40     2026-09-10 02:35:40 2026-09-10 02:35:41      0.217
INFO  [02:36:06.346] [bbotk]     2026-09-10 02:35:41     2026-09-10 02:35:41 2026-09-10 02:35:41      0.220
INFO  [02:36:06.346] [bbotk]     2026-09-10 02:35:41     2026-09-10 02:35:41 2026-09-10 02:35:42      0.208
INFO  [02:36:06.346] [bbotk]     2026-09-10 02:35:42     2026-09-10 02:35:42 2026-09-10 02:35:43      0.205
INFO  [02:36:06.346] [bbotk]     2026-09-10 02:35:43     2026-09-10 02:35:43 2026-09-10 02:35:44      0.219
INFO  [02:36:06.346] [bbotk]     2026-09-10 02:35:44     2026-09-10 02:35:44 2026-09-10 02:35:45      0.227
INFO  [02:36:06.346] [bbotk]     2026-09-10 02:35:45     2026-09-10 02:35:45 2026-09-10 02:35:45      0.204
INFO  [02:36:06.346] [bbotk]     2026-09-10 02:35:46     2026-09-10 02:35:46 2026-09-10 02:35:46      0.212
INFO  [02:36:06.346] [bbotk]     2026-09-10 02:35:46     2026-09-10 02:35:46 2026-09-10 02:35:47      0.213
INFO  [02:36:06.346] [bbotk]     2026-09-10 02:35:47     2026-09-10 02:35:47 2026-09-10 02:35:48      0.222
INFO  [02:36:06.346] [bbotk]     2026-09-10 02:35:48     2026-09-10 02:35:48 2026-09-10 02:35:48      0.208
INFO  [02:36:06.346] [bbotk]     2026-09-10 02:35:48     2026-09-10 02:35:48 2026-09-10 02:35:49      0.214
INFO  [02:36:06.346] [bbotk]     2026-09-10 02:35:49     2026-09-10 02:35:49 2026-09-10 02:35:50      0.216
INFO  [02:36:06.346] [bbotk]     2026-09-10 02:35:50     2026-09-10 02:35:50 2026-09-10 02:35:50      0.201
INFO  [02:36:06.346] [bbotk]     2026-09-10 02:35:51     2026-09-10 02:35:51 2026-09-10 02:35:51      0.207
INFO  [02:36:06.346] [bbotk]     2026-09-10 02:35:51     2026-09-10 02:35:51 2026-09-10 02:35:52      0.211
INFO  [02:36:06.346] [bbotk]     2026-09-10 02:35:52     2026-09-10 02:35:52 2026-09-10 02:35:53      0.212
INFO  [02:36:06.346] [bbotk]     2026-09-10 02:35:53     2026-09-10 02:35:53 2026-09-10 02:35:53      0.205
INFO  [02:36:06.346] [bbotk]     2026-09-10 02:35:54     2026-09-10 02:35:54 2026-09-10 02:35:54      0.212
INFO  [02:36:06.346] [bbotk]     2026-09-10 02:35:54     2026-09-10 02:35:54 2026-09-10 02:35:55      0.204
INFO  [02:36:06.346] [bbotk]     2026-09-10 02:35:55     2026-09-10 02:35:55 2026-09-10 02:35:55      0.207
INFO  [02:36:06.346] [bbotk]     2026-09-10 02:35:56     2026-09-10 02:35:56 2026-09-10 02:35:56      0.207
INFO  [02:36:06.346] [bbotk]     2026-09-10 02:35:56     2026-09-10 02:35:56 2026-09-10 02:35:57      0.216
INFO  [02:36:06.346] [bbotk]     2026-09-10 02:35:57     2026-09-10 02:35:57 2026-09-10 02:35:58      0.215
INFO  [02:36:06.346] [bbotk]     2026-09-10 02:35:58     2026-09-10 02:35:58 2026-09-10 02:35:58      0.220
INFO  [02:36:06.346] [bbotk]     2026-09-10 02:35:59     2026-09-10 02:35:59 2026-09-10 02:35:59      0.208
INFO  [02:36:06.346] [bbotk]     2026-09-10 02:35:59     2026-09-10 02:35:59 2026-09-10 02:36:00      0.226
INFO  [02:36:06.346] [bbotk]     2026-09-10 02:36:00     2026-09-10 02:36:00 2026-09-10 02:36:01      0.203
INFO  [02:36:06.346] [bbotk]     2026-09-10 02:36:01     2026-09-10 02:36:01 2026-09-10 02:36:01      0.213
INFO  [02:36:06.346] [bbotk]     2026-09-10 02:36:02     2026-09-10 02:36:02 2026-09-10 02:36:02      0.223
INFO  [02:36:06.346] [bbotk]     2026-09-10 02:36:02     2026-09-10 02:36:02 2026-09-10 02:36:03      0.214
INFO  [02:36:06.346] [bbotk]  timestamp_acq_function timestamp_acq_optimizer      timestamp_loop classif.ce
INFO  [02:36:06.346] [bbotk]  warnings errors runtime_learners internal_tuned_values
INFO  [02:36:06.346] [bbotk]         0      0            0.641     num_iterations=14
INFO  [02:36:06.346] [bbotk]         0      0            0.728     num_iterations=41
INFO  [02:36:06.346] [bbotk]         0      0            0.719     num_iterations=51
INFO  [02:36:06.346] [bbotk]         0      0            0.601     num_iterations=29
INFO  [02:36:06.346] [bbotk]         0      0            0.711     num_iterations=30
INFO  [02:36:06.346] [bbotk]         0      0            0.738     num_iterations=29
INFO  [02:36:06.346] [bbotk]         0      0            0.603     num_iterations=17
INFO  [02:36:06.346] [bbotk]         0      0            0.694     num_iterations=35
INFO  [02:36:06.346] [bbotk]         0      0            0.624     num_iterations=18
INFO  [02:36:06.346] [bbotk]         0      0            0.676     num_iterations=26
INFO  [02:36:06.346] [bbotk]         0      0            0.627     num_iterations=53
INFO  [02:36:06.346] [bbotk]         0      0            0.596     num_iterations=28
INFO  [02:36:06.346] [bbotk]         0      0            0.716     num_iterations=71
INFO  [02:36:06.346] [bbotk]         0      0            0.500     num_iterations=26
INFO  [02:36:06.346] [bbotk]         0      0            0.561     num_iterations=14
INFO  [02:36:06.346] [bbotk]         0      0            0.567     num_iterations=38
INFO  [02:36:06.346] [bbotk]         0      0            0.519     num_iterations=29
INFO  [02:36:06.346] [bbotk]         0      0            0.476     num_iterations=39
INFO  [02:36:06.346] [bbotk]         0      0            0.448     num_iterations=38
INFO  [02:36:06.346] [bbotk]         0      0            0.600     num_iterations=54
INFO  [02:36:06.346] [bbotk]         0      0            0.487     num_iterations=57
INFO  [02:36:06.346] [bbotk]         0      0            0.569     num_iterations=36
INFO  [02:36:06.346] [bbotk]         0      0            0.562     num_iterations=15
INFO  [02:36:06.346] [bbotk]         0      0            0.549     num_iterations=36
INFO  [02:36:06.346] [bbotk]         0      0            0.484     num_iterations=41
INFO  [02:36:06.346] [bbotk]         0      0            0.489     num_iterations=61
INFO  [02:36:06.346] [bbotk]         0      0            0.573     num_iterations=43
INFO  [02:36:06.346] [bbotk]         0      0            0.535     num_iterations=45
INFO  [02:36:06.346] [bbotk]         0      0            0.559     num_iterations=22
INFO  [02:36:06.346] [bbotk]         0      0            0.521     num_iterations=38
INFO  [02:36:06.346] [bbotk]         0      0            0.564     num_iterations=50
INFO  [02:36:06.346] [bbotk]         0      0            0.460     num_iterations=25
INFO  [02:36:06.346] [bbotk]         0      0            0.546     num_iterations=40
INFO  [02:36:06.346] [bbotk]         0      0            0.555     num_iterations=32
INFO  [02:36:06.346] [bbotk]         0      0            0.506     num_iterations=18
INFO  [02:36:06.346] [bbotk]         0      0            0.555     num_iterations=42
INFO  [02:36:06.346] [bbotk]         0      0            0.519     num_iterations=58
INFO  [02:36:06.346] [bbotk]         0      0            0.462     num_iterations=34
INFO  [02:36:06.346] [bbotk]         0      0            0.507     num_iterations=51
INFO  [02:36:06.346] [bbotk]         0      0            0.477     num_iterations=40
INFO  [02:36:06.346] [bbotk]         0      0            0.595     num_iterations=32
INFO  [02:36:06.346] [bbotk]         0      0            0.512     num_iterations=36
INFO  [02:36:06.346] [bbotk]         0      0            0.445     num_iterations=34
INFO  [02:36:06.346] [bbotk]         0      0            0.555     num_iterations=27
INFO  [02:36:06.346] [bbotk]  warnings errors runtime_learners internal_tuned_values
INFO  [02:36:06.541] [mlr3] Calling train method of fallback 'regr.ranger' on task 'surrogate_task' with 188 observations {learner: <LearnerRegrRanger/LearnerRegr/Learner/R6>}
INFO  [02:36:07.325] [mlr3] Calling train method of fallback 'regr.ranger' on task 'surrogate_task' with 189 observations {learner: <LearnerRegrRanger/LearnerRegr/Learner/R6>}
INFO  [02:36:08.052] [mlr3] Calling train method of fallback 'regr.ranger' on task 'surrogate_task' with 190 observations {learner: <LearnerRegrRanger/LearnerRegr/Learner/R6>}
INFO  [02:36:08.801] [mlr3] Calling train method of fallback 'regr.ranger' on task 'surrogate_task' with 191 observations {learner: <LearnerRegrRanger/LearnerRegr/Learner/R6>}
INFO  [02:36:09.527] [mlr3] Calling train method of fallback 'regr.ranger' on task 'surrogate_task' with 192 observations {learner: <LearnerRegrRanger/LearnerRegr/Learner/R6>}
INFO  [02:36:10.242] [mlr3] Calling train method of fallback 'regr.ranger' on task 'surrogate_task' with 193 observations {learner: <LearnerRegrRanger/LearnerRegr/Learner/R6>}
INFO  [02:36:10.962] [mlr3] Calling train method of fallback 'regr.ranger' on task 'surrogate_task' with 194 observations {learner: <LearnerRegrRanger/LearnerRegr/Learner/R6>}
INFO  [02:36:11.721] [mlr3] Calling train method of fallback 'regr.ranger' on task 'surrogate_task' with 195 observations {learner: <LearnerRegrRanger/LearnerRegr/Learner/R6>}
INFO  [02:36:12.469] [mlr3] Calling train method of fallback 'regr.ranger' on task 'surrogate_task' with 196 observations {learner: <LearnerRegrRanger/LearnerRegr/Learner/R6>}
INFO  [02:36:13.175] [mlr3] Calling train method of fallback 'regr.ranger' on task 'surrogate_task' with 197 observations {learner: <LearnerRegrRanger/LearnerRegr/Learner/R6>}
INFO  [02:36:13.921] [mlr3] Calling train method of fallback 'regr.ranger' on task 'surrogate_task' with 198 observations {learner: <LearnerRegrRanger/LearnerRegr/Learner/R6>}
INFO  [02:36:14.674] [mlr3] Calling train method of fallback 'regr.ranger' on task 'surrogate_task' with 199 observations {learner: <LearnerRegrRanger/LearnerRegr/Learner/R6>}
INFO  [02:36:15.445] [mlr3] Calling train method of fallback 'regr.ranger' on task 'surrogate_task' with 200 observations {learner: <LearnerRegrRanger/LearnerRegr/Learner/R6>}
INFO  [02:36:16.222] [mlr3] Calling train method of fallback 'regr.ranger' on task 'surrogate_task' with 201 observations {learner: <LearnerRegrRanger/LearnerRegr/Learner/R6>}
INFO  [02:36:16.962] [mlr3] Calling train method of fallback 'regr.ranger' on task 'surrogate_task' with 202 observations {learner: <LearnerRegrRanger/LearnerRegr/Learner/R6>}
INFO  [02:36:17.698] [mlr3] Calling train method of fallback 'regr.ranger' on task 'surrogate_task' with 203 observations {learner: <LearnerRegrRanger/LearnerRegr/Learner/R6>}
INFO  [02:36:18.478] [mlr3] Calling train method of fallback 'regr.ranger' on task 'surrogate_task' with 204 observations {learner: <LearnerRegrRanger/LearnerRegr/Learner/R6>}
INFO  [02:36:19.210] [mlr3] Calling train method of fallback 'regr.ranger' on task 'surrogate_task' with 205 observations {learner: <LearnerRegrRanger/LearnerRegr/Learner/R6>}
INFO  [02:36:19.971] [mlr3] Calling train method of fallback 'regr.ranger' on task 'surrogate_task' with 206 observations {learner: <LearnerRegrRanger/LearnerRegr/Learner/R6>}
INFO  [02:36:20.751] [mlr3] Calling train method of fallback 'regr.ranger' on task 'surrogate_task' with 207 observations {learner: <LearnerRegrRanger/LearnerRegr/Learner/R6>}
INFO  [02:36:21.565] [mlr3] Calling train method of fallback 'regr.ranger' on task 'surrogate_task' with 208 observations {learner: <LearnerRegrRanger/LearnerRegr/Learner/R6>}
INFO  [02:36:22.330] [mlr3] Calling train method of fallback 'regr.ranger' on task 'surrogate_task' with 209 observations {learner: <LearnerRegrRanger/LearnerRegr/Learner/R6>}
INFO  [02:36:23.152] [mlr3] Calling train method of fallback 'regr.ranger' on task 'surrogate_task' with 210 observations {learner: <LearnerRegrRanger/LearnerRegr/Learner/R6>}
INFO  [02:36:23.948] [mlr3] Calling train method of fallback 'regr.ranger' on task 'surrogate_task' with 211 observations {learner: <LearnerRegrRanger/LearnerRegr/Learner/R6>}
INFO  [02:36:24.707] [mlr3] Calling train method of fallback 'regr.ranger' on task 'surrogate_task' with 212 observations {learner: <LearnerRegrRanger/LearnerRegr/Learner/R6>}
INFO  [02:36:25.532] [mlr3] Calling train method of fallback 'regr.ranger' on task 'surrogate_task' with 213 observations {learner: <LearnerRegrRanger/LearnerRegr/Learner/R6>}
INFO  [02:36:26.304] [mlr3] Calling train method of fallback 'regr.ranger' on task 'surrogate_task' with 214 observations {learner: <LearnerRegrRanger/LearnerRegr/Learner/R6>}
INFO  [02:36:27.037] [mlr3] Calling train method of fallback 'regr.ranger' on task 'surrogate_task' with 215 observations {learner: <LearnerRegrRanger/LearnerRegr/Learner/R6>}
INFO  [02:36:27.811] [mlr3] Calling train method of fallback 'regr.ranger' on task 'surrogate_task' with 216 observations {learner: <LearnerRegrRanger/LearnerRegr/Learner/R6>}
INFO  [02:36:28.612] [mlr3] Calling train method of fallback 'regr.ranger' on task 'surrogate_task' with 217 observations {learner: <LearnerRegrRanger/LearnerRegr/Learner/R6>}
INFO  [02:36:29.333] [mlr3] Calling train method of fallback 'regr.ranger' on task 'surrogate_task' with 218 observations {learner: <LearnerRegrRanger/LearnerRegr/Learner/R6>}
INFO  [02:36:30.164] [mlr3] Calling train method of fallback 'regr.ranger' on task 'surrogate_task' with 219 observations {learner: <LearnerRegrRanger/LearnerRegr/Learner/R6>}
INFO  [02:36:30.977] [mlr3] Calling train method of fallback 'regr.ranger' on task 'surrogate_task' with 220 observations {learner: <LearnerRegrRanger/LearnerRegr/Learner/R6>}
INFO  [02:36:31.730] [mlr3] Calling train method of fallback 'regr.ranger' on task 'surrogate_task' with 221 observations {learner: <LearnerRegrRanger/LearnerRegr/Learner/R6>}
INFO  [02:36:32.525] [mlr3] Calling train method of fallback 'regr.ranger' on task 'surrogate_task' with 222 observations {learner: <LearnerRegrRanger/LearnerRegr/Learner/R6>}
INFO  [02:36:33.286] [mlr3] Calling train method of fallback 'regr.ranger' on task 'surrogate_task' with 223 observations {learner: <LearnerRegrRanger/LearnerRegr/Learner/R6>}
INFO  [02:36:34.041] [mlr3] Calling train method of fallback 'regr.ranger' on task 'surrogate_task' with 224 observations {learner: <LearnerRegrRanger/LearnerRegr/Learner/R6>}
INFO  [02:36:34.825] [mlr3] Calling train method of fallback 'regr.ranger' on task 'surrogate_task' with 225 observations {learner: <LearnerRegrRanger/LearnerRegr/Learner/R6>}
INFO  [02:36:35.563] [mlr3] Calling train method of fallback 'regr.ranger' on task 'surrogate_task' with 226 observations {learner: <LearnerRegrRanger/LearnerRegr/Learner/R6>}
INFO  [02:36:36.402] [mlr3] Calling train method of fallback 'regr.ranger' on task 'surrogate_task' with 227 observations {learner: <LearnerRegrRanger/LearnerRegr/Learner/R6>}
INFO  [02:36:37.201] [mlr3] Calling train method of fallback 'regr.ranger' on task 'surrogate_task' with 228 observations {learner: <LearnerRegrRanger/LearnerRegr/Learner/R6>}
INFO  [02:36:37.992] [mlr3] Calling train method of fallback 'regr.ranger' on task 'surrogate_task' with 229 observations {learner: <LearnerRegrRanger/LearnerRegr/Learner/R6>}
INFO  [02:36:38.776] [mlr3] Calling train method of fallback 'regr.ranger' on task 'surrogate_task' with 230 observations {learner: <LearnerRegrRanger/LearnerRegr/Learner/R6>}
INFO  [02:36:39.614] [mlr3] Calling train method of fallback 'regr.ranger' on task 'surrogate_task' with 231 observations {learner: <LearnerRegrRanger/LearnerRegr/Learner/R6>}
INFO  [02:36:40.186] [bbotk] Evaluating 44 configuration(s)
INFO  [02:36:40.329] [mlr3] Running benchmark with 440 resampling iterations
INFO  [02:36:41.629] [mlr3] Finished benchmark
INFO  [02:36:43.069] [bbotk] Result of batch 4:
INFO  [02:36:43.077] [bbotk]  learning_rate num_leaves min_data_in_leaf feature_fraction extra_trees
INFO  [02:36:43.077] [bbotk]     -0.6507023        172               31        0.6422709        TRUE
INFO  [02:36:43.077] [bbotk]     -0.5096622        135              196        0.7833269        TRUE
INFO  [02:36:43.077] [bbotk]     -0.6325089         45               34        0.9992006        TRUE
INFO  [02:36:43.077] [bbotk]     -0.6275995         41               22        0.7637615        TRUE
INFO  [02:36:43.077] [bbotk]     -1.0048256         40               23        0.7605599        TRUE
INFO  [02:36:43.077] [bbotk]     -0.6787539        232               26        0.7438848        TRUE
INFO  [02:36:43.077] [bbotk]      0.0000000         43               23        0.2803616        TRUE
INFO  [02:36:43.077] [bbotk]     -0.6281826         43               23        0.9756172        TRUE
INFO  [02:36:43.077] [bbotk]     -0.6514109         29               23        0.7559680        TRUE
INFO  [02:36:43.077] [bbotk]     -0.7721826         32               23        0.4197065        TRUE
INFO  [02:36:43.077] [bbotk]     -0.6283344        166               27        0.3433785        TRUE
INFO  [02:36:43.077] [bbotk]      0.0000000         43               20        0.7614444        TRUE
INFO  [02:36:43.077] [bbotk]     -0.5992452         24               20        0.7467037        TRUE
INFO  [02:36:43.077] [bbotk]      0.0000000         71               23        0.7720686        TRUE
INFO  [02:36:43.077] [bbotk]     -0.6432229         37               22        0.7442388        TRUE
INFO  [02:36:43.077] [bbotk]     -0.5626770         10               21        0.7140737        TRUE
INFO  [02:36:43.077] [bbotk]     -0.7610588        101               18        0.7538184        TRUE
INFO  [02:36:43.077] [bbotk]     -0.7765756         44                1        0.7592055        TRUE
INFO  [02:36:43.077] [bbotk]      0.0000000        178               25        0.7492209        TRUE
INFO  [02:36:43.077] [bbotk]     -1.2234722         10               22        0.8558044        TRUE
INFO  [02:36:43.077] [bbotk]     -0.6171660        172               25        0.7298569        TRUE
INFO  [02:36:43.077] [bbotk]     -0.6082292         36              200        0.7488005        TRUE
INFO  [02:36:43.077] [bbotk]      0.0000000         46                7        0.5139266        TRUE
INFO  [02:36:43.077] [bbotk]      0.0000000         45              172        0.7502042        TRUE
INFO  [02:36:43.077] [bbotk]     -1.2571640         43               43        0.7552252        TRUE
INFO  [02:36:43.077] [bbotk]     -0.1648372         44               23        0.4502506        TRUE
INFO  [02:36:43.077] [bbotk]     -1.3095051         44              200        0.7526345        TRUE
INFO  [02:36:43.077] [bbotk]     -0.6654236        184               23        0.6577300        TRUE
INFO  [02:36:43.077] [bbotk]     -0.8281781         46               23        0.6962944        TRUE
INFO  [02:36:43.077] [bbotk]     -0.8175429         35               35        0.3396189        TRUE
INFO  [02:36:43.077] [bbotk]      0.0000000         28              181        0.7618649        TRUE
INFO  [02:36:43.077] [bbotk]      0.0000000         44               25        0.3429865        TRUE
INFO  [02:36:43.077] [bbotk]     -0.2453158         82               41        0.7177773        TRUE
INFO  [02:36:43.077] [bbotk]      0.0000000        209               24        0.9893550       FALSE
INFO  [02:36:43.077] [bbotk]      0.0000000        130              126        0.9169650        TRUE
INFO  [02:36:43.077] [bbotk]      0.0000000         42               40        0.7934618        TRUE
INFO  [02:36:43.077] [bbotk]     -0.5762028         43               23        0.7444742        TRUE
INFO  [02:36:43.077] [bbotk]     -1.2281237         28               36        1.0000000        TRUE
INFO  [02:36:43.077] [bbotk]     -0.8282688         28               32        0.6715042        TRUE
INFO  [02:36:43.077] [bbotk]     -0.1063290         48               31        0.8105012        TRUE
INFO  [02:36:43.077] [bbotk]     -0.1897781         38               16        0.7289485        TRUE
INFO  [02:36:43.077] [bbotk]      0.0000000        180               23        0.7648026        TRUE
INFO  [02:36:43.077] [bbotk]      0.0000000         43               23        0.7489092        TRUE
INFO  [02:36:43.077] [bbotk]     -0.1212119        236               24        0.6954176        TRUE
INFO  [02:36:43.077] [bbotk]  learning_rate num_leaves min_data_in_leaf feature_fraction extra_trees
INFO  [02:36:43.077] [bbotk]   lambda_l1  lambda_l2 min_gain_to_split    acq_cb timestamp_surrogate
INFO  [02:36:43.077] [bbotk]  -1.1048016 -2.5469561         -6.447172 -3.059429 2026-09-10 02:36:06
INFO  [02:36:43.077] [bbotk]  -6.3652730  0.1779623         -6.375288 -3.151404 2026-09-10 02:36:07
INFO  [02:36:43.077] [bbotk]  -6.1797912 -1.9400951         -6.398844 -4.473909 2026-09-10 02:36:07
INFO  [02:36:43.077] [bbotk]  -6.1352739 -6.1657455         -6.796281 -4.515403 2026-09-10 02:36:08
INFO  [02:36:43.077] [bbotk]  -3.7508341 -2.2016900         -6.456334 -4.006346 2026-09-10 02:36:09
INFO  [02:36:43.077] [bbotk]  -6.8934499 -2.1057580         -6.907755 -3.485140 2026-09-10 02:36:10
INFO  [02:36:43.077] [bbotk]  -0.5115255 -1.2269373         -6.390295 -3.645610 2026-09-10 02:36:10
INFO  [02:36:43.077] [bbotk]  -6.1192430  4.4083534         -3.493272 -4.470137 2026-09-10 02:36:11
INFO  [02:36:43.077] [bbotk]  -6.6615578 -1.9304138         -3.394803 -3.714255 2026-09-10 02:36:12
INFO  [02:36:43.077] [bbotk]  -6.1336076 -2.8146051         -6.376392 -4.534954 2026-09-10 02:36:12
INFO  [02:36:43.077] [bbotk]  -6.1218762 -6.9077553         -6.376923 -3.459343 2026-09-10 02:36:13
INFO  [02:36:43.077] [bbotk]  -6.5815927 -2.0502519         -3.494001 -3.082870 2026-09-10 02:36:14
INFO  [02:36:43.077] [bbotk]  -6.2065457 -0.2495765         -6.394792 -3.175675 2026-09-10 02:36:15
INFO  [02:36:43.077] [bbotk]  -5.7403222 -1.6207148         -6.388363 -3.103494 2026-09-10 02:36:16
INFO  [02:36:43.077] [bbotk]  -0.7165326 -2.2754153         -4.555984 -2.549753 2026-09-10 02:36:16
INFO  [02:36:43.077] [bbotk]  -1.4853515  1.7490588         -6.370351 -3.998149 2026-09-10 02:36:17
INFO  [02:36:43.077] [bbotk]  -6.2617984 -2.1903793         -6.205899 -3.556609 2026-09-10 02:36:18
INFO  [02:36:43.077] [bbotk]  -1.9244542  3.9269779         -6.374091 -3.573501 2026-09-10 02:36:19
INFO  [02:36:43.077] [bbotk]  -6.2025665 -2.6272398         -6.377398 -3.119677 2026-09-10 02:36:19
INFO  [02:36:43.077] [bbotk]  -6.9077553 -2.2073277         -6.376301 -3.858727 2026-09-10 02:36:20
INFO  [02:36:43.077] [bbotk]  -6.0485197  0.6100375         -6.372506 -3.407392 2026-09-10 02:36:21
INFO  [02:36:43.077] [bbotk]  -6.9077553 -2.1477021         -6.349843 -3.198641 2026-09-10 02:36:22
INFO  [02:36:43.077] [bbotk]  -6.9077553 -2.2129407         -6.423896 -3.405491 2026-09-10 02:36:22
INFO  [02:36:43.077] [bbotk]  -6.0804415 -2.1580837         -6.371187 -3.756338 2026-09-10 02:36:23
INFO  [02:36:43.077] [bbotk]  -6.9077553 -5.0087322         -6.368121 -3.415491 2026-09-10 02:36:24
INFO  [02:36:43.077] [bbotk]  -6.1300245  6.2939543         -6.414613 -3.510523 2026-09-10 02:36:25
INFO  [02:36:43.077] [bbotk]  -6.0878926 -2.3151076         -6.374145 -2.720993 2026-09-10 02:36:26
INFO  [02:36:43.077] [bbotk]  -6.0972847 -1.6155393         -6.102872 -2.697660 2026-09-10 02:36:26
INFO  [02:36:43.077] [bbotk]  -6.4971252  0.7018629         -6.322151 -2.688280 2026-09-10 02:36:27
INFO  [02:36:43.077] [bbotk]  -2.4751499  1.0152564         -6.087022 -2.260159 2026-09-10 02:36:28
INFO  [02:36:43.077] [bbotk]  -6.1585789 -2.2831225         -4.182542 -2.504104 2026-09-10 02:36:29
INFO  [02:36:43.077] [bbotk]  -6.1044699 -2.1659246         -6.471096 -3.335765 2026-09-10 02:36:29
INFO  [02:36:43.077] [bbotk]  -5.3161840 -2.1625370         -6.247191 -3.091402 2026-09-10 02:36:30
INFO  [02:36:43.077] [bbotk]  -6.7011446 -2.1866291         -6.808776 -2.908999 2026-09-10 02:36:31
INFO  [02:36:43.077] [bbotk]  -5.9539847 -2.2394256         -6.383016 -2.754314 2026-09-10 02:36:32
INFO  [02:36:43.077] [bbotk]  -6.1077184  2.6445128         -6.380129 -3.702642 2026-09-10 02:36:33
INFO  [02:36:43.077] [bbotk]  -5.9487582 -1.1561589         -6.311166 -2.539194 2026-09-10 02:36:33
INFO  [02:36:43.077] [bbotk]  -6.9077553 -3.7117770         -6.515326 -2.473332 2026-09-10 02:36:34
INFO  [02:36:43.077] [bbotk]  -6.9077553 -5.1839206         -6.270912 -2.530115 2026-09-10 02:36:35
INFO  [02:36:43.077] [bbotk]  -6.2850592 -2.2646948         -2.419724 -2.255337 2026-09-10 02:36:36
INFO  [02:36:43.077] [bbotk]  -6.9077553 -2.1321763         -4.230682 -2.390994 2026-09-10 02:36:36
INFO  [02:36:43.077] [bbotk]  -6.0601119 -5.8148562         -6.446008 -2.737878 2026-09-10 02:36:37
INFO  [02:36:43.077] [bbotk]  -6.9077553 -2.6574530         -6.522287 -2.741233 2026-09-10 02:36:38
INFO  [02:36:43.077] [bbotk]  -6.4367338 -5.8223700         -4.660552 -2.262716 2026-09-10 02:36:39
INFO  [02:36:43.077] [bbotk]   lambda_l1  lambda_l2 min_gain_to_split    acq_cb timestamp_surrogate
INFO  [02:36:43.077] [bbotk]  timestamp_acq_function timestamp_acq_optimizer      timestamp_loop classif.ce
INFO  [02:36:43.077] [bbotk]     2026-09-10 02:36:06     2026-09-10 02:36:06 2026-09-10 02:36:07      0.205
INFO  [02:36:43.077] [bbotk]     2026-09-10 02:36:07     2026-09-10 02:36:07 2026-09-10 02:36:07      0.217
INFO  [02:36:43.077] [bbotk]     2026-09-10 02:36:08     2026-09-10 02:36:08 2026-09-10 02:36:08      0.200
INFO  [02:36:43.077] [bbotk]     2026-09-10 02:36:08     2026-09-10 02:36:08 2026-09-10 02:36:09      0.194
INFO  [02:36:43.077] [bbotk]     2026-09-10 02:36:09     2026-09-10 02:36:09 2026-09-10 02:36:10      0.209
INFO  [02:36:43.077] [bbotk]     2026-09-10 02:36:10     2026-09-10 02:36:10 2026-09-10 02:36:10      0.205
INFO  [02:36:43.077] [bbotk]     2026-09-10 02:36:10     2026-09-10 02:36:10 2026-09-10 02:36:11      0.206
INFO  [02:36:43.077] [bbotk]     2026-09-10 02:36:11     2026-09-10 02:36:11 2026-09-10 02:36:12      0.218
INFO  [02:36:43.077] [bbotk]     2026-09-10 02:36:12     2026-09-10 02:36:12 2026-09-10 02:36:12      0.212
INFO  [02:36:43.077] [bbotk]     2026-09-10 02:36:13     2026-09-10 02:36:13 2026-09-10 02:36:13      0.209
INFO  [02:36:43.077] [bbotk]     2026-09-10 02:36:13     2026-09-10 02:36:13 2026-09-10 02:36:14      0.192
INFO  [02:36:43.077] [bbotk]     2026-09-10 02:36:14     2026-09-10 02:36:14 2026-09-10 02:36:15      0.222
INFO  [02:36:43.077] [bbotk]     2026-09-10 02:36:15     2026-09-10 02:36:15 2026-09-10 02:36:16      0.205
INFO  [02:36:43.077] [bbotk]     2026-09-10 02:36:16     2026-09-10 02:36:16 2026-09-10 02:36:16      0.221
INFO  [02:36:43.077] [bbotk]     2026-09-10 02:36:16     2026-09-10 02:36:16 2026-09-10 02:36:17      0.215
INFO  [02:36:43.077] [bbotk]     2026-09-10 02:36:17     2026-09-10 02:36:17 2026-09-10 02:36:18      0.214
INFO  [02:36:43.077] [bbotk]     2026-09-10 02:36:18     2026-09-10 02:36:18 2026-09-10 02:36:19      0.209
INFO  [02:36:43.077] [bbotk]     2026-09-10 02:36:19     2026-09-10 02:36:19 2026-09-10 02:36:19      0.216
INFO  [02:36:43.077] [bbotk]     2026-09-10 02:36:19     2026-09-10 02:36:19 2026-09-10 02:36:20      0.227
INFO  [02:36:43.077] [bbotk]     2026-09-10 02:36:20     2026-09-10 02:36:20 2026-09-10 02:36:21      0.203
INFO  [02:36:43.077] [bbotk]     2026-09-10 02:36:21     2026-09-10 02:36:21 2026-09-10 02:36:22      0.210
INFO  [02:36:43.077] [bbotk]     2026-09-10 02:36:22     2026-09-10 02:36:22 2026-09-10 02:36:22      0.215
INFO  [02:36:43.077] [bbotk]     2026-09-10 02:36:23     2026-09-10 02:36:23 2026-09-10 02:36:23      0.211
INFO  [02:36:43.077] [bbotk]     2026-09-10 02:36:23     2026-09-10 02:36:23 2026-09-10 02:36:24      0.219
INFO  [02:36:43.077] [bbotk]     2026-09-10 02:36:24     2026-09-10 02:36:24 2026-09-10 02:36:25      0.212
INFO  [02:36:43.077] [bbotk]     2026-09-10 02:36:25     2026-09-10 02:36:25 2026-09-10 02:36:26      0.227
INFO  [02:36:43.077] [bbotk]     2026-09-10 02:36:26     2026-09-10 02:36:26 2026-09-10 02:36:26      0.223
INFO  [02:36:43.077] [bbotk]     2026-09-10 02:36:27     2026-09-10 02:36:27 2026-09-10 02:36:27      0.196
INFO  [02:36:43.077] [bbotk]     2026-09-10 02:36:27     2026-09-10 02:36:27 2026-09-10 02:36:28      0.208
INFO  [02:36:43.077] [bbotk]     2026-09-10 02:36:28     2026-09-10 02:36:28 2026-09-10 02:36:29      0.212
INFO  [02:36:43.077] [bbotk]     2026-09-10 02:36:29     2026-09-10 02:36:29 2026-09-10 02:36:29      0.219
INFO  [02:36:43.077] [bbotk]     2026-09-10 02:36:30     2026-09-10 02:36:30 2026-09-10 02:36:30      0.206
INFO  [02:36:43.077] [bbotk]     2026-09-10 02:36:30     2026-09-10 02:36:30 2026-09-10 02:36:31      0.206
INFO  [02:36:43.077] [bbotk]     2026-09-10 02:36:31     2026-09-10 02:36:31 2026-09-10 02:36:32      0.237
INFO  [02:36:43.077] [bbotk]     2026-09-10 02:36:32     2026-09-10 02:36:32 2026-09-10 02:36:33      0.208
INFO  [02:36:43.077] [bbotk]     2026-09-10 02:36:33     2026-09-10 02:36:33 2026-09-10 02:36:33      0.210
INFO  [02:36:43.077] [bbotk]     2026-09-10 02:36:34     2026-09-10 02:36:34 2026-09-10 02:36:34      0.206
INFO  [02:36:43.077] [bbotk]     2026-09-10 02:36:34     2026-09-10 02:36:34 2026-09-10 02:36:35      0.211
INFO  [02:36:43.077] [bbotk]     2026-09-10 02:36:35     2026-09-10 02:36:35 2026-09-10 02:36:36      0.212
INFO  [02:36:43.077] [bbotk]     2026-09-10 02:36:36     2026-09-10 02:36:36 2026-09-10 02:36:36      0.215
INFO  [02:36:43.077] [bbotk]     2026-09-10 02:36:37     2026-09-10 02:36:37 2026-09-10 02:36:37      0.217
INFO  [02:36:43.077] [bbotk]     2026-09-10 02:36:38     2026-09-10 02:36:38 2026-09-10 02:36:38      0.212
INFO  [02:36:43.077] [bbotk]     2026-09-10 02:36:38     2026-09-10 02:36:38 2026-09-10 02:36:39      0.200
INFO  [02:36:43.077] [bbotk]     2026-09-10 02:36:39     2026-09-10 02:36:39 2026-09-10 02:36:40      0.209
INFO  [02:36:43.077] [bbotk]  timestamp_acq_function timestamp_acq_optimizer      timestamp_loop classif.ce
INFO  [02:36:43.077] [bbotk]  warnings errors runtime_learners internal_tuned_values
INFO  [02:36:43.077] [bbotk]         0      0            0.682     num_iterations=46
INFO  [02:36:43.077] [bbotk]         0      0            0.619     num_iterations=91
INFO  [02:36:43.077] [bbotk]         0      0            0.699     num_iterations=38
INFO  [02:36:43.077] [bbotk]         0      0            0.702     num_iterations=65
INFO  [02:36:43.077] [bbotk]         0      0            0.688     num_iterations=55
INFO  [02:36:43.077] [bbotk]         0      0            0.651     num_iterations=31
INFO  [02:36:43.077] [bbotk]         0      0            0.545     num_iterations=30
INFO  [02:36:43.077] [bbotk]         0      0            0.609     num_iterations=61
INFO  [02:36:43.077] [bbotk]         0      0            0.580     num_iterations=18
INFO  [02:36:43.077] [bbotk]         0      0            0.620     num_iterations=64
INFO  [02:36:43.077] [bbotk]         0      0            0.628     num_iterations=56
INFO  [02:36:43.077] [bbotk]         0      0            0.559     num_iterations=35
INFO  [02:36:43.077] [bbotk]         0      0            0.628     num_iterations=35
INFO  [02:36:43.077] [bbotk]         0      0            0.628     num_iterations=31
INFO  [02:36:43.077] [bbotk]         0      0            0.520     num_iterations=28
INFO  [02:36:43.077] [bbotk]         0      0            0.585     num_iterations=37
INFO  [02:36:43.077] [bbotk]         0      0            0.641     num_iterations=45
INFO  [02:36:43.077] [bbotk]         0      0            0.643     num_iterations=41
INFO  [02:36:43.077] [bbotk]         0      0            0.649     num_iterations=21
INFO  [02:36:43.077] [bbotk]         0      0            0.664     num_iterations=56
INFO  [02:36:43.077] [bbotk]         0      0            0.662     num_iterations=46
INFO  [02:36:43.077] [bbotk]         0      0            0.539     num_iterations=63
INFO  [02:36:43.077] [bbotk]         0      0            0.575     num_iterations=33
INFO  [02:36:43.077] [bbotk]         0      0            0.504     num_iterations=32
INFO  [02:36:43.077] [bbotk]         0      0            0.592     num_iterations=50
INFO  [02:36:43.077] [bbotk]         0      0            0.643     num_iterations=96
INFO  [02:36:43.077] [bbotk]         0      0            0.497     num_iterations=47
INFO  [02:36:43.077] [bbotk]         0      0            0.675     num_iterations=71
INFO  [02:36:43.077] [bbotk]         0      0            0.628     num_iterations=70
INFO  [02:36:43.077] [bbotk]         0      0            0.502     num_iterations=47
INFO  [02:36:43.077] [bbotk]         0      0            0.500     num_iterations=30
INFO  [02:36:43.077] [bbotk]         0      0            0.549     num_iterations=32
INFO  [02:36:43.077] [bbotk]         0      0            0.524     num_iterations=33
INFO  [02:36:43.077] [bbotk]         0      0            0.488     num_iterations=15
INFO  [02:36:43.077] [bbotk]         0      0            0.456     num_iterations=36
INFO  [02:36:43.077] [bbotk]         0      0            0.494     num_iterations=40
INFO  [02:36:43.077] [bbotk]         0      0            0.625     num_iterations=30
INFO  [02:36:43.077] [bbotk]         0      0            0.643     num_iterations=62
INFO  [02:36:43.077] [bbotk]         0      0            0.513     num_iterations=29
INFO  [02:36:43.077] [bbotk]         0      0            0.413     num_iterations=25
INFO  [02:36:43.077] [bbotk]         0      0            0.463     num_iterations=17
INFO  [02:36:43.077] [bbotk]         0      0            0.564     num_iterations=47
INFO  [02:36:43.077] [bbotk]         0      0            0.599     num_iterations=53
INFO  [02:36:43.077] [bbotk]         0      0            0.513     num_iterations=18
INFO  [02:36:43.077] [bbotk]  warnings errors runtime_learners internal_tuned_values
INFO  [02:36:43.296] [mlr3] Calling train method of fallback 'regr.ranger' on task 'surrogate_task' with 232 observations {learner: <LearnerRegrRanger/LearnerRegr/Learner/R6>}
INFO  [02:36:44.161] [mlr3] Calling train method of fallback 'regr.ranger' on task 'surrogate_task' with 233 observations {learner: <LearnerRegrRanger/LearnerRegr/Learner/R6>}
INFO  [02:36:44.923] [mlr3] Calling train method of fallback 'regr.ranger' on task 'surrogate_task' with 234 observations {learner: <LearnerRegrRanger/LearnerRegr/Learner/R6>}
INFO  [02:36:45.714] [mlr3] Calling train method of fallback 'regr.ranger' on task 'surrogate_task' with 235 observations {learner: <LearnerRegrRanger/LearnerRegr/Learner/R6>}
INFO  [02:36:46.510] [mlr3] Calling train method of fallback 'regr.ranger' on task 'surrogate_task' with 236 observations {learner: <LearnerRegrRanger/LearnerRegr/Learner/R6>}
INFO  [02:36:47.319] [mlr3] Calling train method of fallback 'regr.ranger' on task 'surrogate_task' with 237 observations {learner: <LearnerRegrRanger/LearnerRegr/Learner/R6>}
INFO  [02:36:48.096] [mlr3] Calling train method of fallback 'regr.ranger' on task 'surrogate_task' with 238 observations {learner: <LearnerRegrRanger/LearnerRegr/Learner/R6>}
INFO  [02:36:48.914] [mlr3] Calling train method of fallback 'regr.ranger' on task 'surrogate_task' with 239 observations {learner: <LearnerRegrRanger/LearnerRegr/Learner/R6>}
INFO  [02:36:49.716] [mlr3] Calling train method of fallback 'regr.ranger' on task 'surrogate_task' with 240 observations {learner: <LearnerRegrRanger/LearnerRegr/Learner/R6>}
INFO  [02:36:50.492] [mlr3] Calling train method of fallback 'regr.ranger' on task 'surrogate_task' with 241 observations {learner: <LearnerRegrRanger/LearnerRegr/Learner/R6>}
INFO  [02:36:51.413] [mlr3] Calling train method of fallback 'regr.ranger' on task 'surrogate_task' with 242 observations {learner: <LearnerRegrRanger/LearnerRegr/Learner/R6>}
INFO  [02:36:52.240] [mlr3] Calling train method of fallback 'regr.ranger' on task 'surrogate_task' with 243 observations {learner: <LearnerRegrRanger/LearnerRegr/Learner/R6>}
INFO  [02:36:53.066] [mlr3] Calling train method of fallback 'regr.ranger' on task 'surrogate_task' with 244 observations {learner: <LearnerRegrRanger/LearnerRegr/Learner/R6>}
INFO  [02:36:53.912] [mlr3] Calling train method of fallback 'regr.ranger' on task 'surrogate_task' with 245 observations {learner: <LearnerRegrRanger/LearnerRegr/Learner/R6>}
INFO  [02:36:54.765] [mlr3] Calling train method of fallback 'regr.ranger' on task 'surrogate_task' with 246 observations {learner: <LearnerRegrRanger/LearnerRegr/Learner/R6>}
INFO  [02:36:55.583] [mlr3] Calling train method of fallback 'regr.ranger' on task 'surrogate_task' with 247 observations {learner: <LearnerRegrRanger/LearnerRegr/Learner/R6>}
INFO  [02:36:56.429] [mlr3] Calling train method of fallback 'regr.ranger' on task 'surrogate_task' with 248 observations {learner: <LearnerRegrRanger/LearnerRegr/Learner/R6>}
INFO  [02:36:57.248] [mlr3] Calling train method of fallback 'regr.ranger' on task 'surrogate_task' with 249 observations {learner: <LearnerRegrRanger/LearnerRegr/Learner/R6>}
INFO  [02:36:58.026] [mlr3] Calling train method of fallback 'regr.ranger' on task 'surrogate_task' with 250 observations {learner: <LearnerRegrRanger/LearnerRegr/Learner/R6>}
INFO  [02:36:58.825] [mlr3] Calling train method of fallback 'regr.ranger' on task 'surrogate_task' with 251 observations {learner: <LearnerRegrRanger/LearnerRegr/Learner/R6>}
INFO  [02:36:59.667] [mlr3] Calling train method of fallback 'regr.ranger' on task 'surrogate_task' with 252 observations {learner: <LearnerRegrRanger/LearnerRegr/Learner/R6>}
INFO  [02:37:00.483] [mlr3] Calling train method of fallback 'regr.ranger' on task 'surrogate_task' with 253 observations {learner: <LearnerRegrRanger/LearnerRegr/Learner/R6>}
INFO  [02:37:01.306] [mlr3] Calling train method of fallback 'regr.ranger' on task 'surrogate_task' with 254 observations {learner: <LearnerRegrRanger/LearnerRegr/Learner/R6>}
INFO  [02:37:02.159] [mlr3] Calling train method of fallback 'regr.ranger' on task 'surrogate_task' with 255 observations {learner: <LearnerRegrRanger/LearnerRegr/Learner/R6>}
INFO  [02:37:02.979] [mlr3] Calling train method of fallback 'regr.ranger' on task 'surrogate_task' with 256 observations {learner: <LearnerRegrRanger/LearnerRegr/Learner/R6>}
INFO  [02:37:03.833] [mlr3] Calling train method of fallback 'regr.ranger' on task 'surrogate_task' with 257 observations {learner: <LearnerRegrRanger/LearnerRegr/Learner/R6>}
INFO  [02:37:04.649] [mlr3] Calling train method of fallback 'regr.ranger' on task 'surrogate_task' with 258 observations {learner: <LearnerRegrRanger/LearnerRegr/Learner/R6>}
INFO  [02:37:05.462] [mlr3] Calling train method of fallback 'regr.ranger' on task 'surrogate_task' with 259 observations {learner: <LearnerRegrRanger/LearnerRegr/Learner/R6>}
INFO  [02:37:06.311] [mlr3] Calling train method of fallback 'regr.ranger' on task 'surrogate_task' with 260 observations {learner: <LearnerRegrRanger/LearnerRegr/Learner/R6>}
INFO  [02:37:07.153] [mlr3] Calling train method of fallback 'regr.ranger' on task 'surrogate_task' with 261 observations {learner: <LearnerRegrRanger/LearnerRegr/Learner/R6>}
INFO  [02:37:08.009] [mlr3] Calling train method of fallback 'regr.ranger' on task 'surrogate_task' with 262 observations {learner: <LearnerRegrRanger/LearnerRegr/Learner/R6>}
INFO  [02:37:08.866] [mlr3] Calling train method of fallback 'regr.ranger' on task 'surrogate_task' with 263 observations {learner: <LearnerRegrRanger/LearnerRegr/Learner/R6>}
INFO  [02:37:09.694] [mlr3] Calling train method of fallback 'regr.ranger' on task 'surrogate_task' with 264 observations {learner: <LearnerRegrRanger/LearnerRegr/Learner/R6>}
INFO  [02:37:10.518] [mlr3] Calling train method of fallback 'regr.ranger' on task 'surrogate_task' with 265 observations {learner: <LearnerRegrRanger/LearnerRegr/Learner/R6>}
INFO  [02:37:11.366] [mlr3] Calling train method of fallback 'regr.ranger' on task 'surrogate_task' with 266 observations {learner: <LearnerRegrRanger/LearnerRegr/Learner/R6>}
INFO  [02:37:12.239] [mlr3] Calling train method of fallback 'regr.ranger' on task 'surrogate_task' with 267 observations {learner: <LearnerRegrRanger/LearnerRegr/Learner/R6>}
INFO  [02:37:13.048] [mlr3] Calling train method of fallback 'regr.ranger' on task 'surrogate_task' with 268 observations {learner: <LearnerRegrRanger/LearnerRegr/Learner/R6>}
INFO  [02:37:13.863] [mlr3] Calling train method of fallback 'regr.ranger' on task 'surrogate_task' with 269 observations {learner: <LearnerRegrRanger/LearnerRegr/Learner/R6>}
INFO  [02:37:14.707] [mlr3] Calling train method of fallback 'regr.ranger' on task 'surrogate_task' with 270 observations {learner: <LearnerRegrRanger/LearnerRegr/Learner/R6>}
INFO  [02:37:15.567] [mlr3] Calling train method of fallback 'regr.ranger' on task 'surrogate_task' with 271 observations {learner: <LearnerRegrRanger/LearnerRegr/Learner/R6>}
INFO  [02:37:16.335] [mlr3] Calling train method of fallback 'regr.ranger' on task 'surrogate_task' with 272 observations {learner: <LearnerRegrRanger/LearnerRegr/Learner/R6>}
INFO  [02:37:17.232] [mlr3] Calling train method of fallback 'regr.ranger' on task 'surrogate_task' with 273 observations {learner: <LearnerRegrRanger/LearnerRegr/Learner/R6>}
INFO  [02:37:18.144] [mlr3] Calling train method of fallback 'regr.ranger' on task 'surrogate_task' with 274 observations {learner: <LearnerRegrRanger/LearnerRegr/Learner/R6>}
INFO  [02:37:18.970] [mlr3] Calling train method of fallback 'regr.ranger' on task 'surrogate_task' with 275 observations {learner: <LearnerRegrRanger/LearnerRegr/Learner/R6>}
INFO  [02:37:19.616] [bbotk] Evaluating 44 configuration(s)
INFO  [02:37:19.738] [mlr3] Running benchmark with 440 resampling iterations
INFO  [02:37:21.038] [mlr3] Finished benchmark
INFO  [02:37:22.529] [bbotk] Result of batch 5:
INFO  [02:37:22.537] [bbotk]  learning_rate num_leaves min_data_in_leaf feature_fraction extra_trees
INFO  [02:37:22.537] [bbotk]     -0.9610308        191               31        0.5775838        TRUE
INFO  [02:37:22.537] [bbotk]     -0.6601331        178              200        0.3530671        TRUE
INFO  [02:37:22.537] [bbotk]     -0.6373302         57               30        0.3430347        TRUE
INFO  [02:37:22.537] [bbotk]     -0.6188271        163               10        0.3494190        TRUE
INFO  [02:37:22.537] [bbotk]     -0.6027225         43               23        0.7672715        TRUE
INFO  [02:37:22.537] [bbotk]     -0.3872678         73               22        0.2954346        TRUE
INFO  [02:37:22.537] [bbotk]     -0.6554993        172               23        0.9962266        TRUE
INFO  [02:37:22.537] [bbotk]     -0.5003869        166               29        0.2658561        TRUE
INFO  [02:37:22.537] [bbotk]     -0.6157262        156               27        0.1366133        TRUE
INFO  [02:37:22.537] [bbotk]     -0.6393467         43               28        0.7520465        TRUE
INFO  [02:37:22.537] [bbotk]     -0.6224942        167               25        0.3469674        TRUE
INFO  [02:37:22.537] [bbotk]     -1.2374613        174               27        0.3194065        TRUE
INFO  [02:37:22.537] [bbotk]     -0.6254269        184               22        0.4714872        TRUE
INFO  [02:37:22.537] [bbotk]     -0.6313816        177               19        0.1043270        TRUE
INFO  [02:37:22.537] [bbotk]     -0.6462100        235               27        0.5726004        TRUE
INFO  [02:37:22.537] [bbotk]     -1.2814970         43               22        0.9333437        TRUE
INFO  [02:37:22.537] [bbotk]     -0.6462968        166               27        0.3350816        TRUE
INFO  [02:37:22.537] [bbotk]     -0.8088952        152               29        0.3653597        TRUE
INFO  [02:37:22.537] [bbotk]     -0.5716171         43               30        0.3436525        TRUE
INFO  [02:37:22.537] [bbotk]     -1.3185341        162               27        0.3581191        TRUE
INFO  [02:37:22.537] [bbotk]     -1.5324477        185               38        0.7635005        TRUE
INFO  [02:37:22.537] [bbotk]     -0.6281407        162               63        0.3461398        TRUE
INFO  [02:37:22.537] [bbotk]     -0.5885142         39               18        0.8814379        TRUE
INFO  [02:37:22.537] [bbotk]     -0.5979511         44              155        0.7657101        TRUE
INFO  [02:37:22.537] [bbotk]     -0.6383302        188               66        0.6603723        TRUE
INFO  [02:37:22.537] [bbotk]     -0.7072306        251              148        0.3480344        TRUE
INFO  [02:37:22.537] [bbotk]     -0.6286223         10               16        0.6333140        TRUE
INFO  [02:37:22.537] [bbotk]     -0.6263878         45               22        1.0000000        TRUE
INFO  [02:37:22.537] [bbotk]     -0.1992242        166               32        0.5208853        TRUE
INFO  [02:37:22.537] [bbotk]      0.0000000         43                5        0.3413092        TRUE
INFO  [02:37:22.537] [bbotk]     -0.6313356         33               21        0.7422703        TRUE
INFO  [02:37:22.537] [bbotk]     -0.6702202        193               23        0.6640622        TRUE
INFO  [02:37:22.537] [bbotk]     -0.6663038         44               35        0.6403738        TRUE
INFO  [02:37:22.537] [bbotk]     -0.8233794        169               23        0.7563533        TRUE
INFO  [02:37:22.537] [bbotk]     -0.6954297         52               25        0.7537644        TRUE
INFO  [02:37:22.537] [bbotk]      0.0000000        168               20        0.3456664        TRUE
INFO  [02:37:22.537] [bbotk]     -0.6262139         76               30        0.9044223        TRUE
INFO  [02:37:22.537] [bbotk]      0.0000000        116               22        0.7541068        TRUE
INFO  [02:37:22.537] [bbotk]     -0.6268443        153               23        0.6654955        TRUE
INFO  [02:37:22.537] [bbotk]     -0.7148976         41               22        0.9950767        TRUE
INFO  [02:37:22.537] [bbotk]      0.0000000         41               24        0.7613508        TRUE
INFO  [02:37:22.537] [bbotk]      0.0000000         40               17        0.7651439        TRUE
INFO  [02:37:22.537] [bbotk]     -0.6888560        179                1        0.6904441        TRUE
INFO  [02:37:22.537] [bbotk]     -0.6289388        185               23        0.6880489        TRUE
INFO  [02:37:22.537] [bbotk]  learning_rate num_leaves min_data_in_leaf feature_fraction extra_trees
INFO  [02:37:22.537] [bbotk]   lambda_l1  lambda_l2 min_gain_to_split    acq_cb timestamp_surrogate
INFO  [02:37:22.537] [bbotk]  -1.0893740 -6.9077553         -6.513590 -4.353705 2026-09-10 02:36:43
INFO  [02:37:22.537] [bbotk]  -5.4839911 -6.8717169         -4.766674 -3.374020 2026-09-10 02:36:43
INFO  [02:37:22.537] [bbotk]  -6.1517814 -6.9077553         -6.559766 -4.870717 2026-09-10 02:36:44
INFO  [02:37:22.537] [bbotk]  -1.3399574 -6.9077553         -6.413110 -4.075035 2026-09-10 02:36:45
INFO  [02:37:22.537] [bbotk]  -1.0308372 -2.4261323         -6.379313 -4.282778 2026-09-10 02:36:46
INFO  [02:37:22.537] [bbotk]  -6.7405032 -6.7961186         -6.907755 -3.351628 2026-09-10 02:36:47
INFO  [02:37:22.537] [bbotk]  -6.1159707 -2.2385255         -6.748613 -4.103419 2026-09-10 02:36:47
INFO  [02:37:22.537] [bbotk]  -6.5141320 -6.9077553         -6.167606 -4.040839 2026-09-10 02:36:48
INFO  [02:37:22.537] [bbotk]  -6.2852979 -6.9077553         -6.387027 -3.794558 2026-09-10 02:36:49
INFO  [02:37:22.537] [bbotk]  -6.1276678 -2.2269154         -6.803200 -4.813179 2026-09-10 02:36:50
INFO  [02:37:22.537] [bbotk]  -6.4679099 -6.8902340         -6.372127 -4.038494 2026-09-10 02:36:51
INFO  [02:37:22.537] [bbotk]  -3.5579492 -6.9077553         -5.099630 -3.191407 2026-09-10 02:36:52
INFO  [02:37:22.537] [bbotk]  -6.2186861 -6.9077553         -6.080517 -4.123766 2026-09-10 02:36:52
INFO  [02:37:22.537] [bbotk]  -6.4512455 -6.9077553         -6.413627 -3.537421 2026-09-10 02:36:53
INFO  [02:37:22.537] [bbotk]  -5.9413855 -0.2508746         -6.376535 -3.670589 2026-09-10 02:36:54
INFO  [02:37:22.537] [bbotk]  -6.2407592 -2.8547279         -6.383270 -3.359848 2026-09-10 02:36:55
INFO  [02:37:22.537] [bbotk]  -0.8197218 -2.2197809         -6.447894 -2.910213 2026-09-10 02:36:56
INFO  [02:37:22.537] [bbotk]  -6.8820819 -6.9077553         -3.937980 -2.784909 2026-09-10 02:36:56
INFO  [02:37:22.537] [bbotk]  -5.3616967 -2.0317386         -5.718436 -2.806645 2026-09-10 02:36:57
INFO  [02:37:22.537] [bbotk]  -6.0903844 -6.9077553         -6.441461 -3.306174 2026-09-10 02:36:58
INFO  [02:37:22.537] [bbotk]  -6.1185178 -1.8040742         -6.399583 -3.307722 2026-09-10 02:36:59
INFO  [02:37:22.537] [bbotk]  -6.0332319 -6.9077553         -6.378178 -3.390906 2026-09-10 02:37:00
INFO  [02:37:22.537] [bbotk]  -6.3195178 -6.2461155         -6.776570 -3.183631 2026-09-10 02:37:01
INFO  [02:37:22.537] [bbotk]  -6.1397636 -6.1279611         -6.399539 -2.676634 2026-09-10 02:37:01
INFO  [02:37:22.537] [bbotk]  -6.1848290 -1.1091586         -6.113423 -2.551090 2026-09-10 02:37:02
INFO  [02:37:22.537] [bbotk]  -6.1016792 -6.9077553         -4.431461 -2.663618 2026-09-10 02:37:03
INFO  [02:37:22.537] [bbotk]  -6.9077553  5.1029465         -6.399655 -3.710856 2026-09-10 02:37:04
INFO  [02:37:22.537] [bbotk]  -6.9077553  3.1964519         -6.475487 -3.243761 2026-09-10 02:37:05
INFO  [02:37:22.537] [bbotk]  -6.1219981 -6.9077553         -2.605320 -3.178906 2026-09-10 02:37:06
INFO  [02:37:22.537] [bbotk]  -6.0662053 -2.3309133         -6.379017 -3.732593 2026-09-10 02:37:06
INFO  [02:37:22.537] [bbotk]  -1.3798377 -2.1238254         -6.387129 -3.351505 2026-09-10 02:37:07
INFO  [02:37:22.537] [bbotk]  -6.2648420 -0.5318266         -5.049349 -2.746043 2026-09-10 02:37:08
INFO  [02:37:22.537] [bbotk]  -1.2540833  4.1785878         -6.257466 -2.511578 2026-09-10 02:37:09
INFO  [02:37:22.537] [bbotk]  -6.4452768 -6.3037777         -3.462427 -2.554575 2026-09-10 02:37:10
INFO  [02:37:22.537] [bbotk]  -6.1032432 -2.2847454         -5.325511 -3.165745 2026-09-10 02:37:11
INFO  [02:37:22.537] [bbotk]  -6.1498134  1.0173554         -4.333675 -2.532278 2026-09-10 02:37:11
INFO  [02:37:22.537] [bbotk]  -6.9077553 -2.1596880         -6.144270 -2.712481 2026-09-10 02:37:12
INFO  [02:37:22.537] [bbotk]  -5.3844643 -2.1468147         -6.907755 -2.554279 2026-09-10 02:37:13
INFO  [02:37:22.537] [bbotk]  -6.1059911 -2.2687371         -6.147452 -3.340635 2026-09-10 02:37:14
INFO  [02:37:22.537] [bbotk]  -4.3513954  1.9361139         -6.793447 -2.562824 2026-09-10 02:37:15
INFO  [02:37:22.537] [bbotk]  -4.4270752 -2.2612475         -6.367505 -3.196901 2026-09-10 02:37:16
INFO  [02:37:22.537] [bbotk]   0.1811008 -2.1978425         -6.383721 -2.887281 2026-09-10 02:37:16
INFO  [02:37:22.537] [bbotk]  -3.2333201 -2.1635539         -6.380848 -2.443059 2026-09-10 02:37:17
INFO  [02:37:22.537] [bbotk]  -4.1191675 -1.4488665         -6.114793 -2.952756 2026-09-10 02:37:18
INFO  [02:37:22.537] [bbotk]   lambda_l1  lambda_l2 min_gain_to_split    acq_cb timestamp_surrogate
INFO  [02:37:22.537] [bbotk]  timestamp_acq_function timestamp_acq_optimizer      timestamp_loop classif.ce
INFO  [02:37:22.537] [bbotk]     2026-09-10 02:36:43     2026-09-10 02:36:43 2026-09-10 02:36:43      0.210
INFO  [02:37:22.537] [bbotk]     2026-09-10 02:36:44     2026-09-10 02:36:44 2026-09-10 02:36:44      0.227
INFO  [02:37:22.537] [bbotk]     2026-09-10 02:36:44     2026-09-10 02:36:44 2026-09-10 02:36:45      0.210
INFO  [02:37:22.537] [bbotk]     2026-09-10 02:36:45     2026-09-10 02:36:45 2026-09-10 02:36:46      0.206
INFO  [02:37:22.537] [bbotk]     2026-09-10 02:36:46     2026-09-10 02:36:46 2026-09-10 02:36:47      0.202
INFO  [02:37:22.537] [bbotk]     2026-09-10 02:36:47     2026-09-10 02:36:47 2026-09-10 02:36:47      0.225
INFO  [02:37:22.537] [bbotk]     2026-09-10 02:36:48     2026-09-10 02:36:48 2026-09-10 02:36:48      0.206
INFO  [02:37:22.537] [bbotk]     2026-09-10 02:36:48     2026-09-10 02:36:48 2026-09-10 02:36:49      0.209
INFO  [02:37:22.537] [bbotk]     2026-09-10 02:36:49     2026-09-10 02:36:49 2026-09-10 02:36:50      0.218
INFO  [02:37:22.537] [bbotk]     2026-09-10 02:36:50     2026-09-10 02:36:50 2026-09-10 02:36:51      0.206
INFO  [02:37:22.537] [bbotk]     2026-09-10 02:36:51     2026-09-10 02:36:51 2026-09-10 02:36:52      0.210
INFO  [02:37:22.537] [bbotk]     2026-09-10 02:36:52     2026-09-10 02:36:52 2026-09-10 02:36:52      0.213
INFO  [02:37:22.537] [bbotk]     2026-09-10 02:36:53     2026-09-10 02:36:53 2026-09-10 02:36:53      0.213
INFO  [02:37:22.537] [bbotk]     2026-09-10 02:36:53     2026-09-10 02:36:53 2026-09-10 02:36:54      0.222
INFO  [02:37:22.537] [bbotk]     2026-09-10 02:36:54     2026-09-10 02:36:54 2026-09-10 02:36:55      0.211
INFO  [02:37:22.537] [bbotk]     2026-09-10 02:36:55     2026-09-10 02:36:55 2026-09-10 02:36:56      0.202
INFO  [02:37:22.537] [bbotk]     2026-09-10 02:36:56     2026-09-10 02:36:56 2026-09-10 02:36:56      0.206
INFO  [02:37:22.537] [bbotk]     2026-09-10 02:36:57     2026-09-10 02:36:57 2026-09-10 02:36:57      0.211
INFO  [02:37:22.537] [bbotk]     2026-09-10 02:36:58     2026-09-10 02:36:58 2026-09-10 02:36:58      0.208
INFO  [02:37:22.537] [bbotk]     2026-09-10 02:36:58     2026-09-10 02:36:58 2026-09-10 02:36:59      0.209
INFO  [02:37:22.537] [bbotk]     2026-09-10 02:36:59     2026-09-10 02:36:59 2026-09-10 02:37:00      0.214
INFO  [02:37:22.537] [bbotk]     2026-09-10 02:37:00     2026-09-10 02:37:00 2026-09-10 02:37:01      0.209
INFO  [02:37:22.537] [bbotk]     2026-09-10 02:37:01     2026-09-10 02:37:01 2026-09-10 02:37:01      0.206
INFO  [02:37:22.537] [bbotk]     2026-09-10 02:37:02     2026-09-10 02:37:02 2026-09-10 02:37:02      0.211
INFO  [02:37:22.537] [bbotk]     2026-09-10 02:37:02     2026-09-10 02:37:02 2026-09-10 02:37:03      0.212
INFO  [02:37:22.537] [bbotk]     2026-09-10 02:37:03     2026-09-10 02:37:03 2026-09-10 02:37:04      0.220
INFO  [02:37:22.537] [bbotk]     2026-09-10 02:37:04     2026-09-10 02:37:04 2026-09-10 02:37:05      0.218
INFO  [02:37:22.537] [bbotk]     2026-09-10 02:37:05     2026-09-10 02:37:05 2026-09-10 02:37:06      0.212
INFO  [02:37:22.537] [bbotk]     2026-09-10 02:37:06     2026-09-10 02:37:06 2026-09-10 02:37:06      0.213
INFO  [02:37:22.537] [bbotk]     2026-09-10 02:37:07     2026-09-10 02:37:07 2026-09-10 02:37:07      0.218
INFO  [02:37:22.537] [bbotk]     2026-09-10 02:37:08     2026-09-10 02:37:08 2026-09-10 02:37:08      0.215
INFO  [02:37:22.537] [bbotk]     2026-09-10 02:37:08     2026-09-10 02:37:08 2026-09-10 02:37:09      0.205
INFO  [02:37:22.537] [bbotk]     2026-09-10 02:37:09     2026-09-10 02:37:09 2026-09-10 02:37:10      0.219
INFO  [02:37:22.537] [bbotk]     2026-09-10 02:37:10     2026-09-10 02:37:10 2026-09-10 02:37:11      0.207
INFO  [02:37:22.537] [bbotk]     2026-09-10 02:37:11     2026-09-10 02:37:11 2026-09-10 02:37:11      0.201
INFO  [02:37:22.537] [bbotk]     2026-09-10 02:37:12     2026-09-10 02:37:12 2026-09-10 02:37:12      0.200
INFO  [02:37:22.537] [bbotk]     2026-09-10 02:37:13     2026-09-10 02:37:13 2026-09-10 02:37:13      0.209
INFO  [02:37:22.537] [bbotk]     2026-09-10 02:37:13     2026-09-10 02:37:13 2026-09-10 02:37:14      0.219
INFO  [02:37:22.537] [bbotk]     2026-09-10 02:37:14     2026-09-10 02:37:14 2026-09-10 02:37:15      0.213
INFO  [02:37:22.537] [bbotk]     2026-09-10 02:37:15     2026-09-10 02:37:15 2026-09-10 02:37:16      0.209
INFO  [02:37:22.537] [bbotk]     2026-09-10 02:37:16     2026-09-10 02:37:16 2026-09-10 02:37:16      0.215
INFO  [02:37:22.537] [bbotk]     2026-09-10 02:37:17     2026-09-10 02:37:17 2026-09-10 02:37:17      0.223
INFO  [02:37:22.537] [bbotk]     2026-09-10 02:37:18     2026-09-10 02:37:18 2026-09-10 02:37:18      0.218
INFO  [02:37:22.537] [bbotk]     2026-09-10 02:37:18     2026-09-10 02:37:18 2026-09-10 02:37:19      0.218
INFO  [02:37:22.537] [bbotk]  timestamp_acq_function timestamp_acq_optimizer      timestamp_loop classif.ce
INFO  [02:37:22.537] [bbotk]  warnings errors runtime_learners internal_tuned_values
INFO  [02:37:22.537] [bbotk]         0      0            0.638     num_iterations=41
INFO  [02:37:22.537] [bbotk]         0      0            0.572     num_iterations=45
INFO  [02:37:22.537] [bbotk]         0      0            0.631     num_iterations=51
INFO  [02:37:22.537] [bbotk]         0      0            0.589     num_iterations=40
INFO  [02:37:22.537] [bbotk]         0      0            0.607     num_iterations=42
INFO  [02:37:22.537] [bbotk]         0      0            0.573     num_iterations=46
INFO  [02:37:22.537] [bbotk]         0      0            0.757     num_iterations=63
INFO  [02:37:22.537] [bbotk]         0      0            0.624     num_iterations=55
INFO  [02:37:22.537] [bbotk]         0      0            0.549     num_iterations=45
INFO  [02:37:22.537] [bbotk]         0      0            0.687     num_iterations=40
INFO  [02:37:22.537] [bbotk]         0      0            0.603     num_iterations=39
INFO  [02:37:22.537] [bbotk]         0      0            0.581     num_iterations=47
INFO  [02:37:22.537] [bbotk]         0      0            0.644     num_iterations=41
INFO  [02:37:22.537] [bbotk]         0      0            0.624     num_iterations=74
INFO  [02:37:22.537] [bbotk]         0      0            0.603     num_iterations=31
INFO  [02:37:22.537] [bbotk]         0      0            0.662     num_iterations=40
INFO  [02:37:22.537] [bbotk]         0      0            0.566     num_iterations=47
INFO  [02:37:22.537] [bbotk]         0      0            0.592     num_iterations=56
INFO  [02:37:22.537] [bbotk]         0      0            0.584     num_iterations=54
INFO  [02:37:22.537] [bbotk]         0      0            0.675     num_iterations=59
INFO  [02:37:22.537] [bbotk]         0      0            0.731     num_iterations=65
INFO  [02:37:22.537] [bbotk]         0      0            0.620     num_iterations=63
INFO  [02:37:22.537] [bbotk]         0      0            0.667     num_iterations=30
INFO  [02:37:22.537] [bbotk]         0      0            0.572     num_iterations=42
INFO  [02:37:22.537] [bbotk]         0      0            0.773     num_iterations=62
INFO  [02:37:22.537] [bbotk]         0      0            0.625     num_iterations=55
INFO  [02:37:22.537] [bbotk]         0      0            0.615     num_iterations=79
INFO  [02:37:22.537] [bbotk]         0      0            0.642     num_iterations=26
INFO  [02:37:22.537] [bbotk]         0      0            0.540     num_iterations=27
INFO  [02:37:22.537] [bbotk]         0      0            0.592     num_iterations=33
INFO  [02:37:22.537] [bbotk]         0      0            0.562     num_iterations=25
INFO  [02:37:22.537] [bbotk]         0      0            0.660     num_iterations=46
INFO  [02:37:22.537] [bbotk]         0      0            0.583     num_iterations=64
INFO  [02:37:22.537] [bbotk]         0      0            0.594     num_iterations=42
INFO  [02:37:22.537] [bbotk]         0      0            0.654     num_iterations=36
INFO  [02:37:22.537] [bbotk]         0      0            0.629     num_iterations=43
INFO  [02:37:22.537] [bbotk]         0      0            0.624     num_iterations=20
INFO  [02:37:22.537] [bbotk]         0      0            0.711     num_iterations=33
INFO  [02:37:22.537] [bbotk]         0      0            0.612     num_iterations=21
INFO  [02:37:22.537] [bbotk]         0      0            0.681     num_iterations=28
INFO  [02:37:22.537] [bbotk]         0      0            0.601     num_iterations=16
INFO  [02:37:22.537] [bbotk]         0      0            0.541     num_iterations=28
INFO  [02:37:22.537] [bbotk]         0      0            0.730     num_iterations=25
INFO  [02:37:22.537] [bbotk]         0      0            0.667     num_iterations=45
INFO  [02:37:22.537] [bbotk]  warnings errors runtime_learners internal_tuned_values
INFO  [02:37:22.806] [mlr3] Calling train method of fallback 'regr.ranger' on task 'surrogate_task' with 276 observations {learner: <LearnerRegrRanger/LearnerRegr/Learner/R6>}
INFO  [02:37:23.753] [mlr3] Calling train method of fallback 'regr.ranger' on task 'surrogate_task' with 277 observations {learner: <LearnerRegrRanger/LearnerRegr/Learner/R6>}
INFO  [02:37:24.656] [mlr3] Calling train method of fallback 'regr.ranger' on task 'surrogate_task' with 278 observations {learner: <LearnerRegrRanger/LearnerRegr/Learner/R6>}
INFO  [02:37:25.497] [mlr3] Calling train method of fallback 'regr.ranger' on task 'surrogate_task' with 279 observations {learner: <LearnerRegrRanger/LearnerRegr/Learner/R6>}
INFO  [02:37:26.320] [mlr3] Calling train method of fallback 'regr.ranger' on task 'surrogate_task' with 280 observations {learner: <LearnerRegrRanger/LearnerRegr/Learner/R6>}
INFO  [02:37:27.212] [mlr3] Calling train method of fallback 'regr.ranger' on task 'surrogate_task' with 281 observations {learner: <LearnerRegrRanger/LearnerRegr/Learner/R6>}
INFO  [02:37:28.149] [mlr3] Calling train method of fallback 'regr.ranger' on task 'surrogate_task' with 282 observations {learner: <LearnerRegrRanger/LearnerRegr/Learner/R6>}
INFO  [02:37:28.997] [mlr3] Calling train method of fallback 'regr.ranger' on task 'surrogate_task' with 283 observations {learner: <LearnerRegrRanger/LearnerRegr/Learner/R6>}
INFO  [02:37:29.876] [mlr3] Calling train method of fallback 'regr.ranger' on task 'surrogate_task' with 284 observations {learner: <LearnerRegrRanger/LearnerRegr/Learner/R6>}
INFO  [02:37:30.782] [mlr3] Calling train method of fallback 'regr.ranger' on task 'surrogate_task' with 285 observations {learner: <LearnerRegrRanger/LearnerRegr/Learner/R6>}
INFO  [02:37:31.707] [mlr3] Calling train method of fallback 'regr.ranger' on task 'surrogate_task' with 286 observations {learner: <LearnerRegrRanger/LearnerRegr/Learner/R6>}
INFO  [02:37:32.646] [mlr3] Calling train method of fallback 'regr.ranger' on task 'surrogate_task' with 287 observations {learner: <LearnerRegrRanger/LearnerRegr/Learner/R6>}
INFO  [02:37:33.495] [mlr3] Calling train method of fallback 'regr.ranger' on task 'surrogate_task' with 288 observations {learner: <LearnerRegrRanger/LearnerRegr/Learner/R6>}
INFO  [02:37:34.373] [mlr3] Calling train method of fallback 'regr.ranger' on task 'surrogate_task' with 289 observations {learner: <LearnerRegrRanger/LearnerRegr/Learner/R6>}
INFO  [02:37:35.246] [mlr3] Calling train method of fallback 'regr.ranger' on task 'surrogate_task' with 290 observations {learner: <LearnerRegrRanger/LearnerRegr/Learner/R6>}
INFO  [02:37:36.207] [mlr3] Calling train method of fallback 'regr.ranger' on task 'surrogate_task' with 291 observations {learner: <LearnerRegrRanger/LearnerRegr/Learner/R6>}
INFO  [02:37:37.115] [mlr3] Calling train method of fallback 'regr.ranger' on task 'surrogate_task' with 292 observations {learner: <LearnerRegrRanger/LearnerRegr/Learner/R6>}
INFO  [02:37:38.061] [mlr3] Calling train method of fallback 'regr.ranger' on task 'surrogate_task' with 293 observations {learner: <LearnerRegrRanger/LearnerRegr/Learner/R6>}
INFO  [02:37:38.895] [mlr3] Calling train method of fallback 'regr.ranger' on task 'surrogate_task' with 294 observations {learner: <LearnerRegrRanger/LearnerRegr/Learner/R6>}
INFO  [02:37:39.849] [mlr3] Calling train method of fallback 'regr.ranger' on task 'surrogate_task' with 295 observations {learner: <LearnerRegrRanger/LearnerRegr/Learner/R6>}
INFO  [02:37:40.778] [mlr3] Calling train method of fallback 'regr.ranger' on task 'surrogate_task' with 296 observations {learner: <LearnerRegrRanger/LearnerRegr/Learner/R6>}
INFO  [02:37:41.687] [mlr3] Calling train method of fallback 'regr.ranger' on task 'surrogate_task' with 297 observations {learner: <LearnerRegrRanger/LearnerRegr/Learner/R6>}
INFO  [02:37:42.617] [mlr3] Calling train method of fallback 'regr.ranger' on task 'surrogate_task' with 298 observations {learner: <LearnerRegrRanger/LearnerRegr/Learner/R6>}
INFO  [02:37:43.537] [mlr3] Calling train method of fallback 'regr.ranger' on task 'surrogate_task' with 299 observations {learner: <LearnerRegrRanger/LearnerRegr/Learner/R6>}
INFO  [02:37:44.435] [mlr3] Calling train method of fallback 'regr.ranger' on task 'surrogate_task' with 300 observations {learner: <LearnerRegrRanger/LearnerRegr/Learner/R6>}
INFO  [02:37:45.367] [mlr3] Calling train method of fallback 'regr.ranger' on task 'surrogate_task' with 301 observations {learner: <LearnerRegrRanger/LearnerRegr/Learner/R6>}
INFO  [02:37:46.251] [mlr3] Calling train method of fallback 'regr.ranger' on task 'surrogate_task' with 302 observations {learner: <LearnerRegrRanger/LearnerRegr/Learner/R6>}
INFO  [02:37:47.127] [mlr3] Calling train method of fallback 'regr.ranger' on task 'surrogate_task' with 303 observations {learner: <LearnerRegrRanger/LearnerRegr/Learner/R6>}
INFO  [02:37:48.034] [mlr3] Calling train method of fallback 'regr.ranger' on task 'surrogate_task' with 304 observations {learner: <LearnerRegrRanger/LearnerRegr/Learner/R6>}
INFO  [02:37:48.961] [mlr3] Calling train method of fallback 'regr.ranger' on task 'surrogate_task' with 305 observations {learner: <LearnerRegrRanger/LearnerRegr/Learner/R6>}
INFO  [02:37:49.835] [mlr3] Calling train method of fallback 'regr.ranger' on task 'surrogate_task' with 306 observations {learner: <LearnerRegrRanger/LearnerRegr/Learner/R6>}
INFO  [02:37:50.754] [mlr3] Calling train method of fallback 'regr.ranger' on task 'surrogate_task' with 307 observations {learner: <LearnerRegrRanger/LearnerRegr/Learner/R6>}
INFO  [02:37:51.703] [mlr3] Calling train method of fallback 'regr.ranger' on task 'surrogate_task' with 308 observations {learner: <LearnerRegrRanger/LearnerRegr/Learner/R6>}
INFO  [02:37:52.623] [mlr3] Calling train method of fallback 'regr.ranger' on task 'surrogate_task' with 309 observations {learner: <LearnerRegrRanger/LearnerRegr/Learner/R6>}
INFO  [02:37:53.531] [mlr3] Calling train method of fallback 'regr.ranger' on task 'surrogate_task' with 310 observations {learner: <LearnerRegrRanger/LearnerRegr/Learner/R6>}
INFO  [02:37:54.466] [mlr3] Calling train method of fallback 'regr.ranger' on task 'surrogate_task' with 311 observations {learner: <LearnerRegrRanger/LearnerRegr/Learner/R6>}
INFO  [02:37:55.390] [mlr3] Calling train method of fallback 'regr.ranger' on task 'surrogate_task' with 312 observations {learner: <LearnerRegrRanger/LearnerRegr/Learner/R6>}
INFO  [02:37:56.321] [mlr3] Calling train method of fallback 'regr.ranger' on task 'surrogate_task' with 313 observations {learner: <LearnerRegrRanger/LearnerRegr/Learner/R6>}
INFO  [02:37:57.249] [mlr3] Calling train method of fallback 'regr.ranger' on task 'surrogate_task' with 314 observations {learner: <LearnerRegrRanger/LearnerRegr/Learner/R6>}
INFO  [02:37:58.190] [mlr3] Calling train method of fallback 'regr.ranger' on task 'surrogate_task' with 315 observations {learner: <LearnerRegrRanger/LearnerRegr/Learner/R6>}
INFO  [02:37:59.089] [mlr3] Calling train method of fallback 'regr.ranger' on task 'surrogate_task' with 316 observations {learner: <LearnerRegrRanger/LearnerRegr/Learner/R6>}
INFO  [02:38:00.062] [mlr3] Calling train method of fallback 'regr.ranger' on task 'surrogate_task' with 317 observations {learner: <LearnerRegrRanger/LearnerRegr/Learner/R6>}
INFO  [02:38:01.003] [mlr3] Calling train method of fallback 'regr.ranger' on task 'surrogate_task' with 318 observations {learner: <LearnerRegrRanger/LearnerRegr/Learner/R6>}
INFO  [02:38:01.978] [mlr3] Calling train method of fallback 'regr.ranger' on task 'surrogate_task' with 319 observations {learner: <LearnerRegrRanger/LearnerRegr/Learner/R6>}
INFO  [02:38:02.639] [bbotk] Evaluating 44 configuration(s)
INFO  [02:38:02.799] [mlr3] Running benchmark with 440 resampling iterations
INFO  [02:38:04.059] [mlr3] Finished benchmark
INFO  [02:38:05.836] [bbotk] Result of batch 6:
INFO  [02:38:05.844] [bbotk]  learning_rate num_leaves min_data_in_leaf feature_fraction extra_trees
INFO  [02:38:05.844] [bbotk]     -0.5218871        167               26        0.7694310        TRUE
INFO  [02:38:05.844] [bbotk]     -1.2532322         37               19        0.2801754        TRUE
INFO  [02:38:05.844] [bbotk]     -0.6490619        233               23        0.6399820        TRUE
INFO  [02:38:05.844] [bbotk]     -0.4109894         48               27        0.2895778        TRUE
INFO  [02:38:05.844] [bbotk]     -0.5532216        170               26        0.3417082        TRUE
INFO  [02:38:05.844] [bbotk]     -0.7295005        159               31        0.3753776        TRUE
INFO  [02:38:05.844] [bbotk]     -0.4557465         37               23        0.7478167        TRUE
INFO  [02:38:05.844] [bbotk]     -1.3492459         41               18        1.0000000        TRUE
INFO  [02:38:05.844] [bbotk]      0.0000000        169               27        0.2870146        TRUE
INFO  [02:38:05.844] [bbotk]     -0.8377840        166               24        0.6965911        TRUE
INFO  [02:38:05.844] [bbotk]     -0.6285304        169               23        0.3468385        TRUE
INFO  [02:38:05.844] [bbotk]     -0.2518027         72               23        0.3406886        TRUE
INFO  [02:38:05.844] [bbotk]     -0.8105486        122               25        0.6126771        TRUE
INFO  [02:38:05.844] [bbotk]     -0.2596825        115               27        0.3475616        TRUE
INFO  [02:38:05.844] [bbotk]     -0.3997258         42               19        0.7537074        TRUE
INFO  [02:38:05.844] [bbotk]     -1.2992319         26               21        0.9840398        TRUE
INFO  [02:38:05.844] [bbotk]     -0.8918193         32               22        0.7625593        TRUE
INFO  [02:38:05.844] [bbotk]     -0.6851489        166               41        0.3406474        TRUE
INFO  [02:38:05.844] [bbotk]     -0.7035791        177               36        0.7632922        TRUE
INFO  [02:38:05.844] [bbotk]     -1.1676916         46               23        0.8956167        TRUE
INFO  [02:38:05.844] [bbotk]     -0.6381015        163              118        0.3427325        TRUE
INFO  [02:38:05.844] [bbotk]     -0.6487454         39               32        0.9932572        TRUE
INFO  [02:38:05.844] [bbotk]      0.0000000        166               29        0.2808160        TRUE
INFO  [02:38:05.844] [bbotk]     -0.6231502        166               38        0.2585451        TRUE
INFO  [02:38:05.844] [bbotk]     -0.6163791        169               27        0.3440971        TRUE
INFO  [02:38:05.844] [bbotk]      0.0000000        161               17        0.3428716        TRUE
INFO  [02:38:05.844] [bbotk]     -0.6343226         32               22        0.3478235        TRUE
INFO  [02:38:05.844] [bbotk]     -0.6274267         42               25        0.7594911        TRUE
INFO  [02:38:05.844] [bbotk]     -0.3735151         43               28        0.7763245        TRUE
INFO  [02:38:05.844] [bbotk]     -0.6876745         59               26        1.0000000        TRUE
INFO  [02:38:05.844] [bbotk]      0.0000000         10               23        0.7619854        TRUE
INFO  [02:38:05.844] [bbotk]     -0.1256187        170                8        0.6558979        TRUE
INFO  [02:38:05.844] [bbotk]     -0.6030436         45               17        0.7484090        TRUE
INFO  [02:38:05.844] [bbotk]     -0.6007338         44               24        0.7555318        TRUE
INFO  [02:38:05.844] [bbotk]     -0.6295968         48               27        0.3737976        TRUE
INFO  [02:38:05.844] [bbotk]     -0.2242340         40               23        0.7727728        TRUE
INFO  [02:38:05.844] [bbotk]      0.0000000         29               23        0.7645514        TRUE
INFO  [02:38:05.844] [bbotk]      0.0000000         41               14        0.3518858        TRUE
INFO  [02:38:05.844] [bbotk]     -0.6671004        185               27        1.0000000        TRUE
INFO  [02:38:05.844] [bbotk]      0.0000000         49               26        0.9679618        TRUE
INFO  [02:38:05.844] [bbotk]     -0.7662838         44               22        0.9946063        TRUE
INFO  [02:38:05.844] [bbotk]     -0.5998884        166               30        0.6615994        TRUE
INFO  [02:38:05.844] [bbotk]     -0.6293173         52               29        0.7437485        TRUE
INFO  [02:38:05.844] [bbotk]     -0.3311975        168              126        0.9993229        TRUE
INFO  [02:38:05.844] [bbotk]  learning_rate num_leaves min_data_in_leaf feature_fraction extra_trees
INFO  [02:38:05.844] [bbotk]   lambda_l1  lambda_l2 min_gain_to_split    acq_cb timestamp_surrogate
INFO  [02:38:05.844] [bbotk]  -1.0711539 -6.9077553         -6.375986 -3.437950 2026-09-10 02:37:22
INFO  [02:38:05.844] [bbotk]  -6.1210299 -5.3971265         -6.382957 -4.066681 2026-09-10 02:37:23
INFO  [02:38:05.844] [bbotk]  -6.0704074 -2.0408017         -4.059779 -2.774800 2026-09-10 02:37:24
INFO  [02:38:05.844] [bbotk]  -1.1754475 -2.9921472         -6.818206 -2.461759 2026-09-10 02:37:25
INFO  [02:38:05.844] [bbotk]  -6.1193749 -6.9077553         -6.586904 -3.776885 2026-09-10 02:37:26
INFO  [02:38:05.844] [bbotk]  -6.1100186 -6.9077553         -5.480894 -3.272786 2026-09-10 02:37:26
INFO  [02:38:05.844] [bbotk]  -0.8261040 -2.1648976         -6.382324 -2.743025 2026-09-10 02:37:27
INFO  [02:38:05.844] [bbotk]  -6.3774726  4.9410417         -5.562070 -2.511002 2026-09-10 02:37:28
INFO  [02:38:05.844] [bbotk]  -6.1203835  1.0393790         -4.300385 -2.856579 2026-09-10 02:37:29
INFO  [02:38:05.844] [bbotk]  -6.1052003 -1.0119534         -6.124812 -3.786331 2026-09-10 02:37:30
INFO  [02:38:05.844] [bbotk]  -6.1048935 -3.2990207         -5.952896 -3.935513 2026-09-10 02:37:31
INFO  [02:38:05.844] [bbotk]  -6.1307823  2.0324727         -6.281739 -3.270279 2026-09-10 02:37:32
INFO  [02:38:05.844] [bbotk]  -6.1644643 -2.1085598         -6.375734 -3.334923 2026-09-10 02:37:33
INFO  [02:38:05.844] [bbotk]  -6.7317002 -1.6058268         -4.337612 -2.515944 2026-09-10 02:37:34
INFO  [02:38:05.844] [bbotk]  -6.3061090 -6.7612258         -6.907755 -3.142649 2026-09-10 02:37:34
INFO  [02:38:05.844] [bbotk]  -6.8760091 -6.2421151         -6.393140 -2.980306 2026-09-10 02:37:35
INFO  [02:38:05.844] [bbotk]  -6.1804043 -6.3243653         -6.801774 -3.239272 2026-09-10 02:37:36
INFO  [02:38:05.844] [bbotk]  -3.1564872 -6.9077553         -6.363776 -2.993378 2026-09-10 02:37:37
INFO  [02:38:05.844] [bbotk]  -6.1324577 -2.2180455         -6.645878 -3.353668 2026-09-10 02:37:38
INFO  [02:38:05.844] [bbotk]  -6.2072631 -2.1514111         -6.294580 -3.082983 2026-09-10 02:37:39
INFO  [02:38:05.844] [bbotk]  -6.1622252 -6.9077553         -6.557285 -2.789188 2026-09-10 02:37:40
INFO  [02:38:05.844] [bbotk]  -6.4419050  0.4112054         -6.346903 -2.744832 2026-09-10 02:37:41
INFO  [02:38:05.844] [bbotk]  -5.3195491  0.9481523         -6.377434 -3.189742 2026-09-10 02:37:42
INFO  [02:38:05.844] [bbotk]  -0.6334822 -2.5172242         -6.377907 -2.965828 2026-09-10 02:37:43
INFO  [02:38:05.844] [bbotk]  -2.4422317 -2.3797980         -6.433270 -3.187223 2026-09-10 02:37:44
INFO  [02:38:05.844] [bbotk]  -1.2650879  0.5822623         -4.513987 -2.720243 2026-09-10 02:37:45
INFO  [02:38:05.844] [bbotk]  -6.1059615 -6.9077553         -2.413767 -2.905571 2026-09-10 02:37:45
INFO  [02:38:05.844] [bbotk]  -6.4859463 -6.1117926         -6.381084 -3.664068 2026-09-10 02:37:46
INFO  [02:38:05.844] [bbotk]  -4.3361147 -2.1446534         -6.372615 -3.367096 2026-09-10 02:37:47
INFO  [02:38:05.844] [bbotk]  -1.0045764 -2.2697860         -6.406486 -2.443609 2026-09-10 02:37:48
INFO  [02:38:05.844] [bbotk]  -6.1068539 -2.3415617         -6.318774 -3.584853 2026-09-10 02:37:49
INFO  [02:38:05.844] [bbotk]  -6.1533651  0.3241487         -6.000004 -2.485020 2026-09-10 02:37:50
INFO  [02:38:05.844] [bbotk]  -6.1748741 -5.3832764         -5.487890 -2.643485 2026-09-10 02:37:51
INFO  [02:38:05.844] [bbotk]  -6.0259081 -2.1654017         -5.187974 -3.028440 2026-09-10 02:37:52
INFO  [02:38:05.844] [bbotk]  -6.1412134 -2.2036557         -6.515196 -3.326056 2026-09-10 02:37:53
INFO  [02:38:05.844] [bbotk]  -6.1601159 -2.5488173         -6.578650 -2.956449 2026-09-10 02:37:54
INFO  [02:38:05.844] [bbotk]  -6.1447682 -2.2777461         -6.483055 -3.009726 2026-09-10 02:37:55
INFO  [02:38:05.844] [bbotk]  -6.0968906 -2.2320552         -6.468615 -2.815552 2026-09-10 02:37:56
INFO  [02:38:05.844] [bbotk]  -6.1272547 -2.2586421         -2.656964 -3.131996 2026-09-10 02:37:56
INFO  [02:38:05.844] [bbotk]  -6.1207686 -2.0299054         -6.229160 -2.889163 2026-09-10 02:37:57
INFO  [02:38:05.844] [bbotk]  -4.2441042 -4.7317287         -6.389032 -2.629808 2026-09-10 02:37:58
INFO  [02:38:05.844] [bbotk]  -6.1264264 -6.9077553         -4.383296 -3.056268 2026-09-10 02:37:59
INFO  [02:38:05.844] [bbotk]  -6.1505926 -2.5063601         -3.370465 -2.734748 2026-09-10 02:38:00
INFO  [02:38:05.844] [bbotk]  -6.2107475 -6.9077553         -6.380264 -2.556031 2026-09-10 02:38:01
INFO  [02:38:05.844] [bbotk]   lambda_l1  lambda_l2 min_gain_to_split    acq_cb timestamp_surrogate
INFO  [02:38:05.844] [bbotk]  timestamp_acq_function timestamp_acq_optimizer      timestamp_loop classif.ce
INFO  [02:38:05.844] [bbotk]     2026-09-10 02:37:22     2026-09-10 02:37:22 2026-09-10 02:37:23      0.211
INFO  [02:38:05.844] [bbotk]     2026-09-10 02:37:23     2026-09-10 02:37:23 2026-09-10 02:37:24      0.203
INFO  [02:38:05.844] [bbotk]     2026-09-10 02:37:24     2026-09-10 02:37:24 2026-09-10 02:37:25      0.208
INFO  [02:38:05.844] [bbotk]     2026-09-10 02:37:25     2026-09-10 02:37:25 2026-09-10 02:37:26      0.207
INFO  [02:38:05.844] [bbotk]     2026-09-10 02:37:26     2026-09-10 02:37:26 2026-09-10 02:37:26      0.207
INFO  [02:38:05.844] [bbotk]     2026-09-10 02:37:27     2026-09-10 02:37:27 2026-09-10 02:37:27      0.209
INFO  [02:38:05.844] [bbotk]     2026-09-10 02:37:28     2026-09-10 02:37:28 2026-09-10 02:37:28      0.202
INFO  [02:38:05.844] [bbotk]     2026-09-10 02:37:29     2026-09-10 02:37:29 2026-09-10 02:37:29      0.223
INFO  [02:38:05.844] [bbotk]     2026-09-10 02:37:29     2026-09-10 02:37:29 2026-09-10 02:37:30      0.217
INFO  [02:38:05.844] [bbotk]     2026-09-10 02:37:30     2026-09-10 02:37:30 2026-09-10 02:37:31      0.206
INFO  [02:38:05.844] [bbotk]     2026-09-10 02:37:31     2026-09-10 02:37:31 2026-09-10 02:37:32      0.206
INFO  [02:38:05.844] [bbotk]     2026-09-10 02:37:32     2026-09-10 02:37:32 2026-09-10 02:37:33      0.214
INFO  [02:38:05.844] [bbotk]     2026-09-10 02:37:33     2026-09-10 02:37:33 2026-09-10 02:37:34      0.203
INFO  [02:38:05.844] [bbotk]     2026-09-10 02:37:34     2026-09-10 02:37:34 2026-09-10 02:37:34      0.206
INFO  [02:38:05.844] [bbotk]     2026-09-10 02:37:35     2026-09-10 02:37:35 2026-09-10 02:37:35      0.215
INFO  [02:38:05.844] [bbotk]     2026-09-10 02:37:36     2026-09-10 02:37:36 2026-09-10 02:37:36      0.208
INFO  [02:38:05.844] [bbotk]     2026-09-10 02:37:37     2026-09-10 02:37:37 2026-09-10 02:37:37      0.207
INFO  [02:38:05.844] [bbotk]     2026-09-10 02:37:38     2026-09-10 02:37:38 2026-09-10 02:37:38      0.214
INFO  [02:38:05.844] [bbotk]     2026-09-10 02:37:38     2026-09-10 02:37:38 2026-09-10 02:37:39      0.203
INFO  [02:38:05.844] [bbotk]     2026-09-10 02:37:39     2026-09-10 02:37:39 2026-09-10 02:37:40      0.201
INFO  [02:38:05.844] [bbotk]     2026-09-10 02:37:40     2026-09-10 02:37:40 2026-09-10 02:37:41      0.212
INFO  [02:38:05.844] [bbotk]     2026-09-10 02:37:41     2026-09-10 02:37:41 2026-09-10 02:37:42      0.215
INFO  [02:38:05.844] [bbotk]     2026-09-10 02:37:42     2026-09-10 02:37:42 2026-09-10 02:37:43      0.202
INFO  [02:38:05.844] [bbotk]     2026-09-10 02:37:43     2026-09-10 02:37:43 2026-09-10 02:37:44      0.212
INFO  [02:38:05.844] [bbotk]     2026-09-10 02:37:44     2026-09-10 02:37:44 2026-09-10 02:37:45      0.196
INFO  [02:38:05.844] [bbotk]     2026-09-10 02:37:45     2026-09-10 02:37:45 2026-09-10 02:37:45      0.216
INFO  [02:38:05.844] [bbotk]     2026-09-10 02:37:46     2026-09-10 02:37:46 2026-09-10 02:37:46      0.210
INFO  [02:38:05.844] [bbotk]     2026-09-10 02:37:47     2026-09-10 02:37:47 2026-09-10 02:37:47      0.207
INFO  [02:38:05.844] [bbotk]     2026-09-10 02:37:48     2026-09-10 02:37:48 2026-09-10 02:37:48      0.212
INFO  [02:38:05.844] [bbotk]     2026-09-10 02:37:48     2026-09-10 02:37:48 2026-09-10 02:37:49      0.213
INFO  [02:38:05.844] [bbotk]     2026-09-10 02:37:49     2026-09-10 02:37:49 2026-09-10 02:37:50      0.203
INFO  [02:38:05.844] [bbotk]     2026-09-10 02:37:50     2026-09-10 02:37:50 2026-09-10 02:37:51      0.215
INFO  [02:38:05.844] [bbotk]     2026-09-10 02:37:51     2026-09-10 02:37:51 2026-09-10 02:37:52      0.204
INFO  [02:38:05.844] [bbotk]     2026-09-10 02:37:52     2026-09-10 02:37:52 2026-09-10 02:37:53      0.211
INFO  [02:38:05.844] [bbotk]     2026-09-10 02:37:53     2026-09-10 02:37:53 2026-09-10 02:37:54      0.205
INFO  [02:38:05.844] [bbotk]     2026-09-10 02:37:54     2026-09-10 02:37:54 2026-09-10 02:37:55      0.214
INFO  [02:38:05.844] [bbotk]     2026-09-10 02:37:55     2026-09-10 02:37:55 2026-09-10 02:37:56      0.213
INFO  [02:38:05.844] [bbotk]     2026-09-10 02:37:56     2026-09-10 02:37:56 2026-09-10 02:37:56      0.209
INFO  [02:38:05.844] [bbotk]     2026-09-10 02:37:57     2026-09-10 02:37:57 2026-09-10 02:37:57      0.218
INFO  [02:38:05.844] [bbotk]     2026-09-10 02:37:58     2026-09-10 02:37:58 2026-09-10 02:37:58      0.218
INFO  [02:38:05.844] [bbotk]     2026-09-10 02:37:59     2026-09-10 02:37:59 2026-09-10 02:37:59      0.210
INFO  [02:38:05.844] [bbotk]     2026-09-10 02:38:00     2026-09-10 02:38:00 2026-09-10 02:38:00      0.203
INFO  [02:38:05.844] [bbotk]     2026-09-10 02:38:01     2026-09-10 02:38:01 2026-09-10 02:38:01      0.218
INFO  [02:38:05.844] [bbotk]     2026-09-10 02:38:02     2026-09-10 02:38:02 2026-09-10 02:38:02      0.218
INFO  [02:38:05.844] [bbotk]  timestamp_acq_function timestamp_acq_optimizer      timestamp_loop classif.ce
INFO  [02:38:05.844] [bbotk]  warnings errors runtime_learners internal_tuned_values
INFO  [02:38:05.844] [bbotk]         0      0            0.649     num_iterations=29
INFO  [02:38:05.844] [bbotk]         0      0            0.718     num_iterations=81
INFO  [02:38:05.844] [bbotk]         0      0            0.733     num_iterations=38
INFO  [02:38:05.844] [bbotk]         0      0            0.602     num_iterations=41
INFO  [02:38:05.844] [bbotk]         0      0            0.674     num_iterations=39
INFO  [02:38:05.844] [bbotk]         0      0            0.647     num_iterations=56
INFO  [02:38:05.844] [bbotk]         0      0            0.580     num_iterations=40
INFO  [02:38:05.844] [bbotk]         0      0            0.674     num_iterations=89
INFO  [02:38:05.844] [bbotk]         0      0            0.575     num_iterations=52
INFO  [02:38:05.844] [bbotk]         0      0            0.648     num_iterations=51
INFO  [02:38:05.844] [bbotk]         0      0            0.676     num_iterations=64
INFO  [02:38:05.844] [bbotk]         0      0            0.574     num_iterations=28
INFO  [02:38:05.844] [bbotk]         0      0            0.631     num_iterations=37
INFO  [02:38:05.844] [bbotk]         0      0            0.477     num_iterations=55
INFO  [02:38:05.844] [bbotk]         0      0            0.625     num_iterations=36
INFO  [02:38:05.844] [bbotk]         0      0            0.647     num_iterations=58
INFO  [02:38:05.844] [bbotk]         0      0            0.650     num_iterations=29
INFO  [02:38:05.844] [bbotk]         0      0            0.548     num_iterations=62
INFO  [02:38:05.844] [bbotk]         0      0            0.564     num_iterations=37
INFO  [02:38:05.844] [bbotk]         0      0            0.596     num_iterations=56
INFO  [02:38:05.844] [bbotk]         0      0            0.491     num_iterations=63
INFO  [02:38:05.844] [bbotk]         0      0            0.558     num_iterations=44
INFO  [02:38:05.844] [bbotk]         0      0            0.531     num_iterations=55
INFO  [02:38:05.844] [bbotk]         0      0            0.464     num_iterations=41
INFO  [02:38:05.844] [bbotk]         0      0            0.619     num_iterations=77
INFO  [02:38:05.844] [bbotk]         0      0            0.446     num_iterations=33
INFO  [02:38:05.844] [bbotk]         0      0            0.389     num_iterations=31
INFO  [02:38:05.844] [bbotk]         0      0            0.555     num_iterations=36
INFO  [02:38:05.844] [bbotk]         0      0            0.532     num_iterations=39
INFO  [02:38:05.844] [bbotk]         0      0            0.538     num_iterations=32
INFO  [02:38:05.844] [bbotk]         0      0            0.556     num_iterations=43
INFO  [02:38:05.844] [bbotk]         0      0            0.604     num_iterations=43
INFO  [02:38:05.844] [bbotk]         0      0            0.598     num_iterations=28
INFO  [02:38:05.844] [bbotk]         0      0            0.582     num_iterations=35
INFO  [02:38:05.844] [bbotk]         0      0            0.604     num_iterations=47
INFO  [02:38:05.844] [bbotk]         0      0            0.558     num_iterations=23
INFO  [02:38:05.844] [bbotk]         0      0            0.530     num_iterations=13
INFO  [02:38:05.844] [bbotk]         0      0            0.555     num_iterations=39
INFO  [02:38:05.844] [bbotk]         0      0            0.508     num_iterations=26
INFO  [02:38:05.844] [bbotk]         0      0            0.635     num_iterations=52
INFO  [02:38:05.844] [bbotk]         0      0            0.591     num_iterations=23
INFO  [02:38:05.844] [bbotk]         0      0            0.625     num_iterations=43
INFO  [02:38:05.844] [bbotk]         0      0            0.557     num_iterations=24
INFO  [02:38:05.844] [bbotk]         0      0            0.597     num_iterations=62
INFO  [02:38:05.844] [bbotk]  warnings errors runtime_learners internal_tuned_values
INFO  [02:38:06.163] [mlr3] Calling train method of fallback 'regr.ranger' on task 'surrogate_task' with 320 observations {learner: <LearnerRegrRanger/LearnerRegr/Learner/R6>}
INFO  [02:38:07.179] [mlr3] Calling train method of fallback 'regr.ranger' on task 'surrogate_task' with 321 observations {learner: <LearnerRegrRanger/LearnerRegr/Learner/R6>}
INFO  [02:38:08.095] [mlr3] Calling train method of fallback 'regr.ranger' on task 'surrogate_task' with 322 observations {learner: <LearnerRegrRanger/LearnerRegr/Learner/R6>}
INFO  [02:38:09.021] [mlr3] Calling train method of fallback 'regr.ranger' on task 'surrogate_task' with 323 observations {learner: <LearnerRegrRanger/LearnerRegr/Learner/R6>}
INFO  [02:38:09.977] [mlr3] Calling train method of fallback 'regr.ranger' on task 'surrogate_task' with 324 observations {learner: <LearnerRegrRanger/LearnerRegr/Learner/R6>}
INFO  [02:38:10.955] [mlr3] Calling train method of fallback 'regr.ranger' on task 'surrogate_task' with 325 observations {learner: <LearnerRegrRanger/LearnerRegr/Learner/R6>}
INFO  [02:38:11.884] [mlr3] Calling train method of fallback 'regr.ranger' on task 'surrogate_task' with 326 observations {learner: <LearnerRegrRanger/LearnerRegr/Learner/R6>}
INFO  [02:38:12.811] [mlr3] Calling train method of fallback 'regr.ranger' on task 'surrogate_task' with 327 observations {learner: <LearnerRegrRanger/LearnerRegr/Learner/R6>}
INFO  [02:38:13.761] [mlr3] Calling train method of fallback 'regr.ranger' on task 'surrogate_task' with 328 observations {learner: <LearnerRegrRanger/LearnerRegr/Learner/R6>}
INFO  [02:38:14.760] [mlr3] Calling train method of fallback 'regr.ranger' on task 'surrogate_task' with 329 observations {learner: <LearnerRegrRanger/LearnerRegr/Learner/R6>}
INFO  [02:38:15.690] [mlr3] Calling train method of fallback 'regr.ranger' on task 'surrogate_task' with 330 observations {learner: <LearnerRegrRanger/LearnerRegr/Learner/R6>}
INFO  [02:38:16.691] [mlr3] Calling train method of fallback 'regr.ranger' on task 'surrogate_task' with 331 observations {learner: <LearnerRegrRanger/LearnerRegr/Learner/R6>}
INFO  [02:38:17.607] [mlr3] Calling train method of fallback 'regr.ranger' on task 'surrogate_task' with 332 observations {learner: <LearnerRegrRanger/LearnerRegr/Learner/R6>}
INFO  [02:38:18.551] [mlr3] Calling train method of fallback 'regr.ranger' on task 'surrogate_task' with 333 observations {learner: <LearnerRegrRanger/LearnerRegr/Learner/R6>}
INFO  [02:38:19.507] [mlr3] Calling train method of fallback 'regr.ranger' on task 'surrogate_task' with 334 observations {learner: <LearnerRegrRanger/LearnerRegr/Learner/R6>}
INFO  [02:38:20.456] [mlr3] Calling train method of fallback 'regr.ranger' on task 'surrogate_task' with 335 observations {learner: <LearnerRegrRanger/LearnerRegr/Learner/R6>}
INFO  [02:38:21.455] [mlr3] Calling train method of fallback 'regr.ranger' on task 'surrogate_task' with 336 observations {learner: <LearnerRegrRanger/LearnerRegr/Learner/R6>}
INFO  [02:38:22.413] [mlr3] Calling train method of fallback 'regr.ranger' on task 'surrogate_task' with 337 observations {learner: <LearnerRegrRanger/LearnerRegr/Learner/R6>}
INFO  [02:38:23.324] [mlr3] Calling train method of fallback 'regr.ranger' on task 'surrogate_task' with 338 observations {learner: <LearnerRegrRanger/LearnerRegr/Learner/R6>}
INFO  [02:38:24.288] [mlr3] Calling train method of fallback 'regr.ranger' on task 'surrogate_task' with 339 observations {learner: <LearnerRegrRanger/LearnerRegr/Learner/R6>}
INFO  [02:38:25.284] [mlr3] Calling train method of fallback 'regr.ranger' on task 'surrogate_task' with 340 observations {learner: <LearnerRegrRanger/LearnerRegr/Learner/R6>}
INFO  [02:38:26.205] [mlr3] Calling train method of fallback 'regr.ranger' on task 'surrogate_task' with 341 observations {learner: <LearnerRegrRanger/LearnerRegr/Learner/R6>}
INFO  [02:38:27.146] [mlr3] Calling train method of fallback 'regr.ranger' on task 'surrogate_task' with 342 observations {learner: <LearnerRegrRanger/LearnerRegr/Learner/R6>}
INFO  [02:38:28.068] [mlr3] Calling train method of fallback 'regr.ranger' on task 'surrogate_task' with 343 observations {learner: <LearnerRegrRanger/LearnerRegr/Learner/R6>}
INFO  [02:38:28.977] [mlr3] Calling train method of fallback 'regr.ranger' on task 'surrogate_task' with 344 observations {learner: <LearnerRegrRanger/LearnerRegr/Learner/R6>}
INFO  [02:38:29.934] [mlr3] Calling train method of fallback 'regr.ranger' on task 'surrogate_task' with 345 observations {learner: <LearnerRegrRanger/LearnerRegr/Learner/R6>}
INFO  [02:38:30.832] [mlr3] Calling train method of fallback 'regr.ranger' on task 'surrogate_task' with 346 observations {learner: <LearnerRegrRanger/LearnerRegr/Learner/R6>}
INFO  [02:38:31.752] [mlr3] Calling train method of fallback 'regr.ranger' on task 'surrogate_task' with 347 observations {learner: <LearnerRegrRanger/LearnerRegr/Learner/R6>}
INFO  [02:38:32.675] [mlr3] Calling train method of fallback 'regr.ranger' on task 'surrogate_task' with 348 observations {learner: <LearnerRegrRanger/LearnerRegr/Learner/R6>}
INFO  [02:38:33.724] [mlr3] Calling train method of fallback 'regr.ranger' on task 'surrogate_task' with 349 observations {learner: <LearnerRegrRanger/LearnerRegr/Learner/R6>}
INFO  [02:38:34.685] [mlr3] Calling train method of fallback 'regr.ranger' on task 'surrogate_task' with 350 observations {learner: <LearnerRegrRanger/LearnerRegr/Learner/R6>}
INFO  [02:38:35.665] [mlr3] Calling train method of fallback 'regr.ranger' on task 'surrogate_task' with 351 observations {learner: <LearnerRegrRanger/LearnerRegr/Learner/R6>}
INFO  [02:38:36.680] [mlr3] Calling train method of fallback 'regr.ranger' on task 'surrogate_task' with 352 observations {learner: <LearnerRegrRanger/LearnerRegr/Learner/R6>}
INFO  [02:38:37.635] [mlr3] Calling train method of fallback 'regr.ranger' on task 'surrogate_task' with 353 observations {learner: <LearnerRegrRanger/LearnerRegr/Learner/R6>}
INFO  [02:38:38.619] [mlr3] Calling train method of fallback 'regr.ranger' on task 'surrogate_task' with 354 observations {learner: <LearnerRegrRanger/LearnerRegr/Learner/R6>}
INFO  [02:38:39.543] [mlr3] Calling train method of fallback 'regr.ranger' on task 'surrogate_task' with 355 observations {learner: <LearnerRegrRanger/LearnerRegr/Learner/R6>}
INFO  [02:38:40.523] [mlr3] Calling train method of fallback 'regr.ranger' on task 'surrogate_task' with 356 observations {learner: <LearnerRegrRanger/LearnerRegr/Learner/R6>}
INFO  [02:38:41.463] [mlr3] Calling train method of fallback 'regr.ranger' on task 'surrogate_task' with 357 observations {learner: <LearnerRegrRanger/LearnerRegr/Learner/R6>}
INFO  [02:38:42.441] [mlr3] Calling train method of fallback 'regr.ranger' on task 'surrogate_task' with 358 observations {learner: <LearnerRegrRanger/LearnerRegr/Learner/R6>}
INFO  [02:38:43.457] [mlr3] Calling train method of fallback 'regr.ranger' on task 'surrogate_task' with 359 observations {learner: <LearnerRegrRanger/LearnerRegr/Learner/R6>}
INFO  [02:38:44.395] [mlr3] Calling train method of fallback 'regr.ranger' on task 'surrogate_task' with 360 observations {learner: <LearnerRegrRanger/LearnerRegr/Learner/R6>}
INFO  [02:38:45.348] [mlr3] Calling train method of fallback 'regr.ranger' on task 'surrogate_task' with 361 observations {learner: <LearnerRegrRanger/LearnerRegr/Learner/R6>}
INFO  [02:38:46.338] [mlr3] Calling train method of fallback 'regr.ranger' on task 'surrogate_task' with 362 observations {learner: <LearnerRegrRanger/LearnerRegr/Learner/R6>}
INFO  [02:38:47.260] [mlr3] Calling train method of fallback 'regr.ranger' on task 'surrogate_task' with 363 observations {learner: <LearnerRegrRanger/LearnerRegr/Learner/R6>}
INFO  [02:38:47.978] [bbotk] Evaluating 44 configuration(s)
INFO  [02:38:48.114] [mlr3] Running benchmark with 440 resampling iterations
INFO  [02:38:49.382] [mlr3] Finished benchmark
INFO  [02:38:50.777] [bbotk] Result of batch 7:
INFO  [02:38:50.785] [bbotk]  learning_rate num_leaves min_data_in_leaf feature_fraction extra_trees
INFO  [02:38:50.785] [bbotk]     -0.5807788        170               39        0.3158347        TRUE
INFO  [02:38:50.785] [bbotk]     -0.5310942        193               25        0.3758631        TRUE
INFO  [02:38:50.785] [bbotk]     -1.4112928         42               24        0.3808415        TRUE
INFO  [02:38:50.785] [bbotk]     -0.5926454        161               31        0.7063876        TRUE
INFO  [02:38:50.785] [bbotk]     -0.6513581         95               25        0.3439315        TRUE
INFO  [02:38:50.785] [bbotk]     -0.6285904        116                1        0.2992947        TRUE
INFO  [02:38:50.785] [bbotk]     -0.6288692        171               24        0.3406108        TRUE
INFO  [02:38:50.785] [bbotk]     -1.1912358         28               25        0.8143334        TRUE
INFO  [02:38:50.785] [bbotk]     -0.7591949         51               22        0.7605005        TRUE
INFO  [02:38:50.785] [bbotk]     -0.4927697        164               25        0.2375315        TRUE
INFO  [02:38:50.785] [bbotk]      0.0000000         45               29        0.3780876        TRUE
INFO  [02:38:50.785] [bbotk]     -0.6095901        217               32        0.6815893        TRUE
INFO  [02:38:50.785] [bbotk]     -0.5581542        132               29        0.7543039        TRUE
INFO  [02:38:50.785] [bbotk]     -0.7263516         46               22        0.4140229        TRUE
INFO  [02:38:50.785] [bbotk]     -1.3386133         79               27        0.6230734        TRUE
INFO  [02:38:50.785] [bbotk]     -0.6015127         47               26        0.6000412        TRUE
INFO  [02:38:50.785] [bbotk]      0.0000000         41               23        0.7629142        TRUE
INFO  [02:38:50.785] [bbotk]     -1.2483230         10               27        0.3436528        TRUE
INFO  [02:38:50.785] [bbotk]     -0.9433831         53               28        0.3395691        TRUE
INFO  [02:38:50.785] [bbotk]      0.0000000         43               22        0.8055602        TRUE
INFO  [02:38:50.785] [bbotk]     -0.1808183        240               27        0.3373940        TRUE
INFO  [02:38:50.785] [bbotk]     -0.6378246        120               25        0.8477322        TRUE
INFO  [02:38:50.785] [bbotk]     -0.8343831        169               23        0.6288135        TRUE
INFO  [02:38:50.785] [bbotk]      0.0000000         43               38        0.7638478        TRUE
INFO  [02:38:50.785] [bbotk]     -1.2368058        166               19        0.9580076        TRUE
INFO  [02:38:50.785] [bbotk]     -0.6818559        233               32        0.6550513        TRUE
INFO  [02:38:50.785] [bbotk]     -0.8098468        165               30        0.2839731        TRUE
INFO  [02:38:50.785] [bbotk]     -0.1855404         46               23        0.3408695        TRUE
INFO  [02:38:50.785] [bbotk]     -0.7080028         44               24        0.9102981        TRUE
INFO  [02:38:50.785] [bbotk]     -0.8536715        183               23        0.7515198        TRUE
INFO  [02:38:50.785] [bbotk]     -1.0736627         34               19        0.7520305        TRUE
INFO  [02:38:50.785] [bbotk]     -0.5923101        175               28        0.3432301        TRUE
INFO  [02:38:50.785] [bbotk]     -0.6547265        168               29        0.3454529        TRUE
INFO  [02:38:50.785] [bbotk]     -0.5047938        166               37        0.6332516        TRUE
INFO  [02:38:50.785] [bbotk]      0.0000000        165               17        0.9097150        TRUE
INFO  [02:38:50.785] [bbotk]     -0.6151513        168               23        0.3366302        TRUE
INFO  [02:38:50.785] [bbotk]     -0.6092150         39               24        0.7535904        TRUE
INFO  [02:38:50.785] [bbotk]     -0.8343195         33               34        0.7047453        TRUE
INFO  [02:38:50.785] [bbotk]     -0.5427330         40               21        1.0000000        TRUE
INFO  [02:38:50.785] [bbotk]     -0.7705594        167               22        0.9166291        TRUE
INFO  [02:38:50.785] [bbotk]     -0.4099083         30               23        0.7624750        TRUE
INFO  [02:38:50.785] [bbotk]     -0.6365915        132               26        0.5073332        TRUE
INFO  [02:38:50.785] [bbotk]     -0.1495607        169               30        0.3427908        TRUE
INFO  [02:38:50.785] [bbotk]     -1.2797805         33               21        1.0000000        TRUE
INFO  [02:38:50.785] [bbotk]  learning_rate num_leaves min_data_in_leaf feature_fraction extra_trees
INFO  [02:38:50.785] [bbotk]   lambda_l1  lambda_l2 min_gain_to_split    acq_cb timestamp_surrogate
INFO  [02:38:50.785] [bbotk]  -1.1233877 -2.5836191         -6.495352 -2.657999 2026-09-10 02:38:05
INFO  [02:38:50.785] [bbotk]  -6.9077553 -3.9569888         -6.792751 -2.559152 2026-09-10 02:38:06
INFO  [02:38:50.785] [bbotk]  -6.9077553  3.7381481         -6.377542 -3.634266 2026-09-10 02:38:07
INFO  [02:38:50.785] [bbotk]  -2.4458878  0.7011121         -6.373880 -3.387977 2026-09-10 02:38:08
INFO  [02:38:50.785] [bbotk]  -6.9077553 -6.9077553         -5.238719 -3.059106 2026-09-10 02:38:09
INFO  [02:38:50.785] [bbotk]  -1.0662180  3.4752704         -4.588462 -2.856855 2026-09-10 02:38:10
INFO  [02:38:50.785] [bbotk]  -1.9547065 -6.0554698         -6.829139 -3.291994 2026-09-10 02:38:11
INFO  [02:38:50.785] [bbotk]  -6.9077553 -2.3585180         -6.803240 -2.685392 2026-09-10 02:38:12
INFO  [02:38:50.785] [bbotk]  -6.9077553 -2.2434566         -6.369274 -2.793211 2026-09-10 02:38:13
INFO  [02:38:50.785] [bbotk]  -6.1469754 -6.9077553         -2.482626 -2.578286 2026-09-10 02:38:14
INFO  [02:38:50.785] [bbotk]  -6.2502664 -2.2071903         -6.125946 -2.991216 2026-09-10 02:38:15
INFO  [02:38:50.785] [bbotk]  -6.2321155  4.5868321         -6.437251 -2.492219 2026-09-10 02:38:16
INFO  [02:38:50.785] [bbotk]  -6.2045094 -2.1899025         -6.398007 -2.741528 2026-09-10 02:38:17
INFO  [02:38:50.785] [bbotk]  -6.1248883 -1.8652701         -6.373797 -4.323536 2026-09-10 02:38:18
INFO  [02:38:50.785] [bbotk]  -4.7727072 -6.9077553         -6.376923 -3.455301 2026-09-10 02:38:19
INFO  [02:38:50.785] [bbotk]  -0.9302285 -3.2520642         -6.641428 -2.709261 2026-09-10 02:38:20
INFO  [02:38:50.785] [bbotk]  -3.0689219 -2.1847126         -6.429742 -3.409428 2026-09-10 02:38:21
INFO  [02:38:50.785] [bbotk]  -6.4541533 -2.2028041         -6.540509 -2.922738 2026-09-10 02:38:22
INFO  [02:38:50.785] [bbotk]  -6.1573912 -3.1239689         -5.852139 -2.703206 2026-09-10 02:38:22
INFO  [02:38:50.785] [bbotk]  -5.8716186 -2.8389157         -6.377421 -3.444381 2026-09-10 02:38:23
INFO  [02:38:50.785] [bbotk]  -1.4170693 -6.9019689         -5.937052 -2.360063 2026-09-10 02:38:24
INFO  [02:38:50.785] [bbotk]  -6.1346340 -6.9077553         -6.694079 -3.142244 2026-09-10 02:38:25
INFO  [02:38:50.785] [bbotk]  -6.0894133  0.2962742         -6.413343 -2.856992 2026-09-10 02:38:26
INFO  [02:38:50.785] [bbotk]  -0.6466429 -2.2469386         -6.419395 -2.853806 2026-09-10 02:38:27
INFO  [02:38:50.785] [bbotk]  -6.1411374 -6.5890483         -4.439907 -2.583748 2026-09-10 02:38:28
INFO  [02:38:50.785] [bbotk]  -2.5396320 -6.9077553         -6.441714 -2.432927 2026-09-10 02:38:29
INFO  [02:38:50.785] [bbotk]  -6.0540751 -6.9077553         -6.379002 -3.321995 2026-09-10 02:38:30
INFO  [02:38:50.785] [bbotk]  -5.1745276 -2.4101894         -4.051922 -2.314329 2026-09-10 02:38:31
INFO  [02:38:50.785] [bbotk]  -6.1818840 -2.1808472         -5.671704 -2.916706 2026-09-10 02:38:32
INFO  [02:38:50.785] [bbotk]  -6.8490393 -1.5404987         -6.046353 -2.609041 2026-09-10 02:38:33
INFO  [02:38:50.785] [bbotk]  -6.9077553 -2.1642898         -6.391318 -2.871629 2026-09-10 02:38:34
INFO  [02:38:50.785] [bbotk]  -6.1217937 -2.8988696         -6.342132 -4.214454 2026-09-10 02:38:35
INFO  [02:38:50.785] [bbotk]  -6.1179230 -2.4302657         -6.540800 -3.207302 2026-09-10 02:38:36
INFO  [02:38:50.785] [bbotk]  -4.5492722 -6.9077553         -6.245115 -2.400199 2026-09-10 02:38:37
INFO  [02:38:50.785] [bbotk]  -6.1146324 -3.2107060         -6.377740 -3.259069 2026-09-10 02:38:38
INFO  [02:38:50.785] [bbotk]  -0.9870173 -2.0769376         -6.436250 -2.753617 2026-09-10 02:38:39
INFO  [02:38:50.785] [bbotk]  -1.1642741 -5.0486309         -6.380784 -2.733307 2026-09-10 02:38:40
INFO  [02:38:50.785] [bbotk]  -6.9077553 -2.8940898         -6.369259 -2.550228 2026-09-10 02:38:41
INFO  [02:38:50.785] [bbotk]  -6.1335292 -2.1664349         -2.694946 -2.970466 2026-09-10 02:38:42
INFO  [02:38:50.785] [bbotk]  -6.6533118 -2.0724184         -6.804970 -2.454835 2026-09-10 02:38:43
INFO  [02:38:50.785] [bbotk]  -1.2493978 -2.8330744         -6.375667 -2.834447 2026-09-10 02:38:44
INFO  [02:38:50.785] [bbotk]  -6.1282308 -6.6950899         -6.304115 -3.505793 2026-09-10 02:38:44
INFO  [02:38:50.785] [bbotk]  -5.1168965 -0.7909720         -6.418178 -2.448179 2026-09-10 02:38:45
INFO  [02:38:50.785] [bbotk]  -6.1499689 -5.5688761         -6.820885 -2.685358 2026-09-10 02:38:46
INFO  [02:38:50.785] [bbotk]   lambda_l1  lambda_l2 min_gain_to_split    acq_cb timestamp_surrogate
INFO  [02:38:50.785] [bbotk]  timestamp_acq_function timestamp_acq_optimizer      timestamp_loop classif.ce
INFO  [02:38:50.785] [bbotk]     2026-09-10 02:38:06     2026-09-10 02:38:06 2026-09-10 02:38:06      0.214
INFO  [02:38:50.785] [bbotk]     2026-09-10 02:38:07     2026-09-10 02:38:07 2026-09-10 02:38:07      0.207
INFO  [02:38:50.785] [bbotk]     2026-09-10 02:38:08     2026-09-10 02:38:08 2026-09-10 02:38:08      0.218
INFO  [02:38:50.785] [bbotk]     2026-09-10 02:38:09     2026-09-10 02:38:09 2026-09-10 02:38:09      0.207
INFO  [02:38:50.785] [bbotk]     2026-09-10 02:38:09     2026-09-10 02:38:09 2026-09-10 02:38:10      0.205
INFO  [02:38:50.785] [bbotk]     2026-09-10 02:38:10     2026-09-10 02:38:10 2026-09-10 02:38:11      0.221
INFO  [02:38:50.785] [bbotk]     2026-09-10 02:38:11     2026-09-10 02:38:11 2026-09-10 02:38:12      0.209
INFO  [02:38:50.785] [bbotk]     2026-09-10 02:38:12     2026-09-10 02:38:12 2026-09-10 02:38:13      0.191
INFO  [02:38:50.785] [bbotk]     2026-09-10 02:38:13     2026-09-10 02:38:13 2026-09-10 02:38:14      0.206
INFO  [02:38:50.785] [bbotk]     2026-09-10 02:38:14     2026-09-10 02:38:14 2026-09-10 02:38:15      0.220
INFO  [02:38:50.785] [bbotk]     2026-09-10 02:38:15     2026-09-10 02:38:15 2026-09-10 02:38:16      0.211
INFO  [02:38:50.785] [bbotk]     2026-09-10 02:38:16     2026-09-10 02:38:16 2026-09-10 02:38:17      0.217
INFO  [02:38:50.785] [bbotk]     2026-09-10 02:38:17     2026-09-10 02:38:17 2026-09-10 02:38:18      0.205
INFO  [02:38:50.785] [bbotk]     2026-09-10 02:38:18     2026-09-10 02:38:18 2026-09-10 02:38:19      0.210
INFO  [02:38:50.785] [bbotk]     2026-09-10 02:38:19     2026-09-10 02:38:19 2026-09-10 02:38:20      0.199
INFO  [02:38:50.785] [bbotk]     2026-09-10 02:38:20     2026-09-10 02:38:20 2026-09-10 02:38:21      0.205
INFO  [02:38:50.785] [bbotk]     2026-09-10 02:38:21     2026-09-10 02:38:21 2026-09-10 02:38:22      0.199
INFO  [02:38:50.785] [bbotk]     2026-09-10 02:38:22     2026-09-10 02:38:22 2026-09-10 02:38:22      0.216
INFO  [02:38:50.785] [bbotk]     2026-09-10 02:38:23     2026-09-10 02:38:23 2026-09-10 02:38:23      0.213
INFO  [02:38:50.785] [bbotk]     2026-09-10 02:38:24     2026-09-10 02:38:24 2026-09-10 02:38:24      0.209
INFO  [02:38:50.785] [bbotk]     2026-09-10 02:38:25     2026-09-10 02:38:25 2026-09-10 02:38:25      0.194
INFO  [02:38:50.785] [bbotk]     2026-09-10 02:38:26     2026-09-10 02:38:26 2026-09-10 02:38:26      0.205
INFO  [02:38:50.785] [bbotk]     2026-09-10 02:38:27     2026-09-10 02:38:27 2026-09-10 02:38:27      0.212
INFO  [02:38:50.785] [bbotk]     2026-09-10 02:38:28     2026-09-10 02:38:28 2026-09-10 02:38:28      0.215
INFO  [02:38:50.785] [bbotk]     2026-09-10 02:38:28     2026-09-10 02:38:28 2026-09-10 02:38:29      0.219
INFO  [02:38:50.785] [bbotk]     2026-09-10 02:38:29     2026-09-10 02:38:29 2026-09-10 02:38:30      0.204
INFO  [02:38:50.785] [bbotk]     2026-09-10 02:38:30     2026-09-10 02:38:30 2026-09-10 02:38:31      0.208
INFO  [02:38:50.785] [bbotk]     2026-09-10 02:38:31     2026-09-10 02:38:31 2026-09-10 02:38:32      0.200
INFO  [02:38:50.785] [bbotk]     2026-09-10 02:38:32     2026-09-10 02:38:32 2026-09-10 02:38:33      0.198
INFO  [02:38:50.785] [bbotk]     2026-09-10 02:38:33     2026-09-10 02:38:33 2026-09-10 02:38:34      0.213
INFO  [02:38:50.785] [bbotk]     2026-09-10 02:38:34     2026-09-10 02:38:34 2026-09-10 02:38:35      0.213
INFO  [02:38:50.785] [bbotk]     2026-09-10 02:38:35     2026-09-10 02:38:35 2026-09-10 02:38:36      0.208
INFO  [02:38:50.785] [bbotk]     2026-09-10 02:38:36     2026-09-10 02:38:36 2026-09-10 02:38:37      0.208
INFO  [02:38:50.785] [bbotk]     2026-09-10 02:38:37     2026-09-10 02:38:37 2026-09-10 02:38:38      0.206
INFO  [02:38:50.785] [bbotk]     2026-09-10 02:38:38     2026-09-10 02:38:38 2026-09-10 02:38:39      0.202
INFO  [02:38:50.785] [bbotk]     2026-09-10 02:38:39     2026-09-10 02:38:39 2026-09-10 02:38:40      0.215
INFO  [02:38:50.785] [bbotk]     2026-09-10 02:38:40     2026-09-10 02:38:40 2026-09-10 02:38:41      0.208
INFO  [02:38:50.785] [bbotk]     2026-09-10 02:38:41     2026-09-10 02:38:41 2026-09-10 02:38:42      0.209
INFO  [02:38:50.785] [bbotk]     2026-09-10 02:38:42     2026-09-10 02:38:42 2026-09-10 02:38:43      0.218
INFO  [02:38:50.785] [bbotk]     2026-09-10 02:38:43     2026-09-10 02:38:43 2026-09-10 02:38:44      0.196
INFO  [02:38:50.785] [bbotk]     2026-09-10 02:38:44     2026-09-10 02:38:44 2026-09-10 02:38:44      0.205
INFO  [02:38:50.785] [bbotk]     2026-09-10 02:38:45     2026-09-10 02:38:45 2026-09-10 02:38:45      0.206
INFO  [02:38:50.785] [bbotk]     2026-09-10 02:38:46     2026-09-10 02:38:46 2026-09-10 02:38:46      0.192
INFO  [02:38:50.785] [bbotk]     2026-09-10 02:38:47     2026-09-10 02:38:47 2026-09-10 02:38:47      0.205
INFO  [02:38:50.785] [bbotk]  timestamp_acq_function timestamp_acq_optimizer      timestamp_loop classif.ce
INFO  [02:38:50.785] [bbotk]  warnings errors runtime_learners internal_tuned_values
INFO  [02:38:50.785] [bbotk]         0      0            0.644     num_iterations=37
INFO  [02:38:50.785] [bbotk]         0      0            0.592     num_iterations=36
INFO  [02:38:50.785] [bbotk]         0      0            0.609     num_iterations=78
INFO  [02:38:50.785] [bbotk]         0      0            0.658     num_iterations=61
INFO  [02:38:50.785] [bbotk]         0      0            0.638     num_iterations=50
INFO  [02:38:50.785] [bbotk]         0      0            0.604     num_iterations=70
INFO  [02:38:50.785] [bbotk]         0      0            0.626     num_iterations=65
INFO  [02:38:50.785] [bbotk]         0      0            0.709     num_iterations=58
INFO  [02:38:50.785] [bbotk]         0      0            0.675     num_iterations=40
INFO  [02:38:50.785] [bbotk]         0      0            0.480     num_iterations=30
INFO  [02:38:50.785] [bbotk]         0      0            0.593     num_iterations=43
INFO  [02:38:50.785] [bbotk]         0      0            0.644     num_iterations=71
INFO  [02:38:50.785] [bbotk]         0      0            0.623     num_iterations=39
INFO  [02:38:50.785] [bbotk]         0      0            0.594     num_iterations=49
INFO  [02:38:50.785] [bbotk]         0      0            0.662     num_iterations=57
INFO  [02:38:50.785] [bbotk]         0      0            0.592     num_iterations=53
INFO  [02:38:50.785] [bbotk]         0      0            0.651     num_iterations=58
INFO  [02:38:50.785] [bbotk]         0      0            0.599     num_iterations=50
INFO  [02:38:50.785] [bbotk]         0      0            0.556     num_iterations=42
INFO  [02:38:50.785] [bbotk]         0      0            0.673     num_iterations=54
INFO  [02:38:50.785] [bbotk]         0      0            0.585     num_iterations=59
INFO  [02:38:50.785] [bbotk]         0      0            0.693     num_iterations=47
INFO  [02:38:50.785] [bbotk]         0      0            0.650     num_iterations=44
INFO  [02:38:50.785] [bbotk]         0      0            0.637     num_iterations=43
INFO  [02:38:50.785] [bbotk]         0      0            0.683     num_iterations=59
INFO  [02:38:50.785] [bbotk]         0      0            0.631     num_iterations=44
INFO  [02:38:50.785] [bbotk]         0      0            0.623     num_iterations=60
INFO  [02:38:50.785] [bbotk]         0      0            0.561     num_iterations=53
INFO  [02:38:50.785] [bbotk]         0      0            0.716     num_iterations=49
INFO  [02:38:50.785] [bbotk]         0      0            0.620     num_iterations=31
INFO  [02:38:50.785] [bbotk]         0      0            0.548     num_iterations=30
INFO  [02:38:50.785] [bbotk]         0      0            0.548     num_iterations=64
INFO  [02:38:50.785] [bbotk]         0      0            0.503     num_iterations=44
INFO  [02:38:50.785] [bbotk]         0      0            0.558     num_iterations=37
INFO  [02:38:50.785] [bbotk]         0      0            0.622     num_iterations=47
INFO  [02:38:50.785] [bbotk]         0      0            0.536     num_iterations=54
INFO  [02:38:50.785] [bbotk]         0      0            0.529     num_iterations=36
INFO  [02:38:50.785] [bbotk]         0      0            0.599     num_iterations=53
INFO  [02:38:50.785] [bbotk]         0      0            0.456     num_iterations=31
INFO  [02:38:50.785] [bbotk]         0      0            0.601     num_iterations=41
INFO  [02:38:50.785] [bbotk]         0      0            0.523     num_iterations=25
INFO  [02:38:50.785] [bbotk]         0      0            0.506     num_iterations=31
INFO  [02:38:50.785] [bbotk]         0      0            0.530     num_iterations=59
INFO  [02:38:50.785] [bbotk]         0      0            0.628     num_iterations=51
INFO  [02:38:50.785] [bbotk]  warnings errors runtime_learners internal_tuned_values
INFO  [02:38:51.168] [mlr3] Calling train method of fallback 'regr.ranger' on task 'surrogate_task' with 364 observations {learner: <LearnerRegrRanger/LearnerRegr/Learner/R6>}
INFO  [02:38:52.228] [mlr3] Calling train method of fallback 'regr.ranger' on task 'surrogate_task' with 365 observations {learner: <LearnerRegrRanger/LearnerRegr/Learner/R6>}
INFO  [02:38:53.218] [mlr3] Calling train method of fallback 'regr.ranger' on task 'surrogate_task' with 366 observations {learner: <LearnerRegrRanger/LearnerRegr/Learner/R6>}
INFO  [02:38:54.204] [mlr3] Calling train method of fallback 'regr.ranger' on task 'surrogate_task' with 367 observations {learner: <LearnerRegrRanger/LearnerRegr/Learner/R6>}
INFO  [02:38:55.194] [mlr3] Calling train method of fallback 'regr.ranger' on task 'surrogate_task' with 368 observations {learner: <LearnerRegrRanger/LearnerRegr/Learner/R6>}
INFO  [02:38:56.207] [mlr3] Calling train method of fallback 'regr.ranger' on task 'surrogate_task' with 369 observations {learner: <LearnerRegrRanger/LearnerRegr/Learner/R6>}
INFO  [02:38:57.223] [mlr3] Calling train method of fallback 'regr.ranger' on task 'surrogate_task' with 370 observations {learner: <LearnerRegrRanger/LearnerRegr/Learner/R6>}
INFO  [02:38:58.256] [mlr3] Calling train method of fallback 'regr.ranger' on task 'surrogate_task' with 371 observations {learner: <LearnerRegrRanger/LearnerRegr/Learner/R6>}
INFO  [02:38:59.258] [mlr3] Calling train method of fallback 'regr.ranger' on task 'surrogate_task' with 372 observations {learner: <LearnerRegrRanger/LearnerRegr/Learner/R6>}
INFO  [02:39:00.306] [mlr3] Calling train method of fallback 'regr.ranger' on task 'surrogate_task' with 373 observations {learner: <LearnerRegrRanger/LearnerRegr/Learner/R6>}
INFO  [02:39:01.340] [mlr3] Calling train method of fallback 'regr.ranger' on task 'surrogate_task' with 374 observations {learner: <LearnerRegrRanger/LearnerRegr/Learner/R6>}
INFO  [02:39:02.395] [mlr3] Calling train method of fallback 'regr.ranger' on task 'surrogate_task' with 375 observations {learner: <LearnerRegrRanger/LearnerRegr/Learner/R6>}
INFO  [02:39:03.440] [mlr3] Calling train method of fallback 'regr.ranger' on task 'surrogate_task' with 376 observations {learner: <LearnerRegrRanger/LearnerRegr/Learner/R6>}
INFO  [02:39:04.480] [mlr3] Calling train method of fallback 'regr.ranger' on task 'surrogate_task' with 377 observations {learner: <LearnerRegrRanger/LearnerRegr/Learner/R6>}
INFO  [02:39:05.559] [mlr3] Calling train method of fallback 'regr.ranger' on task 'surrogate_task' with 378 observations {learner: <LearnerRegrRanger/LearnerRegr/Learner/R6>}
INFO  [02:39:06.629] [mlr3] Calling train method of fallback 'regr.ranger' on task 'surrogate_task' with 379 observations {learner: <LearnerRegrRanger/LearnerRegr/Learner/R6>}
INFO  [02:39:07.639] [mlr3] Calling train method of fallback 'regr.ranger' on task 'surrogate_task' with 380 observations {learner: <LearnerRegrRanger/LearnerRegr/Learner/R6>}
INFO  [02:39:08.705] [mlr3] Calling train method of fallback 'regr.ranger' on task 'surrogate_task' with 381 observations {learner: <LearnerRegrRanger/LearnerRegr/Learner/R6>}
INFO  [02:39:09.705] [mlr3] Calling train method of fallback 'regr.ranger' on task 'surrogate_task' with 382 observations {learner: <LearnerRegrRanger/LearnerRegr/Learner/R6>}
INFO  [02:39:10.762] [mlr3] Calling train method of fallback 'regr.ranger' on task 'surrogate_task' with 383 observations {learner: <LearnerRegrRanger/LearnerRegr/Learner/R6>}
INFO  [02:39:11.795] [mlr3] Calling train method of fallback 'regr.ranger' on task 'surrogate_task' with 384 observations {learner: <LearnerRegrRanger/LearnerRegr/Learner/R6>}
INFO  [02:39:12.803] [mlr3] Calling train method of fallback 'regr.ranger' on task 'surrogate_task' with 385 observations {learner: <LearnerRegrRanger/LearnerRegr/Learner/R6>}
INFO  [02:39:13.829] [mlr3] Calling train method of fallback 'regr.ranger' on task 'surrogate_task' with 386 observations {learner: <LearnerRegrRanger/LearnerRegr/Learner/R6>}
INFO  [02:39:14.855] [mlr3] Calling train method of fallback 'regr.ranger' on task 'surrogate_task' with 387 observations {learner: <LearnerRegrRanger/LearnerRegr/Learner/R6>}
INFO  [02:39:15.876] [mlr3] Calling train method of fallback 'regr.ranger' on task 'surrogate_task' with 388 observations {learner: <LearnerRegrRanger/LearnerRegr/Learner/R6>}
INFO  [02:39:16.908] [mlr3] Calling train method of fallback 'regr.ranger' on task 'surrogate_task' with 389 observations {learner: <LearnerRegrRanger/LearnerRegr/Learner/R6>}
INFO  [02:39:17.936] [mlr3] Calling train method of fallback 'regr.ranger' on task 'surrogate_task' with 390 observations {learner: <LearnerRegrRanger/LearnerRegr/Learner/R6>}
INFO  [02:39:18.941] [mlr3] Calling train method of fallback 'regr.ranger' on task 'surrogate_task' with 391 observations {learner: <LearnerRegrRanger/LearnerRegr/Learner/R6>}
INFO  [02:39:19.980] [mlr3] Calling train method of fallback 'regr.ranger' on task 'surrogate_task' with 392 observations {learner: <LearnerRegrRanger/LearnerRegr/Learner/R6>}
INFO  [02:39:21.040] [mlr3] Calling train method of fallback 'regr.ranger' on task 'surrogate_task' with 393 observations {learner: <LearnerRegrRanger/LearnerRegr/Learner/R6>}
INFO  [02:39:22.026] [mlr3] Calling train method of fallback 'regr.ranger' on task 'surrogate_task' with 394 observations {learner: <LearnerRegrRanger/LearnerRegr/Learner/R6>}
INFO  [02:39:23.087] [mlr3] Calling train method of fallback 'regr.ranger' on task 'surrogate_task' with 395 observations {learner: <LearnerRegrRanger/LearnerRegr/Learner/R6>}
INFO  [02:39:24.178] [mlr3] Calling train method of fallback 'regr.ranger' on task 'surrogate_task' with 396 observations {learner: <LearnerRegrRanger/LearnerRegr/Learner/R6>}
INFO  [02:39:25.203] [mlr3] Calling train method of fallback 'regr.ranger' on task 'surrogate_task' with 397 observations {learner: <LearnerRegrRanger/LearnerRegr/Learner/R6>}
INFO  [02:39:26.254] [mlr3] Calling train method of fallback 'regr.ranger' on task 'surrogate_task' with 398 observations {learner: <LearnerRegrRanger/LearnerRegr/Learner/R6>}
INFO  [02:39:27.330] [mlr3] Calling train method of fallback 'regr.ranger' on task 'surrogate_task' with 399 observations {learner: <LearnerRegrRanger/LearnerRegr/Learner/R6>}
INFO  [02:39:28.396] [mlr3] Calling train method of fallback 'regr.ranger' on task 'surrogate_task' with 400 observations {learner: <LearnerRegrRanger/LearnerRegr/Learner/R6>}
INFO  [02:39:29.466] [mlr3] Calling train method of fallback 'regr.ranger' on task 'surrogate_task' with 401 observations {learner: <LearnerRegrRanger/LearnerRegr/Learner/R6>}
INFO  [02:39:30.611] [mlr3] Calling train method of fallback 'regr.ranger' on task 'surrogate_task' with 402 observations {learner: <LearnerRegrRanger/LearnerRegr/Learner/R6>}
INFO  [02:39:31.653] [mlr3] Calling train method of fallback 'regr.ranger' on task 'surrogate_task' with 403 observations {learner: <LearnerRegrRanger/LearnerRegr/Learner/R6>}
INFO  [02:39:32.745] [mlr3] Calling train method of fallback 'regr.ranger' on task 'surrogate_task' with 404 observations {learner: <LearnerRegrRanger/LearnerRegr/Learner/R6>}
INFO  [02:39:33.990] [mlr3] Calling train method of fallback 'regr.ranger' on task 'surrogate_task' with 405 observations {learner: <LearnerRegrRanger/LearnerRegr/Learner/R6>}
INFO  [02:39:35.114] [mlr3] Calling train method of fallback 'regr.ranger' on task 'surrogate_task' with 406 observations {learner: <LearnerRegrRanger/LearnerRegr/Learner/R6>}
INFO  [02:39:36.193] [mlr3] Calling train method of fallback 'regr.ranger' on task 'surrogate_task' with 407 observations {learner: <LearnerRegrRanger/LearnerRegr/Learner/R6>}
INFO  [02:39:36.954] [bbotk] Evaluating 44 configuration(s)
INFO  [02:39:37.096] [mlr3] Running benchmark with 440 resampling iterations
INFO  [02:39:38.405] [mlr3] Finished benchmark
INFO  [02:39:39.903] [bbotk] Result of batch 8:
INFO  [02:39:39.911] [bbotk]  learning_rate num_leaves min_data_in_leaf feature_fraction extra_trees
INFO  [02:39:39.911] [bbotk]    -1.19085278         25               30        0.7939652        TRUE
INFO  [02:39:39.911] [bbotk]    -1.20888189         31               28        0.7723627        TRUE
INFO  [02:39:39.911] [bbotk]    -0.62826832         24               29        0.8243224        TRUE
INFO  [02:39:39.911] [bbotk]    -1.24164573         28               27        0.6136535        TRUE
INFO  [02:39:39.911] [bbotk]    -1.25686964         17               29        0.8160726        TRUE
INFO  [02:39:39.911] [bbotk]    -0.15184649        239               29        0.3108129        TRUE
INFO  [02:39:39.911] [bbotk]    -1.19282678         28               25        0.7764009        TRUE
INFO  [02:39:39.911] [bbotk]    -0.14329765        221               33        0.3381021        TRUE
INFO  [02:39:39.911] [bbotk]    -0.07592324        172               28        0.2671818        TRUE
INFO  [02:39:39.911] [bbotk]    -1.19169919         27               27        0.8412114        TRUE
INFO  [02:39:39.911] [bbotk]    -0.21280514        245               27        0.3066815        TRUE
INFO  [02:39:39.911] [bbotk]    -1.61578004         54               28        0.7659320        TRUE
INFO  [02:39:39.911] [bbotk]    -1.19149567        160               25        0.8160072        TRUE
INFO  [02:39:39.911] [bbotk]    -1.18838886        168               31        0.8542534        TRUE
INFO  [02:39:39.911] [bbotk]    -1.15918062        255               24        0.6477579        TRUE
INFO  [02:39:39.911] [bbotk]     0.00000000        164               30        0.3593763        TRUE
INFO  [02:39:39.911] [bbotk]    -1.16124449         40               26        0.6235656        TRUE
INFO  [02:39:39.911] [bbotk]    -1.38501666         25               23        0.8185434        TRUE
INFO  [02:39:39.911] [bbotk]    -1.07791007        150               39        0.2140599        TRUE
INFO  [02:39:39.911] [bbotk]    -1.18567935        168               25        0.8136930        TRUE
INFO  [02:39:39.911] [bbotk]    -0.93217268         24               27        0.3528120        TRUE
INFO  [02:39:39.911] [bbotk]    -0.17929559         30               28        0.8149458        TRUE
INFO  [02:39:39.911] [bbotk]     0.00000000         83               28        0.9506125        TRUE
INFO  [02:39:39.911] [bbotk]    -0.08042550        146               22        0.3434835        TRUE
INFO  [02:39:39.911] [bbotk]    -0.15655412        168               33        0.3412978        TRUE
INFO  [02:39:39.911] [bbotk]    -0.24146116        170               34        0.3431641        TRUE
INFO  [02:39:39.911] [bbotk]    -1.31030433         28               23        0.8131002        TRUE
INFO  [02:39:39.911] [bbotk]    -1.34071919        168               25        0.1000000        TRUE
INFO  [02:39:39.911] [bbotk]    -0.59465849        245               24        0.3395005        TRUE
INFO  [02:39:39.911] [bbotk]    -0.75165192         84               26        0.9113695        TRUE
INFO  [02:39:39.911] [bbotk]    -0.15042668        167               29        0.3487629        TRUE
INFO  [02:39:39.911] [bbotk]    -0.62585858         29               22        0.2780920        TRUE
INFO  [02:39:39.911] [bbotk]    -0.74507195         10               20        0.7902352        TRUE
INFO  [02:39:39.911] [bbotk]     0.00000000         73               27        0.3409823        TRUE
INFO  [02:39:39.911] [bbotk]    -0.15889867         26               24        0.7471965        TRUE
INFO  [02:39:39.911] [bbotk]    -1.18880938         28               24        0.8905073        TRUE
INFO  [02:39:39.911] [bbotk]    -0.87495504         30               24        0.7761064        TRUE
INFO  [02:39:39.911] [bbotk]    -0.28661234        238               27        0.3399909        TRUE
INFO  [02:39:39.911] [bbotk]    -1.19620476        241               25        0.9790018        TRUE
INFO  [02:39:39.911] [bbotk]    -0.15640043         59               30        0.5949401        TRUE
INFO  [02:39:39.911] [bbotk]    -0.14713994        240               27        0.3573059        TRUE
INFO  [02:39:39.911] [bbotk]    -0.47947338        109               26        0.3735614        TRUE
INFO  [02:39:39.911] [bbotk]    -0.74618753        167                1        0.9332381        TRUE
INFO  [02:39:39.911] [bbotk]    -1.22750611         29               23        0.5600383        TRUE
INFO  [02:39:39.911] [bbotk]  learning_rate num_leaves min_data_in_leaf feature_fraction extra_trees
INFO  [02:39:39.911] [bbotk]   lambda_l1  lambda_l2 min_gain_to_split    acq_cb timestamp_surrogate
INFO  [02:39:39.911] [bbotk]  -6.9077553 -2.7741551         -6.907755 -5.176070 2026-09-10 02:38:50
INFO  [02:39:39.911] [bbotk]  -6.9077553 -1.9983845         -6.859949 -4.491166 2026-09-10 02:38:51
INFO  [02:39:39.911] [bbotk]  -6.9077553 -5.3228904         -6.907755 -3.645289 2026-09-10 02:38:52
INFO  [02:39:39.911] [bbotk]  -6.9077553 -3.3476837         -6.804374 -4.407226 2026-09-10 02:38:53
INFO  [02:39:39.911] [bbotk]  -6.9077553 -2.1551622         -6.792235 -3.804788 2026-09-10 02:38:54
INFO  [02:39:39.911] [bbotk]  -1.2638518 -6.6972542         -5.518301 -3.210737 2026-09-10 02:38:55
INFO  [02:39:39.911] [bbotk]  -2.8270646 -2.7645286         -6.788011 -3.647759 2026-09-10 02:38:56
INFO  [02:39:39.911] [bbotk]  -4.7458901 -0.7343445         -6.801413 -3.753897 2026-09-10 02:38:57
INFO  [02:39:39.911] [bbotk]  -5.0895257 -0.9959137         -6.441729 -3.286856 2026-09-10 02:38:58
INFO  [02:39:39.911] [bbotk]  -1.2180800 -2.5733123         -6.837858 -3.999060 2026-09-10 02:38:59
INFO  [02:39:39.911] [bbotk]  -1.8906034  0.2772038         -5.950717 -2.890978 2026-09-10 02:39:00
INFO  [02:39:39.911] [bbotk]  -4.9191116 -2.3118906         -6.869225 -2.851785 2026-09-10 02:39:02
INFO  [02:39:39.911] [bbotk]  -6.9077553 -2.4822339         -6.807326 -4.160404 2026-09-10 02:39:03
INFO  [02:39:39.911] [bbotk]  -6.9077553 -2.1547267         -6.771028 -3.246743 2026-09-10 02:39:04
INFO  [02:39:39.911] [bbotk]  -6.9077553 -2.3897601         -6.773799 -3.140450 2026-09-10 02:39:05
INFO  [02:39:39.911] [bbotk]  -5.2733575 -0.8193283         -6.435408 -2.995179 2026-09-10 02:39:06
INFO  [02:39:39.911] [bbotk]  -2.3471007 -2.4253709         -6.658981 -2.732926 2026-09-10 02:39:07
INFO  [02:39:39.911] [bbotk]  -0.6631355 -1.8914738         -6.907755 -2.870563 2026-09-10 02:39:08
INFO  [02:39:39.911] [bbotk]  -6.9077553 -2.2686849         -6.800346 -3.112138 2026-09-10 02:39:09
INFO  [02:39:39.911] [bbotk]  -6.9077553  5.4902932         -6.806603 -3.577596 2026-09-10 02:39:10
INFO  [02:39:39.911] [bbotk]  -6.9077553 -2.1781940         -6.797878 -3.221368 2026-09-10 02:39:11
INFO  [02:39:39.911] [bbotk]  -1.3916176 -6.9077553         -5.883388 -2.741387 2026-09-10 02:39:12
INFO  [02:39:39.911] [bbotk]  -5.1327373 -0.2209690         -6.426926 -2.701138 2026-09-10 02:39:13
INFO  [02:39:39.911] [bbotk]  -5.1179920  1.0148957         -6.417689 -2.925764 2026-09-10 02:39:14
INFO  [02:39:39.911] [bbotk]  -5.0951409 -0.5812727         -6.443133 -3.335330 2026-09-10 02:39:15
INFO  [02:39:39.911] [bbotk]  -5.1459119 -0.8871657         -4.845947 -2.943859 2026-09-10 02:39:16
INFO  [02:39:39.911] [bbotk]  -6.9077553 -2.8064758         -6.800670 -3.697494 2026-09-10 02:39:17
INFO  [02:39:39.911] [bbotk]  -6.8495395 -2.3535296         -6.663167 -2.679118 2026-09-10 02:39:18
INFO  [02:39:39.911] [bbotk]  -1.6782248 -2.3260739         -5.977909 -2.689035 2026-09-10 02:39:19
INFO  [02:39:39.911] [bbotk]  -6.9077553 -2.3846617         -4.251295 -2.685499 2026-09-10 02:39:20
INFO  [02:39:39.911] [bbotk]  -5.0820486  1.7702051         -4.331202 -2.550282 2026-09-10 02:39:21
INFO  [02:39:39.911] [bbotk]  -6.1995072 -2.1786454         -6.799438 -2.788053 2026-09-10 02:39:22
INFO  [02:39:39.911] [bbotk]  -6.9077553 -1.2016224         -6.907755 -2.712690 2026-09-10 02:39:23
INFO  [02:39:39.911] [bbotk]  -5.2209449 -0.7233038         -6.393049 -2.634231 2026-09-10 02:39:24
INFO  [02:39:39.911] [bbotk]  -0.5531328 -0.7838917         -6.378780 -2.770898 2026-09-10 02:39:25
INFO  [02:39:39.911] [bbotk]  -1.2181641 -2.3436149         -6.907755 -2.885489 2026-09-10 02:39:26
INFO  [02:39:39.911] [bbotk]  -2.0788515 -2.2002879         -6.826986 -2.664145 2026-09-10 02:39:27
INFO  [02:39:39.911] [bbotk]  -5.9804040 -6.9077553         -6.418664 -3.005787 2026-09-10 02:39:29
INFO  [02:39:39.911] [bbotk]  -0.9531918 -2.1160331         -6.367448 -2.414198 2026-09-10 02:39:30
INFO  [02:39:39.911] [bbotk]  -4.3729775 -0.8162968         -6.410767 -2.636588 2026-09-10 02:39:31
INFO  [02:39:39.911] [bbotk]  -5.1304302 -6.9077553         -6.142330 -2.748927 2026-09-10 02:39:32
INFO  [02:39:39.911] [bbotk]  -2.4571358 -3.6291664         -6.409424 -2.465402 2026-09-10 02:39:33
INFO  [02:39:39.911] [bbotk]  -6.8153905 -2.8557921         -6.800572 -2.975189 2026-09-10 02:39:34
INFO  [02:39:39.911] [bbotk]  -6.8985648 -2.0558681         -6.817664 -2.747485 2026-09-10 02:39:35
INFO  [02:39:39.911] [bbotk]   lambda_l1  lambda_l2 min_gain_to_split    acq_cb timestamp_surrogate
INFO  [02:39:39.911] [bbotk]  timestamp_acq_function timestamp_acq_optimizer      timestamp_loop classif.ce
INFO  [02:39:39.911] [bbotk]     2026-09-10 02:38:51     2026-09-10 02:38:51 2026-09-10 02:38:51      0.206
INFO  [02:39:39.911] [bbotk]     2026-09-10 02:38:52     2026-09-10 02:38:52 2026-09-10 02:38:52      0.199
INFO  [02:39:39.911] [bbotk]     2026-09-10 02:38:53     2026-09-10 02:38:53 2026-09-10 02:38:53      0.201
INFO  [02:39:39.911] [bbotk]     2026-09-10 02:38:54     2026-09-10 02:38:54 2026-09-10 02:38:54      0.208
INFO  [02:39:39.911] [bbotk]     2026-09-10 02:38:55     2026-09-10 02:38:55 2026-09-10 02:38:55      0.207
INFO  [02:39:39.911] [bbotk]     2026-09-10 02:38:56     2026-09-10 02:38:56 2026-09-10 02:38:56      0.210
INFO  [02:39:39.911] [bbotk]     2026-09-10 02:38:57     2026-09-10 02:38:57 2026-09-10 02:38:57      0.209
INFO  [02:39:39.911] [bbotk]     2026-09-10 02:38:58     2026-09-10 02:38:58 2026-09-10 02:38:58      0.204
INFO  [02:39:39.911] [bbotk]     2026-09-10 02:38:59     2026-09-10 02:38:59 2026-09-10 02:38:59      0.203
INFO  [02:39:39.911] [bbotk]     2026-09-10 02:39:00     2026-09-10 02:39:00 2026-09-10 02:39:00      0.217
INFO  [02:39:39.911] [bbotk]     2026-09-10 02:39:01     2026-09-10 02:39:01 2026-09-10 02:39:02      0.201
INFO  [02:39:39.911] [bbotk]     2026-09-10 02:39:02     2026-09-10 02:39:02 2026-09-10 02:39:03      0.204
INFO  [02:39:39.911] [bbotk]     2026-09-10 02:39:03     2026-09-10 02:39:03 2026-09-10 02:39:04      0.202
INFO  [02:39:39.911] [bbotk]     2026-09-10 02:39:04     2026-09-10 02:39:04 2026-09-10 02:39:05      0.209
INFO  [02:39:39.911] [bbotk]     2026-09-10 02:39:05     2026-09-10 02:39:05 2026-09-10 02:39:06      0.194
INFO  [02:39:39.911] [bbotk]     2026-09-10 02:39:06     2026-09-10 02:39:06 2026-09-10 02:39:07      0.198
INFO  [02:39:39.911] [bbotk]     2026-09-10 02:39:07     2026-09-10 02:39:07 2026-09-10 02:39:08      0.208
INFO  [02:39:39.911] [bbotk]     2026-09-10 02:39:08     2026-09-10 02:39:08 2026-09-10 02:39:09      0.217
INFO  [02:39:39.911] [bbotk]     2026-09-10 02:39:09     2026-09-10 02:39:09 2026-09-10 02:39:10      0.215
INFO  [02:39:39.911] [bbotk]     2026-09-10 02:39:10     2026-09-10 02:39:10 2026-09-10 02:39:11      0.228
INFO  [02:39:39.911] [bbotk]     2026-09-10 02:39:11     2026-09-10 02:39:11 2026-09-10 02:39:12      0.206
INFO  [02:39:39.911] [bbotk]     2026-09-10 02:39:12     2026-09-10 02:39:12 2026-09-10 02:39:13      0.206
INFO  [02:39:39.911] [bbotk]     2026-09-10 02:39:13     2026-09-10 02:39:13 2026-09-10 02:39:14      0.220
INFO  [02:39:39.911] [bbotk]     2026-09-10 02:39:14     2026-09-10 02:39:14 2026-09-10 02:39:15      0.211
INFO  [02:39:39.911] [bbotk]     2026-09-10 02:39:15     2026-09-10 02:39:15 2026-09-10 02:39:16      0.206
INFO  [02:39:39.911] [bbotk]     2026-09-10 02:39:16     2026-09-10 02:39:16 2026-09-10 02:39:17      0.203
INFO  [02:39:39.911] [bbotk]     2026-09-10 02:39:17     2026-09-10 02:39:17 2026-09-10 02:39:18      0.199
INFO  [02:39:39.911] [bbotk]     2026-09-10 02:39:18     2026-09-10 02:39:18 2026-09-10 02:39:19      0.227
INFO  [02:39:39.911] [bbotk]     2026-09-10 02:39:20     2026-09-10 02:39:20 2026-09-10 02:39:20      0.209
INFO  [02:39:39.911] [bbotk]     2026-09-10 02:39:21     2026-09-10 02:39:21 2026-09-10 02:39:21      0.217
INFO  [02:39:39.911] [bbotk]     2026-09-10 02:39:22     2026-09-10 02:39:22 2026-09-10 02:39:22      0.213
INFO  [02:39:39.911] [bbotk]     2026-09-10 02:39:23     2026-09-10 02:39:23 2026-09-10 02:39:23      0.205
INFO  [02:39:39.911] [bbotk]     2026-09-10 02:39:24     2026-09-10 02:39:24 2026-09-10 02:39:24      0.207
INFO  [02:39:39.911] [bbotk]     2026-09-10 02:39:25     2026-09-10 02:39:25 2026-09-10 02:39:25      0.194
INFO  [02:39:39.911] [bbotk]     2026-09-10 02:39:26     2026-09-10 02:39:26 2026-09-10 02:39:26      0.212
INFO  [02:39:39.911] [bbotk]     2026-09-10 02:39:27     2026-09-10 02:39:27 2026-09-10 02:39:27      0.204
INFO  [02:39:39.911] [bbotk]     2026-09-10 02:39:28     2026-09-10 02:39:28 2026-09-10 02:39:29      0.215
INFO  [02:39:39.911] [bbotk]     2026-09-10 02:39:29     2026-09-10 02:39:29 2026-09-10 02:39:30      0.201
INFO  [02:39:39.911] [bbotk]     2026-09-10 02:39:30     2026-09-10 02:39:30 2026-09-10 02:39:31      0.204
INFO  [02:39:39.911] [bbotk]     2026-09-10 02:39:31     2026-09-10 02:39:31 2026-09-10 02:39:32      0.203
INFO  [02:39:39.911] [bbotk]     2026-09-10 02:39:32     2026-09-10 02:39:32 2026-09-10 02:39:33      0.199
INFO  [02:39:39.911] [bbotk]     2026-09-10 02:39:34     2026-09-10 02:39:34 2026-09-10 02:39:34      0.207
INFO  [02:39:39.911] [bbotk]     2026-09-10 02:39:35     2026-09-10 02:39:35 2026-09-10 02:39:35      0.220
INFO  [02:39:39.911] [bbotk]     2026-09-10 02:39:36     2026-09-10 02:39:36 2026-09-10 02:39:36      0.205
INFO  [02:39:39.911] [bbotk]  timestamp_acq_function timestamp_acq_optimizer      timestamp_loop classif.ce
INFO  [02:39:39.911] [bbotk]  warnings errors runtime_learners internal_tuned_values
INFO  [02:39:39.911] [bbotk]         0      0            0.695     num_iterations=59
INFO  [02:39:39.911] [bbotk]         0      0            0.684     num_iterations=54
INFO  [02:39:39.911] [bbotk]         0      0            0.697     num_iterations=47
INFO  [02:39:39.911] [bbotk]         0      0            0.708     num_iterations=45
INFO  [02:39:39.911] [bbotk]         0      0            0.708     num_iterations=46
INFO  [02:39:39.911] [bbotk]         0      0            0.653     num_iterations=48
INFO  [02:39:39.911] [bbotk]         0      0            0.667     num_iterations=53
INFO  [02:39:39.911] [bbotk]         0      0            0.617     num_iterations=39
INFO  [02:39:39.911] [bbotk]         0      0            0.554     num_iterations=34
INFO  [02:39:39.911] [bbotk]         0      0            0.636     num_iterations=28
INFO  [02:39:39.911] [bbotk]         0      0            0.627     num_iterations=44
INFO  [02:39:39.911] [bbotk]         0      0            0.715     num_iterations=51
INFO  [02:39:39.911] [bbotk]         0      0            0.719     num_iterations=58
INFO  [02:39:39.911] [bbotk]         0      0            0.726     num_iterations=59
INFO  [02:39:39.911] [bbotk]         0      0            0.822     num_iterations=57
INFO  [02:39:39.911] [bbotk]         0      0            0.664     num_iterations=42
INFO  [02:39:39.911] [bbotk]         0      0            0.638     num_iterations=48
INFO  [02:39:39.911] [bbotk]         0      0            0.620     num_iterations=40
INFO  [02:39:39.911] [bbotk]         0      0            0.687    num_iterations=105
INFO  [02:39:39.911] [bbotk]         0      0            0.736    num_iterations=120
INFO  [02:39:39.911] [bbotk]         0      0            0.621     num_iterations=57
INFO  [02:39:39.911] [bbotk]         0      0            0.541     num_iterations=31
INFO  [02:39:39.911] [bbotk]         0      0            0.537     num_iterations=45
INFO  [02:39:39.911] [bbotk]         0      0            0.535     num_iterations=50
INFO  [02:39:39.911] [bbotk]         0      0            0.525     num_iterations=43
INFO  [02:39:39.911] [bbotk]         0      0            0.592     num_iterations=43
INFO  [02:39:39.911] [bbotk]         0      0            0.662     num_iterations=53
INFO  [02:39:39.911] [bbotk]         0      0            0.533     num_iterations=93
INFO  [02:39:39.911] [bbotk]         0      0            0.586     num_iterations=64
INFO  [02:39:39.911] [bbotk]         0      0            0.547     num_iterations=39
INFO  [02:39:39.911] [bbotk]         0      0            0.504     num_iterations=57
INFO  [02:39:39.911] [bbotk]         0      0            0.684     num_iterations=78
INFO  [02:39:39.911] [bbotk]         0      0            0.523     num_iterations=25
INFO  [02:39:39.911] [bbotk]         0      0            0.582     num_iterations=69
INFO  [02:39:39.911] [bbotk]         0      0            0.505     num_iterations=41
INFO  [02:39:39.911] [bbotk]         0      0            0.585     num_iterations=65
INFO  [02:39:39.911] [bbotk]         0      0            0.522     num_iterations=31
INFO  [02:39:39.911] [bbotk]         0      0            0.587     num_iterations=50
INFO  [02:39:39.911] [bbotk]         0      0            0.694     num_iterations=79
INFO  [02:39:39.911] [bbotk]         0      0            0.709     num_iterations=49
INFO  [02:39:39.911] [bbotk]         0      0            0.562     num_iterations=32
INFO  [02:39:39.911] [bbotk]         0      0            0.651     num_iterations=50
INFO  [02:39:39.911] [bbotk]         0      0            0.753     num_iterations=33
INFO  [02:39:39.911] [bbotk]         0      0            0.668     num_iterations=54
INFO  [02:39:39.911] [bbotk]  warnings errors runtime_learners internal_tuned_values
INFO  [02:39:40.352] [mlr3] Calling train method of fallback 'regr.ranger' on task 'surrogate_task' with 408 observations {learner: <LearnerRegrRanger/LearnerRegr/Learner/R6>}
INFO  [02:39:41.503] [mlr3] Calling train method of fallback 'regr.ranger' on task 'surrogate_task' with 409 observations {learner: <LearnerRegrRanger/LearnerRegr/Learner/R6>}
INFO  [02:39:42.567] [mlr3] Calling train method of fallback 'regr.ranger' on task 'surrogate_task' with 410 observations {learner: <LearnerRegrRanger/LearnerRegr/Learner/R6>}
INFO  [02:39:43.603] [mlr3] Calling train method of fallback 'regr.ranger' on task 'surrogate_task' with 411 observations {learner: <LearnerRegrRanger/LearnerRegr/Learner/R6>}
INFO  [02:39:44.678] [mlr3] Calling train method of fallback 'regr.ranger' on task 'surrogate_task' with 412 observations {learner: <LearnerRegrRanger/LearnerRegr/Learner/R6>}
INFO  [02:39:45.869] [mlr3] Calling train method of fallback 'regr.ranger' on task 'surrogate_task' with 413 observations {learner: <LearnerRegrRanger/LearnerRegr/Learner/R6>}
INFO  [02:39:46.954] [mlr3] Calling train method of fallback 'regr.ranger' on task 'surrogate_task' with 414 observations {learner: <LearnerRegrRanger/LearnerRegr/Learner/R6>}
INFO  [02:39:48.123] [mlr3] Calling train method of fallback 'regr.ranger' on task 'surrogate_task' with 415 observations {learner: <LearnerRegrRanger/LearnerRegr/Learner/R6>}
INFO  [02:39:49.285] [mlr3] Calling train method of fallback 'regr.ranger' on task 'surrogate_task' with 416 observations {learner: <LearnerRegrRanger/LearnerRegr/Learner/R6>}
INFO  [02:39:50.366] [mlr3] Calling train method of fallback 'regr.ranger' on task 'surrogate_task' with 417 observations {learner: <LearnerRegrRanger/LearnerRegr/Learner/R6>}
INFO  [02:39:51.382] [mlr3] Calling train method of fallback 'regr.ranger' on task 'surrogate_task' with 418 observations {learner: <LearnerRegrRanger/LearnerRegr/Learner/R6>}
INFO  [02:39:52.527] [mlr3] Calling train method of fallback 'regr.ranger' on task 'surrogate_task' with 419 observations {learner: <LearnerRegrRanger/LearnerRegr/Learner/R6>}
INFO  [02:39:53.598] [mlr3] Calling train method of fallback 'regr.ranger' on task 'surrogate_task' with 420 observations {learner: <LearnerRegrRanger/LearnerRegr/Learner/R6>}
INFO  [02:39:54.671] [mlr3] Calling train method of fallback 'regr.ranger' on task 'surrogate_task' with 421 observations {learner: <LearnerRegrRanger/LearnerRegr/Learner/R6>}
INFO  [02:39:55.741] [mlr3] Calling train method of fallback 'regr.ranger' on task 'surrogate_task' with 422 observations {learner: <LearnerRegrRanger/LearnerRegr/Learner/R6>}
INFO  [02:39:56.768] [mlr3] Calling train method of fallback 'regr.ranger' on task 'surrogate_task' with 423 observations {learner: <LearnerRegrRanger/LearnerRegr/Learner/R6>}
INFO  [02:39:57.873] [mlr3] Calling train method of fallback 'regr.ranger' on task 'surrogate_task' with 424 observations {learner: <LearnerRegrRanger/LearnerRegr/Learner/R6>}
INFO  [02:39:59.049] [mlr3] Calling train method of fallback 'regr.ranger' on task 'surrogate_task' with 425 observations {learner: <LearnerRegrRanger/LearnerRegr/Learner/R6>}
INFO  [02:40:00.183] [mlr3] Calling train method of fallback 'regr.ranger' on task 'surrogate_task' with 426 observations {learner: <LearnerRegrRanger/LearnerRegr/Learner/R6>}
INFO  [02:40:01.381] [mlr3] Calling train method of fallback 'regr.ranger' on task 'surrogate_task' with 427 observations {learner: <LearnerRegrRanger/LearnerRegr/Learner/R6>}
INFO  [02:40:02.485] [mlr3] Calling train method of fallback 'regr.ranger' on task 'surrogate_task' with 428 observations {learner: <LearnerRegrRanger/LearnerRegr/Learner/R6>}
INFO  [02:40:03.621] [mlr3] Calling train method of fallback 'regr.ranger' on task 'surrogate_task' with 429 observations {learner: <LearnerRegrRanger/LearnerRegr/Learner/R6>}
INFO  [02:40:04.780] [mlr3] Calling train method of fallback 'regr.ranger' on task 'surrogate_task' with 430 observations {learner: <LearnerRegrRanger/LearnerRegr/Learner/R6>}
INFO  [02:40:05.911] [mlr3] Calling train method of fallback 'regr.ranger' on task 'surrogate_task' with 431 observations {learner: <LearnerRegrRanger/LearnerRegr/Learner/R6>}
INFO  [02:40:07.104] [mlr3] Calling train method of fallback 'regr.ranger' on task 'surrogate_task' with 432 observations {learner: <LearnerRegrRanger/LearnerRegr/Learner/R6>}
INFO  [02:40:08.267] [mlr3] Calling train method of fallback 'regr.ranger' on task 'surrogate_task' with 433 observations {learner: <LearnerRegrRanger/LearnerRegr/Learner/R6>}
INFO  [02:40:09.422] [mlr3] Calling train method of fallback 'regr.ranger' on task 'surrogate_task' with 434 observations {learner: <LearnerRegrRanger/LearnerRegr/Learner/R6>}
INFO  [02:40:10.548] [mlr3] Calling train method of fallback 'regr.ranger' on task 'surrogate_task' with 435 observations {learner: <LearnerRegrRanger/LearnerRegr/Learner/R6>}
INFO  [02:40:11.621] [mlr3] Calling train method of fallback 'regr.ranger' on task 'surrogate_task' with 436 observations {learner: <LearnerRegrRanger/LearnerRegr/Learner/R6>}
INFO  [02:40:12.781] [mlr3] Calling train method of fallback 'regr.ranger' on task 'surrogate_task' with 437 observations {learner: <LearnerRegrRanger/LearnerRegr/Learner/R6>}
INFO  [02:40:13.978] [mlr3] Calling train method of fallback 'regr.ranger' on task 'surrogate_task' with 438 observations {learner: <LearnerRegrRanger/LearnerRegr/Learner/R6>}
INFO  [02:40:15.104] [mlr3] Calling train method of fallback 'regr.ranger' on task 'surrogate_task' with 439 observations {learner: <LearnerRegrRanger/LearnerRegr/Learner/R6>}
INFO  [02:40:16.309] [mlr3] Calling train method of fallback 'regr.ranger' on task 'surrogate_task' with 440 observations {learner: <LearnerRegrRanger/LearnerRegr/Learner/R6>}
INFO  [02:40:17.493] [mlr3] Calling train method of fallback 'regr.ranger' on task 'surrogate_task' with 441 observations {learner: <LearnerRegrRanger/LearnerRegr/Learner/R6>}
INFO  [02:40:18.616] [mlr3] Calling train method of fallback 'regr.ranger' on task 'surrogate_task' with 442 observations {learner: <LearnerRegrRanger/LearnerRegr/Learner/R6>}
INFO  [02:40:19.730] [mlr3] Calling train method of fallback 'regr.ranger' on task 'surrogate_task' with 443 observations {learner: <LearnerRegrRanger/LearnerRegr/Learner/R6>}
INFO  [02:40:20.921] [mlr3] Calling train method of fallback 'regr.ranger' on task 'surrogate_task' with 444 observations {learner: <LearnerRegrRanger/LearnerRegr/Learner/R6>}
INFO  [02:40:22.028] [mlr3] Calling train method of fallback 'regr.ranger' on task 'surrogate_task' with 445 observations {learner: <LearnerRegrRanger/LearnerRegr/Learner/R6>}
INFO  [02:40:23.191] [mlr3] Calling train method of fallback 'regr.ranger' on task 'surrogate_task' with 446 observations {learner: <LearnerRegrRanger/LearnerRegr/Learner/R6>}
INFO  [02:40:24.301] [mlr3] Calling train method of fallback 'regr.ranger' on task 'surrogate_task' with 447 observations {learner: <LearnerRegrRanger/LearnerRegr/Learner/R6>}
INFO  [02:40:25.431] [mlr3] Calling train method of fallback 'regr.ranger' on task 'surrogate_task' with 448 observations {learner: <LearnerRegrRanger/LearnerRegr/Learner/R6>}
INFO  [02:40:26.525] [mlr3] Calling train method of fallback 'regr.ranger' on task 'surrogate_task' with 449 observations {learner: <LearnerRegrRanger/LearnerRegr/Learner/R6>}
INFO  [02:40:27.646] [mlr3] Calling train method of fallback 'regr.ranger' on task 'surrogate_task' with 450 observations {learner: <LearnerRegrRanger/LearnerRegr/Learner/R6>}
INFO  [02:40:28.833] [mlr3] Calling train method of fallback 'regr.ranger' on task 'surrogate_task' with 451 observations {learner: <LearnerRegrRanger/LearnerRegr/Learner/R6>}
INFO  [02:40:29.510] [bbotk] Evaluating 44 configuration(s)
INFO  [02:40:29.690] [mlr3] Running benchmark with 440 resampling iterations
INFO  [02:40:30.990] [mlr3] Finished benchmark
INFO  [02:40:32.629] [bbotk] Result of batch 9:
INFO  [02:40:32.638] [bbotk]  learning_rate num_leaves min_data_in_leaf feature_fraction extra_trees
INFO  [02:40:32.638] [bbotk]   -0.305337101        255               27        0.3314290        TRUE
INFO  [02:40:32.638] [bbotk]    0.000000000        159               27        0.3401234        TRUE
INFO  [02:40:32.638] [bbotk]   -1.144628080        251               28        0.8703585        TRUE
INFO  [02:40:32.638] [bbotk]   -0.933924053        255               47        0.6895717        TRUE
INFO  [02:40:32.638] [bbotk]   -1.155120778        255               24        0.6589387        TRUE
INFO  [02:40:32.638] [bbotk]   -1.525750260        254               27        0.3782866        TRUE
INFO  [02:40:32.638] [bbotk]   -1.203419187         65               25        0.8440315        TRUE
INFO  [02:40:32.638] [bbotk]    0.000000000        239               34        0.6429899        TRUE
INFO  [02:40:32.638] [bbotk]   -1.185861561        255               36        0.6045024        TRUE
INFO  [02:40:32.638] [bbotk]   -1.219161261         25               28        0.8188382        TRUE
INFO  [02:40:32.638] [bbotk]   -0.803644609        244               27        0.6522008        TRUE
INFO  [02:40:32.638] [bbotk]    0.000000000        255               31        0.3473222        TRUE
INFO  [02:40:32.638] [bbotk]    0.000000000         77               30        0.5508533        TRUE
INFO  [02:40:32.638] [bbotk]   -1.162174695        170               30        0.3418114        TRUE
INFO  [02:40:32.638] [bbotk]   -1.178882201        107               25        0.4822340        TRUE
INFO  [02:40:32.638] [bbotk]   -0.156413923        162               25        0.3424774        TRUE
INFO  [02:40:32.638] [bbotk]   -0.094092453         83               35        0.3346507        TRUE
INFO  [02:40:32.638] [bbotk]   -1.112257364         30               26        0.8354055        TRUE
INFO  [02:40:32.638] [bbotk]   -0.180537056        105               28        0.3438103        TRUE
INFO  [02:40:32.638] [bbotk]   -1.181061859        211               31        0.8118737        TRUE
INFO  [02:40:32.638] [bbotk]   -0.633828905         74               28        0.3726541        TRUE
INFO  [02:40:32.638] [bbotk]   -1.179723970         28               28        0.9606318        TRUE
INFO  [02:40:32.638] [bbotk]   -1.443177752         36               23        0.8084438        TRUE
INFO  [02:40:32.638] [bbotk]   -0.009818753        166               30        0.3459462        TRUE
INFO  [02:40:32.638] [bbotk]    0.000000000         74               27        0.3240766        TRUE
INFO  [02:40:32.638] [bbotk]   -1.245632405         25               26        0.7633519        TRUE
INFO  [02:40:32.638] [bbotk]   -0.946267437         29               25        0.8250188        TRUE
INFO  [02:40:32.638] [bbotk]   -0.118298441         51               27        0.3370832        TRUE
INFO  [02:40:32.638] [bbotk]   -0.161745467        168               27        0.3411100        TRUE
INFO  [02:40:32.638] [bbotk]   -1.600362710         22               25        0.8158601        TRUE
INFO  [02:40:32.638] [bbotk]   -0.977563856         28               24        0.8869806        TRUE
INFO  [02:40:32.638] [bbotk]   -1.265471789         37               25        0.8041260        TRUE
INFO  [02:40:32.638] [bbotk]   -0.136167400         56               30        0.2957982        TRUE
INFO  [02:40:32.638] [bbotk]   -0.211593457        248               31        0.3216066        TRUE
INFO  [02:40:32.638] [bbotk]   -1.300835030         28               22        0.8121721        TRUE
INFO  [02:40:32.638] [bbotk]   -1.192214232         10               26        0.8140699        TRUE
INFO  [02:40:32.638] [bbotk]   -0.315550390        241               27        0.3625188        TRUE
INFO  [02:40:32.638] [bbotk]   -0.131340001        236               28        0.3345771        TRUE
INFO  [02:40:32.638] [bbotk]    0.000000000         28               21        0.7625859        TRUE
INFO  [02:40:32.638] [bbotk]   -0.147639581        231               29        0.3441377        TRUE
INFO  [02:40:32.638] [bbotk]   -0.464953144        255               24        0.6416111        TRUE
INFO  [02:40:32.638] [bbotk]   -1.187015206        155               26        0.7916823        TRUE
INFO  [02:40:32.638] [bbotk]   -1.166652675         28               22        0.8085838        TRUE
INFO  [02:40:32.638] [bbotk]   -1.462557454        110               20        0.8986915        TRUE
INFO  [02:40:32.638] [bbotk]  learning_rate num_leaves min_data_in_leaf feature_fraction extra_trees
INFO  [02:40:32.638] [bbotk]   lambda_l1  lambda_l2 min_gain_to_split    acq_cb timestamp_surrogate
INFO  [02:40:32.638] [bbotk]  -1.7331997 -6.9077553         -5.099545 -3.164395 2026-09-10 02:39:39
INFO  [02:40:32.638] [bbotk]  -5.0580472 -0.6605428         -6.428052 -3.458532 2026-09-10 02:39:41
INFO  [02:40:32.638] [bbotk]  -6.9077553 -2.3969488         -6.799430 -3.910119 2026-09-10 02:39:42
INFO  [02:40:32.638] [bbotk]  -1.3135148 -6.9077553         -5.931783 -2.555148 2026-09-10 02:39:43
INFO  [02:40:32.638] [bbotk]  -6.9077553 -2.7630680         -6.791968 -3.564119 2026-09-10 02:39:44
INFO  [02:40:32.638] [bbotk]  -2.4599896 -0.8457013         -6.590302 -2.855298 2026-09-10 02:39:45
INFO  [02:40:32.638] [bbotk]  -6.9077553 -2.2839621         -6.807417 -3.808485 2026-09-10 02:39:46
INFO  [02:40:32.638] [bbotk]  -5.5984816 -0.7521377         -6.782603 -3.063034 2026-09-10 02:39:47
INFO  [02:40:32.638] [bbotk]  -6.9077553 -2.4651650         -6.769376 -2.956486 2026-09-10 02:39:48
INFO  [02:40:32.638] [bbotk]  -6.9077553 -2.6790885         -6.845111 -3.367241 2026-09-10 02:39:49
INFO  [02:40:32.638] [bbotk]  -1.3342542 -4.2490972         -6.101980 -2.739744 2026-09-10 02:39:50
INFO  [02:40:32.638] [bbotk]  -0.6245385 -6.9077553         -2.331509 -2.409285 2026-09-10 02:39:52
INFO  [02:40:32.638] [bbotk]  -3.2849505 -0.8547111         -5.940258 -2.537935 2026-09-10 02:39:53
INFO  [02:40:32.638] [bbotk]  -5.1540968 -6.9077553         -6.414511 -3.099792 2026-09-10 02:39:54
INFO  [02:40:32.638] [bbotk]  -6.9077553 -6.7140669         -5.989586 -2.569125 2026-09-10 02:39:55
INFO  [02:40:32.638] [bbotk]  -5.9699373 -0.7376889         -6.712310 -3.063489 2026-09-10 02:39:56
INFO  [02:40:32.638] [bbotk]  -5.6399150 -0.8030257         -6.380397 -3.185090 2026-09-10 02:39:57
INFO  [02:40:32.638] [bbotk]  -6.9077553 -2.2878309         -6.716227 -3.582049 2026-09-10 02:39:58
INFO  [02:40:32.638] [bbotk]  -5.1485999 -2.2212517         -6.376647 -3.032659 2026-09-10 02:39:59
INFO  [02:40:32.638] [bbotk]  -6.9077553 -1.9440448         -6.803795 -3.600707 2026-09-10 02:40:00
INFO  [02:40:32.638] [bbotk]  -6.9077553 -5.9124759         -6.804390 -2.705653 2026-09-10 02:40:02
INFO  [02:40:32.638] [bbotk]  -6.9077553  0.8580146         -6.907755 -3.038653 2026-09-10 02:40:03
INFO  [02:40:32.638] [bbotk]  -6.1346231 -2.4860218         -6.907755 -3.104793 2026-09-10 02:40:04
INFO  [02:40:32.638] [bbotk]  -5.1741877 -0.7694009         -6.400899 -3.377919 2026-09-10 02:40:05
INFO  [02:40:32.638] [bbotk]  -5.3881270 -0.6191003         -6.559845 -2.721506 2026-09-10 02:40:06
INFO  [02:40:32.638] [bbotk]  -6.9077553 -2.3210159         -6.772750 -3.362140 2026-09-10 02:40:07
INFO  [02:40:32.638] [bbotk]  -6.9077553 -2.3639936         -6.860942 -3.773743 2026-09-10 02:40:08
INFO  [02:40:32.638] [bbotk]  -4.9479384 -0.8053686         -4.890019 -2.722784 2026-09-10 02:40:10
INFO  [02:40:32.638] [bbotk]  -5.1368609 -6.9077553         -6.429929 -3.025006 2026-09-10 02:40:11
INFO  [02:40:32.638] [bbotk]  -3.7594056 -2.4051922         -6.777516 -3.033752 2026-09-10 02:40:12
INFO  [02:40:32.638] [bbotk]  -6.9077553 -2.2715486         -6.830353 -3.296588 2026-09-10 02:40:13
INFO  [02:40:32.638] [bbotk]  -5.2692706 -2.3062898         -6.371966 -2.855458 2026-09-10 02:40:14
INFO  [02:40:32.638] [bbotk]  -5.1195205 -0.7006804         -6.386438 -3.095015 2026-09-10 02:40:15
INFO  [02:40:32.638] [bbotk]  -5.2647186 -1.8182842         -6.413273 -2.776185 2026-09-10 02:40:17
INFO  [02:40:32.638] [bbotk]  -6.9077553  0.1685540         -6.907755 -2.813118 2026-09-10 02:40:18
INFO  [02:40:32.638] [bbotk]  -6.9077553 -2.1554045         -4.714245 -3.123277 2026-09-10 02:40:19
INFO  [02:40:32.638] [bbotk]  -4.7067112 -6.9077553         -5.784591 -2.961047 2026-09-10 02:40:20
INFO  [02:40:32.638] [bbotk]  -4.9596253 -0.8228704         -6.400698 -2.906651 2026-09-10 02:40:21
INFO  [02:40:32.638] [bbotk]  -5.2301735 -1.2478412         -2.516549 -2.242107 2026-09-10 02:40:22
INFO  [02:40:32.638] [bbotk]  -1.5260868 -6.9077553         -6.492563 -2.953847 2026-09-10 02:40:23
INFO  [02:40:32.638] [bbotk]  -6.9077553 -2.3215929         -5.657071 -2.588584 2026-09-10 02:40:24
INFO  [02:40:32.638] [bbotk]  -6.7029487 -2.5027327         -6.861781 -2.719366 2026-09-10 02:40:26
INFO  [02:40:32.638] [bbotk]  -6.9077553 -2.3722875         -6.795395 -3.713192 2026-09-10 02:40:27
INFO  [02:40:32.638] [bbotk]  -6.9077553 -2.3778552         -6.471580 -2.702143 2026-09-10 02:40:28
INFO  [02:40:32.638] [bbotk]   lambda_l1  lambda_l2 min_gain_to_split    acq_cb timestamp_surrogate
INFO  [02:40:32.638] [bbotk]  timestamp_acq_function timestamp_acq_optimizer      timestamp_loop classif.ce
INFO  [02:40:32.638] [bbotk]     2026-09-10 02:39:40     2026-09-10 02:39:40 2026-09-10 02:39:40      0.202
INFO  [02:40:32.638] [bbotk]     2026-09-10 02:39:41     2026-09-10 02:39:41 2026-09-10 02:39:42      0.199
INFO  [02:40:32.638] [bbotk]     2026-09-10 02:39:42     2026-09-10 02:39:42 2026-09-10 02:39:43      0.211
INFO  [02:40:32.638] [bbotk]     2026-09-10 02:39:43     2026-09-10 02:39:43 2026-09-10 02:39:44      0.208
INFO  [02:40:32.638] [bbotk]     2026-09-10 02:39:44     2026-09-10 02:39:44 2026-09-10 02:39:45      0.208
INFO  [02:40:32.638] [bbotk]     2026-09-10 02:39:45     2026-09-10 02:39:45 2026-09-10 02:39:46      0.204
INFO  [02:40:32.638] [bbotk]     2026-09-10 02:39:46     2026-09-10 02:39:46 2026-09-10 02:39:47      0.212
INFO  [02:40:32.638] [bbotk]     2026-09-10 02:39:48     2026-09-10 02:39:48 2026-09-10 02:39:48      0.207
INFO  [02:40:32.638] [bbotk]     2026-09-10 02:39:49     2026-09-10 02:39:49 2026-09-10 02:39:49      0.205
INFO  [02:40:32.638] [bbotk]     2026-09-10 02:39:50     2026-09-10 02:39:50 2026-09-10 02:39:50      0.218
INFO  [02:40:32.638] [bbotk]     2026-09-10 02:39:51     2026-09-10 02:39:51 2026-09-10 02:39:52      0.202
INFO  [02:40:32.638] [bbotk]     2026-09-10 02:39:52     2026-09-10 02:39:52 2026-09-10 02:39:53      0.216
INFO  [02:40:32.638] [bbotk]     2026-09-10 02:39:53     2026-09-10 02:39:53 2026-09-10 02:39:54      0.210
INFO  [02:40:32.638] [bbotk]     2026-09-10 02:39:54     2026-09-10 02:39:54 2026-09-10 02:39:55      0.214
INFO  [02:40:32.638] [bbotk]     2026-09-10 02:39:55     2026-09-10 02:39:55 2026-09-10 02:39:56      0.212
INFO  [02:40:32.638] [bbotk]     2026-09-10 02:39:56     2026-09-10 02:39:56 2026-09-10 02:39:57      0.202
INFO  [02:40:32.638] [bbotk]     2026-09-10 02:39:57     2026-09-10 02:39:57 2026-09-10 02:39:58      0.203
INFO  [02:40:32.638] [bbotk]     2026-09-10 02:39:59     2026-09-10 02:39:59 2026-09-10 02:39:59      0.204
INFO  [02:40:32.638] [bbotk]     2026-09-10 02:40:00     2026-09-10 02:40:00 2026-09-10 02:40:00      0.199
INFO  [02:40:32.638] [bbotk]     2026-09-10 02:40:01     2026-09-10 02:40:01 2026-09-10 02:40:02      0.218
INFO  [02:40:32.638] [bbotk]     2026-09-10 02:40:02     2026-09-10 02:40:02 2026-09-10 02:40:03      0.204
INFO  [02:40:32.638] [bbotk]     2026-09-10 02:40:03     2026-09-10 02:40:03 2026-09-10 02:40:04      0.207
INFO  [02:40:32.638] [bbotk]     2026-09-10 02:40:04     2026-09-10 02:40:04 2026-09-10 02:40:05      0.212
INFO  [02:40:32.638] [bbotk]     2026-09-10 02:40:05     2026-09-10 02:40:05 2026-09-10 02:40:06      0.199
INFO  [02:40:32.638] [bbotk]     2026-09-10 02:40:07     2026-09-10 02:40:07 2026-09-10 02:40:07      0.221
INFO  [02:40:32.638] [bbotk]     2026-09-10 02:40:08     2026-09-10 02:40:08 2026-09-10 02:40:08      0.216
INFO  [02:40:32.638] [bbotk]     2026-09-10 02:40:09     2026-09-10 02:40:09 2026-09-10 02:40:10      0.205
INFO  [02:40:32.638] [bbotk]     2026-09-10 02:40:10     2026-09-10 02:40:10 2026-09-10 02:40:11      0.209
INFO  [02:40:32.638] [bbotk]     2026-09-10 02:40:11     2026-09-10 02:40:11 2026-09-10 02:40:12      0.205
INFO  [02:40:32.638] [bbotk]     2026-09-10 02:40:12     2026-09-10 02:40:12 2026-09-10 02:40:13      0.201
INFO  [02:40:32.638] [bbotk]     2026-09-10 02:40:14     2026-09-10 02:40:14 2026-09-10 02:40:14      0.210
INFO  [02:40:32.638] [bbotk]     2026-09-10 02:40:15     2026-09-10 02:40:15 2026-09-10 02:40:15      0.202
INFO  [02:40:32.638] [bbotk]     2026-09-10 02:40:16     2026-09-10 02:40:16 2026-09-10 02:40:17      0.209
INFO  [02:40:32.638] [bbotk]     2026-09-10 02:40:17     2026-09-10 02:40:17 2026-09-10 02:40:18      0.210
INFO  [02:40:32.638] [bbotk]     2026-09-10 02:40:18     2026-09-10 02:40:18 2026-09-10 02:40:19      0.198
INFO  [02:40:32.638] [bbotk]     2026-09-10 02:40:19     2026-09-10 02:40:19 2026-09-10 02:40:20      0.206
INFO  [02:40:32.638] [bbotk]     2026-09-10 02:40:20     2026-09-10 02:40:20 2026-09-10 02:40:21      0.207
INFO  [02:40:32.638] [bbotk]     2026-09-10 02:40:22     2026-09-10 02:40:22 2026-09-10 02:40:22      0.199
INFO  [02:40:32.638] [bbotk]     2026-09-10 02:40:23     2026-09-10 02:40:23 2026-09-10 02:40:23      0.213
INFO  [02:40:32.638] [bbotk]     2026-09-10 02:40:24     2026-09-10 02:40:24 2026-09-10 02:40:24      0.207
INFO  [02:40:32.638] [bbotk]     2026-09-10 02:40:25     2026-09-10 02:40:25 2026-09-10 02:40:26      0.212
INFO  [02:40:32.638] [bbotk]     2026-09-10 02:40:26     2026-09-10 02:40:26 2026-09-10 02:40:27      0.204
INFO  [02:40:32.638] [bbotk]     2026-09-10 02:40:27     2026-09-10 02:40:27 2026-09-10 02:40:28      0.205
INFO  [02:40:32.638] [bbotk]     2026-09-10 02:40:28     2026-09-10 02:40:28 2026-09-10 02:40:29      0.199
INFO  [02:40:32.638] [bbotk]  timestamp_acq_function timestamp_acq_optimizer      timestamp_loop classif.ce
INFO  [02:40:32.638] [bbotk]  warnings errors runtime_learners internal_tuned_values
INFO  [02:40:32.638] [bbotk]         0      0            0.562     num_iterations=39
INFO  [02:40:32.638] [bbotk]         0      0            0.607     num_iterations=50
INFO  [02:40:32.638] [bbotk]         0      0            0.636     num_iterations=22
INFO  [02:40:32.638] [bbotk]         0      0            0.696     num_iterations=63
INFO  [02:40:32.638] [bbotk]         0      0            0.667     num_iterations=51
INFO  [02:40:32.638] [bbotk]         0      0            0.690     num_iterations=80
INFO  [02:40:32.638] [bbotk]         0      0            0.706     num_iterations=50
INFO  [02:40:32.638] [bbotk]         0      0            0.637     num_iterations=32
INFO  [02:40:32.638] [bbotk]         0      0            0.786     num_iterations=62
INFO  [02:40:32.638] [bbotk]         0      0            0.631     num_iterations=41
INFO  [02:40:32.638] [bbotk]         0      0            0.663     num_iterations=60
INFO  [02:40:32.638] [bbotk]         0      0            0.458     num_iterations=15
INFO  [02:40:32.638] [bbotk]         0      0            0.616     num_iterations=46
INFO  [02:40:32.638] [bbotk]         0      0            0.566     num_iterations=47
INFO  [02:40:32.638] [bbotk]         0      0            0.610     num_iterations=61
INFO  [02:40:32.638] [bbotk]         0      0            0.558     num_iterations=50
INFO  [02:40:32.638] [bbotk]         0      0            0.527     num_iterations=57
INFO  [02:40:32.638] [bbotk]         0      0            0.655     num_iterations=68
INFO  [02:40:32.638] [bbotk]         0      0            0.578     num_iterations=36
INFO  [02:40:32.638] [bbotk]         0      0            0.542     num_iterations=34
INFO  [02:40:32.638] [bbotk]         0      0            0.514     num_iterations=64
INFO  [02:40:32.638] [bbotk]         0      0            0.638     num_iterations=73
INFO  [02:40:32.638] [bbotk]         0      0            0.613     num_iterations=45
INFO  [02:40:32.638] [bbotk]         0      0            0.517     num_iterations=33
INFO  [02:40:32.638] [bbotk]         0      0            0.468     num_iterations=39
INFO  [02:40:32.638] [bbotk]         0      0            0.635     num_iterations=66
INFO  [02:40:32.638] [bbotk]         0      0            0.627     num_iterations=59
INFO  [02:40:32.638] [bbotk]         0      0            0.535     num_iterations=40
INFO  [02:40:32.638] [bbotk]         0      0            0.477     num_iterations=47
INFO  [02:40:32.638] [bbotk]         0      0            0.566     num_iterations=46
INFO  [02:40:32.638] [bbotk]         0      0            0.567     num_iterations=35
INFO  [02:40:32.638] [bbotk]         0      0            0.568     num_iterations=41
INFO  [02:40:32.638] [bbotk]         0      0            0.547     num_iterations=45
INFO  [02:40:32.638] [bbotk]         0      0            0.578     num_iterations=64
INFO  [02:40:32.638] [bbotk]         0      0            0.660     num_iterations=82
INFO  [02:40:32.638] [bbotk]         0      0            0.488     num_iterations=45
INFO  [02:40:32.638] [bbotk]         0      0            0.579     num_iterations=39
INFO  [02:40:32.638] [bbotk]         0      0            0.539     num_iterations=55
INFO  [02:40:32.638] [bbotk]         0      0            0.511     num_iterations=39
INFO  [02:40:32.638] [bbotk]         0      0            0.463     num_iterations=18
INFO  [02:40:32.638] [bbotk]         0      0            0.573     num_iterations=34
INFO  [02:40:32.638] [bbotk]         0      0            0.601     num_iterations=54
INFO  [02:40:32.638] [bbotk]         0      0            0.768     num_iterations=44
INFO  [02:40:32.638] [bbotk]         0      0            0.706     num_iterations=70
INFO  [02:40:32.638] [bbotk]  warnings errors runtime_learners internal_tuned_values
INFO  [02:40:33.138] [mlr3] Calling train method of fallback 'regr.ranger' on task 'surrogate_task' with 452 observations {learner: <LearnerRegrRanger/LearnerRegr/Learner/R6>}
INFO  [02:40:34.387] [mlr3] Calling train method of fallback 'regr.ranger' on task 'surrogate_task' with 453 observations {learner: <LearnerRegrRanger/LearnerRegr/Learner/R6>}
INFO  [02:40:35.513] [mlr3] Calling train method of fallback 'regr.ranger' on task 'surrogate_task' with 454 observations {learner: <LearnerRegrRanger/LearnerRegr/Learner/R6>}
INFO  [02:40:36.689] [mlr3] Calling train method of fallback 'regr.ranger' on task 'surrogate_task' with 455 observations {learner: <LearnerRegrRanger/LearnerRegr/Learner/R6>}
INFO  [02:40:37.879] [mlr3] Calling train method of fallback 'regr.ranger' on task 'surrogate_task' with 456 observations {learner: <LearnerRegrRanger/LearnerRegr/Learner/R6>}
INFO  [02:40:39.022] [mlr3] Calling train method of fallback 'regr.ranger' on task 'surrogate_task' with 457 observations {learner: <LearnerRegrRanger/LearnerRegr/Learner/R6>}
INFO  [02:40:40.185] [mlr3] Calling train method of fallback 'regr.ranger' on task 'surrogate_task' with 458 observations {learner: <LearnerRegrRanger/LearnerRegr/Learner/R6>}
INFO  [02:40:41.357] [mlr3] Calling train method of fallback 'regr.ranger' on task 'surrogate_task' with 459 observations {learner: <LearnerRegrRanger/LearnerRegr/Learner/R6>}
INFO  [02:40:42.509] [mlr3] Calling train method of fallback 'regr.ranger' on task 'surrogate_task' with 460 observations {learner: <LearnerRegrRanger/LearnerRegr/Learner/R6>}
INFO  [02:40:43.674] [mlr3] Calling train method of fallback 'regr.ranger' on task 'surrogate_task' with 461 observations {learner: <LearnerRegrRanger/LearnerRegr/Learner/R6>}
INFO  [02:40:44.908] [mlr3] Calling train method of fallback 'regr.ranger' on task 'surrogate_task' with 462 observations {learner: <LearnerRegrRanger/LearnerRegr/Learner/R6>}
INFO  [02:40:46.116] [mlr3] Calling train method of fallback 'regr.ranger' on task 'surrogate_task' with 463 observations {learner: <LearnerRegrRanger/LearnerRegr/Learner/R6>}
INFO  [02:40:47.362] [mlr3] Calling train method of fallback 'regr.ranger' on task 'surrogate_task' with 464 observations {learner: <LearnerRegrRanger/LearnerRegr/Learner/R6>}
INFO  [02:40:48.576] [mlr3] Calling train method of fallback 'regr.ranger' on task 'surrogate_task' with 465 observations {learner: <LearnerRegrRanger/LearnerRegr/Learner/R6>}
INFO  [02:40:49.752] [mlr3] Calling train method of fallback 'regr.ranger' on task 'surrogate_task' with 466 observations {learner: <LearnerRegrRanger/LearnerRegr/Learner/R6>}
INFO  [02:40:50.897] [mlr3] Calling train method of fallback 'regr.ranger' on task 'surrogate_task' with 467 observations {learner: <LearnerRegrRanger/LearnerRegr/Learner/R6>}
INFO  [02:40:52.034] [mlr3] Calling train method of fallback 'regr.ranger' on task 'surrogate_task' with 468 observations {learner: <LearnerRegrRanger/LearnerRegr/Learner/R6>}
INFO  [02:40:53.253] [mlr3] Calling train method of fallback 'regr.ranger' on task 'surrogate_task' with 469 observations {learner: <LearnerRegrRanger/LearnerRegr/Learner/R6>}
INFO  [02:40:54.405] [mlr3] Calling train method of fallback 'regr.ranger' on task 'surrogate_task' with 470 observations {learner: <LearnerRegrRanger/LearnerRegr/Learner/R6>}
INFO  [02:40:55.563] [mlr3] Calling train method of fallback 'regr.ranger' on task 'surrogate_task' with 471 observations {learner: <LearnerRegrRanger/LearnerRegr/Learner/R6>}
INFO  [02:40:56.762] [mlr3] Calling train method of fallback 'regr.ranger' on task 'surrogate_task' with 472 observations {learner: <LearnerRegrRanger/LearnerRegr/Learner/R6>}
INFO  [02:40:57.938] [mlr3] Calling train method of fallback 'regr.ranger' on task 'surrogate_task' with 473 observations {learner: <LearnerRegrRanger/LearnerRegr/Learner/R6>}
INFO  [02:40:59.039] [mlr3] Calling train method of fallback 'regr.ranger' on task 'surrogate_task' with 474 observations {learner: <LearnerRegrRanger/LearnerRegr/Learner/R6>}
INFO  [02:41:00.245] [mlr3] Calling train method of fallback 'regr.ranger' on task 'surrogate_task' with 475 observations {learner: <LearnerRegrRanger/LearnerRegr/Learner/R6>}
INFO  [02:41:01.389] [mlr3] Calling train method of fallback 'regr.ranger' on task 'surrogate_task' with 476 observations {learner: <LearnerRegrRanger/LearnerRegr/Learner/R6>}
INFO  [02:41:02.572] [mlr3] Calling train method of fallback 'regr.ranger' on task 'surrogate_task' with 477 observations {learner: <LearnerRegrRanger/LearnerRegr/Learner/R6>}
INFO  [02:41:03.734] [mlr3] Calling train method of fallback 'regr.ranger' on task 'surrogate_task' with 478 observations {learner: <LearnerRegrRanger/LearnerRegr/Learner/R6>}
INFO  [02:41:04.941] [mlr3] Calling train method of fallback 'regr.ranger' on task 'surrogate_task' with 479 observations {learner: <LearnerRegrRanger/LearnerRegr/Learner/R6>}
INFO  [02:41:06.497] [mlr3] Calling train method of fallback 'regr.ranger' on task 'surrogate_task' with 480 observations {learner: <LearnerRegrRanger/LearnerRegr/Learner/R6>}
INFO  [02:41:07.657] [mlr3] Calling train method of fallback 'regr.ranger' on task 'surrogate_task' with 481 observations {learner: <LearnerRegrRanger/LearnerRegr/Learner/R6>}
INFO  [02:41:08.854] [mlr3] Calling train method of fallback 'regr.ranger' on task 'surrogate_task' with 482 observations {learner: <LearnerRegrRanger/LearnerRegr/Learner/R6>}
INFO  [02:41:10.022] [mlr3] Calling train method of fallback 'regr.ranger' on task 'surrogate_task' with 483 observations {learner: <LearnerRegrRanger/LearnerRegr/Learner/R6>}
INFO  [02:41:11.242] [mlr3] Calling train method of fallback 'regr.ranger' on task 'surrogate_task' with 484 observations {learner: <LearnerRegrRanger/LearnerRegr/Learner/R6>}
INFO  [02:41:12.434] [mlr3] Calling train method of fallback 'regr.ranger' on task 'surrogate_task' with 485 observations {learner: <LearnerRegrRanger/LearnerRegr/Learner/R6>}
INFO  [02:41:13.591] [mlr3] Calling train method of fallback 'regr.ranger' on task 'surrogate_task' with 486 observations {learner: <LearnerRegrRanger/LearnerRegr/Learner/R6>}
INFO  [02:41:14.806] [mlr3] Calling train method of fallback 'regr.ranger' on task 'surrogate_task' with 487 observations {learner: <LearnerRegrRanger/LearnerRegr/Learner/R6>}
INFO  [02:41:16.006] [mlr3] Calling train method of fallback 'regr.ranger' on task 'surrogate_task' with 488 observations {learner: <LearnerRegrRanger/LearnerRegr/Learner/R6>}
INFO  [02:41:17.183] [mlr3] Calling train method of fallback 'regr.ranger' on task 'surrogate_task' with 489 observations {learner: <LearnerRegrRanger/LearnerRegr/Learner/R6>}
INFO  [02:41:18.392] [mlr3] Calling train method of fallback 'regr.ranger' on task 'surrogate_task' with 490 observations {learner: <LearnerRegrRanger/LearnerRegr/Learner/R6>}
INFO  [02:41:19.602] [mlr3] Calling train method of fallback 'regr.ranger' on task 'surrogate_task' with 491 observations {learner: <LearnerRegrRanger/LearnerRegr/Learner/R6>}
INFO  [02:41:20.837] [mlr3] Calling train method of fallback 'regr.ranger' on task 'surrogate_task' with 492 observations {learner: <LearnerRegrRanger/LearnerRegr/Learner/R6>}
INFO  [02:41:22.079] [mlr3] Calling train method of fallback 'regr.ranger' on task 'surrogate_task' with 493 observations {learner: <LearnerRegrRanger/LearnerRegr/Learner/R6>}
INFO  [02:41:23.273] [mlr3] Calling train method of fallback 'regr.ranger' on task 'surrogate_task' with 494 observations {learner: <LearnerRegrRanger/LearnerRegr/Learner/R6>}
INFO  [02:41:24.482] [mlr3] Calling train method of fallback 'regr.ranger' on task 'surrogate_task' with 495 observations {learner: <LearnerRegrRanger/LearnerRegr/Learner/R6>}
INFO  [02:41:25.208] [bbotk] Evaluating 44 configuration(s)
INFO  [02:41:25.331] [mlr3] Running benchmark with 440 resampling iterations
INFO  [02:41:26.674] [mlr3] Finished benchmark
INFO  [02:41:28.095] [bbotk] Result of batch 10:
INFO  [02:41:28.103] [bbotk]  learning_rate num_leaves min_data_in_leaf feature_fraction extra_trees
INFO  [02:41:28.103] [bbotk]    -1.26700008        255               23        0.2757064        TRUE
INFO  [02:41:28.103] [bbotk]     0.00000000        255               35        0.4134777        TRUE
INFO  [02:41:28.103] [bbotk]    -0.12986575        167               30        0.6581650        TRUE
INFO  [02:41:28.103] [bbotk]    -0.15591027        175               28        0.3382632        TRUE
INFO  [02:41:28.103] [bbotk]     0.00000000        230               30        0.5790381        TRUE
INFO  [02:41:28.103] [bbotk]    -1.67671708        113               29        0.6411355        TRUE
INFO  [02:41:28.103] [bbotk]    -1.18907057        255               24        0.6476528        TRUE
INFO  [02:41:28.103] [bbotk]    -0.12953001        243               30        0.3433013        TRUE
INFO  [02:41:28.103] [bbotk]    -1.21856930         32               25        0.8108131        TRUE
INFO  [02:41:28.103] [bbotk]    -0.19604104        194               27        0.3393437        TRUE
INFO  [02:41:28.103] [bbotk]    -0.10405690        241               27        0.3416482        TRUE
INFO  [02:41:28.103] [bbotk]    -0.75591139        161               23        0.8133006        TRUE
INFO  [02:41:28.103] [bbotk]    -1.19586448        255               27        0.8124320        TRUE
INFO  [02:41:28.103] [bbotk]    -1.10980951         27               25        0.8005064        TRUE
INFO  [02:41:28.103] [bbotk]    -1.56100446         31               17        0.8139165        TRUE
INFO  [02:41:28.103] [bbotk]    -1.59742330        240               23        0.3363706        TRUE
INFO  [02:41:28.103] [bbotk]     0.00000000        162               27        0.3421932        TRUE
INFO  [02:41:28.103] [bbotk]    -0.67741394        240               27        0.3298451        TRUE
INFO  [02:41:28.103] [bbotk]    -0.96177553         30               27        0.8302720        TRUE
INFO  [02:41:28.103] [bbotk]    -0.24878397        242               27        0.3237916        TRUE
INFO  [02:41:28.103] [bbotk]    -0.14973251        193               30        0.6500241        TRUE
INFO  [02:41:28.103] [bbotk]     0.00000000         70               26        0.3484467        TRUE
INFO  [02:41:28.103] [bbotk]    -1.20286488        169               25        0.3573150        TRUE
INFO  [02:41:28.103] [bbotk]    -0.59478463        170               29        0.4263802        TRUE
INFO  [02:41:28.103] [bbotk]    -1.21072951        183               20        0.9085743        TRUE
INFO  [02:41:28.103] [bbotk]    -0.21254180        248               26        0.3346528        TRUE
INFO  [02:41:28.103] [bbotk]    -1.19202967        116               26        0.7958544        TRUE
INFO  [02:41:28.103] [bbotk]    -1.29996612         27               21        0.7155414        TRUE
INFO  [02:41:28.103] [bbotk]    -1.53701909        249               26        0.8149962        TRUE
INFO  [02:41:28.103] [bbotk]    -0.09438298        169               42        0.3591450        TRUE
INFO  [02:41:28.103] [bbotk]     0.00000000        195               36        0.3352076        TRUE
INFO  [02:41:28.103] [bbotk]     0.00000000         79               30        0.3639026        TRUE
INFO  [02:41:28.103] [bbotk]    -1.62520558         28               25        0.6291804        TRUE
INFO  [02:41:28.103] [bbotk]    -0.14580759        142               24        0.7618487        TRUE
INFO  [02:41:28.103] [bbotk]    -0.61373508        255               28        0.6534584        TRUE
INFO  [02:41:28.103] [bbotk]    -0.63680462         28               18        0.5306364        TRUE
INFO  [02:41:28.103] [bbotk]    -0.92502014         45               35        0.8175634        TRUE
INFO  [02:41:28.103] [bbotk]    -0.80533654        240               26        0.3447820        TRUE
INFO  [02:41:28.103] [bbotk]    -0.16046083         37               20        0.3088234        TRUE
INFO  [02:41:28.103] [bbotk]    -0.59400259        169               30        0.3461130        TRUE
INFO  [02:41:28.103] [bbotk]    -0.81030665         46               26        0.7543473        TRUE
INFO  [02:41:28.103] [bbotk]    -0.32320590         10               23        0.5518179        TRUE
INFO  [02:41:28.103] [bbotk]    -1.31254892         90               21        0.9320393        TRUE
INFO  [02:41:28.103] [bbotk]     0.00000000        160               31        0.3399238        TRUE
INFO  [02:41:28.103] [bbotk]  learning_rate num_leaves min_data_in_leaf feature_fraction extra_trees
INFO  [02:41:28.103] [bbotk]   lambda_l1   lambda_l2 min_gain_to_split    acq_cb timestamp_surrogate
INFO  [02:41:28.103] [bbotk]  -6.9077553 -0.02544942         -6.907755 -2.647268 2026-09-10 02:40:32
INFO  [02:41:28.103] [bbotk]  -1.2154885 -0.10445217         -6.627430 -2.490714 2026-09-10 02:40:33
INFO  [02:41:28.103] [bbotk]  -5.0288273 -0.73242402         -6.485184 -2.986478 2026-09-10 02:40:35
INFO  [02:41:28.103] [bbotk]  -5.1506085 -0.78132275         -6.411280 -3.454651 2026-09-10 02:40:36
INFO  [02:41:28.103] [bbotk]  -5.0878436 -0.78061419         -6.380539 -2.884902 2026-09-10 02:40:37
INFO  [02:41:28.103] [bbotk]  -4.5073872 -2.36323371         -6.419776 -3.040851 2026-09-10 02:40:38
INFO  [02:41:28.103] [bbotk]  -6.9077553 -2.76702839         -6.700425 -3.143857 2026-09-10 02:40:39
INFO  [02:41:28.103] [bbotk]  -1.5949164 -3.47045351         -5.956965 -2.925954 2026-09-10 02:40:40
INFO  [02:41:28.103] [bbotk]  -6.9077553 -2.25038219         -6.068210 -2.901065 2026-09-10 02:40:41
INFO  [02:41:28.103] [bbotk]  -1.5024994 -2.47453096         -5.703755 -2.803175 2026-09-10 02:40:43
INFO  [02:41:28.103] [bbotk]  -2.3572428 -1.02383226         -6.418550 -3.145582 2026-09-10 02:40:44
INFO  [02:41:28.103] [bbotk]  -6.9077553 -2.05575352         -6.396964 -3.162577 2026-09-10 02:40:45
INFO  [02:41:28.103] [bbotk]  -4.7387852 -2.09940678         -6.831452 -2.753343 2026-09-10 02:40:46
INFO  [02:41:28.103] [bbotk]  -6.9077553 -2.56876996         -6.783353 -3.191783 2026-09-10 02:40:48
INFO  [02:41:28.103] [bbotk]  -6.9077553 -2.44341173         -6.907755 -3.286323 2026-09-10 02:40:49
INFO  [02:41:28.103] [bbotk]  -3.5733054 -2.41648673         -6.755143 -2.599859 2026-09-10 02:40:50
INFO  [02:41:28.103] [bbotk]  -5.2667896 -6.90775528         -6.284042 -2.898603 2026-09-10 02:40:51
INFO  [02:41:28.103] [bbotk]  -4.8999875 -4.87442136         -5.947059 -2.803668 2026-09-10 02:40:52
INFO  [02:41:28.103] [bbotk]  -3.2999430 -2.44169190         -6.418964 -2.515508 2026-09-10 02:40:53
INFO  [02:41:28.103] [bbotk]  -1.3683873 -6.90775528         -6.009302 -2.838484 2026-09-10 02:40:55
INFO  [02:41:28.103] [bbotk]  -5.9108227 -1.33767876         -5.526165 -2.601860 2026-09-10 02:40:56
INFO  [02:41:28.103] [bbotk]  -5.0851291 -1.45491042         -6.796339 -2.727168 2026-09-10 02:40:57
INFO  [02:41:28.103] [bbotk]  -2.6218112 -0.64127453         -6.615432 -2.591125 2026-09-10 02:40:58
INFO  [02:41:28.103] [bbotk]  -2.8602777 -0.86713353         -6.813040 -2.499033 2026-09-10 02:40:59
INFO  [02:41:28.103] [bbotk]  -6.9077553 -0.82631918         -6.907755 -2.687744 2026-09-10 02:41:00
INFO  [02:41:28.103] [bbotk]  -1.2695007 -0.94271345         -5.280415 -2.564875 2026-09-10 02:41:02
INFO  [02:41:28.103] [bbotk]  -6.9077553 -2.41114551         -6.907755 -3.110559 2026-09-10 02:41:03
INFO  [02:41:28.103] [bbotk]  -3.0939486  0.59400059         -5.184691 -2.186062 2026-09-10 02:41:04
INFO  [02:41:28.103] [bbotk]  -2.1717646 -6.90775528         -4.817485 -2.454036 2026-09-10 02:41:05
INFO  [02:41:28.103] [bbotk]  -5.1723162 -0.76467550         -6.654405 -2.857792 2026-09-10 02:41:07
INFO  [02:41:28.103] [bbotk]  -5.1461898 -0.88620200         -6.394484 -2.753142 2026-09-10 02:41:08
INFO  [02:41:28.103] [bbotk]  -5.1248694 -0.82741594         -6.395706 -2.978639 2026-09-10 02:41:09
INFO  [02:41:28.103] [bbotk]  -5.4191127 -2.37897419         -6.456114 -2.969775 2026-09-10 02:41:10
INFO  [02:41:28.103] [bbotk]  -6.7190915 -6.12510711         -6.805125 -2.888391 2026-09-10 02:41:11
INFO  [02:41:28.103] [bbotk]  -5.9853930 -2.22892884         -6.207101 -2.539209 2026-09-10 02:41:13
INFO  [02:41:28.103] [bbotk]  -5.7557387 -6.26232164         -6.799916 -2.595307 2026-09-10 02:41:14
INFO  [02:41:28.103] [bbotk]  -6.1937821 -2.44473632         -6.751562 -2.679633 2026-09-10 02:41:15
INFO  [02:41:28.103] [bbotk]  -1.4275142 -6.90775528         -5.918913 -2.686773 2026-09-10 02:41:16
INFO  [02:41:28.103] [bbotk]  -5.0114270 -6.15584771         -6.651344 -2.389574 2026-09-10 02:41:17
INFO  [02:41:28.103] [bbotk]  -4.9559598 -1.66995307         -6.407195 -2.872690 2026-09-10 02:41:19
INFO  [02:41:28.103] [bbotk]   0.7347462 -2.39647810         -6.804531 -2.531296 2026-09-10 02:41:20
INFO  [02:41:28.103] [bbotk]  -5.1131871 -6.29971897         -6.408296 -2.602858 2026-09-10 02:41:21
INFO  [02:41:28.103] [bbotk]  -6.9077553 -2.40026302         -6.793931 -2.842961 2026-09-10 02:41:22
INFO  [02:41:28.103] [bbotk]  -5.1837879 -0.72204571         -6.475017 -3.007629 2026-09-10 02:41:23
INFO  [02:41:28.103] [bbotk]   lambda_l1   lambda_l2 min_gain_to_split    acq_cb timestamp_surrogate
INFO  [02:41:28.103] [bbotk]  timestamp_acq_function timestamp_acq_optimizer      timestamp_loop classif.ce
INFO  [02:41:28.103] [bbotk]     2026-09-10 02:40:33     2026-09-10 02:40:33 2026-09-10 02:40:33      0.212
INFO  [02:41:28.103] [bbotk]     2026-09-10 02:40:34     2026-09-10 02:40:34 2026-09-10 02:40:34      0.203
INFO  [02:41:28.103] [bbotk]     2026-09-10 02:40:35     2026-09-10 02:40:35 2026-09-10 02:40:36      0.199
INFO  [02:41:28.103] [bbotk]     2026-09-10 02:40:36     2026-09-10 02:40:36 2026-09-10 02:40:37      0.207
INFO  [02:41:28.103] [bbotk]     2026-09-10 02:40:37     2026-09-10 02:40:37 2026-09-10 02:40:38      0.203
INFO  [02:41:28.103] [bbotk]     2026-09-10 02:40:39     2026-09-10 02:40:39 2026-09-10 02:40:39      0.208
INFO  [02:41:28.103] [bbotk]     2026-09-10 02:40:40     2026-09-10 02:40:40 2026-09-10 02:40:40      0.200
INFO  [02:41:28.103] [bbotk]     2026-09-10 02:40:41     2026-09-10 02:40:41 2026-09-10 02:40:41      0.196
INFO  [02:41:28.103] [bbotk]     2026-09-10 02:40:42     2026-09-10 02:40:42 2026-09-10 02:40:43      0.207
INFO  [02:41:28.103] [bbotk]     2026-09-10 02:40:43     2026-09-10 02:40:43 2026-09-10 02:40:44      0.195
INFO  [02:41:28.103] [bbotk]     2026-09-10 02:40:44     2026-09-10 02:40:44 2026-09-10 02:40:45      0.197
INFO  [02:41:28.103] [bbotk]     2026-09-10 02:40:46     2026-09-10 02:40:46 2026-09-10 02:40:46      0.206
INFO  [02:41:28.103] [bbotk]     2026-09-10 02:40:47     2026-09-10 02:40:47 2026-09-10 02:40:48      0.212
INFO  [02:41:28.103] [bbotk]     2026-09-10 02:40:48     2026-09-10 02:40:48 2026-09-10 02:40:49      0.205
INFO  [02:41:28.103] [bbotk]     2026-09-10 02:40:49     2026-09-10 02:40:49 2026-09-10 02:40:50      0.201
INFO  [02:41:28.103] [bbotk]     2026-09-10 02:40:50     2026-09-10 02:40:50 2026-09-10 02:40:51      0.211
INFO  [02:41:28.103] [bbotk]     2026-09-10 02:40:52     2026-09-10 02:40:52 2026-09-10 02:40:52      0.201
INFO  [02:41:28.103] [bbotk]     2026-09-10 02:40:53     2026-09-10 02:40:53 2026-09-10 02:40:53      0.207
INFO  [02:41:28.103] [bbotk]     2026-09-10 02:40:54     2026-09-10 02:40:54 2026-09-10 02:40:55      0.203
INFO  [02:41:28.103] [bbotk]     2026-09-10 02:40:55     2026-09-10 02:40:55 2026-09-10 02:40:56      0.219
INFO  [02:41:28.103] [bbotk]     2026-09-10 02:40:56     2026-09-10 02:40:56 2026-09-10 02:40:57      0.216
INFO  [02:41:28.103] [bbotk]     2026-09-10 02:40:57     2026-09-10 02:40:57 2026-09-10 02:40:58      0.201
INFO  [02:41:28.103] [bbotk]     2026-09-10 02:40:59     2026-09-10 02:40:59 2026-09-10 02:40:59      0.201
INFO  [02:41:28.103] [bbotk]     2026-09-10 02:41:00     2026-09-10 02:41:00 2026-09-10 02:41:00      0.201
INFO  [02:41:28.103] [bbotk]     2026-09-10 02:41:01     2026-09-10 02:41:01 2026-09-10 02:41:02      0.194
INFO  [02:41:28.103] [bbotk]     2026-09-10 02:41:02     2026-09-10 02:41:02 2026-09-10 02:41:03      0.205
INFO  [02:41:28.103] [bbotk]     2026-09-10 02:41:03     2026-09-10 02:41:03 2026-09-10 02:41:04      0.215
INFO  [02:41:28.103] [bbotk]     2026-09-10 02:41:04     2026-09-10 02:41:04 2026-09-10 02:41:05      0.206
INFO  [02:41:28.103] [bbotk]     2026-09-10 02:41:06     2026-09-10 02:41:06 2026-09-10 02:41:07      0.211
INFO  [02:41:28.103] [bbotk]     2026-09-10 02:41:07     2026-09-10 02:41:07 2026-09-10 02:41:08      0.205
INFO  [02:41:28.103] [bbotk]     2026-09-10 02:41:08     2026-09-10 02:41:08 2026-09-10 02:41:09      0.199
INFO  [02:41:28.103] [bbotk]     2026-09-10 02:41:10     2026-09-10 02:41:10 2026-09-10 02:41:10      0.201
INFO  [02:41:28.103] [bbotk]     2026-09-10 02:41:11     2026-09-10 02:41:11 2026-09-10 02:41:11      0.207
INFO  [02:41:28.103] [bbotk]     2026-09-10 02:41:12     2026-09-10 02:41:12 2026-09-10 02:41:13      0.211
INFO  [02:41:28.103] [bbotk]     2026-09-10 02:41:13     2026-09-10 02:41:13 2026-09-10 02:41:14      0.204
INFO  [02:41:28.103] [bbotk]     2026-09-10 02:41:14     2026-09-10 02:41:14 2026-09-10 02:41:15      0.206
INFO  [02:41:28.103] [bbotk]     2026-09-10 02:41:16     2026-09-10 02:41:16 2026-09-10 02:41:16      0.209
INFO  [02:41:28.103] [bbotk]     2026-09-10 02:41:17     2026-09-10 02:41:17 2026-09-10 02:41:17      0.207
INFO  [02:41:28.103] [bbotk]     2026-09-10 02:41:18     2026-09-10 02:41:18 2026-09-10 02:41:19      0.211
INFO  [02:41:28.103] [bbotk]     2026-09-10 02:41:19     2026-09-10 02:41:19 2026-09-10 02:41:20      0.214
INFO  [02:41:28.103] [bbotk]     2026-09-10 02:41:20     2026-09-10 02:41:20 2026-09-10 02:41:21      0.217
INFO  [02:41:28.103] [bbotk]     2026-09-10 02:41:22     2026-09-10 02:41:22 2026-09-10 02:41:22      0.195
INFO  [02:41:28.103] [bbotk]     2026-09-10 02:41:23     2026-09-10 02:41:23 2026-09-10 02:41:23      0.208
INFO  [02:41:28.103] [bbotk]     2026-09-10 02:41:24     2026-09-10 02:41:24 2026-09-10 02:41:25      0.206
INFO  [02:41:28.103] [bbotk]  timestamp_acq_function timestamp_acq_optimizer      timestamp_loop classif.ce
INFO  [02:41:28.103] [bbotk]  warnings errors runtime_learners internal_tuned_values
INFO  [02:41:28.103] [bbotk]         0      0            0.725     num_iterations=55
INFO  [02:41:28.103] [bbotk]         0      0            0.663     num_iterations=63
INFO  [02:41:28.103] [bbotk]         0      0            0.616     num_iterations=32
INFO  [02:41:28.103] [bbotk]         0      0            0.557     num_iterations=46
INFO  [02:41:28.103] [bbotk]         0      0            0.542     num_iterations=22
INFO  [02:41:28.103] [bbotk]         0      0            0.568     num_iterations=34
INFO  [02:41:28.103] [bbotk]         0      0            0.749     num_iterations=79
INFO  [02:41:28.103] [bbotk]         0      0            0.539     num_iterations=38
INFO  [02:41:28.103] [bbotk]         0      0            0.638     num_iterations=41
INFO  [02:41:28.103] [bbotk]         0      0            0.576     num_iterations=44
INFO  [02:41:28.103] [bbotk]         0      0            0.666     num_iterations=25
INFO  [02:41:28.103] [bbotk]         0      0            0.631     num_iterations=34
INFO  [02:41:28.103] [bbotk]         0      0            0.646     num_iterations=37
INFO  [02:41:28.103] [bbotk]         0      0            0.637     num_iterations=54
INFO  [02:41:28.103] [bbotk]         0      0            0.757     num_iterations=64
INFO  [02:41:28.103] [bbotk]         0      0            0.689     num_iterations=79
INFO  [02:41:28.103] [bbotk]         0      0            0.576     num_iterations=52
INFO  [02:41:28.103] [bbotk]         0      0            0.606     num_iterations=53
INFO  [02:41:28.103] [bbotk]         0      0            0.599     num_iterations=28
INFO  [02:41:28.103] [bbotk]         0      0            0.575     num_iterations=41
INFO  [02:41:28.103] [bbotk]         0      0            0.561     num_iterations=18
INFO  [02:41:28.103] [bbotk]         0      0            0.582     num_iterations=34
INFO  [02:41:28.103] [bbotk]         0      0            0.710    num_iterations=101
INFO  [02:41:28.103] [bbotk]         0      0            0.615     num_iterations=46
INFO  [02:41:28.103] [bbotk]         0      0            0.714     num_iterations=58
INFO  [02:41:28.103] [bbotk]         0      0            0.563     num_iterations=48
INFO  [02:41:28.103] [bbotk]         0      0            0.632     num_iterations=22
INFO  [02:41:28.103] [bbotk]         0      0            0.634     num_iterations=50
INFO  [02:41:28.103] [bbotk]         0      0            0.618     num_iterations=42
INFO  [02:41:28.103] [bbotk]         0      0            0.512     num_iterations=16
INFO  [02:41:28.103] [bbotk]         0      0            0.611     num_iterations=45
INFO  [02:41:28.103] [bbotk]         0      0            0.552     num_iterations=25
INFO  [02:41:28.103] [bbotk]         0      0            0.702     num_iterations=44
INFO  [02:41:28.103] [bbotk]         0      0            0.578     num_iterations=22
INFO  [02:41:28.103] [bbotk]         0      0            0.578     num_iterations=23
INFO  [02:41:28.103] [bbotk]         0      0            0.655     num_iterations=45
INFO  [02:41:28.103] [bbotk]         0      0            0.597     num_iterations=39
INFO  [02:41:28.103] [bbotk]         0      0            0.613     num_iterations=54
INFO  [02:41:28.103] [bbotk]         0      0            0.549     num_iterations=45
INFO  [02:41:28.103] [bbotk]         0      0            0.552     num_iterations=36
INFO  [02:41:28.103] [bbotk]         0      0            0.537     num_iterations=28
INFO  [02:41:28.103] [bbotk]         0      0            0.577     num_iterations=36
INFO  [02:41:28.103] [bbotk]         0      0            0.711     num_iterations=37
INFO  [02:41:28.103] [bbotk]         0      0            0.551     num_iterations=29
INFO  [02:41:28.103] [bbotk]  warnings errors runtime_learners internal_tuned_values
INFO  [02:41:28.668] [mlr3] Calling train method of fallback 'regr.ranger' on task 'surrogate_task' with 496 observations {learner: <LearnerRegrRanger/LearnerRegr/Learner/R6>}
INFO  [02:41:29.947] [mlr3] Calling train method of fallback 'regr.ranger' on task 'surrogate_task' with 497 observations {learner: <LearnerRegrRanger/LearnerRegr/Learner/R6>}
INFO  [02:41:31.169] [mlr3] Calling train method of fallback 'regr.ranger' on task 'surrogate_task' with 498 observations {learner: <LearnerRegrRanger/LearnerRegr/Learner/R6>}
INFO  [02:41:32.326] [mlr3] Calling train method of fallback 'regr.ranger' on task 'surrogate_task' with 499 observations {learner: <LearnerRegrRanger/LearnerRegr/Learner/R6>}
INFO  [02:41:33.523] [mlr3] Calling train method of fallback 'regr.ranger' on task 'surrogate_task' with 500 observations {learner: <LearnerRegrRanger/LearnerRegr/Learner/R6>}
INFO  [02:41:34.778] [mlr3] Calling train method of fallback 'regr.ranger' on task 'surrogate_task' with 501 observations {learner: <LearnerRegrRanger/LearnerRegr/Learner/R6>}
INFO  [02:41:35.969] [mlr3] Calling train method of fallback 'regr.ranger' on task 'surrogate_task' with 502 observations {learner: <LearnerRegrRanger/LearnerRegr/Learner/R6>}
INFO  [02:41:37.174] [mlr3] Calling train method of fallback 'regr.ranger' on task 'surrogate_task' with 503 observations {learner: <LearnerRegrRanger/LearnerRegr/Learner/R6>}
INFO  [02:41:38.449] [mlr3] Calling train method of fallback 'regr.ranger' on task 'surrogate_task' with 504 observations {learner: <LearnerRegrRanger/LearnerRegr/Learner/R6>}
INFO  [02:41:39.667] [mlr3] Calling train method of fallback 'regr.ranger' on task 'surrogate_task' with 505 observations {learner: <LearnerRegrRanger/LearnerRegr/Learner/R6>}
INFO  [02:41:40.934] [mlr3] Calling train method of fallback 'regr.ranger' on task 'surrogate_task' with 506 observations {learner: <LearnerRegrRanger/LearnerRegr/Learner/R6>}
INFO  [02:41:42.128] [mlr3] Calling train method of fallback 'regr.ranger' on task 'surrogate_task' with 507 observations {learner: <LearnerRegrRanger/LearnerRegr/Learner/R6>}
INFO  [02:41:43.223] [mlr3] Calling train method of fallback 'regr.ranger' on task 'surrogate_task' with 508 observations {learner: <LearnerRegrRanger/LearnerRegr/Learner/R6>}
INFO  [02:41:44.451] [mlr3] Calling train method of fallback 'regr.ranger' on task 'surrogate_task' with 509 observations {learner: <LearnerRegrRanger/LearnerRegr/Learner/R6>}
INFO  [02:41:45.668] [mlr3] Calling train method of fallback 'regr.ranger' on task 'surrogate_task' with 510 observations {learner: <LearnerRegrRanger/LearnerRegr/Learner/R6>}
INFO  [02:41:46.926] [mlr3] Calling train method of fallback 'regr.ranger' on task 'surrogate_task' with 511 observations {learner: <LearnerRegrRanger/LearnerRegr/Learner/R6>}
INFO  [02:41:48.171] [mlr3] Calling train method of fallback 'regr.ranger' on task 'surrogate_task' with 512 observations {learner: <LearnerRegrRanger/LearnerRegr/Learner/R6>}
INFO  [02:41:49.414] [mlr3] Calling train method of fallback 'regr.ranger' on task 'surrogate_task' with 513 observations {learner: <LearnerRegrRanger/LearnerRegr/Learner/R6>}
INFO  [02:41:50.627] [mlr3] Calling train method of fallback 'regr.ranger' on task 'surrogate_task' with 514 observations {learner: <LearnerRegrRanger/LearnerRegr/Learner/R6>}
INFO  [02:41:51.912] [mlr3] Calling train method of fallback 'regr.ranger' on task 'surrogate_task' with 515 observations {learner: <LearnerRegrRanger/LearnerRegr/Learner/R6>}
INFO  [02:41:53.122] [mlr3] Calling train method of fallback 'regr.ranger' on task 'surrogate_task' with 516 observations {learner: <LearnerRegrRanger/LearnerRegr/Learner/R6>}
INFO  [02:41:54.393] [mlr3] Calling train method of fallback 'regr.ranger' on task 'surrogate_task' with 517 observations {learner: <LearnerRegrRanger/LearnerRegr/Learner/R6>}
INFO  [02:41:55.629] [mlr3] Calling train method of fallback 'regr.ranger' on task 'surrogate_task' with 518 observations {learner: <LearnerRegrRanger/LearnerRegr/Learner/R6>}
INFO  [02:41:56.854] [mlr3] Calling train method of fallback 'regr.ranger' on task 'surrogate_task' with 519 observations {learner: <LearnerRegrRanger/LearnerRegr/Learner/R6>}
INFO  [02:41:58.050] [mlr3] Calling train method of fallback 'regr.ranger' on task 'surrogate_task' with 520 observations {learner: <LearnerRegrRanger/LearnerRegr/Learner/R6>}
INFO  [02:41:59.306] [mlr3] Calling train method of fallback 'regr.ranger' on task 'surrogate_task' with 521 observations {learner: <LearnerRegrRanger/LearnerRegr/Learner/R6>}
INFO  [02:42:00.531] [mlr3] Calling train method of fallback 'regr.ranger' on task 'surrogate_task' with 522 observations {learner: <LearnerRegrRanger/LearnerRegr/Learner/R6>}
INFO  [02:42:01.821] [mlr3] Calling train method of fallback 'regr.ranger' on task 'surrogate_task' with 523 observations {learner: <LearnerRegrRanger/LearnerRegr/Learner/R6>}
INFO  [02:42:03.169] [mlr3] Calling train method of fallback 'regr.ranger' on task 'surrogate_task' with 524 observations {learner: <LearnerRegrRanger/LearnerRegr/Learner/R6>}
INFO  [02:42:04.433] [mlr3] Calling train method of fallback 'regr.ranger' on task 'surrogate_task' with 525 observations {learner: <LearnerRegrRanger/LearnerRegr/Learner/R6>}
INFO  [02:42:05.735] [mlr3] Calling train method of fallback 'regr.ranger' on task 'surrogate_task' with 526 observations {learner: <LearnerRegrRanger/LearnerRegr/Learner/R6>}
INFO  [02:42:07.033] [mlr3] Calling train method of fallback 'regr.ranger' on task 'surrogate_task' with 527 observations {learner: <LearnerRegrRanger/LearnerRegr/Learner/R6>}
INFO  [02:42:08.296] [mlr3] Calling train method of fallback 'regr.ranger' on task 'surrogate_task' with 528 observations {learner: <LearnerRegrRanger/LearnerRegr/Learner/R6>}
INFO  [02:42:09.593] [mlr3] Calling train method of fallback 'regr.ranger' on task 'surrogate_task' with 529 observations {learner: <LearnerRegrRanger/LearnerRegr/Learner/R6>}
INFO  [02:42:10.890] [mlr3] Calling train method of fallback 'regr.ranger' on task 'surrogate_task' with 530 observations {learner: <LearnerRegrRanger/LearnerRegr/Learner/R6>}
INFO  [02:42:12.233] [mlr3] Calling train method of fallback 'regr.ranger' on task 'surrogate_task' with 531 observations {learner: <LearnerRegrRanger/LearnerRegr/Learner/R6>}
INFO  [02:42:13.479] [mlr3] Calling train method of fallback 'regr.ranger' on task 'surrogate_task' with 532 observations {learner: <LearnerRegrRanger/LearnerRegr/Learner/R6>}
INFO  [02:42:14.754] [mlr3] Calling train method of fallback 'regr.ranger' on task 'surrogate_task' with 533 observations {learner: <LearnerRegrRanger/LearnerRegr/Learner/R6>}
INFO  [02:42:16.052] [mlr3] Calling train method of fallback 'regr.ranger' on task 'surrogate_task' with 534 observations {learner: <LearnerRegrRanger/LearnerRegr/Learner/R6>}
INFO  [02:42:17.335] [mlr3] Calling train method of fallback 'regr.ranger' on task 'surrogate_task' with 535 observations {learner: <LearnerRegrRanger/LearnerRegr/Learner/R6>}
INFO  [02:42:18.771] [mlr3] Calling train method of fallback 'regr.ranger' on task 'surrogate_task' with 536 observations {learner: <LearnerRegrRanger/LearnerRegr/Learner/R6>}
INFO  [02:42:20.154] [mlr3] Calling train method of fallback 'regr.ranger' on task 'surrogate_task' with 537 observations {learner: <LearnerRegrRanger/LearnerRegr/Learner/R6>}
INFO  [02:42:21.496] [mlr3] Calling train method of fallback 'regr.ranger' on task 'surrogate_task' with 538 observations {learner: <LearnerRegrRanger/LearnerRegr/Learner/R6>}
INFO  [02:42:22.775] [mlr3] Calling train method of fallback 'regr.ranger' on task 'surrogate_task' with 539 observations {learner: <LearnerRegrRanger/LearnerRegr/Learner/R6>}
INFO  [02:42:23.531] [bbotk] Evaluating 44 configuration(s)
INFO  [02:42:23.659] [mlr3] Running benchmark with 440 resampling iterations
INFO  [02:42:24.949] [mlr3] Finished benchmark
INFO  [02:42:26.411] [bbotk] Result of batch 11:
INFO  [02:42:26.419] [bbotk]  learning_rate num_leaves min_data_in_leaf feature_fraction extra_trees
INFO  [02:42:26.419] [bbotk]    0.000000000        255               32        0.3296830        TRUE
INFO  [02:42:26.419] [bbotk]   -0.588169865         46               30        0.7609334        TRUE
INFO  [02:42:26.419] [bbotk]   -0.153790370        246               38        0.3458275        TRUE
INFO  [02:42:26.419] [bbotk]   -0.981461412        198               20        0.9360947        TRUE
INFO  [02:42:26.419] [bbotk]   -0.916914886        166               24        0.3558158        TRUE
INFO  [02:42:26.419] [bbotk]   -1.041978060        255               26        0.6507059        TRUE
INFO  [02:42:26.419] [bbotk]   -1.277455614         28               18        0.8984380        TRUE
INFO  [02:42:26.419] [bbotk]   -0.842383877        168               25        0.9528924        TRUE
INFO  [02:42:26.419] [bbotk]   -0.188143481        201               27        0.2773352        TRUE
INFO  [02:42:26.419] [bbotk]   -1.466514224        255               21        0.5316159        TRUE
INFO  [02:42:26.419] [bbotk]   -1.317401573         10               34        0.6243461        TRUE
INFO  [02:42:26.419] [bbotk]    0.000000000        124               48        0.3395761        TRUE
INFO  [02:42:26.419] [bbotk]   -0.190741402        121               31        0.3685120        TRUE
INFO  [02:42:26.419] [bbotk]   -1.196326592        173               10        0.9187333        TRUE
INFO  [02:42:26.419] [bbotk]   -1.496700375         26               25        0.8280122        TRUE
INFO  [02:42:26.419] [bbotk]   -1.180192362         16               25        0.8285985        TRUE
INFO  [02:42:26.419] [bbotk]    0.000000000         68               35        0.3433222        TRUE
INFO  [02:42:26.419] [bbotk]   -0.175583809        102               24        0.3385106        TRUE
INFO  [02:42:26.419] [bbotk]   -0.175583809        240               27        0.3354958        TRUE
INFO  [02:42:26.419] [bbotk]   -1.211183889         44               20        0.9010637        TRUE
INFO  [02:42:26.419] [bbotk]   -1.186506310         24               24        0.8136325        TRUE
INFO  [02:42:26.419] [bbotk]   -1.211311148        160               22        0.9094186        TRUE
INFO  [02:42:26.419] [bbotk]   -0.137347125        184               29        0.6451467        TRUE
INFO  [02:42:26.419] [bbotk]    0.000000000        173               27        0.3603668        TRUE
INFO  [02:42:26.419] [bbotk]   -0.006375289         10               23        0.5755426        TRUE
INFO  [02:42:26.419] [bbotk]   -0.200427633        248               27        0.3295733        TRUE
INFO  [02:42:26.419] [bbotk]   -0.024213856        244               29        0.3374278        TRUE
INFO  [02:42:26.419] [bbotk]   -0.110475279        238               30        0.3367168        TRUE
INFO  [02:42:26.419] [bbotk]   -0.264116344        110               30        0.5666678        TRUE
INFO  [02:42:26.419] [bbotk]   -1.216067288         30               24        0.9790851        TRUE
INFO  [02:42:26.419] [bbotk]    0.000000000         69               28        0.6149712        TRUE
INFO  [02:42:26.419] [bbotk]   -0.188862519        196               26        0.3405749        TRUE
INFO  [02:42:26.419] [bbotk]   -0.196580248        165               30        0.3954854        TRUE
INFO  [02:42:26.419] [bbotk]   -0.660970968         82               29        0.9137408        TRUE
INFO  [02:42:26.419] [bbotk]   -0.139168334        228               28        0.3471421        TRUE
INFO  [02:42:26.419] [bbotk]   -0.104796956        245               27        0.6543667        TRUE
INFO  [02:42:26.419] [bbotk]   -1.239299735         28               25        0.7132122        TRUE
INFO  [02:42:26.419] [bbotk]   -1.186681194         59               28        0.8045459        TRUE
INFO  [02:42:26.419] [bbotk]   -0.279662137        244               29        0.3423192        TRUE
INFO  [02:42:26.419] [bbotk]   -0.664646099        165               27        0.3903702        TRUE
INFO  [02:42:26.419] [bbotk]   -1.008681929        255               24        0.6002317        TRUE
INFO  [02:42:26.419] [bbotk]   -0.410091585         10               15        0.5028396        TRUE
INFO  [02:42:26.419] [bbotk]    0.000000000        254               37        0.3453443        TRUE
INFO  [02:42:26.419] [bbotk]    0.000000000         45               23        0.6816473        TRUE
INFO  [02:42:26.419] [bbotk]  learning_rate num_leaves min_data_in_leaf feature_fraction extra_trees
INFO  [02:42:26.419] [bbotk]   lambda_l1  lambda_l2 min_gain_to_split    acq_cb timestamp_surrogate
INFO  [02:42:26.419] [bbotk]  -1.3956947 -2.5430351         -5.965110 -3.058054 2026-09-10 02:41:28
INFO  [02:42:26.419] [bbotk]  -6.3348834 -1.0364423         -6.373333 -3.238745 2026-09-10 02:41:29
INFO  [02:42:26.419] [bbotk]  -1.4447220 -4.1530506         -4.433293 -2.732821 2026-09-10 02:41:30
INFO  [02:42:26.419] [bbotk]  -6.7085097 -1.3150399         -6.907755 -3.091615 2026-09-10 02:41:31
INFO  [02:42:26.419] [bbotk]  -2.5811181 -0.9937646         -6.802805 -2.899927 2026-09-10 02:41:32
INFO  [02:42:26.419] [bbotk]  -6.9077553 -2.3585561         -6.513299 -3.281183 2026-09-10 02:41:34
INFO  [02:42:26.419] [bbotk]  -1.4685372 -0.8654979         -6.907755 -2.835774 2026-09-10 02:41:35
INFO  [02:42:26.419] [bbotk]  -6.9077553 -1.7998822         -6.786721 -2.710178 2026-09-10 02:41:36
INFO  [02:42:26.419] [bbotk]  -1.7960237 -2.3703071         -5.692938 -2.914642 2026-09-10 02:41:37
INFO  [02:42:26.419] [bbotk]  -5.7956612 -2.3914575         -6.726099 -2.758676 2026-09-10 02:41:39
INFO  [02:42:26.419] [bbotk]  -6.9077553 -0.4503209         -6.801778 -2.786705 2026-09-10 02:41:40
INFO  [02:42:26.419] [bbotk]  -0.8205621  4.6866486         -5.675145 -2.138773 2026-09-10 02:41:41
INFO  [02:42:26.419] [bbotk]  -1.4504126 -2.4762265         -5.758890 -2.662726 2026-09-10 02:41:42
INFO  [02:42:26.419] [bbotk]  -6.9077553 -0.7189441         -6.907755 -2.933149 2026-09-10 02:41:43
INFO  [02:42:26.419] [bbotk]  -6.9077553 -0.8084995         -6.907755 -3.151525 2026-09-10 02:41:45
INFO  [02:42:26.419] [bbotk]  -6.9077553 -5.8281469         -5.703927 -2.803430 2026-09-10 02:41:46
INFO  [02:42:26.419] [bbotk]  -2.9680698 -0.7185985         -6.501664 -3.016470 2026-09-10 02:41:47
INFO  [02:42:26.419] [bbotk]  -2.2203618 -6.2952129         -5.841884 -2.890115 2026-09-10 02:41:48
INFO  [02:42:26.419] [bbotk]  -0.9562863 -6.6937157         -5.935481 -3.209539 2026-09-10 02:41:50
INFO  [02:42:26.419] [bbotk]  -6.9077553 -0.8229655         -6.394846 -3.062763 2026-09-10 02:41:51
INFO  [02:42:26.419] [bbotk]  -6.4985768 -2.4531047         -6.395423 -3.322619 2026-09-10 02:41:52
INFO  [02:42:26.419] [bbotk]  -6.9077553 -1.0005693         -6.907755 -3.053382 2026-09-10 02:41:53
INFO  [02:42:26.419] [bbotk]  -2.2349912 -1.2609718         -6.421067 -2.906788 2026-09-10 02:41:55
INFO  [02:42:26.419] [bbotk]  -4.7788162 -6.9077553         -6.418970 -2.820826 2026-09-10 02:41:56
INFO  [02:42:26.419] [bbotk]  -2.5556134 -6.3089488         -6.531960 -2.821126 2026-09-10 02:41:57
INFO  [02:42:26.419] [bbotk]  -5.8568961 -6.9077553         -6.100770 -2.652101 2026-09-10 02:41:58
INFO  [02:42:26.419] [bbotk]  -4.1449055 -0.9178406         -6.294090 -2.916521 2026-09-10 02:41:59
INFO  [02:42:26.419] [bbotk]  -2.3809098 -0.8849339         -6.477758 -2.827715 2026-09-10 02:42:01
INFO  [02:42:26.419] [bbotk]  -6.1278836 -6.2062798         -6.444030 -2.736914 2026-09-10 02:42:02
INFO  [02:42:26.419] [bbotk]  -6.9077553 -2.3670964         -6.795359 -3.398365 2026-09-10 02:42:03
INFO  [02:42:26.419] [bbotk]  -5.1020662 -0.9155609         -6.407766 -2.905356 2026-09-10 02:42:05
INFO  [02:42:26.419] [bbotk]  -1.5239041  0.2339510         -2.550406 -2.567240 2026-09-10 02:42:06
INFO  [02:42:26.419] [bbotk]  -5.0175993 -0.7901025         -6.425188 -3.171814 2026-09-10 02:42:07
INFO  [02:42:26.419] [bbotk]  -5.7240768 -6.9077553         -6.373555 -2.672697 2026-09-10 02:42:08
INFO  [02:42:26.419] [bbotk]  -1.4174395  0.8396977         -5.962750 -2.675415 2026-09-10 02:42:10
INFO  [02:42:26.419] [bbotk]  -1.3975781 -6.9077553         -5.950304 -2.656129 2026-09-10 02:42:11
INFO  [02:42:26.419] [bbotk]  -6.9077553 -2.1875353         -6.907755 -2.941621 2026-09-10 02:42:12
INFO  [02:42:26.419] [bbotk]  -6.9077553 -2.3457765         -6.640199 -3.019210 2026-09-10 02:42:14
INFO  [02:42:26.419] [bbotk]  -1.5087663  0.1245505         -6.124179 -2.770201 2026-09-10 02:42:15
INFO  [02:42:26.419] [bbotk]  -5.2103555 -6.9077553         -6.093145 -2.571325 2026-09-10 02:42:16
INFO  [02:42:26.419] [bbotk]  -6.9077553 -2.3817702         -6.770767 -3.050661 2026-09-10 02:42:18
INFO  [02:42:26.419] [bbotk]  -5.2438476 -6.9077553         -6.401378 -2.597835 2026-09-10 02:42:19
INFO  [02:42:26.419] [bbotk]  -1.5356844 -1.3128466         -6.405005 -2.665280 2026-09-10 02:42:20
INFO  [02:42:26.419] [bbotk]  -5.3166757 -1.0312542         -6.380213 -2.774312 2026-09-10 02:42:22
INFO  [02:42:26.419] [bbotk]   lambda_l1  lambda_l2 min_gain_to_split    acq_cb timestamp_surrogate
INFO  [02:42:26.419] [bbotk]  timestamp_acq_function timestamp_acq_optimizer      timestamp_loop classif.ce
INFO  [02:42:26.419] [bbotk]     2026-09-10 02:41:28     2026-09-10 02:41:28 2026-09-10 02:41:29      0.211
INFO  [02:42:26.419] [bbotk]     2026-09-10 02:41:29     2026-09-10 02:41:29 2026-09-10 02:41:30      0.209
INFO  [02:42:26.419] [bbotk]     2026-09-10 02:41:31     2026-09-10 02:41:31 2026-09-10 02:41:31      0.217
INFO  [02:42:26.419] [bbotk]     2026-09-10 02:41:32     2026-09-10 02:41:32 2026-09-10 02:41:32      0.211
INFO  [02:42:26.419] [bbotk]     2026-09-10 02:41:33     2026-09-10 02:41:33 2026-09-10 02:41:34      0.202
INFO  [02:42:26.419] [bbotk]     2026-09-10 02:41:34     2026-09-10 02:41:34 2026-09-10 02:41:35      0.204
INFO  [02:42:26.419] [bbotk]     2026-09-10 02:41:35     2026-09-10 02:41:35 2026-09-10 02:41:36      0.202
INFO  [02:42:26.419] [bbotk]     2026-09-10 02:41:37     2026-09-10 02:41:37 2026-09-10 02:41:37      0.209
INFO  [02:42:26.419] [bbotk]     2026-09-10 02:41:38     2026-09-10 02:41:38 2026-09-10 02:41:39      0.208
INFO  [02:42:26.419] [bbotk]     2026-09-10 02:41:39     2026-09-10 02:41:39 2026-09-10 02:41:40      0.203
INFO  [02:42:26.419] [bbotk]     2026-09-10 02:41:40     2026-09-10 02:41:40 2026-09-10 02:41:41      0.216
INFO  [02:42:26.419] [bbotk]     2026-09-10 02:41:42     2026-09-10 02:41:42 2026-09-10 02:41:42      0.222
INFO  [02:42:26.419] [bbotk]     2026-09-10 02:41:43     2026-09-10 02:41:43 2026-09-10 02:41:43      0.200
INFO  [02:42:26.419] [bbotk]     2026-09-10 02:41:44     2026-09-10 02:41:44 2026-09-10 02:41:45      0.205
INFO  [02:42:26.419] [bbotk]     2026-09-10 02:41:45     2026-09-10 02:41:45 2026-09-10 02:41:46      0.210
INFO  [02:42:26.419] [bbotk]     2026-09-10 02:41:46     2026-09-10 02:41:46 2026-09-10 02:41:47      0.207
INFO  [02:42:26.419] [bbotk]     2026-09-10 02:41:48     2026-09-10 02:41:48 2026-09-10 02:41:48      0.205
INFO  [02:42:26.419] [bbotk]     2026-09-10 02:41:49     2026-09-10 02:41:49 2026-09-10 02:41:50      0.201
INFO  [02:42:26.419] [bbotk]     2026-09-10 02:41:50     2026-09-10 02:41:50 2026-09-10 02:41:51      0.203
INFO  [02:42:26.419] [bbotk]     2026-09-10 02:41:51     2026-09-10 02:41:51 2026-09-10 02:41:52      0.212
INFO  [02:42:26.419] [bbotk]     2026-09-10 02:41:53     2026-09-10 02:41:53 2026-09-10 02:41:53      0.197
INFO  [02:42:26.419] [bbotk]     2026-09-10 02:41:54     2026-09-10 02:41:54 2026-09-10 02:41:55      0.202
INFO  [02:42:26.419] [bbotk]     2026-09-10 02:41:55     2026-09-10 02:41:55 2026-09-10 02:41:56      0.208
INFO  [02:42:26.419] [bbotk]     2026-09-10 02:41:56     2026-09-10 02:41:56 2026-09-10 02:41:57      0.208
INFO  [02:42:26.419] [bbotk]     2026-09-10 02:41:58     2026-09-10 02:41:58 2026-09-10 02:41:58      0.210
INFO  [02:42:26.419] [bbotk]     2026-09-10 02:41:59     2026-09-10 02:41:59 2026-09-10 02:41:59      0.207
INFO  [02:42:26.419] [bbotk]     2026-09-10 02:42:00     2026-09-10 02:42:00 2026-09-10 02:42:01      0.202
INFO  [02:42:26.419] [bbotk]     2026-09-10 02:42:01     2026-09-10 02:42:01 2026-09-10 02:42:02      0.208
INFO  [02:42:26.419] [bbotk]     2026-09-10 02:42:03     2026-09-10 02:42:03 2026-09-10 02:42:03      0.194
INFO  [02:42:26.419] [bbotk]     2026-09-10 02:42:04     2026-09-10 02:42:04 2026-09-10 02:42:05      0.205
INFO  [02:42:26.419] [bbotk]     2026-09-10 02:42:05     2026-09-10 02:42:05 2026-09-10 02:42:06      0.199
INFO  [02:42:26.419] [bbotk]     2026-09-10 02:42:07     2026-09-10 02:42:07 2026-09-10 02:42:07      0.216
INFO  [02:42:26.419] [bbotk]     2026-09-10 02:42:08     2026-09-10 02:42:08 2026-09-10 02:42:08      0.200
INFO  [02:42:26.419] [bbotk]     2026-09-10 02:42:09     2026-09-10 02:42:09 2026-09-10 02:42:10      0.205
INFO  [02:42:26.419] [bbotk]     2026-09-10 02:42:10     2026-09-10 02:42:10 2026-09-10 02:42:11      0.201
INFO  [02:42:26.419] [bbotk]     2026-09-10 02:42:12     2026-09-10 02:42:12 2026-09-10 02:42:12      0.207
INFO  [02:42:26.419] [bbotk]     2026-09-10 02:42:13     2026-09-10 02:42:13 2026-09-10 02:42:14      0.205
INFO  [02:42:26.419] [bbotk]     2026-09-10 02:42:14     2026-09-10 02:42:14 2026-09-10 02:42:15      0.204
INFO  [02:42:26.419] [bbotk]     2026-09-10 02:42:16     2026-09-10 02:42:16 2026-09-10 02:42:16      0.204
INFO  [02:42:26.419] [bbotk]     2026-09-10 02:42:17     2026-09-10 02:42:17 2026-09-10 02:42:18      0.214
INFO  [02:42:26.419] [bbotk]     2026-09-10 02:42:18     2026-09-10 02:42:18 2026-09-10 02:42:19      0.209
INFO  [02:42:26.419] [bbotk]     2026-09-10 02:42:20     2026-09-10 02:42:20 2026-09-10 02:42:20      0.215
INFO  [02:42:26.419] [bbotk]     2026-09-10 02:42:21     2026-09-10 02:42:21 2026-09-10 02:42:22      0.199
INFO  [02:42:26.419] [bbotk]     2026-09-10 02:42:22     2026-09-10 02:42:22 2026-09-10 02:42:23      0.200
INFO  [02:42:26.419] [bbotk]  timestamp_acq_function timestamp_acq_optimizer      timestamp_loop classif.ce
INFO  [02:42:26.419] [bbotk]  warnings errors runtime_learners internal_tuned_values
INFO  [02:42:26.419] [bbotk]         0      0            0.578     num_iterations=41
INFO  [02:42:26.419] [bbotk]         0      0            0.719     num_iterations=59
INFO  [02:42:26.419] [bbotk]         0      0            0.602     num_iterations=23
INFO  [02:42:26.419] [bbotk]         0      0            0.675     num_iterations=30
INFO  [02:42:26.419] [bbotk]         0      0            0.655     num_iterations=60
INFO  [02:42:26.419] [bbotk]         0      0            0.690     num_iterations=59
INFO  [02:42:26.419] [bbotk]         0      0            0.726     num_iterations=58
INFO  [02:42:26.419] [bbotk]         0      0            0.686     num_iterations=33
INFO  [02:42:26.419] [bbotk]         0      0            0.589     num_iterations=37
INFO  [02:42:26.419] [bbotk]         0      0            0.692     num_iterations=56
INFO  [02:42:26.419] [bbotk]         0      0            0.598     num_iterations=38
INFO  [02:42:26.419] [bbotk]         0      0            0.562     num_iterations=43
INFO  [02:42:26.419] [bbotk]         0      0            0.625     num_iterations=46
INFO  [02:42:26.419] [bbotk]         0      0            0.677     num_iterations=36
INFO  [02:42:26.419] [bbotk]         0      0            0.614     num_iterations=34
INFO  [02:42:26.419] [bbotk]         0      0            0.613     num_iterations=40
INFO  [02:42:26.419] [bbotk]         0      0            0.545     num_iterations=37
INFO  [02:42:26.419] [bbotk]         0      0            0.655     num_iterations=60
INFO  [02:42:26.419] [bbotk]         0      0            0.605     num_iterations=50
INFO  [02:42:26.419] [bbotk]         0      0            0.632     num_iterations=27
INFO  [02:42:26.419] [bbotk]         0      0            0.675     num_iterations=65
INFO  [02:42:26.419] [bbotk]         0      0            0.752     num_iterations=71
INFO  [02:42:26.419] [bbotk]         0      0            0.551     num_iterations=19
INFO  [02:42:26.419] [bbotk]         0      0            0.665     num_iterations=31
INFO  [02:42:26.419] [bbotk]         0      0            0.646     num_iterations=45
INFO  [02:42:26.419] [bbotk]         0      0            0.620     num_iterations=45
INFO  [02:42:26.419] [bbotk]         0      0            0.528     num_iterations=21
INFO  [02:42:26.419] [bbotk]         0      0            0.572     num_iterations=43
INFO  [02:42:26.419] [bbotk]         0      0            0.637     num_iterations=47
INFO  [02:42:26.419] [bbotk]         0      0            0.691     num_iterations=49
INFO  [02:42:26.419] [bbotk]         0      0            0.538     num_iterations=27
INFO  [02:42:26.419] [bbotk]         0      0            0.492     num_iterations=35
INFO  [02:42:26.419] [bbotk]         0      0            0.602     num_iterations=67
INFO  [02:42:26.419] [bbotk]         0      0            0.684     num_iterations=27
INFO  [02:42:26.419] [bbotk]         0      0            0.649     num_iterations=41
INFO  [02:42:26.419] [bbotk]         0      0            0.601     num_iterations=31
INFO  [02:42:26.419] [bbotk]         0      0            0.652     num_iterations=56
INFO  [02:42:26.419] [bbotk]         0      0            0.641     num_iterations=56
INFO  [02:42:26.419] [bbotk]         0      0            0.553     num_iterations=47
INFO  [02:42:26.419] [bbotk]         0      0            0.636     num_iterations=76
INFO  [02:42:26.419] [bbotk]         0      0            0.619     num_iterations=34
INFO  [02:42:26.419] [bbotk]         0      0            0.717     num_iterations=69
INFO  [02:42:26.419] [bbotk]         0      0            0.616     num_iterations=36
INFO  [02:42:26.419] [bbotk]         0      0            0.573     num_iterations=34
INFO  [02:42:26.419] [bbotk]  warnings errors runtime_learners internal_tuned_values
INFO  [02:42:27.049] [mlr3] Calling train method of fallback 'regr.ranger' on task 'surrogate_task' with 540 observations {learner: <LearnerRegrRanger/LearnerRegr/Learner/R6>}
INFO  [02:42:28.448] [mlr3] Calling train method of fallback 'regr.ranger' on task 'surrogate_task' with 541 observations {learner: <LearnerRegrRanger/LearnerRegr/Learner/R6>}
INFO  [02:42:29.726] [mlr3] Calling train method of fallback 'regr.ranger' on task 'surrogate_task' with 542 observations {learner: <LearnerRegrRanger/LearnerRegr/Learner/R6>}
INFO  [02:42:31.100] [mlr3] Calling train method of fallback 'regr.ranger' on task 'surrogate_task' with 543 observations {learner: <LearnerRegrRanger/LearnerRegr/Learner/R6>}
INFO  [02:42:32.452] [mlr3] Calling train method of fallback 'regr.ranger' on task 'surrogate_task' with 544 observations {learner: <LearnerRegrRanger/LearnerRegr/Learner/R6>}
INFO  [02:42:33.768] [mlr3] Calling train method of fallback 'regr.ranger' on task 'surrogate_task' with 545 observations {learner: <LearnerRegrRanger/LearnerRegr/Learner/R6>}
INFO  [02:42:35.088] [mlr3] Calling train method of fallback 'regr.ranger' on task 'surrogate_task' with 546 observations {learner: <LearnerRegrRanger/LearnerRegr/Learner/R6>}
INFO  [02:42:36.438] [mlr3] Calling train method of fallback 'regr.ranger' on task 'surrogate_task' with 547 observations {learner: <LearnerRegrRanger/LearnerRegr/Learner/R6>}
INFO  [02:42:37.714] [mlr3] Calling train method of fallback 'regr.ranger' on task 'surrogate_task' with 548 observations {learner: <LearnerRegrRanger/LearnerRegr/Learner/R6>}
INFO  [02:42:38.998] [mlr3] Calling train method of fallback 'regr.ranger' on task 'surrogate_task' with 549 observations {learner: <LearnerRegrRanger/LearnerRegr/Learner/R6>}
INFO  [02:42:40.347] [mlr3] Calling train method of fallback 'regr.ranger' on task 'surrogate_task' with 550 observations {learner: <LearnerRegrRanger/LearnerRegr/Learner/R6>}
INFO  [02:42:41.651] [mlr3] Calling train method of fallback 'regr.ranger' on task 'surrogate_task' with 551 observations {learner: <LearnerRegrRanger/LearnerRegr/Learner/R6>}
INFO  [02:42:43.038] [mlr3] Calling train method of fallback 'regr.ranger' on task 'surrogate_task' with 552 observations {learner: <LearnerRegrRanger/LearnerRegr/Learner/R6>}
INFO  [02:42:44.351] [mlr3] Calling train method of fallback 'regr.ranger' on task 'surrogate_task' with 553 observations {learner: <LearnerRegrRanger/LearnerRegr/Learner/R6>}
INFO  [02:42:45.646] [mlr3] Calling train method of fallback 'regr.ranger' on task 'surrogate_task' with 554 observations {learner: <LearnerRegrRanger/LearnerRegr/Learner/R6>}
INFO  [02:42:46.942] [mlr3] Calling train method of fallback 'regr.ranger' on task 'surrogate_task' with 555 observations {learner: <LearnerRegrRanger/LearnerRegr/Learner/R6>}
INFO  [02:42:48.259] [mlr3] Calling train method of fallback 'regr.ranger' on task 'surrogate_task' with 556 observations {learner: <LearnerRegrRanger/LearnerRegr/Learner/R6>}
INFO  [02:42:49.601] [mlr3] Calling train method of fallback 'regr.ranger' on task 'surrogate_task' with 557 observations {learner: <LearnerRegrRanger/LearnerRegr/Learner/R6>}
INFO  [02:42:50.803] [mlr3] Calling train method of fallback 'regr.ranger' on task 'surrogate_task' with 558 observations {learner: <LearnerRegrRanger/LearnerRegr/Learner/R6>}
INFO  [02:42:52.221] [mlr3] Calling train method of fallback 'regr.ranger' on task 'surrogate_task' with 559 observations {learner: <LearnerRegrRanger/LearnerRegr/Learner/R6>}
INFO  [02:42:53.556] [mlr3] Calling train method of fallback 'regr.ranger' on task 'surrogate_task' with 560 observations {learner: <LearnerRegrRanger/LearnerRegr/Learner/R6>}
INFO  [02:42:54.763] [mlr3] Calling train method of fallback 'regr.ranger' on task 'surrogate_task' with 561 observations {learner: <LearnerRegrRanger/LearnerRegr/Learner/R6>}
INFO  [02:42:56.023] [mlr3] Calling train method of fallback 'regr.ranger' on task 'surrogate_task' with 562 observations {learner: <LearnerRegrRanger/LearnerRegr/Learner/R6>}
INFO  [02:42:57.339] [mlr3] Calling train method of fallback 'regr.ranger' on task 'surrogate_task' with 563 observations {learner: <LearnerRegrRanger/LearnerRegr/Learner/R6>}
INFO  [02:42:58.565] [mlr3] Calling train method of fallback 'regr.ranger' on task 'surrogate_task' with 564 observations {learner: <LearnerRegrRanger/LearnerRegr/Learner/R6>}
INFO  [02:42:59.867] [mlr3] Calling train method of fallback 'regr.ranger' on task 'surrogate_task' with 565 observations {learner: <LearnerRegrRanger/LearnerRegr/Learner/R6>}
INFO  [02:43:01.200] [mlr3] Calling train method of fallback 'regr.ranger' on task 'surrogate_task' with 566 observations {learner: <LearnerRegrRanger/LearnerRegr/Learner/R6>}
INFO  [02:43:02.534] [mlr3] Calling train method of fallback 'regr.ranger' on task 'surrogate_task' with 567 observations {learner: <LearnerRegrRanger/LearnerRegr/Learner/R6>}
INFO  [02:43:03.856] [mlr3] Calling train method of fallback 'regr.ranger' on task 'surrogate_task' with 568 observations {learner: <LearnerRegrRanger/LearnerRegr/Learner/R6>}
INFO  [02:43:05.173] [mlr3] Calling train method of fallback 'regr.ranger' on task 'surrogate_task' with 569 observations {learner: <LearnerRegrRanger/LearnerRegr/Learner/R6>}
INFO  [02:43:06.460] [mlr3] Calling train method of fallback 'regr.ranger' on task 'surrogate_task' with 570 observations {learner: <LearnerRegrRanger/LearnerRegr/Learner/R6>}
INFO  [02:43:07.768] [mlr3] Calling train method of fallback 'regr.ranger' on task 'surrogate_task' with 571 observations {learner: <LearnerRegrRanger/LearnerRegr/Learner/R6>}
INFO  [02:43:09.104] [mlr3] Calling train method of fallback 'regr.ranger' on task 'surrogate_task' with 572 observations {learner: <LearnerRegrRanger/LearnerRegr/Learner/R6>}
INFO  [02:43:10.387] [mlr3] Calling train method of fallback 'regr.ranger' on task 'surrogate_task' with 573 observations {learner: <LearnerRegrRanger/LearnerRegr/Learner/R6>}
INFO  [02:43:11.654] [mlr3] Calling train method of fallback 'regr.ranger' on task 'surrogate_task' with 574 observations {learner: <LearnerRegrRanger/LearnerRegr/Learner/R6>}
INFO  [02:43:13.036] [mlr3] Calling train method of fallback 'regr.ranger' on task 'surrogate_task' with 575 observations {learner: <LearnerRegrRanger/LearnerRegr/Learner/R6>}
INFO  [02:43:14.313] [mlr3] Calling train method of fallback 'regr.ranger' on task 'surrogate_task' with 576 observations {learner: <LearnerRegrRanger/LearnerRegr/Learner/R6>}
INFO  [02:43:15.612] [mlr3] Calling train method of fallback 'regr.ranger' on task 'surrogate_task' with 577 observations {learner: <LearnerRegrRanger/LearnerRegr/Learner/R6>}
INFO  [02:43:16.974] [mlr3] Calling train method of fallback 'regr.ranger' on task 'surrogate_task' with 578 observations {learner: <LearnerRegrRanger/LearnerRegr/Learner/R6>}
INFO  [02:43:18.339] [mlr3] Calling train method of fallback 'regr.ranger' on task 'surrogate_task' with 579 observations {learner: <LearnerRegrRanger/LearnerRegr/Learner/R6>}
INFO  [02:43:19.653] [mlr3] Calling train method of fallback 'regr.ranger' on task 'surrogate_task' with 580 observations {learner: <LearnerRegrRanger/LearnerRegr/Learner/R6>}
INFO  [02:43:21.015] [mlr3] Calling train method of fallback 'regr.ranger' on task 'surrogate_task' with 581 observations {learner: <LearnerRegrRanger/LearnerRegr/Learner/R6>}
INFO  [02:43:22.382] [mlr3] Calling train method of fallback 'regr.ranger' on task 'surrogate_task' with 582 observations {learner: <LearnerRegrRanger/LearnerRegr/Learner/R6>}
INFO  [02:43:23.775] [mlr3] Calling train method of fallback 'regr.ranger' on task 'surrogate_task' with 583 observations {learner: <LearnerRegrRanger/LearnerRegr/Learner/R6>}
INFO  [02:43:24.461] [bbotk] Evaluating 44 configuration(s)
INFO  [02:43:24.599] [mlr3] Running benchmark with 440 resampling iterations
INFO  [02:43:25.909] [mlr3] Finished benchmark
INFO  [02:43:27.470] [bbotk] Result of batch 12:
INFO  [02:43:27.481] [bbotk]  learning_rate num_leaves min_data_in_leaf feature_fraction extra_trees
INFO  [02:43:27.481] [bbotk]    -0.62320043        183               30        0.8144199        TRUE
INFO  [02:43:27.481] [bbotk]     0.00000000        168               27        0.6071247        TRUE
INFO  [02:43:27.481] [bbotk]    -0.02753081        143               30        0.3448593        TRUE
INFO  [02:43:27.481] [bbotk]    -0.20781071        239               35        0.5692430        TRUE
INFO  [02:43:27.481] [bbotk]    -1.22004782         28               20        0.8855503        TRUE
INFO  [02:43:27.481] [bbotk]    -0.12127906        255               26        0.3365529        TRUE
INFO  [02:43:27.481] [bbotk]    -1.18084189         28               22        0.8257349        TRUE
INFO  [02:43:27.481] [bbotk]    -1.59887739        184               21        0.6529560        TRUE
INFO  [02:43:27.481] [bbotk]    -0.16896574        121               27        0.3309070        TRUE
INFO  [02:43:27.481] [bbotk]    -0.26275153        206               27        0.3396762        TRUE
INFO  [02:43:27.481] [bbotk]    -1.50760411        147               22        0.8850664        TRUE
INFO  [02:43:27.481] [bbotk]    -1.17466175        255               23        0.6569797        TRUE
INFO  [02:43:27.481] [bbotk]    -0.62769546         73               26        0.5485007        TRUE
INFO  [02:43:27.481] [bbotk]    -0.24930758         68               30        0.5373617        TRUE
INFO  [02:43:27.481] [bbotk]    -0.12570605        170               34        0.3479720        TRUE
INFO  [02:43:27.481] [bbotk]     0.00000000        170               29        0.3424294        TRUE
INFO  [02:43:27.481] [bbotk]    -1.39128484        131               21        0.9064345        TRUE
INFO  [02:43:27.481] [bbotk]    -0.17838513        169              111        0.4080231        TRUE
INFO  [02:43:27.481] [bbotk]    -0.19668686        165               30        0.3734711        TRUE
INFO  [02:43:27.481] [bbotk]    -0.18656684        112               29        0.3329702        TRUE
INFO  [02:43:27.481] [bbotk]    -0.37428985         75               32        0.5638308        TRUE
INFO  [02:43:27.481] [bbotk]    -0.50692112         68               52        0.6214763        TRUE
INFO  [02:43:27.481] [bbotk]     0.00000000        107               36        0.3454778        TRUE
INFO  [02:43:27.481] [bbotk]    -0.63065075         15               37        0.8463912        TRUE
INFO  [02:43:27.481] [bbotk]    -1.24121185        255               24        0.6293938        TRUE
INFO  [02:43:27.481] [bbotk]    -1.20097779         28               25        0.7981832        TRUE
INFO  [02:43:27.481] [bbotk]    -0.15433458        177               31        0.4305949        TRUE
INFO  [02:43:27.481] [bbotk]     0.00000000        199               28        0.3359410        TRUE
INFO  [02:43:27.481] [bbotk]    -1.27525477        255               24        0.8134005        TRUE
INFO  [02:43:27.481] [bbotk]    -0.13349211        232               28        0.7630376        TRUE
INFO  [02:43:27.481] [bbotk]     0.00000000        236               24        0.3384457        TRUE
INFO  [02:43:27.481] [bbotk]    -0.20815937        111               27        0.3418583        TRUE
INFO  [02:43:27.481] [bbotk]    -0.16384032        255               35        0.3347804        TRUE
INFO  [02:43:27.481] [bbotk]     0.00000000         80               33        0.1327595        TRUE
INFO  [02:43:27.481] [bbotk]    -1.11993930        156               24        0.9085452        TRUE
INFO  [02:43:27.481] [bbotk]    -0.32023072         96               27        0.4247593        TRUE
INFO  [02:43:27.481] [bbotk]    -0.80209005        164               23        0.3438749        TRUE
INFO  [02:43:27.481] [bbotk]     0.00000000        112               30        0.3591490        TRUE
INFO  [02:43:27.481] [bbotk]    -0.29748700        102               24        0.5970139        TRUE
INFO  [02:43:27.481] [bbotk]     0.00000000        255               30        0.3514717        TRUE
INFO  [02:43:27.481] [bbotk]    -1.21162482         23               36        0.6470191        TRUE
INFO  [02:43:27.481] [bbotk]    -0.12382854        166               33        0.3416236        TRUE
INFO  [02:43:27.481] [bbotk]    -0.19971307         57               24        0.3428918        TRUE
INFO  [02:43:27.481] [bbotk]    -0.77337713        252               29        0.2780099        TRUE
INFO  [02:43:27.481] [bbotk]  learning_rate num_leaves min_data_in_leaf feature_fraction extra_trees
INFO  [02:43:27.481] [bbotk]   lambda_l1   lambda_l2 min_gain_to_split    acq_cb timestamp_surrogate
INFO  [02:43:27.481] [bbotk]  -6.1360539 -0.82157660         -6.907755 -3.174196 2026-09-10 02:42:26
INFO  [02:43:27.481] [bbotk]  -4.7062248 -0.83673942         -6.399467 -2.875805 2026-09-10 02:42:27
INFO  [02:43:27.481] [bbotk]  -5.7076707 -1.14158570         -6.436890 -2.990872 2026-09-10 02:42:29
INFO  [02:43:27.481] [bbotk]  -6.1673553 -6.13743339         -6.463284 -2.831544 2026-09-10 02:42:30
INFO  [02:43:27.481] [bbotk]  -2.4089623 -2.36102094         -6.816023 -3.186464 2026-09-10 02:42:31
INFO  [02:43:27.481] [bbotk]  -1.4381151 -3.41721646         -5.932213 -2.944681 2026-09-10 02:42:33
INFO  [02:43:27.481] [bbotk]  -6.9077553 -2.45835067         -6.515195 -3.199977 2026-09-10 02:42:34
INFO  [02:43:27.481] [bbotk]  -6.9077553 -2.12926718         -6.669519 -2.761572 2026-09-10 02:42:35
INFO  [02:43:27.481] [bbotk]  -2.0011441 -2.39277939         -5.944167 -2.703895 2026-09-10 02:42:37
INFO  [02:43:27.481] [bbotk]  -0.7739776 -2.51251963         -5.790123 -2.929759 2026-09-10 02:42:38
INFO  [02:43:27.481] [bbotk]  -6.9077553 -1.78637244         -5.942125 -2.455275 2026-09-10 02:42:39
INFO  [02:43:27.481] [bbotk]  -6.9077553 -2.37949956         -6.815714 -3.031043 2026-09-10 02:42:41
INFO  [02:43:27.481] [bbotk]  -5.2727634 -0.95473715         -6.594555 -2.824310 2026-09-10 02:42:42
INFO  [02:43:27.481] [bbotk]  -5.8978502 -6.21997542         -6.490064 -2.960079 2026-09-10 02:42:43
INFO  [02:43:27.481] [bbotk]  -6.1953643 -0.81445244         -6.378878 -2.881480 2026-09-10 02:42:44
INFO  [02:43:27.481] [bbotk]  -5.2061390 -0.80256644         -6.422142 -3.502653 2026-09-10 02:42:46
INFO  [02:43:27.481] [bbotk]  -6.9077553 -0.07521435         -6.907755 -2.869672 2026-09-10 02:42:47
INFO  [02:43:27.481] [bbotk]  -1.2792218 -0.78803220         -6.512939 -1.871746 2026-09-10 02:42:48
INFO  [02:43:27.481] [bbotk]  -2.6984298 -0.78779327         -6.509092 -2.856753 2026-09-10 02:42:50
INFO  [02:43:27.481] [bbotk]  -1.4696418 -6.90775528         -5.971686 -2.890266 2026-09-10 02:42:51
INFO  [02:43:27.481] [bbotk]  -5.2942915 -6.17637467         -6.440803 -2.899487 2026-09-10 02:42:52
INFO  [02:43:27.481] [bbotk]  -1.7121226 -1.08917347         -5.681166 -1.898762 2026-09-10 02:42:54
INFO  [02:43:27.481] [bbotk]  -4.9727220 -0.79715443         -6.418090 -3.118415 2026-09-10 02:42:55
INFO  [02:43:27.481] [bbotk]  -6.0857632 -2.17880914         -6.409233 -2.685446 2026-09-10 02:42:56
INFO  [02:43:27.481] [bbotk]  -2.7802923 -3.51486235         -6.679086 -2.545089 2026-09-10 02:42:57
INFO  [02:43:27.481] [bbotk]  -6.9077553  0.61929154         -6.907755 -3.040056 2026-09-10 02:42:59
INFO  [02:43:27.481] [bbotk]  -5.1144318 -0.26586526         -6.425614 -2.793868 2026-09-10 02:43:00
INFO  [02:43:27.481] [bbotk]  -1.7951141 -0.70962427         -6.060676 -2.737381 2026-09-10 02:43:01
INFO  [02:43:27.481] [bbotk]  -6.9077553 -2.35291197         -6.725822 -3.351533 2026-09-10 02:43:03
INFO  [02:43:27.481] [bbotk]  -1.6235374 -2.16662354         -6.434905 -2.703061 2026-09-10 02:43:04
INFO  [02:43:27.481] [bbotk]  -5.2381600 -6.83318437         -6.297272 -2.809176 2026-09-10 02:43:05
INFO  [02:43:27.481] [bbotk]  -1.5420814 -6.90775528         -6.388803 -3.017331 2026-09-10 02:43:07
INFO  [02:43:27.481] [bbotk]  -5.1007840 -6.90775528         -5.242713 -2.605894 2026-09-10 02:43:08
INFO  [02:43:27.481] [bbotk]  -1.6268973  0.20493480         -6.414725 -2.389243 2026-09-10 02:43:09
INFO  [02:43:27.481] [bbotk]  -6.0665774 -0.76093539         -6.382211 -2.756370 2026-09-10 02:43:10
INFO  [02:43:27.481] [bbotk]  -1.8771255 -6.36971586         -5.697466 -2.547559 2026-09-10 02:43:12
INFO  [02:43:27.481] [bbotk]  -2.5685414 -1.53697867         -6.768378 -2.689289 2026-09-10 02:43:13
INFO  [02:43:27.481] [bbotk]  -5.1044745 -0.79335244         -6.490786 -2.955296 2026-09-10 02:43:14
INFO  [02:43:27.481] [bbotk]  -5.1760178 -2.19623322         -6.370815 -2.690426 2026-09-10 02:43:16
INFO  [02:43:27.481] [bbotk]  -2.5884487  0.89913099         -5.984324 -2.582381 2026-09-10 02:43:17
INFO  [02:43:27.481] [bbotk]  -6.9077553 -2.36495481         -6.876286 -2.729535 2026-09-10 02:43:18
INFO  [02:43:27.481] [bbotk]  -1.2517742 -4.81013480         -5.728794 -2.726223 2026-09-10 02:43:20
INFO  [02:43:27.481] [bbotk]  -2.9920219 -5.15148093         -5.763818 -2.693678 2026-09-10 02:43:21
INFO  [02:43:27.481] [bbotk]  -1.8124535  0.52803405         -5.890018 -2.411589 2026-09-10 02:43:23
INFO  [02:43:27.481] [bbotk]   lambda_l1   lambda_l2 min_gain_to_split    acq_cb timestamp_surrogate
INFO  [02:43:27.481] [bbotk]  timestamp_acq_function timestamp_acq_optimizer      timestamp_loop classif.ce
INFO  [02:43:27.481] [bbotk]     2026-09-10 02:42:27     2026-09-10 02:42:27 2026-09-10 02:42:27      0.196
INFO  [02:43:27.481] [bbotk]     2026-09-10 02:42:28     2026-09-10 02:42:28 2026-09-10 02:42:29      0.209
INFO  [02:43:27.481] [bbotk]     2026-09-10 02:42:29     2026-09-10 02:42:29 2026-09-10 02:42:30      0.190
INFO  [02:43:27.481] [bbotk]     2026-09-10 02:42:31     2026-09-10 02:42:31 2026-09-10 02:42:31      0.212
INFO  [02:43:27.481] [bbotk]     2026-09-10 02:42:32     2026-09-10 02:42:32 2026-09-10 02:42:33      0.213
INFO  [02:43:27.481] [bbotk]     2026-09-10 02:42:33     2026-09-10 02:42:33 2026-09-10 02:42:34      0.205
INFO  [02:43:27.481] [bbotk]     2026-09-10 02:42:35     2026-09-10 02:42:35 2026-09-10 02:42:35      0.197
INFO  [02:43:27.481] [bbotk]     2026-09-10 02:42:36     2026-09-10 02:42:36 2026-09-10 02:42:37      0.206
INFO  [02:43:27.481] [bbotk]     2026-09-10 02:42:37     2026-09-10 02:42:37 2026-09-10 02:42:38      0.198
INFO  [02:43:27.481] [bbotk]     2026-09-10 02:42:39     2026-09-10 02:42:39 2026-09-10 02:42:39      0.208
INFO  [02:43:27.481] [bbotk]     2026-09-10 02:42:40     2026-09-10 02:42:40 2026-09-10 02:42:41      0.197
INFO  [02:43:27.481] [bbotk]     2026-09-10 02:42:41     2026-09-10 02:42:41 2026-09-10 02:42:42      0.203
INFO  [02:43:27.481] [bbotk]     2026-09-10 02:42:43     2026-09-10 02:42:43 2026-09-10 02:42:43      0.198
INFO  [02:43:27.481] [bbotk]     2026-09-10 02:42:44     2026-09-10 02:42:44 2026-09-10 02:42:44      0.202
INFO  [02:43:27.481] [bbotk]     2026-09-10 02:42:45     2026-09-10 02:42:45 2026-09-10 02:42:46      0.202
INFO  [02:43:27.481] [bbotk]     2026-09-10 02:42:46     2026-09-10 02:42:46 2026-09-10 02:42:47      0.211
INFO  [02:43:27.481] [bbotk]     2026-09-10 02:42:48     2026-09-10 02:42:48 2026-09-10 02:42:48      0.211
INFO  [02:43:27.481] [bbotk]     2026-09-10 02:42:49     2026-09-10 02:42:49 2026-09-10 02:42:50      0.220
INFO  [02:43:27.481] [bbotk]     2026-09-10 02:42:50     2026-09-10 02:42:50 2026-09-10 02:42:51      0.205
INFO  [02:43:27.481] [bbotk]     2026-09-10 02:42:52     2026-09-10 02:42:52 2026-09-10 02:42:52      0.201
INFO  [02:43:27.481] [bbotk]     2026-09-10 02:42:53     2026-09-10 02:42:53 2026-09-10 02:42:54      0.202
INFO  [02:43:27.481] [bbotk]     2026-09-10 02:42:54     2026-09-10 02:42:54 2026-09-10 02:42:55      0.210
INFO  [02:43:27.481] [bbotk]     2026-09-10 02:42:56     2026-09-10 02:42:56 2026-09-10 02:42:56      0.209
INFO  [02:43:27.481] [bbotk]     2026-09-10 02:42:57     2026-09-10 02:42:57 2026-09-10 02:42:57      0.205
INFO  [02:43:27.481] [bbotk]     2026-09-10 02:42:58     2026-09-10 02:42:58 2026-09-10 02:42:59      0.199
INFO  [02:43:27.481] [bbotk]     2026-09-10 02:42:59     2026-09-10 02:42:59 2026-09-10 02:43:00      0.214
INFO  [02:43:27.481] [bbotk]     2026-09-10 02:43:01     2026-09-10 02:43:01 2026-09-10 02:43:01      0.201
INFO  [02:43:27.481] [bbotk]     2026-09-10 02:43:02     2026-09-10 02:43:02 2026-09-10 02:43:03      0.195
INFO  [02:43:27.481] [bbotk]     2026-09-10 02:43:03     2026-09-10 02:43:03 2026-09-10 02:43:04      0.211
INFO  [02:43:27.481] [bbotk]     2026-09-10 02:43:05     2026-09-10 02:43:05 2026-09-10 02:43:05      0.204
INFO  [02:43:27.481] [bbotk]     2026-09-10 02:43:06     2026-09-10 02:43:06 2026-09-10 02:43:07      0.197
INFO  [02:43:27.481] [bbotk]     2026-09-10 02:43:07     2026-09-10 02:43:07 2026-09-10 02:43:08      0.196
INFO  [02:43:27.481] [bbotk]     2026-09-10 02:43:09     2026-09-10 02:43:09 2026-09-10 02:43:09      0.205
INFO  [02:43:27.481] [bbotk]     2026-09-10 02:43:10     2026-09-10 02:43:10 2026-09-10 02:43:10      0.218
INFO  [02:43:27.481] [bbotk]     2026-09-10 02:43:11     2026-09-10 02:43:11 2026-09-10 02:43:12      0.214
INFO  [02:43:27.481] [bbotk]     2026-09-10 02:43:13     2026-09-10 02:43:13 2026-09-10 02:43:13      0.207
INFO  [02:43:27.481] [bbotk]     2026-09-10 02:43:14     2026-09-10 02:43:14 2026-09-10 02:43:14      0.215
INFO  [02:43:27.481] [bbotk]     2026-09-10 02:43:15     2026-09-10 02:43:15 2026-09-10 02:43:16      0.196
INFO  [02:43:27.481] [bbotk]     2026-09-10 02:43:16     2026-09-10 02:43:16 2026-09-10 02:43:17      0.212
INFO  [02:43:27.481] [bbotk]     2026-09-10 02:43:18     2026-09-10 02:43:18 2026-09-10 02:43:18      0.208
INFO  [02:43:27.481] [bbotk]     2026-09-10 02:43:19     2026-09-10 02:43:19 2026-09-10 02:43:20      0.211
INFO  [02:43:27.481] [bbotk]     2026-09-10 02:43:21     2026-09-10 02:43:21 2026-09-10 02:43:21      0.205
INFO  [02:43:27.481] [bbotk]     2026-09-10 02:43:22     2026-09-10 02:43:22 2026-09-10 02:43:23      0.207
INFO  [02:43:27.481] [bbotk]     2026-09-10 02:43:23     2026-09-10 02:43:23 2026-09-10 02:43:24      0.217
INFO  [02:43:27.481] [bbotk]  timestamp_acq_function timestamp_acq_optimizer      timestamp_loop classif.ce
INFO  [02:43:27.481] [bbotk]  warnings errors runtime_learners internal_tuned_values
INFO  [02:43:27.481] [bbotk]         0      0            0.761     num_iterations=32
INFO  [02:43:27.481] [bbotk]         0      0            0.599     num_iterations=25
INFO  [02:43:27.481] [bbotk]         0      0            0.553     num_iterations=33
INFO  [02:43:27.481] [bbotk]         0      0            0.641     num_iterations=40
INFO  [02:43:27.481] [bbotk]         0      0            0.657     num_iterations=47
INFO  [02:43:27.481] [bbotk]         0      0            0.585     num_iterations=35
INFO  [02:43:27.481] [bbotk]         0      0            0.670     num_iterations=50
INFO  [02:43:27.481] [bbotk]         0      0            0.749     num_iterations=68
INFO  [02:43:27.481] [bbotk]         0      0            0.556     num_iterations=29
INFO  [02:43:27.481] [bbotk]         0      0            0.570     num_iterations=39
INFO  [02:43:27.481] [bbotk]         0      0            0.651     num_iterations=33
INFO  [02:43:27.481] [bbotk]         0      0            0.737     num_iterations=67
INFO  [02:43:27.481] [bbotk]         0      0            0.623     num_iterations=42
INFO  [02:43:27.481] [bbotk]         0      0            0.592     num_iterations=40
INFO  [02:43:27.481] [bbotk]         0      0            0.584     num_iterations=69
INFO  [02:43:27.481] [bbotk]         0      0            0.564     num_iterations=25
INFO  [02:43:27.481] [bbotk]         0      0            0.682     num_iterations=41
INFO  [02:43:27.481] [bbotk]         0      0            0.500     num_iterations=21
INFO  [02:43:27.481] [bbotk]         0      0            0.556     num_iterations=42
INFO  [02:43:27.481] [bbotk]         0      0            0.512     num_iterations=38
INFO  [02:43:27.481] [bbotk]         0      0            0.600     num_iterations=39
INFO  [02:43:27.481] [bbotk]         0      0            0.661     num_iterations=61
INFO  [02:43:27.481] [bbotk]         0      0            0.519     num_iterations=17
INFO  [02:43:27.481] [bbotk]         0      0            0.639     num_iterations=42
INFO  [02:43:27.481] [bbotk]         0      0            0.707     num_iterations=69
INFO  [02:43:27.481] [bbotk]         0      0            0.653     num_iterations=42
INFO  [02:43:27.481] [bbotk]         0      0            0.573     num_iterations=36
INFO  [02:43:27.481] [bbotk]         0      0            0.653     num_iterations=57
INFO  [02:43:27.481] [bbotk]         0      0            0.728     num_iterations=38
INFO  [02:43:27.481] [bbotk]         0      0            0.649     num_iterations=24
INFO  [02:43:27.481] [bbotk]         0      0            0.583     num_iterations=48
INFO  [02:43:27.481] [bbotk]         0      0            0.565     num_iterations=45
INFO  [02:43:27.481] [bbotk]         0      0            0.578     num_iterations=39
INFO  [02:43:27.481] [bbotk]         0      0            0.540     num_iterations=51
INFO  [02:43:27.481] [bbotk]         0      0            0.666     num_iterations=47
INFO  [02:43:27.481] [bbotk]         0      0            0.592     num_iterations=44
INFO  [02:43:27.481] [bbotk]         0      0            0.599     num_iterations=57
INFO  [02:43:27.481] [bbotk]         0      0            0.632     num_iterations=41
INFO  [02:43:27.481] [bbotk]         0      0            0.614     num_iterations=31
INFO  [02:43:27.481] [bbotk]         0      0            0.664     num_iterations=28
INFO  [02:43:27.481] [bbotk]         0      0            0.628     num_iterations=31
INFO  [02:43:27.481] [bbotk]         0      0            0.529     num_iterations=24
INFO  [02:43:27.481] [bbotk]         0      0            0.581     num_iterations=41
INFO  [02:43:27.481] [bbotk]         0      0            0.552     num_iterations=39
INFO  [02:43:27.481] [bbotk]  warnings errors runtime_learners internal_tuned_values
INFO  [02:43:28.176] [mlr3] Calling train method of fallback 'regr.ranger' on task 'surrogate_task' with 584 observations {learner: <LearnerRegrRanger/LearnerRegr/Learner/R6>}
INFO  [02:43:29.646] [mlr3] Calling train method of fallback 'regr.ranger' on task 'surrogate_task' with 585 observations {learner: <LearnerRegrRanger/LearnerRegr/Learner/R6>}
INFO  [02:43:30.996] [mlr3] Calling train method of fallback 'regr.ranger' on task 'surrogate_task' with 586 observations {learner: <LearnerRegrRanger/LearnerRegr/Learner/R6>}
INFO  [02:43:32.336] [mlr3] Calling train method of fallback 'regr.ranger' on task 'surrogate_task' with 587 observations {learner: <LearnerRegrRanger/LearnerRegr/Learner/R6>}
INFO  [02:43:33.690] [mlr3] Calling train method of fallback 'regr.ranger' on task 'surrogate_task' with 588 observations {learner: <LearnerRegrRanger/LearnerRegr/Learner/R6>}
INFO  [02:43:35.053] [mlr3] Calling train method of fallback 'regr.ranger' on task 'surrogate_task' with 589 observations {learner: <LearnerRegrRanger/LearnerRegr/Learner/R6>}
INFO  [02:43:36.420] [mlr3] Calling train method of fallback 'regr.ranger' on task 'surrogate_task' with 590 observations {learner: <LearnerRegrRanger/LearnerRegr/Learner/R6>}
INFO  [02:43:37.879] [mlr3] Calling train method of fallback 'regr.ranger' on task 'surrogate_task' with 591 observations {learner: <LearnerRegrRanger/LearnerRegr/Learner/R6>}
INFO  [02:43:39.261] [mlr3] Calling train method of fallback 'regr.ranger' on task 'surrogate_task' with 592 observations {learner: <LearnerRegrRanger/LearnerRegr/Learner/R6>}
INFO  [02:43:40.709] [mlr3] Calling train method of fallback 'regr.ranger' on task 'surrogate_task' with 593 observations {learner: <LearnerRegrRanger/LearnerRegr/Learner/R6>}
INFO  [02:43:42.124] [mlr3] Calling train method of fallback 'regr.ranger' on task 'surrogate_task' with 594 observations {learner: <LearnerRegrRanger/LearnerRegr/Learner/R6>}
INFO  [02:43:43.476] [mlr3] Calling train method of fallback 'regr.ranger' on task 'surrogate_task' with 595 observations {learner: <LearnerRegrRanger/LearnerRegr/Learner/R6>}
INFO  [02:43:44.904] [mlr3] Calling train method of fallback 'regr.ranger' on task 'surrogate_task' with 596 observations {learner: <LearnerRegrRanger/LearnerRegr/Learner/R6>}
INFO  [02:43:46.338] [mlr3] Calling train method of fallback 'regr.ranger' on task 'surrogate_task' with 597 observations {learner: <LearnerRegrRanger/LearnerRegr/Learner/R6>}
INFO  [02:43:47.644] [mlr3] Calling train method of fallback 'regr.ranger' on task 'surrogate_task' with 598 observations {learner: <LearnerRegrRanger/LearnerRegr/Learner/R6>}
INFO  [02:43:49.065] [mlr3] Calling train method of fallback 'regr.ranger' on task 'surrogate_task' with 599 observations {learner: <LearnerRegrRanger/LearnerRegr/Learner/R6>}
INFO  [02:43:50.453] [mlr3] Calling train method of fallback 'regr.ranger' on task 'surrogate_task' with 600 observations {learner: <LearnerRegrRanger/LearnerRegr/Learner/R6>}
INFO  [02:43:51.865] [mlr3] Calling train method of fallback 'regr.ranger' on task 'surrogate_task' with 601 observations {learner: <LearnerRegrRanger/LearnerRegr/Learner/R6>}
INFO  [02:43:53.260] [mlr3] Calling train method of fallback 'regr.ranger' on task 'surrogate_task' with 602 observations {learner: <LearnerRegrRanger/LearnerRegr/Learner/R6>}
INFO  [02:43:54.718] [mlr3] Calling train method of fallback 'regr.ranger' on task 'surrogate_task' with 603 observations {learner: <LearnerRegrRanger/LearnerRegr/Learner/R6>}
INFO  [02:43:56.131] [mlr3] Calling train method of fallback 'regr.ranger' on task 'surrogate_task' with 604 observations {learner: <LearnerRegrRanger/LearnerRegr/Learner/R6>}
INFO  [02:43:57.558] [mlr3] Calling train method of fallback 'regr.ranger' on task 'surrogate_task' with 605 observations {learner: <LearnerRegrRanger/LearnerRegr/Learner/R6>}
INFO  [02:43:59.024] [mlr3] Calling train method of fallback 'regr.ranger' on task 'surrogate_task' with 606 observations {learner: <LearnerRegrRanger/LearnerRegr/Learner/R6>}
INFO  [02:44:00.453] [mlr3] Calling train method of fallback 'regr.ranger' on task 'surrogate_task' with 607 observations {learner: <LearnerRegrRanger/LearnerRegr/Learner/R6>}
INFO  [02:44:01.890] [mlr3] Calling train method of fallback 'regr.ranger' on task 'surrogate_task' with 608 observations {learner: <LearnerRegrRanger/LearnerRegr/Learner/R6>}
INFO  [02:44:03.246] [mlr3] Calling train method of fallback 'regr.ranger' on task 'surrogate_task' with 609 observations {learner: <LearnerRegrRanger/LearnerRegr/Learner/R6>}
INFO  [02:44:04.681] [mlr3] Calling train method of fallback 'regr.ranger' on task 'surrogate_task' with 610 observations {learner: <LearnerRegrRanger/LearnerRegr/Learner/R6>}
INFO  [02:44:06.237] [mlr3] Calling train method of fallback 'regr.ranger' on task 'surrogate_task' with 611 observations {learner: <LearnerRegrRanger/LearnerRegr/Learner/R6>}
INFO  [02:44:07.624] [mlr3] Calling train method of fallback 'regr.ranger' on task 'surrogate_task' with 612 observations {learner: <LearnerRegrRanger/LearnerRegr/Learner/R6>}
INFO  [02:44:09.133] [mlr3] Calling train method of fallback 'regr.ranger' on task 'surrogate_task' with 613 observations {learner: <LearnerRegrRanger/LearnerRegr/Learner/R6>}
INFO  [02:44:10.558] [mlr3] Calling train method of fallback 'regr.ranger' on task 'surrogate_task' with 614 observations {learner: <LearnerRegrRanger/LearnerRegr/Learner/R6>}
INFO  [02:44:11.948] [mlr3] Calling train method of fallback 'regr.ranger' on task 'surrogate_task' with 615 observations {learner: <LearnerRegrRanger/LearnerRegr/Learner/R6>}
INFO  [02:44:13.351] [mlr3] Calling train method of fallback 'regr.ranger' on task 'surrogate_task' with 616 observations {learner: <LearnerRegrRanger/LearnerRegr/Learner/R6>}
INFO  [02:44:14.786] [mlr3] Calling train method of fallback 'regr.ranger' on task 'surrogate_task' with 617 observations {learner: <LearnerRegrRanger/LearnerRegr/Learner/R6>}
INFO  [02:44:16.093] [mlr3] Calling train method of fallback 'regr.ranger' on task 'surrogate_task' with 618 observations {learner: <LearnerRegrRanger/LearnerRegr/Learner/R6>}
INFO  [02:44:17.516] [mlr3] Calling train method of fallback 'regr.ranger' on task 'surrogate_task' with 619 observations {learner: <LearnerRegrRanger/LearnerRegr/Learner/R6>}
INFO  [02:44:19.004] [mlr3] Calling train method of fallback 'regr.ranger' on task 'surrogate_task' with 620 observations {learner: <LearnerRegrRanger/LearnerRegr/Learner/R6>}
INFO  [02:44:20.396] [mlr3] Calling train method of fallback 'regr.ranger' on task 'surrogate_task' with 621 observations {learner: <LearnerRegrRanger/LearnerRegr/Learner/R6>}
INFO  [02:44:21.789] [mlr3] Calling train method of fallback 'regr.ranger' on task 'surrogate_task' with 622 observations {learner: <LearnerRegrRanger/LearnerRegr/Learner/R6>}
INFO  [02:44:23.212] [mlr3] Calling train method of fallback 'regr.ranger' on task 'surrogate_task' with 623 observations {learner: <LearnerRegrRanger/LearnerRegr/Learner/R6>}
INFO  [02:44:24.612] [mlr3] Calling train method of fallback 'regr.ranger' on task 'surrogate_task' with 624 observations {learner: <LearnerRegrRanger/LearnerRegr/Learner/R6>}
INFO  [02:44:25.973] [mlr3] Calling train method of fallback 'regr.ranger' on task 'surrogate_task' with 625 observations {learner: <LearnerRegrRanger/LearnerRegr/Learner/R6>}
INFO  [02:44:27.419] [mlr3] Calling train method of fallback 'regr.ranger' on task 'surrogate_task' with 626 observations {learner: <LearnerRegrRanger/LearnerRegr/Learner/R6>}
INFO  [02:44:28.834] [mlr3] Calling train method of fallback 'regr.ranger' on task 'surrogate_task' with 627 observations {learner: <LearnerRegrRanger/LearnerRegr/Learner/R6>}
INFO  [02:44:29.569] [bbotk] Evaluating 44 configuration(s)
INFO  [02:44:29.729] [mlr3] Running benchmark with 440 resampling iterations
INFO  [02:44:31.036] [mlr3] Finished benchmark
INFO  [02:44:32.546] [bbotk] Result of batch 13:
INFO  [02:44:32.554] [bbotk]  learning_rate num_leaves min_data_in_leaf feature_fraction extra_trees
INFO  [02:44:32.554] [bbotk]    0.000000000        143               33        0.3810922        TRUE
INFO  [02:44:32.554] [bbotk]   -0.010856281        135               31        0.3497990        TRUE
INFO  [02:44:32.554] [bbotk]   -0.645453710        120               25        0.8133239        TRUE
INFO  [02:44:32.554] [bbotk]   -0.533286007        120               30        0.8136743        TRUE
INFO  [02:44:32.554] [bbotk]    0.000000000        225               29        0.3441364        TRUE
INFO  [02:44:32.554] [bbotk]   -0.006670641        139               27        0.3389374        TRUE
INFO  [02:44:32.554] [bbotk]    0.000000000        152               29        0.3602160        TRUE
INFO  [02:44:32.554] [bbotk]    0.000000000        111               35        0.2788780        TRUE
INFO  [02:44:32.554] [bbotk]   -0.031090120        148               33        0.3840264        TRUE
INFO  [02:44:32.554] [bbotk]   -0.027037448        136               37        0.3416687        TRUE
INFO  [02:44:32.554] [bbotk]   -0.032308890        208               29        0.3423085        TRUE
INFO  [02:44:32.554] [bbotk]   -0.170853232        253               30        0.6261336        TRUE
INFO  [02:44:32.554] [bbotk]   -1.616114933        142               22        0.3449651        TRUE
INFO  [02:44:32.554] [bbotk]   -1.280962055         37               19        0.9513101        TRUE
INFO  [02:44:32.554] [bbotk]    0.000000000        188               30        0.3389571        TRUE
INFO  [02:44:32.554] [bbotk]   -0.031752506        143               27        0.4465118        TRUE
INFO  [02:44:32.554] [bbotk]    0.000000000        185               31        0.3434540        TRUE
INFO  [02:44:32.554] [bbotk]   -1.255795625         29               22        0.9250757        TRUE
INFO  [02:44:32.554] [bbotk]   -1.437270196        193               20        0.6482603        TRUE
INFO  [02:44:32.554] [bbotk]   -0.031752506        144               19        0.3546210        TRUE
INFO  [02:44:32.554] [bbotk]   -0.053778313         19               25        0.3382002        TRUE
INFO  [02:44:32.554] [bbotk]   -0.383711306         48               28        0.9176147        TRUE
INFO  [02:44:32.554] [bbotk]   -0.031752506         71               28        0.3457180        TRUE
INFO  [02:44:32.554] [bbotk]    0.000000000        143               35        0.3524664        TRUE
INFO  [02:44:32.554] [bbotk]    0.000000000        190               26        0.3415115        TRUE
INFO  [02:44:32.554] [bbotk]    0.000000000         63               25        0.4369047        TRUE
INFO  [02:44:32.554] [bbotk]   -0.028023572        127               24        0.3307584        TRUE
INFO  [02:44:32.554] [bbotk]    0.000000000        123               32        0.3321418        TRUE
INFO  [02:44:32.554] [bbotk]    0.000000000        137               30        0.3348718        TRUE
INFO  [02:44:32.554] [bbotk]    0.000000000        131               24        0.4211942        TRUE
INFO  [02:44:32.554] [bbotk]    0.000000000         88               30        0.3760411        TRUE
INFO  [02:44:32.554] [bbotk]   -0.182952748        111               30        0.3498450        TRUE
INFO  [02:44:32.554] [bbotk]   -0.250455414        147               33        0.5533110        TRUE
INFO  [02:44:32.554] [bbotk]   -1.535879412        255               29        0.8143633        TRUE
INFO  [02:44:32.554] [bbotk]   -0.263773525        110               23        0.5628770        TRUE
INFO  [02:44:32.554] [bbotk]   -0.253021555        111               28        0.5713430        TRUE
INFO  [02:44:32.554] [bbotk]   -0.099438689        105               30        0.3561187        TRUE
INFO  [02:44:32.554] [bbotk]   -0.016458846        194               28        0.3301685        TRUE
INFO  [02:44:32.554] [bbotk]   -1.465466428         10               23        0.8796899        TRUE
INFO  [02:44:32.554] [bbotk]   -0.322398115        171               29        0.3369783        TRUE
INFO  [02:44:32.554] [bbotk]   -0.136359638        168               31        0.3828845        TRUE
INFO  [02:44:32.554] [bbotk]   -1.180931137         34               23        0.9196330        TRUE
INFO  [02:44:32.554] [bbotk]   -0.797270056        185               24        0.9124665        TRUE
INFO  [02:44:32.554] [bbotk]   -0.028294320        238               37        0.3322837        TRUE
INFO  [02:44:32.554] [bbotk]  learning_rate num_leaves min_data_in_leaf feature_fraction extra_trees
INFO  [02:44:32.554] [bbotk]  lambda_l1  lambda_l2 min_gain_to_split    acq_cb timestamp_surrogate
INFO  [02:44:32.554] [bbotk]  -6.907755 -1.0136567         -6.742403 -3.637665 2026-09-10 02:43:27
INFO  [02:44:32.554] [bbotk]  -5.476806 -1.2830884         -6.628003 -3.791190 2026-09-10 02:43:28
INFO  [02:44:32.554] [bbotk]  -5.401205 -0.8606103         -6.600330 -2.767085 2026-09-10 02:43:30
INFO  [02:44:32.554] [bbotk]  -5.499053 -1.0378575         -6.907755 -3.484601 2026-09-10 02:43:31
INFO  [02:44:32.554] [bbotk]  -2.826988 -1.2289631         -6.477364 -3.196170 2026-09-10 02:43:32
INFO  [02:44:32.554] [bbotk]  -5.701321 -1.1091245         -6.389022 -4.405344 2026-09-10 02:43:34
INFO  [02:44:32.554] [bbotk]  -6.701412 -1.1167148         -6.396849 -3.845997 2026-09-10 02:43:35
INFO  [02:44:32.554] [bbotk]  -5.661437 -1.1566708         -6.476781 -3.132708 2026-09-10 02:43:37
INFO  [02:44:32.554] [bbotk]  -5.650630 -1.6531762         -6.485746 -3.283303 2026-09-10 02:43:38
INFO  [02:44:32.554] [bbotk]  -5.944616 -1.4130356         -6.452387 -3.571105 2026-09-10 02:43:39
INFO  [02:44:32.554] [bbotk]  -1.633701 -1.1129345         -5.956344 -3.615444 2026-09-10 02:43:41
INFO  [02:44:32.554] [bbotk]  -5.859910 -0.9894905         -6.873069 -2.964951 2026-09-10 02:43:42
INFO  [02:44:32.554] [bbotk]  -6.079176 -1.0912212         -6.497362 -3.612654 2026-09-10 02:43:44
INFO  [02:44:32.554] [bbotk]  -1.641516 -0.1368074         -6.882688 -2.354208 2026-09-10 02:43:45
INFO  [02:44:32.554] [bbotk]  -4.719006 -1.1497556         -6.437750 -3.557673 2026-09-10 02:43:46
INFO  [02:44:32.554] [bbotk]  -1.605913 -0.9708925         -6.455368 -2.952787 2026-09-10 02:43:48
INFO  [02:44:32.554] [bbotk]  -5.654382 -1.0774749         -6.435947 -3.854408 2026-09-10 02:43:49
INFO  [02:44:32.554] [bbotk]  -6.907755 -1.1235477         -6.449362 -2.895993 2026-09-10 02:43:51
INFO  [02:44:32.554] [bbotk]  -6.155965 -1.1352970         -6.103418 -3.074742 2026-09-10 02:43:52
INFO  [02:44:32.554] [bbotk]  -5.798366 -0.7509496         -6.404123 -2.958182 2026-09-10 02:43:54
INFO  [02:44:32.554] [bbotk]  -5.737970 -6.9077553         -6.380302 -3.119560 2026-09-10 02:43:55
INFO  [02:44:32.554] [bbotk]  -5.098566 -1.1474527         -6.490285 -2.788034 2026-09-10 02:43:56
INFO  [02:44:32.554] [bbotk]  -1.553502 -2.3434313         -6.383003 -2.884655 2026-09-10 02:43:58
INFO  [02:44:32.554] [bbotk]  -5.267576 -0.7074114         -6.440651 -3.094488 2026-09-10 02:43:59
INFO  [02:44:32.554] [bbotk]  -1.534033 -1.6283364         -6.210717 -2.709670 2026-09-10 02:44:01
INFO  [02:44:32.554] [bbotk]  -5.773307 -0.9045639         -6.907755 -2.626656 2026-09-10 02:44:02
INFO  [02:44:32.554] [bbotk]  -2.498320 -1.1008961         -6.412128 -3.256716 2026-09-10 02:44:03
INFO  [02:44:32.554] [bbotk]  -4.549249 -1.1291562         -6.256654 -2.820227 2026-09-10 02:44:05
INFO  [02:44:32.554] [bbotk]  -5.564426 -0.6470101         -6.907755 -2.996302 2026-09-10 02:44:06
INFO  [02:44:32.554] [bbotk]  -5.542946 -1.5140997         -6.434823 -2.698740 2026-09-10 02:44:08
INFO  [02:44:32.554] [bbotk]  -5.114810 -0.7938644         -6.531465 -2.962288 2026-09-10 02:44:09
INFO  [02:44:32.554] [bbotk]  -1.584184 -2.4464754         -6.378584 -2.783270 2026-09-10 02:44:11
INFO  [02:44:32.554] [bbotk]  -1.950257 -1.1211799         -5.950430 -2.529148 2026-09-10 02:44:12
INFO  [02:44:32.554] [bbotk]  -1.556070 -3.0970333         -6.034304 -2.534959 2026-09-10 02:44:14
INFO  [02:44:32.554] [bbotk]  -6.878816 -6.2820576         -6.455420 -2.695140 2026-09-10 02:44:15
INFO  [02:44:32.554] [bbotk]  -5.631009 -6.9077553         -6.438636 -2.930900 2026-09-10 02:44:16
INFO  [02:44:32.554] [bbotk]  -5.777148 -4.4969564         -6.436655 -3.374492 2026-09-10 02:44:18
INFO  [02:44:32.554] [bbotk]  -1.161760 -0.7397867         -6.160787 -2.854953 2026-09-10 02:44:19
INFO  [02:44:32.554] [bbotk]  -6.420951 -2.4567486         -5.943849 -2.635429 2026-09-10 02:44:21
INFO  [02:44:32.554] [bbotk]  -1.516501 -1.1348674         -5.873963 -2.715650 2026-09-10 02:44:22
INFO  [02:44:32.554] [bbotk]  -5.658843 -0.7905703         -6.410649 -2.801583 2026-09-10 02:44:23
INFO  [02:44:32.554] [bbotk]  -6.907755 -3.0391067         -6.125051 -2.539151 2026-09-10 02:44:25
INFO  [02:44:32.554] [bbotk]  -6.579309 -0.7817223         -6.907755 -2.746049 2026-09-10 02:44:26
INFO  [02:44:32.554] [bbotk]  -1.854738 -3.2456537         -6.291955 -3.018475 2026-09-10 02:44:28
INFO  [02:44:32.554] [bbotk]  lambda_l1  lambda_l2 min_gain_to_split    acq_cb timestamp_surrogate
INFO  [02:44:32.554] [bbotk]  timestamp_acq_function timestamp_acq_optimizer      timestamp_loop classif.ce
INFO  [02:44:32.554] [bbotk]     2026-09-10 02:43:28     2026-09-10 02:43:28 2026-09-10 02:43:28      0.203
INFO  [02:44:32.554] [bbotk]     2026-09-10 02:43:29     2026-09-10 02:43:29 2026-09-10 02:43:30      0.199
INFO  [02:44:32.554] [bbotk]     2026-09-10 02:43:31     2026-09-10 02:43:31 2026-09-10 02:43:31      0.201
INFO  [02:44:32.554] [bbotk]     2026-09-10 02:43:32     2026-09-10 02:43:32 2026-09-10 02:43:32      0.211
INFO  [02:44:32.554] [bbotk]     2026-09-10 02:43:33     2026-09-10 02:43:33 2026-09-10 02:43:34      0.203
INFO  [02:44:32.554] [bbotk]     2026-09-10 02:43:35     2026-09-10 02:43:35 2026-09-10 02:43:35      0.193
INFO  [02:44:32.554] [bbotk]     2026-09-10 02:43:36     2026-09-10 02:43:36 2026-09-10 02:43:37      0.198
INFO  [02:44:32.554] [bbotk]     2026-09-10 02:43:37     2026-09-10 02:43:37 2026-09-10 02:43:38      0.208
INFO  [02:44:32.554] [bbotk]     2026-09-10 02:43:39     2026-09-10 02:43:39 2026-09-10 02:43:39      0.206
INFO  [02:44:32.554] [bbotk]     2026-09-10 02:43:40     2026-09-10 02:43:40 2026-09-10 02:43:41      0.197
INFO  [02:44:32.554] [bbotk]     2026-09-10 02:43:42     2026-09-10 02:43:42 2026-09-10 02:43:42      0.193
INFO  [02:44:32.554] [bbotk]     2026-09-10 02:43:43     2026-09-10 02:43:43 2026-09-10 02:43:44      0.198
INFO  [02:44:32.554] [bbotk]     2026-09-10 02:43:44     2026-09-10 02:43:44 2026-09-10 02:43:45      0.207
INFO  [02:44:32.554] [bbotk]     2026-09-10 02:43:46     2026-09-10 02:43:46 2026-09-10 02:43:46      0.207
INFO  [02:44:32.554] [bbotk]     2026-09-10 02:43:47     2026-09-10 02:43:47 2026-09-10 02:43:48      0.198
INFO  [02:44:32.554] [bbotk]     2026-09-10 02:43:49     2026-09-10 02:43:49 2026-09-10 02:43:49      0.211
INFO  [02:44:32.554] [bbotk]     2026-09-10 02:43:50     2026-09-10 02:43:50 2026-09-10 02:43:51      0.202
INFO  [02:44:32.554] [bbotk]     2026-09-10 02:43:51     2026-09-10 02:43:51 2026-09-10 02:43:52      0.209
INFO  [02:44:32.554] [bbotk]     2026-09-10 02:43:53     2026-09-10 02:43:53 2026-09-10 02:43:53      0.208
INFO  [02:44:32.554] [bbotk]     2026-09-10 02:43:54     2026-09-10 02:43:54 2026-09-10 02:43:55      0.220
INFO  [02:44:32.554] [bbotk]     2026-09-10 02:43:56     2026-09-10 02:43:56 2026-09-10 02:43:56      0.209
INFO  [02:44:32.554] [bbotk]     2026-09-10 02:43:57     2026-09-10 02:43:57 2026-09-10 02:43:58      0.211
INFO  [02:44:32.554] [bbotk]     2026-09-10 02:43:59     2026-09-10 02:43:59 2026-09-10 02:43:59      0.210
INFO  [02:44:32.554] [bbotk]     2026-09-10 02:44:00     2026-09-10 02:44:00 2026-09-10 02:44:01      0.205
INFO  [02:44:32.554] [bbotk]     2026-09-10 02:44:01     2026-09-10 02:44:01 2026-09-10 02:44:02      0.199
INFO  [02:44:32.554] [bbotk]     2026-09-10 02:44:03     2026-09-10 02:44:03 2026-09-10 02:44:03      0.208
INFO  [02:44:32.554] [bbotk]     2026-09-10 02:44:04     2026-09-10 02:44:04 2026-09-10 02:44:05      0.192
INFO  [02:44:32.554] [bbotk]     2026-09-10 02:44:06     2026-09-10 02:44:06 2026-09-10 02:44:06      0.201
INFO  [02:44:32.554] [bbotk]     2026-09-10 02:44:07     2026-09-10 02:44:07 2026-09-10 02:44:08      0.188
INFO  [02:44:32.554] [bbotk]     2026-09-10 02:44:09     2026-09-10 02:44:09 2026-09-10 02:44:09      0.208
INFO  [02:44:32.554] [bbotk]     2026-09-10 02:44:10     2026-09-10 02:44:10 2026-09-10 02:44:11      0.202
INFO  [02:44:32.554] [bbotk]     2026-09-10 02:44:11     2026-09-10 02:44:11 2026-09-10 02:44:12      0.190
INFO  [02:44:32.554] [bbotk]     2026-09-10 02:44:13     2026-09-10 02:44:13 2026-09-10 02:44:14      0.203
INFO  [02:44:32.554] [bbotk]     2026-09-10 02:44:14     2026-09-10 02:44:14 2026-09-10 02:44:15      0.211
INFO  [02:44:32.554] [bbotk]     2026-09-10 02:44:16     2026-09-10 02:44:16 2026-09-10 02:44:16      0.216
INFO  [02:44:32.554] [bbotk]     2026-09-10 02:44:17     2026-09-10 02:44:17 2026-09-10 02:44:18      0.213
INFO  [02:44:32.554] [bbotk]     2026-09-10 02:44:19     2026-09-10 02:44:19 2026-09-10 02:44:19      0.198
INFO  [02:44:32.554] [bbotk]     2026-09-10 02:44:20     2026-09-10 02:44:20 2026-09-10 02:44:21      0.201
INFO  [02:44:32.554] [bbotk]     2026-09-10 02:44:21     2026-09-10 02:44:21 2026-09-10 02:44:22      0.202
INFO  [02:44:32.554] [bbotk]     2026-09-10 02:44:23     2026-09-10 02:44:23 2026-09-10 02:44:23      0.206
INFO  [02:44:32.554] [bbotk]     2026-09-10 02:44:24     2026-09-10 02:44:24 2026-09-10 02:44:25      0.214
INFO  [02:44:32.554] [bbotk]     2026-09-10 02:44:26     2026-09-10 02:44:26 2026-09-10 02:44:26      0.204
INFO  [02:44:32.554] [bbotk]     2026-09-10 02:44:27     2026-09-10 02:44:27 2026-09-10 02:44:28      0.211
INFO  [02:44:32.554] [bbotk]     2026-09-10 02:44:28     2026-09-10 02:44:28 2026-09-10 02:44:29      0.200
INFO  [02:44:32.554] [bbotk]  timestamp_acq_function timestamp_acq_optimizer      timestamp_loop classif.ce
INFO  [02:44:32.554] [bbotk]  warnings errors runtime_learners internal_tuned_values
INFO  [02:44:32.554] [bbotk]         0      0            0.590     num_iterations=23
INFO  [02:44:32.554] [bbotk]         0      0            0.523     num_iterations=22
INFO  [02:44:32.554] [bbotk]         0      0            0.648     num_iterations=40
INFO  [02:44:32.554] [bbotk]         0      0            0.724     num_iterations=34
INFO  [02:44:32.554] [bbotk]         0      0            0.635     num_iterations=53
INFO  [02:44:32.554] [bbotk]         0      0            0.573     num_iterations=32
INFO  [02:44:32.554] [bbotk]         0      0            0.636     num_iterations=36
INFO  [02:44:32.554] [bbotk]         0      0            0.599     num_iterations=51
INFO  [02:44:32.554] [bbotk]         0      0            0.706     num_iterations=38
INFO  [02:44:32.554] [bbotk]         0      0            0.643     num_iterations=58
INFO  [02:44:32.554] [bbotk]         0      0            0.624     num_iterations=57
INFO  [02:44:32.554] [bbotk]         0      0            0.618     num_iterations=24
INFO  [02:44:32.554] [bbotk]         0      0            0.764     num_iterations=85
INFO  [02:44:32.554] [bbotk]         0      0            0.647     num_iterations=54
INFO  [02:44:32.554] [bbotk]         0      0            0.519     num_iterations=30
INFO  [02:44:32.554] [bbotk]         0      0            0.482     num_iterations=34
INFO  [02:44:32.554] [bbotk]         0      0            0.439     num_iterations=21
INFO  [02:44:32.554] [bbotk]         0      0            0.650     num_iterations=58
INFO  [02:44:32.554] [bbotk]         0      0            0.634     num_iterations=60
INFO  [02:44:32.554] [bbotk]         0      0            0.493     num_iterations=15
INFO  [02:44:32.554] [bbotk]         0      0            0.453     num_iterations=41
INFO  [02:44:32.554] [bbotk]         0      0            0.526     num_iterations=29
INFO  [02:44:32.554] [bbotk]         0      0            0.481     num_iterations=44
INFO  [02:44:32.554] [bbotk]         0      0            0.540     num_iterations=43
INFO  [02:44:32.554] [bbotk]         0      0            0.635     num_iterations=35
INFO  [02:44:32.554] [bbotk]         0      0            0.524     num_iterations=58
INFO  [02:44:32.554] [bbotk]         0      0            0.486     num_iterations=43
INFO  [02:44:32.554] [bbotk]         0      0            0.592     num_iterations=33
INFO  [02:44:32.554] [bbotk]         0      0            0.512     num_iterations=49
INFO  [02:44:32.554] [bbotk]         0      0            0.610     num_iterations=54
INFO  [02:44:32.554] [bbotk]         0      0            0.562     num_iterations=51
INFO  [02:44:32.554] [bbotk]         0      0            0.685     num_iterations=85
INFO  [02:44:32.554] [bbotk]         0      0            0.644     num_iterations=41
INFO  [02:44:32.554] [bbotk]         0      0            0.592     num_iterations=39
INFO  [02:44:32.554] [bbotk]         0      0            0.596     num_iterations=40
INFO  [02:44:32.554] [bbotk]         0      0            0.577     num_iterations=23
INFO  [02:44:32.554] [bbotk]         0      0            0.584     num_iterations=41
INFO  [02:44:32.554] [bbotk]         0      0            0.525     num_iterations=37
INFO  [02:44:32.554] [bbotk]         0      0            0.718     num_iterations=60
INFO  [02:44:32.554] [bbotk]         0      0            0.452     num_iterations=20
INFO  [02:44:32.554] [bbotk]         0      0            0.554     num_iterations=37
INFO  [02:44:32.554] [bbotk]         0      0            0.695     num_iterations=47
INFO  [02:44:32.554] [bbotk]         0      0            0.677     num_iterations=44
INFO  [02:44:32.554] [bbotk]         0      0            0.526     num_iterations=21
INFO  [02:44:32.554] [bbotk]  warnings errors runtime_learners internal_tuned_values
INFO  [02:44:33.309] [mlr3] Calling train method of fallback 'regr.ranger' on task 'surrogate_task' with 628 observations {learner: <LearnerRegrRanger/LearnerRegr/Learner/R6>}
INFO  [02:44:34.795] [mlr3] Calling train method of fallback 'regr.ranger' on task 'surrogate_task' with 629 observations {learner: <LearnerRegrRanger/LearnerRegr/Learner/R6>}
INFO  [02:44:36.253] [mlr3] Calling train method of fallback 'regr.ranger' on task 'surrogate_task' with 630 observations {learner: <LearnerRegrRanger/LearnerRegr/Learner/R6>}
INFO  [02:44:37.681] [mlr3] Calling train method of fallback 'regr.ranger' on task 'surrogate_task' with 631 observations {learner: <LearnerRegrRanger/LearnerRegr/Learner/R6>}
INFO  [02:44:39.410] [mlr3] Calling train method of fallback 'regr.ranger' on task 'surrogate_task' with 632 observations {learner: <LearnerRegrRanger/LearnerRegr/Learner/R6>}
INFO  [02:44:40.801] [mlr3] Calling train method of fallback 'regr.ranger' on task 'surrogate_task' with 633 observations {learner: <LearnerRegrRanger/LearnerRegr/Learner/R6>}
INFO  [02:44:42.187] [mlr3] Calling train method of fallback 'regr.ranger' on task 'surrogate_task' with 634 observations {learner: <LearnerRegrRanger/LearnerRegr/Learner/R6>}
INFO  [02:44:43.588] [mlr3] Calling train method of fallback 'regr.ranger' on task 'surrogate_task' with 635 observations {learner: <LearnerRegrRanger/LearnerRegr/Learner/R6>}
INFO  [02:44:44.946] [mlr3] Calling train method of fallback 'regr.ranger' on task 'surrogate_task' with 636 observations {learner: <LearnerRegrRanger/LearnerRegr/Learner/R6>}
INFO  [02:44:46.362] [mlr3] Calling train method of fallback 'regr.ranger' on task 'surrogate_task' with 637 observations {learner: <LearnerRegrRanger/LearnerRegr/Learner/R6>}
INFO  [02:44:47.741] [mlr3] Calling train method of fallback 'regr.ranger' on task 'surrogate_task' with 638 observations {learner: <LearnerRegrRanger/LearnerRegr/Learner/R6>}
INFO  [02:44:49.190] [mlr3] Calling train method of fallback 'regr.ranger' on task 'surrogate_task' with 639 observations {learner: <LearnerRegrRanger/LearnerRegr/Learner/R6>}
INFO  [02:44:50.613] [mlr3] Calling train method of fallback 'regr.ranger' on task 'surrogate_task' with 640 observations {learner: <LearnerRegrRanger/LearnerRegr/Learner/R6>}
INFO  [02:44:52.042] [mlr3] Calling train method of fallback 'regr.ranger' on task 'surrogate_task' with 641 observations {learner: <LearnerRegrRanger/LearnerRegr/Learner/R6>}
INFO  [02:44:53.453] [mlr3] Calling train method of fallback 'regr.ranger' on task 'surrogate_task' with 642 observations {learner: <LearnerRegrRanger/LearnerRegr/Learner/R6>}
INFO  [02:44:54.869] [mlr3] Calling train method of fallback 'regr.ranger' on task 'surrogate_task' with 643 observations {learner: <LearnerRegrRanger/LearnerRegr/Learner/R6>}
INFO  [02:44:56.277] [mlr3] Calling train method of fallback 'regr.ranger' on task 'surrogate_task' with 644 observations {learner: <LearnerRegrRanger/LearnerRegr/Learner/R6>}
INFO  [02:44:57.738] [mlr3] Calling train method of fallback 'regr.ranger' on task 'surrogate_task' with 645 observations {learner: <LearnerRegrRanger/LearnerRegr/Learner/R6>}
INFO  [02:44:59.145] [mlr3] Calling train method of fallback 'regr.ranger' on task 'surrogate_task' with 646 observations {learner: <LearnerRegrRanger/LearnerRegr/Learner/R6>}
INFO  [02:45:00.535] [mlr3] Calling train method of fallback 'regr.ranger' on task 'surrogate_task' with 647 observations {learner: <LearnerRegrRanger/LearnerRegr/Learner/R6>}
INFO  [02:45:01.930] [mlr3] Calling train method of fallback 'regr.ranger' on task 'surrogate_task' with 648 observations {learner: <LearnerRegrRanger/LearnerRegr/Learner/R6>}
INFO  [02:45:03.281] [mlr3] Calling train method of fallback 'regr.ranger' on task 'surrogate_task' with 649 observations {learner: <LearnerRegrRanger/LearnerRegr/Learner/R6>}
INFO  [02:45:04.688] [mlr3] Calling train method of fallback 'regr.ranger' on task 'surrogate_task' with 650 observations {learner: <LearnerRegrRanger/LearnerRegr/Learner/R6>}
INFO  [02:45:06.102] [mlr3] Calling train method of fallback 'regr.ranger' on task 'surrogate_task' with 651 observations {learner: <LearnerRegrRanger/LearnerRegr/Learner/R6>}
INFO  [02:45:07.530] [mlr3] Calling train method of fallback 'regr.ranger' on task 'surrogate_task' with 652 observations {learner: <LearnerRegrRanger/LearnerRegr/Learner/R6>}
INFO  [02:45:08.905] [mlr3] Calling train method of fallback 'regr.ranger' on task 'surrogate_task' with 653 observations {learner: <LearnerRegrRanger/LearnerRegr/Learner/R6>}
INFO  [02:45:10.283] [mlr3] Calling train method of fallback 'regr.ranger' on task 'surrogate_task' with 654 observations {learner: <LearnerRegrRanger/LearnerRegr/Learner/R6>}
INFO  [02:45:11.746] [mlr3] Calling train method of fallback 'regr.ranger' on task 'surrogate_task' with 655 observations {learner: <LearnerRegrRanger/LearnerRegr/Learner/R6>}
INFO  [02:45:13.165] [mlr3] Calling train method of fallback 'regr.ranger' on task 'surrogate_task' with 656 observations {learner: <LearnerRegrRanger/LearnerRegr/Learner/R6>}
INFO  [02:45:14.573] [mlr3] Calling train method of fallback 'regr.ranger' on task 'surrogate_task' with 657 observations {learner: <LearnerRegrRanger/LearnerRegr/Learner/R6>}
INFO  [02:45:15.978] [mlr3] Calling train method of fallback 'regr.ranger' on task 'surrogate_task' with 658 observations {learner: <LearnerRegrRanger/LearnerRegr/Learner/R6>}
INFO  [02:45:17.405] [mlr3] Calling train method of fallback 'regr.ranger' on task 'surrogate_task' with 659 observations {learner: <LearnerRegrRanger/LearnerRegr/Learner/R6>}
INFO  [02:45:18.882] [mlr3] Calling train method of fallback 'regr.ranger' on task 'surrogate_task' with 660 observations {learner: <LearnerRegrRanger/LearnerRegr/Learner/R6>}
INFO  [02:45:20.336] [mlr3] Calling train method of fallback 'regr.ranger' on task 'surrogate_task' with 661 observations {learner: <LearnerRegrRanger/LearnerRegr/Learner/R6>}
INFO  [02:45:21.845] [mlr3] Calling train method of fallback 'regr.ranger' on task 'surrogate_task' with 662 observations {learner: <LearnerRegrRanger/LearnerRegr/Learner/R6>}
INFO  [02:45:23.245] [mlr3] Calling train method of fallback 'regr.ranger' on task 'surrogate_task' with 663 observations {learner: <LearnerRegrRanger/LearnerRegr/Learner/R6>}
INFO  [02:45:24.697] [mlr3] Calling train method of fallback 'regr.ranger' on task 'surrogate_task' with 664 observations {learner: <LearnerRegrRanger/LearnerRegr/Learner/R6>}
INFO  [02:45:26.212] [mlr3] Calling train method of fallback 'regr.ranger' on task 'surrogate_task' with 665 observations {learner: <LearnerRegrRanger/LearnerRegr/Learner/R6>}
INFO  [02:45:27.688] [mlr3] Calling train method of fallback 'regr.ranger' on task 'surrogate_task' with 666 observations {learner: <LearnerRegrRanger/LearnerRegr/Learner/R6>}
INFO  [02:45:29.124] [mlr3] Calling train method of fallback 'regr.ranger' on task 'surrogate_task' with 667 observations {learner: <LearnerRegrRanger/LearnerRegr/Learner/R6>}
INFO  [02:45:30.611] [mlr3] Calling train method of fallback 'regr.ranger' on task 'surrogate_task' with 668 observations {learner: <LearnerRegrRanger/LearnerRegr/Learner/R6>}
INFO  [02:45:32.073] [mlr3] Calling train method of fallback 'regr.ranger' on task 'surrogate_task' with 669 observations {learner: <LearnerRegrRanger/LearnerRegr/Learner/R6>}
INFO  [02:45:33.521] [mlr3] Calling train method of fallback 'regr.ranger' on task 'surrogate_task' with 670 observations {learner: <LearnerRegrRanger/LearnerRegr/Learner/R6>}
INFO  [02:45:34.989] [mlr3] Calling train method of fallback 'regr.ranger' on task 'surrogate_task' with 671 observations {learner: <LearnerRegrRanger/LearnerRegr/Learner/R6>}
INFO  [02:45:36.528] [mlr3] Calling train method of fallback 'regr.ranger' on task 'surrogate_task' with 628 observations {learner: <LearnerRegrRanger/LearnerRegr/Learner/R6>}
INFO  [02:45:36.584] [bbotk] Finished optimizing after 628 evaluation(s)
INFO  [02:45:36.586] [bbotk] Result:
INFO  [02:45:36.589] [bbotk]  learning_rate num_leaves min_data_in_leaf feature_fraction extra_trees
INFO  [02:45:36.589] [bbotk]          <num>      <int>            <int>            <num>      <lgcl>
INFO  [02:45:36.589] [bbotk]              0        137               30        0.3348718        TRUE
INFO  [02:45:36.589] [bbotk]  lambda_l1  lambda_l2 min_gain_to_split internal_tuned_values
INFO  [02:45:36.589] [bbotk]      <num>      <num>             <num>                <list>
INFO  [02:45:36.589] [bbotk]  -5.564426 -0.6470101         -6.907755     num_iterations=49
INFO  [02:45:36.589] [bbotk]  learner_param_vals  x_domain classif.ce
INFO  [02:45:36.589] [bbotk]              <list>    <list>      <num>
INFO  [02:45:36.589] [bbotk]          <list[12]> <list[8]>      0.188
